name,url,price,mileage,location,make,model,year,age
2015 Buick Regal Premium Ii Turbo - Only 52K Miles!,https://www.craigslist.org/view/d/san-bruno-2015-buick-regal-premium-ii/jQ5FCB8aemz54gTaSiWCE3,9975,52000.0,sanbruno,Buick,Regal,2015,11
2012 Vw Gti,https://www.craigslist.org/view/d/watsonville-2012-vw-gti/o3Rv2Epj9yCtAF3TSGtyqv,6000,150000.0,watsonville,Vw,Gti,2012,14
2014 Audi A7 Prestige Quattro S Line | 3.0T Supercharged | Clean Title,https://www.craigslist.org/view/d/brentwood-2014-audi-a7-prestige-quattro/tr929B9Lvkux6QCebKuJoP,8900,189000.0,brentwood,Audi,Tt,2014,12
Modified 2011 Toyota Tacoma Trd Sport Double Cab,https://www.craigslist.org/view/d/san-rafael-modified-2011-toyota-tacoma/ks2fKhNmbnVAVsJXkSuPyR,25000,98000.0,sanrafael,Toyota,Tacoma,2011,15
2019 Nissan Rogue Sport Awd,https://www.craigslist.org/view/d/lafayette-2019-nissan-rogue-sport-awd/uXkABsG24tb3XzQMt1FMiv,14000,75000.0,concord,Nissan,Rogue,2019,7
2024 Tesla Model 3 Long Range Awd Highland Refresh - Quicksilver,https://www.craigslist.org/view/d/pleasanton-2024-tesla-model-long-range/pLQYucDyeTQh24pZcYL18S,36995,35000.0,danville,Tesla,Model 3,2024,2
2007 Chrysler Pacifica Touring,https://www.craigslist.org/view/d/san-leandro-2007-chrysler-pacifica/6G9fufDNsUAAzAcZp4Mv26,4000,73000.0,sanleandro,Chrysler,Pacifica,2007,19
1996 Toyota Camry Le V6 Time-Capsule,https://www.craigslist.org/view/d/napa-1996-toyota-camry-le-v6-time/b5EgibjtrbhZrY8oBG1hAM,7900,82000.0,napacounty,Toyota,Camry,1996,30
"2022 Ford F150 Super Cab Long Bed With 98,500 Miles (1 Owner) F-150",https://www.craigslist.org/view/d/walnut-creek-2022-ford-f150-super-cab/ufhsqxSut56QbRoYUv8h5Y,19900,99000.0,walnutcreek,Ford,F150,2022,4
2011 Toyota Camry Hybrid,https://www.craigslist.org/view/d/hollister-2011-toyota-camry-hybrid/bPfPe8M4rX6A9qevBwEm93,6000,197000.0,hollister,Toyota,Camry,2011,15
2008 Subaru Impreza Wagon Awd (Honda Civic/Toyota Corolla),https://www.craigslist.org/view/d/fremont-2008-subaru-impreza-wagon-awd/nUbv9jb5KaTkXKzHfr2Ej8,6500,96000.0,milpitas,Toyota,Corolla,2008,18
2003 Honda S2000,https://www.craigslist.org/view/d/hayward-2003-honda-s2000/qtP3kJvzGQT89oV94gP2GU,37000,46000.0,hayward,Honda,S2000,2003,23
2006 Toyota Sienna Xle • Leather • Dvd Entertainment • Clean Title,https://www.craigslist.org/view/d/pleasanton-2006-toyota-sienna-xle/iVxbbKe7fzPZWNcyM56hL5,4900,182000.0,dublin,Toyota,Sienna,2006,20
1999 Toyota Tacoma 2.4L 5-Speed Manual - 163K Miles,https://www.craigslist.org/view/d/san-jose-1999-toyota-tacoma-24l-speed/m7FyTdPsajNB9qeuv2sPXF,7200,167000.0,santaclara,Toyota,Tacoma,1999,27
2006 Honda Accord Ex V-6 4 Door Sedan (3.0 L 6Cyl 5A),https://www.craigslist.org/view/d/san-francisco-2006-honda-accord-ex-6/e1Sg5qFSiy3Qcpo22Lwz8d,8000,79000.0,sunset,Honda,Accord,2006,20
2007 Honda Civic Manual 5Speed,https://www.craigslist.org/view/d/san-jose-2007-honda-civic-manual-5speed/vwCcSJfHPA8pDyY65SDFeC,3500,150000.0,sanjosenorth,Honda,Civic,2007,19
Jeep Wrangler Unlimited Rubicon - 2022,https://www.craigslist.org/view/d/rohnert-park-jeep-wrangler-unlimited/ambDcMU4UXMSmDf1wy41gu,33995,40000.0,rohnertpk,Jeep,Wrangler,2022,4
"2005 Honda Accord Ex-L Coupe Sport 2D, Excellent Shape, 4 New Tires",https://www.craigslist.org/view/d/san-jose-2005-honda-accord-ex-coupe/61xtiVDRkxA4hqrd1pofEp,6800,175000.0,sanjosewest,Honda,Accord,2005,21
2021 Audi I Q5 Plug-In Hybrid,https://www.craigslist.org/view/d/orinda-2021-audi-q5-plug-in-hybrid/jpLznw9hLrDCgfHkmcMkLF,28800,67000.0,lafayette,Audi,Q5,2021,5
2014 Mercedes E63S Amg,https://www.craigslist.org/view/d/san-jose-2014-mercedes-e63s-amg/naaTvr9sWBaPJJNstVhyKp,28000,92000.0,sanjose,Mercedes,Amg,2014,12
2016 Ford Explorer Excellent,https://www.craigslist.org/view/d/riverbank-2016-ford-explorer-excellent/jCNjvg2PDgbAs1EeP9NLSr,14750,34000.0,cityofsanfrancisco,Ford,Explorer,2016,10
"2005 Toyota Prius (Gen 2) 196K Miles 4Dr Hatchback - $4,000 (Milpitas)",https://www.craigslist.org/view/d/milpitas-2005-toyota-prius-gen-196k/aGrypMUnXTLrrYAfD8fi9C,4000,197000.0,milpitas,Toyota,Prius,2005,21
2024 Mercedes-Benz Sprinter 2500- Arctic_White,https://www.craigslist.org/view/d/penngrove-2024-mercedes-benz-sprinter/n4fAN5HEPknZjLk6UphN4W,45000,49000.0,petaluma,Mercedes,Sprinter,2024,2
1998 Land Rover Discovery 1 50Th Anniversary Edition,https://www.craigslist.org/view/d/san-jose-1998-land-rover-discovery-50th/mNTZBmWTKwtNgst8L1uXYQ,13000,152000.0,sanjosedowntown,Land Rover,Discovery,1998,28
🔥 2022 Toyota Rav4 Le • 87K Miles • Clean Title • Well Maintained 🔥,https://www.craigslist.org/view/d/fremont-toyota-rav4-le-87k-miles-clean/1YN35J134vh1icdnojNVPW,21800,87000.0,fremont,Toyota,Rav4,2022,4
2008 Acura Tl,https://www.craigslist.org/view/d/concord-2008-acura-tl/c18MgT9NEzJ8z6wvFt6XGY,1400,230000.0,concord,Acura,Tl,2008,18
"2002 Lexus Is 300 – 180,000 Miles",https://www.craigslist.org/view/d/milpitas-2002-lexus-is-miles/oRkTDWLkqHotjqMYuriXto,3700,180000.0,milpitas,Lexus,Es,2002,24
"2006 Toyota Sienna Le For Sale 278K, Not Running. Transmission",https://www.craigslist.org/view/d/concord-2006-toyota-sienna-le-for-sale/1uu8mh1QZVJ9dzMpB8Pk5i,1450,279000.0,concord,Toyota,Sienna,2006,20
1997 Ford F150 Xl Step Side Pickup Low Miles,https://www.craigslist.org/view/d/san-jose-1997-ford-f150-xl-step-side/73U6sZwiU2Y72PB2o5rrRD,3100,140000.0,sanjosewest,Ford,F150,1997,29
2019 Chevrolet Silverado 1500 4X4 Ld Work Truck 52K Miles Clean Title,https://www.craigslist.org/view/d/pleasant-hill-2019-chevrolet-silverado/dHUWdmw39iQ4qCKYqjf2TV,19900,52000.0,pleasanthill,Chevrolet,Silverado,2019,7
2016 Chevrolet Colorado 48K Miles,https://www.craigslist.org/view/d/holt-2016-chevrolet-colorado-48k-miles/uY7v4u2thfURMks6PYwu2T,21500,48000.0,southbayarea,Chevrolet,Colorado,2016,10
2015 Toyota Sienna Awd Limited 1 Owner 51K Miles,https://www.craigslist.org/view/d/redwood-city-2015-toyota-sienna-awd/wWpUV6bDrejRp1brUNVTea,24800,51000.0,redwoodcity,Toyota,Sienna,2015,11
2015 Nissan Rogue Select,https://www.craigslist.org/view/d/san-leandro-2015-nissan-rogue-select/6qm5zWC7n34ivazw49Jxwf,3950,160000.0,sanleandro,Nissan,Rogue,2015,11
2008 Honda Civic,https://www.craigslist.org/view/d/emeryville-2008-honda-civic/nDvYxdrJqu267jYXUtSz39,8000,30000.0,eastbayarea,Honda,Civic,2008,18
1998 Gmc Savana G3500 Sle  Heavy-Duty 1-Ton Excellent Cargo Van,https://www.craigslist.org/view/d/san-jose-1998-gmc-savana-g3500-sle/kLP5ZfmE11raNgywGCNfGv,7800,171000.0,sanjosewest,Gmc,Savana,1998,28
2007 Chevrolet Silverado 1500,https://www.craigslist.org/view/d/redwood-city-2007-chevrolet-silverado/hTCBNWReip7crGKZYgnHym,3000,287000.0,redwoodcity,Chevrolet,Silverado,2007,19
2011 Toyota 4Runner,https://www.craigslist.org/view/d/san-jose-2011-toyota-4runner/kVV5X1LHq87qDdFB27Gqbw,11200,132000.0,sanjose,Toyota,4Runner,2011,15
2003 Toyota Matrix Xr5 Package 4X4 Awd Gas Saver 1Owner Low Miles,https://www.craigslist.org/view/d/san-francisco-2003-toyota-matrix-xr5/w5nNj6tp4o4wygo4cg7AXF,3500,160000.0,sanfrancisco,Toyota,Matrix,2003,23
Toyota Tacoma 2005 4X4,https://www.craigslist.org/view/d/san-jose-toyota-tacoma-x4/qc8aERjit49o24aN5SS13u,11500,138000.0,sanjose,Toyota,Tacoma,2005,21
2005 Chrysler 300C Hemi,https://www.craigslist.org/view/d/vallejo-2005-chrysler-300c-hemi/vkv2Jvfcxo2TVfCATtoin3,6500,90000.0,vallejo,Chrysler,300,2005,21
1999 Ford F-150 Clean Title,https://www.craigslist.org/view/d/concord-1999-ford-150-clean-title/5aR6UdfUS9ZbXFPKZfBLLc,4200,192000.0,concord,Ford,F150,1999,27
2013 Audi Q5,https://www.craigslist.org/view/d/san-rafael-2013-audi-q5/1Z9CTMRVvH3hTrxsjdoZUM,6700,99000.0,sanrafael,Audi,Q5,2013,13
2007 Toyota Prius,https://www.craigslist.org/view/d/vallejo-2007-toyota-prius/rWBr9jCEdQX1WC5rRcVE5y,2900,160000.0,vallejo,Toyota,Prius,2007,19
2007 Lexus Is 250,https://www.craigslist.org/view/d/san-francisco-2007-lexus-is-250/omhfQVJe1C1ZLJUaRbr6ym,3800,2012.0,bayview,Lexus,Is,2007,19
2007 Honda Civic Hybrid,https://www.craigslist.org/view/d/alameda-2007-honda-civic-hybrid/goMELEWoL9BvA7pSctrWrx,5500,150000.0,alameda,Honda,Civic,2007,19
Ford F150 Eco Boost 2016,https://www.craigslist.org/view/d/san-jose-ford-f150-eco-boost-2016/7B4rJneGATJ3io8HmXMqFF,11000,115000.0,sanjose,Ford,F150,2016,10
Toyota Camry 2012,https://www.craigslist.org/view/d/san-jose-toyota-camry-2012/7EhfmC3mWzPkB1PAUEXwrh,5800,153000.0,sanjose,Toyota,Camry,2012,14
2016 Honda Pilot Elite (62000 Miles),https://www.craigslist.org/view/d/san-jose-2016-honda-pilot-elite-miles/ssMFUgDAduh6ojRiqQvexc,18500,62000.0,sanjose,Honda,Pilot,2016,10
2013 Honda Fit,https://www.craigslist.org/view/d/san-francisco-2013-honda-fit/3AZyXfqA7rfjMaM4z9kzoy,1500,230000.0,marina,Honda,Fit,2013,13
2007 Es350 Lexus,https://www.craigslist.org/view/d/cloverdale-2007-es350-lexus/cHs6sr533CkHism7gAs27K,5800,214000.0,sonoma,Lexus,Es,2007,19
1998 Honda Accord,https://www.craigslist.org/view/d/santa-rosa-1998-honda-accord/t4fKx82w2YtqwYHtvW3Cun,2500,170000.0,novato,Honda,Accord,1998,28
2015 Toyota Prius,https://www.craigslist.org/view/d/san-francisco-2015-toyota-prius/vTRkz1zSL1QZ5ti7wttmm1,5000,200000.0,castro,Toyota,Prius,2015,11
"2021 Ford Transit Connect Xlt Cargo Van With Only 86,500 Miles",https://www.craigslist.org/view/d/walnut-creek-2021-ford-transit-connect/w6gPgJMVaFbPFFTzbJtGBp,15900,87000.0,walnutcreek,Ford,Transit,2021,5
2008 Honda Fit,https://www.craigslist.org/view/d/millbrae-2008-honda-fit/8RrZfYz5xkG3xAnm28HpHR,2300,197000.0,millbrae,Honda,Fit,2008,18
2015 Ford Transit 250 Van Low Roof W/Sliding Side Door,https://www.craigslist.org/view/d/vineburg-2015-ford-transit-250-van-low/uUVH4RiFLnBFjrP98hus4n,7500,209000.0,sonoma,Ford,Transit,2015,11
"1994 Toyota 4Runner Sr5. ...$1,600..Mechanic Special.",https://www.craigslist.org/view/d/san-jose-1994-toyota-4runner-sr5/qqwUdkeEFPNi4xtyBP9ZYA,1600,264000.0,sanjose,Toyota,4Runner,1994,32
2005 Chevrolet Suburban Z71 2Wd,https://www.craigslist.org/view/d/scotts-valley-2005-chevrolet-suburban/gujJrwuH9mAMwBwCzP23fp,6500,219000.0,scottsvalley,Chevrolet,Suburban,2005,21
2008 Toyota Rav4,https://www.craigslist.org/view/d/pleasanton-2008-toyota-rav4/mTy4Q5fymF7qn8gbBHxQ4C,4999,144000.0,dublin,Toyota,Rav4,2008,18
2011 Nissan Leaf Sl – Commuter Special,https://www.craigslist.org/view/d/los-altos-2011-nissan-leaf-sl-commuter/pU1wE4TfTGpFaFXsdYewtE,2200,51000.0,cupertino,Nissan,Leaf,2011,15
2011 Infiniti G37S,https://www.craigslist.org/view/d/burlingame-2011-infiniti-g37s/jpXGKaARAQ14nX3prL5yE5,9500,98000.0,sanmateo,Infiniti,G37,2011,15
2021 Jeep Gladiator California Edition. Like New Condition,https://www.craigslist.org/view/d/napa-2021-jeep-gladiator-california/t1b5bQUBXfM6qCuEnn2Ed6,29888,30000.0,napa,Jeep,Gladiator,2021,5
2016 Gmc Sierra Hd 2500,https://www.craigslist.org/view/d/concord-2016-gmc-sierra-hd-2500/xownjUigiU4aHNqavWuUUx,16500,125000.0,concord,Gmc,Sierra,2016,10
2004 Nissan. 350Z,https://www.craigslist.org/view/d/burlingame-2004-nissan-350z/kJcSRS5yUBYJ1p8xTn9pgw,5500,168000.0,burlingame,Nissan,350Z,2004,22
2013 Honda Civic Lx Sedan 4D,https://www.craigslist.org/view/d/castro-valley-2013-honda-civic-lx-sedan/tmr5LUxxzx9QiXA1ErZPUr,7000,219000.0,oaklandhills,Honda,Civic,2013,13
2020 Chevrolet Spark [51000 Miles],https://www.craigslist.org/view/d/santa-clara-2020-chevrolet-spark-miles/qZay7kmqhsVE28pYYfauQT,12000,51000.0,sanjosenorth,Chevrolet,Spark,2020,6
2005 Mercedes-Benz E320 Cdi Turbo Diesel – Clean Title – Well Maintain,https://www.craigslist.org/view/d/hayward-2005-mercedes-benz-e320-cdi/oKkFSqsRgcuAQgBC7tdsP3,7300,240000.0,alameda,Mercedes,E320,2005,21
2014 Hyundai Elantra,https://www.craigslist.org/view/d/modesto-2014-hyundai-elantra/uwTceBJb6nRJ5nRYGFRDjd,7500,109000.0,modesto,Hyundai,Elantra,2014,12
2008 Lexus Ls 460 Clean Title Only 125K Miles Automatic Ls460,https://www.craigslist.org/view/d/hayward-2008-lexus-ls-460-clean-title/jWxD79h812Azch7Ebw9FFn,6950,125000.0,hayward,Lexus,Es,2008,18
2019 Ford Fusion Hybrid Se Clean Title Gas Saver Automatic Prius,https://www.craigslist.org/view/d/hayward-2019-ford-fusion-hybrid-se/waBn86R1QRxryAgbg6Y3vw,8500,128000.0,hayward,Ford,Fusion,2019,7
2018 Bmw X1 Xdrive28I Clean Title Awd Gas Saver Automatic X3,https://www.craigslist.org/view/d/hayward-2018-bmw-x1-xdrive28i-clean/4F5fp9LiXYXaxLByUbb2ZY,8900,126000.0,hayward,Bmw,X3,2018,8
2002 Ford F-150 Supercrew Cab Xlt - Clean Title - Passed Smog,https://www.craigslist.org/view/d/oakland-2002-ford-150-supercrew-cab-xlt/rySKwXvnkBmBPaJSjin52z,4900,203000.0,concord,Ford,F150,2002,24
2015 Toyota Yaris For Sale,https://www.craigslist.org/view/d/walnut-creek-2015-toyota-yaris-for-sale/3k4Swyw7ji2cvcHzvZsJYH,9800,73000.0,walnutcreek,Toyota,Yaris,2015,11
2018 Nissan Sentra Sv,https://www.craigslist.org/view/d/santa-rosa-2018-nissan-sentra-sv/dXAHPuQdJVtN2GranuHrLk,7500,60000.0,santarosa,Nissan,Sentra,2018,8
2005 Ford Expedition,https://www.craigslist.org/view/d/oakland-2005-ford-expedition/rW2N7qYLJ21MpMFzcsB4W8,2900,248000.0,oaklandnorth,Ford,Expedition,2005,21
2002 Lexus Is300 Factory Manual,https://www.craigslist.org/view/d/oakland-2002-lexus-is300-factory-manual/wjg5LQJQVYocq7W5GP7d7Z,7000,190000.0,oakland,Lexus,Is,2002,24
2007 Chevrolet Silverado 1500 Crew Cab Lt - Clean Title,https://www.craigslist.org/view/d/oakland-2007-chevrolet-silverado-1500/mmjdxC3DGvryKu2z9eubGE,8000,216000.0,concord,Chevrolet,Silverado,2007,19
1990 Ford F-250 Xlt Lariat Extra Cab 7.3 Diesel 5 Speed Manual 4X4,https://www.craigslist.org/view/d/antioch-1990-ford-250-xlt-lariat-extra/xfH38VVWEMTASLizu1kcNr,5800,149000.0,pittsburg,Ford,F250,1990,36
Selling My 2018 Toyota Tundra Truck In Great Condition,https://www.craigslist.org/view/d/san-jose-selling-my-2018-toyota-tundra/pJ8s3SsMKmZ81FTiSfe7gQ,15800,110000.0,southbayarea,Toyota,Tundra,2018,8
2001 Mercedes Benz S500,https://www.craigslist.org/view/d/half-moon-bay-2001-mercedes-benz-s500/sJ7yoF8V3ziuE8aFH3BaHz,7800,140000.0,halfmoonbay,Mercedes,S500,2001,25
2014 Honda Crv Lx Sport Utility 2D,https://www.craigslist.org/view/d/berkeley-2014-honda-crv-lx-sport/sgfqNKtmS9Pnv8Q2jqbxWJ,7999,185000.0,berkeley,Honda,Crv,2014,12
"2007 Toyota Camry Hybrid Sedan, 40 Mpg Great Commuter, Clean Title",https://www.craigslist.org/view/d/san-jose-2007-toyota-camry-hybrid-sedan/ucPazV3bexQJh6UdiTH4gg,6800,168000.0,sanjosewest,Toyota,Camry,2007,19
2021 Honda Civic Lx,https://www.craigslist.org/view/d/san-francisco-2021-honda-civic-lx/uJhuqRocKJjbeRh5iJR4yM,15500,39000.0,visitacionvalley,Honda,Civic,2021,5
2011 Ford Edge Sel,https://www.craigslist.org/view/d/pleasanton-2011-ford-edge-sel/fM9mqgnTwmTaeNN4yVrpXh,6900,118000.0,pleasanton,Ford,Edge,2011,15
2006 Pontiac Vibe Gt,https://www.craigslist.org/view/d/pleasanton-2006-pontiac-vibe-gt/wD1YtarFD4n8393Cg4B68N,3000,198000.0,pleasanton,Pontiac,Vibe,2006,20
2005 Volkswagen Gti For Parts/Project,https://www.craigslist.org/view/d/vallejo-2005-volkswagen-gti-for-parts/i56qYviTCEBtQbvJLf5Sp8,2500,231000.0,vallejo,Volkswagen,Gti,2005,21
2021 Volkswagen Passat R-Line,https://www.craigslist.org/view/d/berkeley-2021-volkswagen-passat-line/15wL1zw5jHvdjWw7RLNMvA,10000,107000.0,berkeley,Volkswagen,Passat,2021,5
1995 Mazda Miata,https://www.craigslist.org/view/d/san-carlos-1995-mazda-miata/wPK8DRx7v2bRAXQiye6PBk,7800,129000.0,sancarlos,Mazda,Miata,1995,31
"2005 Honda Accord, Runs Great",https://www.craigslist.org/view/d/campbell-2005-honda-accord-runs-great/7KZGK37h18FJfbtpewQjtt,3700,206000.0,sanjosewest,Honda,Accord,2005,21
"2013 Land Rover Range Rover Hse | 48K Miles, Extended Warranty",https://www.craigslist.org/view/d/santa-rosa-2013-land-rover-range-rover/nK6F26QB8UqMQpduSXMD5Z,32000,49000.0,santarosa,Land Rover,Range Rover,2013,13
Toyota Corolla Le 2010,https://www.craigslist.org/view/d/san-francisco-toyota-corolla-le-2010/kLwTyY7Nvsq8csQehhk49u,5000,216000.0,sanfrancisco,Toyota,Corolla,2010,16
2015 Mercedes Benz Gla 250 4Matic Awd,https://www.craigslist.org/view/d/los-altos-2015-mercedes-benz-gla-250/kKxWJsk5YzWHRX5RUsr4BU,12500,86000.0,losaltos,Mercedes,Gla,2015,11
2005 Infiniti G35*****Look******,https://www.craigslist.org/view/d/novato-2005-infiniti-g35look/iFax6qrm9tTuSpDZdNZWjS,2500,259000.0,novato,Infiniti,G35,2005,21
2013 Nissan Pathfinder,https://www.craigslist.org/view/d/livermore-2013-nissan-pathfinder/oWePDwjKBwQzP2aFMjm7wH,6500,128000.0,dublin,Nissan,Pathfinder,2013,13
2009 Ford F-250 Xl With Hydraulic Dump Bed,https://www.craigslist.org/view/d/san-anselmo-2009-ford-250-xl-with/dEF2b8eVzzWA8QWqbBBW8Z,17500,60000.0,sananselmo,Ford,F250,2009,17
2007 Acura Rdx Sh-Awd Turbo,https://www.craigslist.org/view/d/moraga-2007-acura-rdx-sh-awd-turbo/a6UMu6RMrt9BbVSWBxTgvi,6888,106000.0,lafayette,Acura,Rdx,2007,19
2005 Acura Mdx For Sale,https://www.craigslist.org/view/d/martinez-2005-acura-mdx-for-sale/akHa4B3C5mc7FWroNMS34z,2000,156000.0,martinez,Acura,Mdx,2005,21
"2015 Hyundai Elantra Se;74K Miles, 'Mechanic Special' -Drives, 2027Reg",https://www.craigslist.org/view/d/san-bruno-2015-hyundai-elantra-se74k/bBhuXkjixt5qiSJc1QM5Fd,6850,74000.0,burlingame,Hyundai,Elantra,2015,11
2015 Toyota Corolla Le Eco,https://www.craigslist.org/view/d/sunnyvale-2015-toyota-corolla-le-eco/3SMvkUT9GZgHR4Jx5KnJS3,11800,74000.0,sunnyvale,Toyota,Corolla,2015,11
2006 Subaru Legacy Awd,https://www.craigslist.org/view/d/moraga-2006-subaru-legacy-awd/joLyv4CNViPxyQXkUEXAor,4100,115000.0,lafayette,Subaru,Legacy,2006,20
2018 Chevrolet Tahoe 4X4 - Low Mileage,https://www.craigslist.org/view/d/sunnyvale-2018-chevrolet-tahoe-4x4-low/6mGuV8mq1BKtVGyG745kNq,14700,129000.0,sunnyvale,Chevrolet,Tahoe,2018,8
2005 Toyota 4Runner Sr5 4Wd,https://www.craigslist.org/view/d/sunnyvale-2005-toyota-4runner-sr5-4wd/eeRJx7zYhj2waVZ1nr8o6f,8800,238000.0,santaclara,Toyota,4Runner,2005,21
2013 Porsche 911 Carerra Cabriolet (Convertible),https://www.craigslist.org/view/d/san-mateo-2013-porsche-911-carerra/gi1UhSHT6Tw7b263fgGetR,54500,83000.0,fostercity,Porsche,911,2013,13
2001 Jeep Cherokee Xj,https://www.craigslist.org/view/d/martinez-2001-jeep-cherokee-xj/66ZmDnai4icshx2GgLcJV7,8000,127000.0,concord,Jeep,Cherokee,2001,25
2007 Gmc Sierra,https://www.craigslist.org/view/d/mountain-view-2007-gmc-sierra/8mNNpEp8K3Pvd1QYvi3ShW,7500,182000.0,mountainview,Gmc,Sierra,2007,19
2004 Acura Mdx Awd Suv,https://www.craigslist.org/view/d/burlingame-2004-acura-mdx-awd-suv/oJVLLsss4k2yFyeqzo4Hvy,2700,213000.0,burlingame,Acura,Mdx,2004,22
2016 Mazda Cx-5 Sport Awd Automatic 4 Door Very Good Cond 144K,https://www.craigslist.org/view/d/pleasanton-2016-mazda-cx-sport-awd/2997RojrytXGi6SDJ52sMh,8500,144000.0,dublin,Mazda,Cx5,2016,10
2014 Mercedes-Benz E350 Sport Sedan Clean Title Low Very Miles,https://www.craigslist.org/view/d/campbell-2014-mercedes-benz-e350-sport/2rF9y9esmqd95Jw9cK3LE3,12400,60000.0,losgatos,Mercedes,E350,2014,12
2002 Toyota Sequoia Sr5 - Strong & Reliable Suv Clean Title,https://www.craigslist.org/view/d/campbell-2002-toyota-sequoia-sr5-strong/3kYEu2tCL5YrmpJfEZGi13,6100,159000.0,campbell,Toyota,Sequoia,2002,24
"🔥 2017 Lexus Ct 200H Hybrid – Only 46,624 Miles 🔥Clean Title",https://www.craigslist.org/view/d/campbell-lexus-ct-200h-hybrid-only/pVhHVxZ5Z6JMFRkNdaPkME,19300,46000.0,campbell,Lexus,Es,2017,9
2005 Toyota Tundra Sr5 Extended Cab Pickup Clean Title,https://www.craigslist.org/view/d/campbell-2005-toyota-tundra-sr5/3QejrNWKUN73YgL8XghU9m,10900,141000.0,campbell,Toyota,Tundra,2005,21
"2008 Ford F-150 Stx Regular Cab – 5-Speed Manual – Only 70,214 Origina",https://www.craigslist.org/view/d/campbell-2008-ford-150-stx-regular-cab/sfgJCM2n6piPbn9aXPKNEt,8200,70000.0,campbell,Ford,F150,2008,18
2005 Lexus Is 300 Smog Passed Clean Title,https://www.craigslist.org/view/d/campbell-2005-lexus-is-300-smog-passed/qT3WMMkwWrRnLckE9tS6N2,7800,169000.0,campbell,Lexus,Is,2005,21
2009 Lexus Is 250 – Clean Title – Only 106K Miles,https://www.craigslist.org/view/d/campbell-2009-lexus-is-250-clean-title/kZ52PTcqFnQgVRh3ZNT1La,10300,106000.0,campbell,Lexus,Es,2009,17
2008 Toyota Tacoma Prerunner V6 – Reliable Daily Driver – Runs Great,https://www.craigslist.org/view/d/los-gatos-2008-toyota-tacoma-prerunner/2cdViKsxbhJKU9VhpY6qPB,10300,205000.0,losgatos,Toyota,Tacoma,2008,18
2005 Toyota Tundra Sr5 – Clean Title,https://www.craigslist.org/view/d/campbell-2005-toyota-tundra-sr5-clean/pmCVYh4rQL3kurXi8T99fS,9300,176000.0,campbell,Toyota,Tundra,2005,21
2009 Toyota Highlander Limited Awd – Reliable V6 – Family Suv,https://www.craigslist.org/view/d/san-jose-2009-toyota-highlander-limited/6BjDpL1feRbeK1SeN6pusy,9700,156000.0,sanjose,Toyota,Highlander,2009,17
2010 Kia Forte Ex - 119K Miles - Clean Title - New Tires/Battery,https://www.craigslist.org/view/d/fremont-2010-kia-forte-ex-119k-miles/25zHWKYbqNrAAw9swQS71W,4900,119000.0,fremont,Kia,Forte,2010,16
1995 Chevrolet 1500 W/T Silverado,https://www.craigslist.org/view/d/san-anselmo-1995-chevrolet-1500-t/bSoJ7mAUzGpvd3wYu7Wncu,4500,65000.0,sananselmo,Chevrolet,Silverado,1995,31
2017 Ford Fusion Se  Awd,https://www.craigslist.org/view/d/pleasant-hill-2017-ford-fusion-se-awd/rLbUYB86uGJ4y9sF7VogGJ,8700,109000.0,pittsburg,Ford,Fusion,2017,9
"For Sale: Exceptional 2024 Jaguar F-Pace Turbo Sport, Awd, Low Miles",https://www.craigslist.org/view/d/kentfield-for-sale-exceptional-2024/wMxZK7bnkLxn7vBpWHbF58,49000,11000.0,sanrafael,Jaguar,Fpace,2024,2
2008 Hyundai Accent 103K,https://www.craigslist.org/view/d/fremont-2008-hyundai-accent-103k/7CxNa3ypChYBQkqsmgwqWi,3500,103000.0,fremont,Hyundai,Accent,2008,18
2010 Ford Expedition Eddie Bauer 4X4,https://www.craigslist.org/view/d/san-lorenzo-2010-ford-expedition-eddie/1M8o7eNMbBCZ56EqL3iwjJ,5800,169000.0,sanleandro,Ford,Expedition,2010,16
2011 Mercedes Benz C300 Sports-Sedan W/Clean Title - Runs Excellent!!,https://www.craigslist.org/view/d/brentwood-2011-mercedes-benz-c300/miGVihbFqJzH5mgG3AxPzV,2900,219000.0,brentwood,Mercedes,C300,2011,15
2010 Toyota Rav4,https://www.craigslist.org/view/d/pinole-2010-toyota-rav4/pn6LRq4jGNmcGEk5F1bREb,8750,134000.0,"hercules,pinole,sanpablo,elsob",Toyota,Rav4,2010,16
2006 Toyota Corolla S,https://www.craigslist.org/view/d/pinole-2006-toyota-corolla/5wNg3efrrReMs767HUJ69C,3750,195000.0,"hercules,pinole,sanpablo,elsob",Toyota,Corolla,2006,20
1999 Land Rover Discovery Ii,https://www.craigslist.org/view/d/san-jose-1999-land-rover-discovery-ii/3EkiVzVGZVDgRbP8qYvhSB,9800,150000.0,sanjose,Land Rover,Discovery,1999,27
2004 Gmc Yukon Denali Awd,https://www.craigslist.org/view/d/san-jose-2004-gmc-yukon-denali-awd/6fUWhFQXeGXt8WHzPeKNrZ,7950,155000.0,sanjosewest,Gmc,Yukon,2004,22
2013 Honda Accord V6 Ex-L,https://www.craigslist.org/view/d/san-jose-2013-honda-accord-v6-ex/uuiLUMFzLcVnNXLtthHnQm,16000,97000.0,sanjosesouth,Honda,Accord,2013,13
2010 Nissan Armada 2Wd,https://www.craigslist.org/view/d/antioch-2010-nissan-armada-2wd/qnv4wVr6oqGBRcMDBMrJRx,2300,225000.0,antioch,Nissan,Armada,2010,16
2013 Bmw X1 - 87K Miles - (X-Drive35I) 6-Cylinder - (Turbo-Charged),https://www.craigslist.org/view/d/brentwood-2013-bmw-x1-87k-miles/1f93ppF5kEFmtUsZtw6zW6,4900,87000.0,brentwood,Bmw,X1,2013,13
2012 Ford Focus For Sale,https://www.craigslist.org/view/d/san-francisco-2012-ford-focus-for-sale/jqKhocSuQALMW1imUZVSYk,5000,83000.0,castro,Ford,Focus,2012,14
Bmw 2014 X1 4 Cylinders,https://www.craigslist.org/view/d/san-leandro-bmw-2014-x1-cylinders/91MrSTQc6rjzpqJMfBzRaQ,5500,183000.0,sanleandro,Bmw,X1,2014,12
2007 Acura Tsx,https://www.craigslist.org/view/d/redwood-city-2007-acura-tsx/uWnQC9yzquh5FRNDFN96Gs,3850,207000.0,redwoodcity,Acura,Tsx,2007,19
2013 Ford Edge Sel- Great Condition!,https://www.craigslist.org/view/d/san-jose-2013-ford-edge-sel-great/pkCBiLkhJnjb8ibwBbMbd6,6100,178000.0,willowglen,Ford,Edge,2013,13
2013 Mercedes Sprinter,https://www.craigslist.org/view/d/pittsburg-2013-mercedes-sprinter/kA5mwz9D2ZnBTVUVdDL4uX,38500,113000.0,concord,Mercedes,Sprinter,2013,13
2007 Gmc Yukon Flex Fuel,https://www.craigslist.org/view/d/brentwood-2007-gmc-yukon-flex-fuel/cAeKcZwQGCgWqpkCMV3BD5,2000,231000.0,brentwood,Gmc,Yukon,2007,19
2008 Mitsubishi Eclipse Clean Title Grate Condition Pass Smog,https://www.craigslist.org/view/d/san-jose-2008-mitsubishi-eclipse-clean/79eno45EogY6htgf1isAdb,4295,144000.0,sanjosewest,Mitsubishi,Eclipse,2008,18
"2001 Audi Tt Quattro Roadster – 6-Speed Manual – Rare Green – 97,400 M",https://www.craigslist.org/view/d/san-francisco-2001-audi-tt-quattro/oEDL4eX6wJ49AoAo8oUvhH,8400,97000.0,castro,Audi,Tt,2001,25
2015 Nissan Altima,https://www.craigslist.org/view/d/santa-clara-2015-nissan-altima/gnURZWXk7hKxqzjZdN8vvG,2400,150000.0,santaclara,Nissan,Altima,2015,11
2020 Toyota Corolla Le Low Miles Clean Title Smog Passed,https://www.craigslist.org/view/d/los-gatos-2020-toyota-corolla-le-low/6sdSfCgXospRs7dishJbtr,16500,66000.0,losgatos,Toyota,Corolla,2020,6
2013 Jeep Wrangler Unlimited Sahara 4X4 Hard Top,https://www.craigslist.org/view/d/campbell-2013-jeep-wrangler-unlimited/ukRhdoxX9H3fCfGgvv87CA,13500,120000.0,campbell,Jeep,Wrangler,2013,13
2006 Infiniti G35 Coupe Low Miles Clean Title One Owner Smog Passed,https://www.craigslist.org/view/d/los-gatos-2006-infiniti-g35-coupe-low/orfos9zmxsitx54r5awpcF,9500,70000.0,losgatos,Infiniti,G35,2006,20
2020 Nissan Frontier Sv ( Very Low Mile  50K ),https://www.craigslist.org/view/d/campbell-2020-nissan-frontier-sv-very/2B98Wz55mX6QTahBf64xH7,18500,50000.0,campbell,Nissan,Frontier,2020,6
2018 Audi Q5 Premium (64000 Miles),https://www.craigslist.org/view/d/san-jose-2018-audi-q5-premium-miles/uFRoEkdCwH8mHh7tCRwFeu,16500,64000.0,sanjose,Audi,Q5,2018,8
"2017 Honda Civic Ex With Start/Stop, 62K Low Mileage",https://www.craigslist.org/view/d/hayward-2017-honda-civic-ex-with-start/7wugPFWCWWJHDees8PUHi7,17300,63000.0,hayward,Honda,Civic,2017,9
"2015 Mazda Cx5 Touring, 95K Low Mileage",https://www.craigslist.org/view/d/hayward-2015-mazda-cx5-touring-95k-low/pdc2Tm18o1QACKaUm2MBwS,11900,96000.0,hayward,Mazda,Cx5,2015,11
2018 Honda Civic Sport  4 Door Hatchback,https://www.craigslist.org/view/d/campbell-2018-honda-civic-sport-door/rYuLzPVPBtvKTbTyc6aPQY,12400,126000.0,campbell,Honda,Civic,2018,8
"2013 Chevrolet Cruze 1Ls, Clean Title",https://www.craigslist.org/view/d/hayward-2013-chevrolet-cruze-1ls-clean/dkx19tgpFzdjptSfmWSeXN,3800,160000.0,hayward,Chevrolet,Cruze,2013,13
2008 Honda Cr-V Ex-L  ( 1 - Owner) 4X4 93K,https://www.craigslist.org/view/d/campbell-2008-honda-cr-ex-owner-4x4-93k/ra6WnMFebRPqJDbYjB7VPK,9300,93000.0,campbell,Honda,Crv,2008,18
"2009 Honda Civic Ex - 93K Miles, 1 Owner",https://www.craigslist.org/view/d/santa-clara-2009-honda-civic-ex-93k/avuaJTszuBi6W2eUbeHpcC,9500,93000.0,santaclara,Honda,Civic,2009,17
2003 Honda Crv,https://www.craigslist.org/view/d/santa-cruz-2003-honda-crv/gd9umziKnTyJcJRkG4maZu,1400,180000.0,santacruz,Honda,Crv,2003,23
2010 Nissan Frontier Se,https://www.craigslist.org/view/d/santa-rosa-2010-nissan-frontier-se/9kb9xT3f7CoutPgWDevYZc,8800,192000.0,santarosa,Nissan,Frontier,2010,16
Wanted 1965-1970 Ford Mustang,https://www.craigslist.org/view/d/san-jose-wanted-ford-mustang/hsYc7WCiugU6wiupkqieVi,15000,66000.0,willowglen,Ford,Mustang,1965,61
2012 Honda Accord Coupe V6 Auto New Smog Runs Good Needs Tires,https://www.craigslist.org/view/d/san-jose-2012-honda-accord-coupe-v6/aXfWBCMzrvLxtNNp98FC5x,3500,237000.0,sanjose,Honda,Accord,2012,14
2003 Bmw M5 (E39),https://www.craigslist.org/view/d/san-jose-2003-bmw-m5-e39/fNqc8pDuCe7wDkQaB1t19G,35000,123000.0,sanjosewest,Bmw,M5,2003,23
2003 Gmc Yukon Slt 4X4,https://www.craigslist.org/view/d/hayward-2003-gmc-yukon-slt-4x4/oh2N1wEDJrSTPCh82inpHe,9800,130000.0,danville,Gmc,Yukon,2003,23
"2007 Toyota Camry Se - 1 Owner, 94K Miles, Clean Title",https://www.craigslist.org/view/d/san-francisco-2007-toyota-camry-se/syW3RBgwwUtVub575xH5tT,9850,95000.0,pacificheights,Toyota,Camry,2007,19
2009 Mini Cooper S 62K Miles Excellent Cond. No Accidents Clean Title,https://www.craigslist.org/view/d/corte-madera-2009-mini-cooper-62k-miles/2cNiu6kz3WkSS633JuwoDN,8995,62000.0,northbay,Mini,Cooper,2009,17
2013 Dodge Dart - $3500,https://www.craigslist.org/view/d/santa-rosa-2013-dodge-dart/kwqN7VRzRfYBiTXYUtUnXZ,3500,99000.0,santarosa,Dodge,Dart,2013,13
2013 Mazda Cx-5 Touring Awd Exellent Condition,https://www.craigslist.org/view/d/san-jose-2013-mazda-cx-touring-awd/vwZV9XWwsNRojGjPPSsKy4,6500,177000.0,willowglen,Mazda,Cx5,2013,13
2006 Honda Accord Ex Coupe Only 8500 Miles Not Thousand 8500 Miles! Brand New,https://www.craigslist.org/view/d/san-jose-2006-honda-accord-ex-coupe/3eYHPxibcGUir74xEBxyf1,13500,8500.0,sanjose,Honda,Accord,2006,20
2001 Toyota Tacoma V6 Extracab Prerunner Trd With Rear Lockers New Smog!,https://www.craigslist.org/view/d/san-jose-2001-toyota-tacoma-v6-extracab/ocpNztgdn3Ua6kp3wR9F22,6500,80000.0,sanjose,Toyota,Tacoma,2001,25
"2008,Lexus Rx400,H. Hybrid,Clean Title,Current Reg,Smog,Miles,196,K",https://www.craigslist.org/view/d/hercules-2008lexus-rx400h-hybridclean/4qs9H1tXGTzXBb2sHNguc7,5450,196000.0,hercules,Lexus,Rx,2008,18
2016 Subaru Outback 2.5I Premium,https://www.craigslist.org/view/d/san-mateo-2016-subaru-outback-25i/jnsLZzrZHpMf8RH4Hyenq8,8300,140000.0,fostercity,Subaru,Outback,2016,10
2000 Nissan Maxima Gle Sedan 4 Door - $3950,https://www.craigslist.org/view/d/aptos-2000-nissan-maxima-gle-sedan-door/mkoHgzXPNdXQwVMFBgutw4,3950,123000.0,aptos,Nissan,Maxima,2000,26
"2002 Honda Accord Ex Low Miles (60,013)",https://www.craigslist.org/view/d/san-rafael-2002-honda-accord-ex-low/a8NFkBhxoMziE6cP9FWZgf,7500,60000.0,sanrafael,Honda,Accord,2002,24
2013 Subaru Outback,https://www.craigslist.org/view/d/hayward-2013-subaru-outback/76MQotTU3bifzLHjgiyMr5,5199,180000.0,hayward,Subaru,Outback,2013,13
2012 Subaru Impreza,https://www.craigslist.org/view/d/hayward-2012-subaru-impreza/8TbMHC93FaJqZkcyzeeTNB,6500,117000.0,hayward,Subaru,Impreza,2012,14
"2013,Mini Cooper,S,Turbo,Clean Title,Current Reg,Smog,Miles,151,K",https://www.craigslist.org/view/d/hercules-2013mini-coopersturboclean/8g3eiXMEtwrwK1g9oP9gv9,4250,151000.0,hercules,Mini,Cooper,2013,13
Volvo- 2017 S90 T^ Inscription Sedan 4D,https://www.craigslist.org/view/d/healdsburg-volvo-s90-in-ion-sedan-4d/q8kqYoGjgMiPMFUieuhgp2,29500,75000.0,healdsburg,Volvo,S90,2017,9
2005 Cadillac Escalade 154K Miles,https://www.craigslist.org/view/d/santa-clara-2005-cadillac-escalade-154k/h77Uy48XUSGswD8wtE4c3f,4900,154000.0,santaclara,Cadillac,Escalade,2005,21
2013 Vw Jetta - 34 Mpg Hwy 24 Mpg City,https://www.craigslist.org/view/d/alameda-2013-vw-jetta-34-mpg-hwy-24-mpg/wJJqV2XM8gF5UnF4k27fxM,5900,151000.0,alameda,Vw,Jetta,2013,13
2006 Honda Accord,https://www.craigslist.org/view/d/vallejo-2006-honda-accord/oETAKZfhLR1w2gYByJ77Bw,4500,185000.0,vallejo,Honda,Accord,2006,20
2011 Ford E-350 Super Duty Flex Fuel Refrigerated Van,https://www.craigslist.org/view/d/san-francisco-2011-ford-350-super-duty/hC16aMgVM3PHQAJt4j13La,13500,189000.0,bayview,Ford,Flex,2011,15
"2014 Subaru Outback 2.5I Wagon ""Fully Loaded & 76K Low Mileage",https://www.craigslist.org/view/d/hayward-2014-subaru-outback-25i-wagon/bvF3r7JZTgGqz7dK2FKCtJ,11200,77000.0,hayward,Subaru,Outback,2014,12
"2013 Hyundai Sonata Gls ""Clean Title""",https://www.craigslist.org/view/d/hayward-2013-hyundai-sonata-gls-clean/f8nXWFdUFKyFQ54xqtbBkk,4700,142000.0,hayward,Hyundai,Sonata,2013,13
✅ 2007 Mercedes Benz S550,https://www.craigslist.org/view/d/san-jose-mercedes-benz-s550/ptWWZYUBPRowCLGvBQuX2h,7000,86000.0,southbayarea,Mercedes,S550,2007,19
2014 Ford Mustang Gt 5.0 Low Miles,https://www.craigslist.org/view/d/hayward-2014-ford-mustang-gt-50-low/mutojTC4UE2XYfEXmnfrfZ,22500,56000.0,hayward,Ford,Mustang,2014,12
2015 Ford Fusion Se,https://www.craigslist.org/view/d/newark-2015-ford-fusion-se/9mxYWiNKkE78v1gu3Yy9Wp,6900,159000.0,fremont,Ford,Fusion,2015,11
"2004 Lexus Rx 330, Needs Work",https://www.craigslist.org/view/d/mill-valley-2004-lexus-rx-330-needs-work/bzfvWAD5ZLhPnsb7emyHfX,3500,175000.0,millvalley,Lexus,Rx,2004,22
2012 Toyota Camry Xle  Hybrid,https://www.craigslist.org/view/d/mountain-view-2012-toyota-camry-xle/hLAPFyRHDLaSb8KXArVPou,14500,56000.0,mountainview,Toyota,Camry,2012,14
2008 Acura Tsx,https://www.craigslist.org/view/d/newark-2008-acura-tsx/pyeeknxB2r9eHtwhXziQXM,4900,175000.0,fremont,Acura,Tsx,2008,18
2015 Honda Cr-V Lx,https://www.craigslist.org/view/d/campbell-2015-honda-cr-lx/nmeBeRrJ3rwQV2btzsvz97,12300,122000.0,campbell,Honda,Crv,2015,11
2016 Toyota Avalon Xle,https://www.craigslist.org/view/d/campbell-2016-toyota-avalon-xle/8mLMMUX3DsK4YsqjYD9F6b,10700,122000.0,sanjosenorth,Toyota,Avalon,2016,10
2011 Bmw 328I 3 Series Coupe,https://www.craigslist.org/view/d/scotts-valley-2011-bmw-328i-series-coupe/jZ5cMWZS4dXSjM8SADuSCj,9900,82000.0,scottsvalley,Bmw,328I,2011,15
"2010 Infiniti G37 Convertible, 109 K Low Mileage",https://www.craigslist.org/view/d/hayward-2010-infiniti-g37-convertible/3oQ1EiwktxMM7TJbi369Q4,8500,110000.0,hayward,Infiniti,G37,2010,16
2005 Toyota Sequoia 3Rd Row Seating Great Shape Runs Great,https://www.craigslist.org/view/d/san-mateo-2005-toyota-sequoia-3rd-row/kLggfQxdVEPKkgv8qpWvaS,5200,182000.0,sanmateo,Toyota,Sequoia,2005,21
2003 Toyota Sequoia Sr5 Excellent Condition Well Maintained,https://www.craigslist.org/view/d/san-mateo-2003-toyota-sequoia-sr5/dEnspcutW4nW5vwPJUnBHa,5200,224000.0,sanmateo,Toyota,Sequoia,2003,23
"2012 Toyota Camry Se, 67K Low Mileage & Clean Title",https://www.craigslist.org/view/d/hayward-2012-toyota-camry-se-67k-low/pZv4JkCtp5ERAmoCqGwR3x,12800,67000.0,hayward,Toyota,Camry,2012,14
2007 Acura Mdx 4Wd Seats 7 Clean Title 2027 Reg. Well-Kept Quiet,https://www.craigslist.org/view/d/berkeley-2007-acura-mdx-4wd-seats-clean/2gjGYN4hT8qSqjRxtZY2pr,3800,194000.0,berkeleyarea,Acura,Mdx,2007,19
"2011 Honda Cr-V Lx, 110 K Low Mile & Clean Title",https://www.craigslist.org/view/d/hayward-2011-honda-cr-lx-110-low-mile/tr3ZBan8sPa8XLA2B29fkw,8600,111000.0,hayward,Honda,Crv,2011,15
2019 Honda Civic Sport Hatchback,https://www.craigslist.org/view/d/sunnyvale-2019-honda-civic-sport/4Z1h8qh1jDm9MYMiz5tNCY,17200,100000.0,sunnyvale,Honda,Civic,2019,7
2006 Honda Accord Ex Low Mileage,https://www.craigslist.org/view/d/union-city-2006-honda-accord-ex-low/3NAzaVrJTPVUeEePSu6HRX,5900,131000.0,unioncity,Honda,Accord,2006,20
2016 Kia Optima Hybrid,https://www.craigslist.org/view/d/vallejo-2016-kia-optima-hybrid/khMzEoRaxCr7Tju7YzuSG8,7300,86000.0,vallejo,Kia,Optima,2016,10
2016 Porsche Cayenne S E-Hybrid,https://www.craigslist.org/view/d/sunnyvale-2016-porsche-cayenne-e-hybrid/kCdpK1ojXcpXhfKDkT3M79,14800,121000.0,sunnyvale,Porsche,Cayenne,2016,10
2018 Audi Sq5 3.0T Quattro Premium Plus S Line,https://www.craigslist.org/view/d/sunnyvale-2018-audi-sq5-30t-quattro/7meoNvFXmnmxhuvU5jcuj5,20900,68000.0,sunnyvale,Audi,Q5,2018,8
2006 Ford F350 Super Duty Flat Bed In Great Condition.,https://www.craigslist.org/view/d/benicia-2006-ford-f350-super-duty-flat/6R52GtiMUkobecnG3yvHvf,8950,100000.0,"placerville,ca95619",Ford,F350,2006,20
2013 Toyota Prius Three – Clean Title – 177K Miles,https://www.craigslist.org/view/d/sunnyvale-2013-toyota-prius-three-clean/a2Jw3rQX3x5AqCC2MJgAKP,6200,177000.0,sunnyvale,Toyota,Prius,2013,13
2017 Porsche Macan Awd,https://www.craigslist.org/view/d/sunnyvale-2017-porsche-macan-awd/aSCfXmAuFZMVaYGkaM2s99,14600,102000.0,sunnyvale,Porsche,Macan,2017,9
"2016 Hyundai Elantra Se, 32K Low Mileage",https://www.craigslist.org/view/d/hayward-2016-hyundai-elantra-se-32k-low/gAhSXUgsGidi7kvAvBJrYJ,10200,32000.0,hayward,Hyundai,Elantra,2016,10
"2009 Lexus Rx350, Smog , Runs Great, 198 K Miles,  Clean Title",https://www.craigslist.org/view/d/vallejo-2009-lexus-rx350-smog-runs/dHBhQcN1o5oscqF1QZSzrU,6800,199000.0,vallejo,Lexus,Rx,2009,17
2013 Ford Focus,https://www.craigslist.org/view/d/napa-2013-ford-focus/anD31YUqksnryr3kuNZySS,3500,170000.0,napacounty,Ford,Focus,2013,13
2011 Toyota Corolla Le Low Mileage All Service Done!,https://www.craigslist.org/view/d/san-mateo-2011-toyota-corolla-le-low/n7vtiY2d7HYJKBgwPJbHH4,7400,90000.0,fostercity,Toyota,Corolla,2011,15
2004 Land Rover Discovery Se – Exceptionally Clean | Only 92K Miles,https://www.craigslist.org/view/d/mountain-view-2004-land-rover-discovery/sD4NNgt1d2RmLJrd7Z4oh8,16500,92000.0,mountainview,Land Rover,Discovery,2004,22
2020 Toyota Tundra Trd Off Road Limited Double Cab Truck,https://www.craigslist.org/view/d/santa-rosa-2020-toyota-tundra-trd-off/tVmqD9DUqSbdAQTJBXcS2e,43500,113000.0,santarosa,Toyota,Tundra,2020,6
"2009 Lexus Rx350, Smog , Runs Great, 198 K Miles,  Clean Title",https://www.craigslist.org/view/d/vallejo-2009-lexus-rx350-smog-runs/6Hqp9cRCLUtr2g9DGQT7eV,6800,199000.0,vallejo,Lexus,Rx,2009,17
"2003 Toyota Corolla , Smog , Runs Perfect , I Finance  No Credit Check",https://www.craigslist.org/view/d/vallejo-2003-toyota-corolla-smog-runs/9N8ZtgR95qamGVXqbXHEc3,4500,200000.0,vallejo,Toyota,Corolla,2003,23
"2000 Toyota Camry, Smog , Runs Perfect , I Finance  No Credit Check",https://www.craigslist.org/view/d/vallejo-2000-toyota-camry-smog-runs/nCwupr78YW5FyMnJsfZUPK,4500,208000.0,vallejo,Toyota,Camry,2000,26
"2011 Toyota Prius Iv, 135K Low Mileage & Clean Title",https://www.craigslist.org/view/d/hayward-2011-toyota-prius-iv-135k-low/rEjU2wUKgsWRnMiAUE2xog,7800,136000.0,hayward,Toyota,Prius,2011,15
"2010 Toyota Corolla Le  ""Clean Title""",https://www.craigslist.org/view/d/hayward-2010-toyota-corolla-le-clean/oLtdpZYextaQerNNQdT3d1,4500,208000.0,hayward,Toyota,Corolla,2010,16
2012 Honda Accord Se,https://www.craigslist.org/view/d/newark-2012-honda-accord-se/1tGYBmaJtaL5PQq8d2rw7D,6900,160000.0,fremont,Honda,Accord,2012,14
2012 Volvo S60 T5,https://www.craigslist.org/view/d/oakland-2012-volvo-s60-t5/53jExVgWhTPY6YRLGs3zcH,5000,164000.0,oaklandpiedmont,Volvo,S60,2012,14
2022 Toyota Corolla Se Nightshade Edition,https://www.craigslist.org/view/d/campbell-2022-toyota-corolla-se/hqEfPLWyRMtNQAzZjKv8ba,20499,63000.0,campbell,Toyota,Corolla,2022,4
2015 Honda Odyssey Ex,https://www.craigslist.org/view/d/mountain-view-2015-honda-odyssey-ex/kzC8nh2rUwGr9vXs95snfq,10500,123000.0,southbayarea,Honda,Odyssey,2015,11
2009 Volkswagen Gti 6Speed Manual,https://www.craigslist.org/view/d/santa-rosa-2009-volkswagen-gti-6speed/5Gfemh7kN4kPpzR85XmGPg,4300,152000.0,santarosa,Volkswagen,Gti,2009,17
2011 Vw Volkswagen Golf Tdi,https://www.craigslist.org/view/d/redwood-city-2011-vw-volkswagen-golf-tdi/9QYkDUAgJgiJUnCqJUyyq1,12000,55000.0,redwoodcity,Volkswagen,Golf,2011,15
2025 Toyota Prius Prime Se Plug-In Hybrid 11K Miles Must See This 1,https://www.craigslist.org/view/d/rancho-cordova-2025-toyota-prius-prime/nNW5H1rCYgamFiW1h93XV5,23900,12000.0,cityofsanfrancisco,Toyota,Prius,2025,1
2002 Chrysler Town & Country,https://www.craigslist.org/view/d/emeryville-2002-chrysler-town-country/x66EHmUEUypXv7YeZ3Jars,1500,164000.0,oaklandnorth,Chrysler,Town & Country,2002,24
👑 The One You Want! 2011 Acura Mdx - Tech-Leather -3Rd Row Seating🙏,https://www.craigslist.org/view/d/san-francisco-the-one-you-want-2011/2J46k1UXrDGDj8xBKxTskp,1200,79000.0,cityofsanfrancisco,Acura,Mdx,2011,15
"2013,Mini Cooper,Countryman,Clean Title,Fresh Smog,Low Miles,106,K",https://www.craigslist.org/view/d/hercules-2013mini-coopercountrymanclean/pvM1hKbk4ToC6RWXijQZY3,4950,106000.0,hercules,Mini,Cooper,2013,13
Reduced - 2012 Jeep Wrangler Sport Unlimited,https://www.craigslist.org/view/d/pittsburg-reduced-jeep-wrangler-sport/3wYwfoqFJfUK3cT47pu54A,21999,66000.0,pittsburg,Jeep,Wrangler,2012,14
"2018 Ford Edge Titanium Awd, Clean Title, 109K, Nice!",https://www.craigslist.org/view/d/walnut-creek-2018-ford-edge-titanium/5gQ1Tahbajx7yGdhueJTfz,9900,109000.0,walnutcreek,Ford,Edge,2018,8
2019 Chevrolet Equinox Lt 62K Miles Suv. Or Best Offer,https://www.craigslist.org/view/d/san-francisco-2019-chevrolet-equinox-lt/w81rd9X7pykY5XCDipswFq,8750,62000.0,sanfrancisco,Chevrolet,Equinox,2019,7
2013 Bmw X5 Twin Turbo 3.0 V6 Awd Premium Package,https://www.craigslist.org/view/d/dublin-2013-bmw-x5-twin-turbo-30-v6-awd/dbSg2EHWdMfaEhKtwXfeoF,6800,115000.0,dublin,Bmw,X5,2013,13
2011 Mercedes-Benz C300 Sport - Clean Title - Excellent Condition,https://www.craigslist.org/view/d/san-leandro-2011-mercedes-benz-c300/2YJ8wRWWFsaUUEKzUzaGBo,6450,144000.0,sanleandro,Mercedes,C300,2011,15
2016 Toyota Corolla Le,https://www.craigslist.org/view/d/pittsburg-2016-toyota-corolla-le/pVyEzh5zC7xjoU4fMPacxX,6500,202000.0,pittsburg,Toyota,Corolla,2016,10
2015 Mitsubishi Mirage Gas Saver 45Mpg Carplay Reverse Camera,https://www.craigslist.org/view/d/san-francisco-2015-mitsubishi-mirage/6umjmhBASTC7pyTn5gmUYd,4500,123000.0,ingleside,Mitsubishi,Mirage,2015,11
2014 Honda Accord · Ex-L Coupe 2D,https://www.craigslist.org/view/d/rohnert-park-2014-honda-accord-ex-coupe/fyauuSrU9F9ybRwXhhFEDu,5000,117000.0,rohnertpk,Honda,Accord,2014,12
2020 Ford Transit T250,https://www.craigslist.org/view/d/santa-clara-2020-ford-transit-t250/frrkjxC9Zmaje8bgw6UN9G,18900,97000.0,santaclara,Ford,Transit,2020,6
2005 Toyota Avalon,https://www.craigslist.org/view/d/campbell-2005-toyota-avalon/qZXTz4pbC3kov8fHJ15Zt5,9500,67000.0,campbell,Toyota,Avalon,2005,21
2005 Nissan 350Z,https://www.craigslist.org/view/d/oakland-2005-nissan-350z/aBHjfV154fv2mdnLDBvdW2,8900,94000.0,oaklandpiedmont,Nissan,350Z,2005,21
2020 Acura Mdx Hybrid Sport Sh Awd,https://www.craigslist.org/view/d/mill-valley-2020-acura-mdx-hybrid-sport/1VC4eL8nssM8ZBxbbNvSeX,24800,86000.0,millvalley,Acura,Mdx,2020,6
2018 Toyota Tacoma Trd Off-Road – Single Owner,https://www.craigslist.org/view/d/mill-valley-2018-toyota-tacoma-trd-off/os5q1abqtCou3LfaNxX7dA,27500,137000.0,millvalley,Toyota,Tacoma,2018,8
2011 Subaru Forester,https://www.craigslist.org/view/d/san-jose-2011-subaru-forester/nvsEdgPD6nkmqgG7Wu3Fxh,5800,118000.0,santaclara,Subaru,Forester,2011,15
2010 Vw Volkswagen Golf  2-Door 2.5 4-Cylinder Automatic 100.000Mi,https://www.craigslist.org/view/d/fremont-2010-vw-volkswagen-golf-door-25/sN2ycSFVBNGXvTAvuAjQKi,4700,100000.0,fremont,Volkswagen,Golf,2010,16
"2012 Toyota Prius Hybrid, Hatchback, White, Great On Gas, 179K Miles",https://www.craigslist.org/view/d/newark-2012-toyota-prius-hybrid/8VMFKpKkwAKUwET1Ho7U2T,6450,179000.0,fremont,Toyota,Prius,2012,14
2017 Mazda Mx-5 Miata Club Nd - Manual - Suspension Upgrades,https://www.craigslist.org/view/d/san-jose-2017-mazda-mx-miata-club-nd/t4h44nXBPQ92DVvaMkfByY,20000,23000.0,sanjosesouth,Mazda,Miata,2017,9
1990 Chevrolet Corvette Convertible Red Needs Tlc,https://www.craigslist.org/view/d/san-francisco-1990-chevrolet-corvette/9KAnBjtdJK2CN8tLK5tj81,4200,116000.0,berkeley,Chevrolet,Corvette,1990,36
2015 Toyota Camry Se,https://www.craigslist.org/view/d/burlingame-2015-toyota-camry-se/58rqTAQzbDHWUt5zYHdT16,10350,196000.0,burlingame,Toyota,Camry,2015,11
2015 Mercedes Benz E63 Amg S-Model - Only 43K Miles – Excellent Condit,https://www.craigslist.org/view/d/clayton-2015-mercedes-benz-e63-amg/ec6AySHCvLZthWsuUJkbnU,41000,44000.0,walnutcreek,Mercedes,Amg,2015,11
2015 Audi A3,https://www.craigslist.org/view/d/san-jose-2015-audi-a3/di72L9nqHQ369Gv21sS335,8000,100000.0,sanjoseeast,Audi,A3,2015,11
2017 Volkswagen Jetta,https://www.craigslist.org/view/d/san-jose-2017-volkswagen-jetta/i25t2szvZFEYANWZ9hdZLa,6500,124000.0,sanjoseeast,Volkswagen,Jetta,2017,9
2016 Volkswagen Passat,https://www.craigslist.org/view/d/san-jose-2016-volkswagen-passat/vw5NvjpSd7tPHbG5LU9waU,5000,157000.0,sanjoseeast,Volkswagen,Passat,2016,10
2017 Lexus Es 300H,https://www.craigslist.org/view/d/san-jose-2017-lexus-es-300h/v8DNhEkkBHCdaT5UXZ6S1Q,8500,246000.0,sanjoseeast,Lexus,Es,2017,9
2016 Volkswagen Passat,https://www.craigslist.org/view/d/san-jose-2016-volkswagen-passat/1MaX27V9XkxoPLTE6rJUqm,8000,72000.0,sanjoseeast,Volkswagen,Passat,2016,10
2016 Volkswagen Jetta,https://www.craigslist.org/view/d/san-jose-2016-volkswagen-jetta/2znJhsabMmMUTgHM2r3PLD,7500,92000.0,sanjoseeast,Volkswagen,Jetta,2016,10
2018 Volkswagen Tiguan,https://www.craigslist.org/view/d/san-jose-2018-volkswagen-tiguan/g5bnGdEa1ULFcjuDHDaEVF,11500,103000.0,sanjoseeast,Volkswagen,Tiguan,2018,8
2012 Toyota Prius V,https://www.craigslist.org/view/d/hayward-2012-toyota-prius/te6Pzew8iizWS7M5N4t1fp,8000,122000.0,hayward,Toyota,Prius,2012,14
2015 Volkswagen Gti,https://www.craigslist.org/view/d/san-jose-2015-volkswagen-gti/1eqDJKySFbtbGZikMt9wQJ,9000,157000.0,sanjoseeast,Volkswagen,Gti,2015,11
Clean 1998 Bmw E36 M3 Sedan – 5 Speed Manual,https://www.craigslist.org/view/d/pleasanton-clean-1998-bmw-e36-m3-sedan/knyMGTsctL8oZxELmi17ZS,15500,215000.0,dublin,Bmw,M3,1998,28
2017 Volkswagen Jetta,https://www.craigslist.org/view/d/san-jose-2017-volkswagen-jetta/mg6avEGVGQCBUZyxedQ2kY,8500,86000.0,sanjoseeast,Volkswagen,Jetta,2017,9
2015 Audi A3,https://www.craigslist.org/view/d/san-jose-2015-audi-a3/1YYYoqfqZgrvrjEZXDAzb5,7999,90000.0,sanjoseeast,Audi,A3,2015,11
2007 Toyota Avalon,https://www.craigslist.org/view/d/vallejo-2007-toyota-avalon/oa6BQZ9fdXvsmZHe7nMQsD,3999,165000.0,vallejo,Toyota,Avalon,2007,19
2018 Lexus Ls 500 Ls500 Fully Loaded 50K,https://www.craigslist.org/view/d/port-costa-2018-lexus-ls-500-ls500/1iYwXCw49JkpQrkqxYs81x,39900,51000.0,vallejo,Lexus,Ls,2018,8
2012 Kia Soul,https://www.craigslist.org/view/d/san-francisco-2012-kia-soul/mXDAQeUaydCRfBnr1GyPzz,4000,140000.0,missiondistrict,Kia,Soul,2012,14
2020 Chevrolet Suburban,https://www.craigslist.org/view/d/hercules-2020-chevrolet-suburban/xpVCJZ1SobAHT5YCTzNFRe,17000,120000.0,"hercules,pinole,sanpablo,elsob",Chevrolet,Suburban,2020,6
Toyota Tacoma Access Cab 2007,https://www.craigslist.org/view/d/milpitas-toyota-tacoma-access-cab-2007/oKMCFXP7d8n2dfsgTsHi6X,7500,125000.0,milpitas,Toyota,Tacoma,2007,19
"2013 Bmw X3 (F25) — 96,760 Miles — As-Is / Mechanic'S Special",https://www.craigslist.org/view/d/alameda-2013-bmw-x3-miles-as-is/iUEpBacSSBDTawPQv9XgRU,5800,97000.0,alameda,Bmw,X3,2013,13
2014 Ford Focus Se Flexfuel,https://www.craigslist.org/view/d/brentwood-2014-ford-focus-se-flexfuel/3V71TojupnnAt2YazoahF5,1600,185000.0,brentwood,Ford,Focus,2014,12
1968 Ford Mustang Convertible,https://www.craigslist.org/view/d/oakland-1968-ford-mustang-convertible/fsaBUqNbN9bRCzFd9iLnx6,45000,1000.0,oaklandeast,Ford,Mustang,1968,58
2012 Honda Civic 66K Miles Runs Great,https://www.craigslist.org/view/d/san-mateo-2012-honda-civic-66k-miles/4Jd82mbfDBBBDAN8Z4htwU,4500,66000.0,sanmateo,Honda,Civic,2012,14
2007 Toyota Sienna,https://www.craigslist.org/view/d/san-mateo-2007-toyota-sienna/3ZzwGkuupzmHMizhMq7MVH,4500,138000.0,sanmateo,Toyota,Sienna,2007,19
2018 Honda Civic Ex Reliable & Great Mpg,https://www.craigslist.org/view/d/richmond-2018-honda-civic-ex-reliable/63RaiquB5183WJti2iJ63N,15450,120000.0,elcerrito,Honda,Civic,2018,8
2002 Toyota Tacoma,https://www.craigslist.org/view/d/brentwood-2002-toyota-tacoma/mjiRwSkguV1vbF5kN4DUqv,4600,276000.0,brentwood,Toyota,Tacoma,2002,24
2004 Toyota Rav4,https://www.craigslist.org/view/d/brentwood-2004-toyota-rav4/3f62QdWrh5z3UUKiTuv7WP,4500,204000.0,brentwood,Toyota,Rav4,2004,22
2001 Lexus Rx300 Vsc Pkg (Awd) Pass Smog Runs Amazing Beautiful,https://www.craigslist.org/view/d/union-city-2001-lexus-rx300-vsc-pkg-awd/7MrsvWk3WCAtX9g95SPmGY,3000,170000.0,fremont,Lexus,Rx,2001,25
2013 Bmw 328I,https://www.craigslist.org/view/d/half-moon-bay-2013-bmw-328i/4huvM68H4KYAPmTZqU5rDP,4999,147000.0,halfmoonbay,Bmw,328I,2013,13
2013 Toyota Tacoma Trd Access Cab Prerunner-2Wd,https://www.craigslist.org/view/d/brookdale-2013-toyota-tacoma-trd-access/wDZVgAo4qwzvpYmK7zN8z4,21000,76000.0,santacruz,Toyota,Tacoma,2013,13
2008 Ford F350 Super Duty King Ranch,https://www.craigslist.org/view/d/cupertino-2008-ford-f350-super-duty/pgju6dZqAyUougWTpqNDbc,28000,91000.0,cupertino,Ford,F350,2008,18
2019 Mini Cooper S- Turbo-Automatic-Black Leather-Clean Title-,https://www.craigslist.org/view/d/pleasanton-2019-mini-cooper-turbo/uG1gsJEEDb3RMSmi1A6fMY,12495,84000.0,pleasanton,Mini,Cooper,2019,7
Rare 1986 Honda (Civic) Crx 2Dr Hatchback / Coupe. Smogd. Clean Title,https://www.craigslist.org/view/d/pittsburg-rare-1986-honda-civic-crx-2dr/hCPDBWVBVhqAB2fj5Fb3Pt,4500,151000.0,concord,Honda,Civic,1986,40
2023 Honda Accord,https://www.craigslist.org/view/d/antioch-2023-honda-accord/aKEg5HXxHxJiQqnmi8yTyH,15950,19000.0,antioch,Honda,Accord,2023,3
2010 Toyota 4Runner Limited,https://www.craigslist.org/view/d/novato-2010-toyota-4runner-limited/fAz8JNjBkNkuM8V1phHc8w,12700,200000.0,novato,Toyota,4Runner,2010,16
"Audi Q5 2012 Quattro Pp - Gray - 70K Miles, Meticulous Records",https://www.craigslist.org/view/d/san-francisco-audi-quattro-pp-gray-70k/1KiqTHegvDEtEniBrGPHzj,7500,70000.0,innerrichmond,Audi,Q5,2012,14
"2013 Honda Civic Lx Sedan – One Owner, Well Maintained – 101,2K Miles",https://www.craigslist.org/view/d/san-jose-2013-honda-civic-lx-sedan-one/jM9doDNu2LGiCyhoBD4D1h,9500,101000.0,sanjosesouth,Honda,Civic,2013,13
2013 Honda Crv Ex Sport Awd Clean Title,https://www.craigslist.org/view/d/forestville-2013-honda-crv-ex-sport-awd/1g6QJm9QiNibJvpjiZ4nFt,16400,78000.0,forestville,Honda,Crv,2013,13
Gmc Yukon Xl 1500 2013,https://www.craigslist.org/view/d/santa-clara-gmc-yukon-xl/b6vczvQxQraXbSxUKYMbKf,8200,144000.0,santaclara,Gmc,Yukon,2013,13
"2015 Honda Cr-V Ex-L Awd - 105,000 Miles - Pending",https://www.craigslist.org/view/d/oakland-2015-honda-cr-ex-awd-miles/6gxwAr7xPE4fJy4vmm4zpa,13000,105000.0,oaklandpiedmont,Honda,Crv,2015,11
2011 Nissan Leaf Sv – 82K Miles – Great Local Town Car / Commuter,https://www.craigslist.org/view/d/campbell-2011-nissan-leaf-sv-82k-miles/gwxVkPvQ5wrkHat4gxUHFM,1900,82000.0,losgatos,Nissan,Leaf,2011,15
1991 Toyota Corolla,https://www.craigslist.org/view/d/san-jose-1991-toyota-corolla/5bRYWYQUbVoLpE96hVn58u,4800,228000.0,sanjoseeast,Toyota,Corolla,1991,35
2019 Ram 1500 Slt Quad Cab Clean Title,https://www.craigslist.org/view/d/sacramento-2019-ram-1500-slt-quad-cab/2XDz94DoSYrgHmoDsyfu94,11900,149000.0,sacramento,Ram,1500,2019,7
2003 Honda Odyssey Won'T Smog Needs Work,https://www.craigslist.org/view/d/san-jose-2003-honda-odyssey-wont-smog/bvuZELkpEFTo5aeo9fvJQ4,1400,274000.0,sanjose,Honda,Odyssey,2003,23
"2002 Bmw M3 Convertible, Carbon Black/Black, Ca Car",https://www.craigslist.org/view/d/richmond-2002-bmw-m3-convertible-carbon/fJij2NdafyG2NcFz3zBJzE,14500,133000.0,richmond,Bmw,M3,2002,24
2006 Honda Accord,https://www.craigslist.org/view/d/hayward-2006-honda-accord/qo9AowLLZqt3iRqsh2FAyf,2200,200000.0,hayward,Honda,Accord,2006,20
2014 Ram 2500 Big Horn 4Wd Diesel,https://www.craigslist.org/view/d/finley-2014-ram-2500-big-horn-4wd-diesel/uNEzWXWWyM9AS8auvDNL7x,31500,143000.0,lakecounty,Ram,2500,2014,12
2025 Honda Accord Hybrid · Touring Sedan 4D,https://www.craigslist.org/view/d/fremont-2025-honda-accord-hybrid/fsWpJu3DYT5Hi3ySbJZx5z,28500,12000.0,fremont,Honda,Accord,2025,1
2024 Honda Accord Hybrid Ex-L,https://www.craigslist.org/view/d/fremont-2024-honda-accord-hybrid-ex/idrFphcJpDjxfgffd5uYWQ,24800,9805.0,fremont,Honda,Accord,2024,2
2015 Hyundai Santa Fe  Awd,https://www.craigslist.org/view/d/pleasant-hill-2015-hyundai-santa-fe-awd/aq2wnD3u8tJQJ3aDhAuVb3,7500,131000.0,concord,Hyundai,Santa Fe,2015,11
2018 Chevrolet Silverado • 1500,https://www.craigslist.org/view/d/fremont-2018-chevrolet-silverado-1500/gH8JVysSQK7R49Z513WKJ5,17800,121000.0,fremont,Chevrolet,Silverado,2018,8
2023 Honda Accord Hybrid Turing,https://www.craigslist.org/view/d/fremont-2023-honda-accord-hybrid-turing/vMqKrDd8VLmuqfFYHGLax6,22800,40000.0,fremont,Honda,Accord,2023,3
2022 Ford F-250 Stx 4X4 90K Miles,https://www.craigslist.org/view/d/pleasanton-2022-ford-250-stx-4x4-90k/pW1ayTiDpv4SVdcoYMPtTa,33900,90000.0,dublin,Ford,F250,2022,4
2011 Toyota Camry,https://www.craigslist.org/view/d/redwood-city-2011-toyota-camry/oVjMQCcVnnZUg3yjQz451G,6950,132000.0,redwoodcity,Toyota,Camry,2011,15
"Family 8-Seat Toyota Sienna Xle, 2012, 159K Miles",https://www.craigslist.org/view/d/port-costa-family-seat-toyota-sienna/8L53t3FbLyNeuKSBNig2Y1,8400,158000.0,benicia,Toyota,Sienna,2012,14
"2015 Lexus Is 250, Clean Title",https://www.craigslist.org/view/d/santa-clara-2015-lexus-is-250-clean/jauEG6vuNxZJE6ZagKzBCf,15700,137000.0,santaclara,Lexus,Is,2015,11
2015 Mercedes Benz S550 4-Matic,https://www.craigslist.org/view/d/concord-2015-mercedes-benz-s550-matic/6evNArRyi3v1EQ8VYwuv6H,27500,130000.0,concord,Mercedes,S550,2015,11
2020 Ford Transit T250,https://www.craigslist.org/view/d/san-jose-2020-ford-transit-t250/fg5PqvhgptLMh1HSAHAMAJ,18900,90000.0,sanjose,Ford,Transit,2020,6
2014 Toyota Tacoma V6 Sr5 4X4,https://www.craigslist.org/view/d/san-jose-2014-toyota-tacoma-v6-sr5-4x4/hafv3E3ZX26tYJ9bHQwd6X,26500,48000.0,willowglen,Toyota,Tacoma,2014,12
2021 Tesla Model Y Long Range With Fsd,https://www.craigslist.org/view/d/danville-2021-tesla-model-long-range/9eCFK8pEppZZCnFnwNtMjs,28600,46000.0,danville,Tesla,Model Y,2021,5
2012 Mini Cooper Hardtop 2-Door – Rare Ice Blue – Well Maintained,https://www.craigslist.org/view/d/san-jose-2012-mini-cooper-hardtop-door/xAe3YH1zENgcMMerqCkW3H,7000,89000.0,sanjosewest,Mini,Cooper,2012,14
2008 Toyota Prius,https://www.craigslist.org/view/d/sebastopol-2008-toyota-prius/awMr1ZT9GcGnFEiKRo9pA4,8500,182000.0,sebastopol,Toyota,Prius,2008,18
2014 Bmw 328I,https://www.craigslist.org/view/d/san-jose-2014-bmw-328i/siyRbhupL7bjZbui9xHoBd,10800,88000.0,saratoga,Bmw,328I,2014,12
2017 Jeep Compass Latitude,https://www.craigslist.org/view/d/san-lorenzo-2017-jeep-compass-latitude/oHXQHi5uxHMmjK24QXDkAJ,9800,77000.0,mountainview,Jeep,Compass,2017,9
1999 Toyota Corolla,https://www.craigslist.org/view/d/santa-rosa-1999-toyota-corolla/15AGeTgafYdKufSUJpZXx5,3500,133000.0,santarosa,Toyota,Corolla,1999,27
2008 Subaru Outback Awd – Clean Title – 138K Miles,https://www.craigslist.org/view/d/san-francisco-2008-subaru-outback-awd/iAz1PDGm9qvHWETFtfWWvi,2950,138000.0,ingleside,Subaru,Outback,2008,18
1998 Nissan Pathfinder,https://www.craigslist.org/view/d/antioch-1998-nissan-pathfinder/phyKz3UqAR9MHSsXeC2pRm,1600,200000.0,antioch,Nissan,Pathfinder,1998,28
Like New 2022 Honda Pilot Touring,https://www.craigslist.org/view/d/oakland-like-new-2022-honda-pilot/3oEtugZaGk5GTH77ntDFqP,15800,32000.0,cityofsanfrancisco,Honda,Pilot,2022,4
2007 Honda Odyssey Touring. 1 Owner. Smogd.  Clean Title & Carfax,https://www.craigslist.org/view/d/concord-2007-honda-odyssey-touring/x4neZtXnzHC5GnpV1ayJHR,3900,222000.0,concord,Honda,Odyssey,2007,19
1965 Cadillac Coupe Deville Convertible W/40K,https://www.craigslist.org/view/d/lodi-1965-cadillac-coupe-deville/nQfgVuYWkmELpJXNHHAiHe,12500,40000.0,danville,Cadillac,Deville,1965,61
2001 Toyota Camry Le Sedan Passed-Smog,https://www.craigslist.org/view/d/san-francisco-2001-toyota-camry-le/rnNgWT8PB9edCAsnS8byD8,3500,170000.0,lowerpachts,Toyota,Camry,2001,25
2019 Mini Cooper Sport Excellent Condition,https://www.craigslist.org/view/d/santa-rosa-2019-mini-cooper-sport/81KikodPcjKiK9VdSgL9av,14999,58000.0,santarosa,Mini,Cooper,2019,7
2015 Nissan Leaf (S Trim) Electric Vehicle,https://www.craigslist.org/view/d/san-jose-2015-nissan-leaf-trim-electric/79DrRqQorWbYx3W1b2VJ16,4999,73000.0,willowglen,Nissan,Leaf,2015,11
"2002 Lexus Is300 Hatchback, Rare Sport Car",https://www.craigslist.org/view/d/stanford-2002-lexus-is300-hatchback/wq1QGUgTMw7S2x8Cih3pRy,8800,131000.0,paloalto,Lexus,Is,2002,24
2018 Acura Mdx Ah-Awd,https://www.craigslist.org/view/d/hayward-2018-acura-mdx-ah-awd/mnqpRQxAydV4VgLDYDZ8P5,12800,150000.0,eastbayarea,Acura,Mdx,2018,8
2014 Subaru Impreza 2.0I Sport Premium,https://www.craigslist.org/view/d/danville-2014-subaru-impreza-20i-sport/14VyEAxpDqAG4Zo5vG9iAE,8900,63000.0,danville,Subaru,Impreza,2014,12
"2000 Toyota Camry Le For Sale - 139,000 Miles",https://www.craigslist.org/view/d/pleasant-hill-2000-toyota-camry-le-for/qhGgC4EUx5vjXKafVnNKpn,4250,139000.0,concord,Toyota,Camry,2000,26
"2008 Jeep Wrangler Unlimited 90K Miles, Good Condition",https://www.craigslist.org/view/d/bolinas-2008-jeep-wrangler-unlimited/i8sT6Ci6wte3KnPtfqUFSF,9500,90000.0,westmarin,Jeep,Wrangler,2008,18
"2003 Subaru Forester 2.5X Awd With 82,000 Miles Original",https://www.craigslist.org/view/d/daly-city-2003-subaru-forester-25x-awd/7pbChMEa5zdgvcfkuaobWg,2300,82000.0,innersunset,Subaru,Forester,2003,23
2006 Toyota Sienna Xle / One Owner / 87K Miles,https://www.craigslist.org/view/d/berkeley-2006-toyota-sienna-xle-one/5PUmtZFqjvHyyrq24agHdZ,9900,87000.0,berkeley,Toyota,Sienna,2006,20
2003 Toyota Tacoma Crew Cab Pickup,https://www.craigslist.org/view/d/san-jose-2003-toyota-tacoma-crew-cab/uyVDqK6AZuiKwmtVJjkuhu,11900,184000.0,sanjosesouth,Toyota,Tacoma,2003,23
2020  Gmc Sierra 1500 Slt Clean Title Automatic,https://www.craigslist.org/view/d/san-jose-2020-gmc-sierra-1500-slt-clean/86BJngg5yL78nZtMdfEWfh,15900,40000.0,sanjosesouth,Gmc,Sierra,2020,6
2005 Toyota Sienna Le,https://www.craigslist.org/view/d/vallejo-2005-toyota-sienna-le/uLrhZXuQ5qjrT9eugnNdvg,4300,212000.0,vallejo,Toyota,Sienna,2005,21
2013 Volvo S60 Sedan,https://www.craigslist.org/view/d/half-moon-bay-2013-volvo-s60-sedan/6M3E2Y6GxAwjKMTC7V5Yoa,7300,136000.0,halfmoonbay,Volvo,S60,2013,13
2013 Audi A3 Premium Plus Diesel Wagon,https://www.craigslist.org/view/d/san-jose-2013-audi-a3-premium-plus/wcbjbgT2MweqQjZ2beByzM,7900,100000.0,sanjosedowntown,Audi,A3,2013,13
2011 Gmc Yukon Xl Denali Awd,https://www.craigslist.org/view/d/san-jose-2011-gmc-yukon-xl-denali-awd/9yVeJ1dnzPNfCDnkBNfzuT,18300,54000.0,sanjosenorth,Gmc,Yukon,2011,15
2001 Chevrolet Suburban Z71,https://www.craigslist.org/view/d/knightsen-2001-chevrolet-suburban-z71/2JGWqBW8LE7MmiJyYAXp98,3800,259000.0,oakley,Chevrolet,Suburban,2001,25
2003 Toyota Matrix Xr,https://www.craigslist.org/view/d/pleasanton-2003-toyota-matrix-xr/q2DuhiLhuUMZZEmh8djTJs,4700,159000.0,pleasanton,Toyota,Matrix,2003,23
2006 Toyota Avalon,https://www.craigslist.org/view/d/antioch-2006-toyota-avalon/14ePN4y8noXGr8tDc8vdhZ,3000,171000.0,pittsburg,Toyota,Avalon,2006,20
2025 Honda Hrv Sport Pearl White,https://www.craigslist.org/view/d/hayward-2025-honda-hrv-sport-pearl-white/91esZ8esABoUy2bgAGBbL5,15450,42000.0,eastbayarea,Honda,Hrv,2025,1
2017 Kia Forte Lx Sedan 4D,https://www.craigslist.org/view/d/pittsburg-2017-kia-forte-lx-sedan-4d/46gzCM6LPoCUdtJk5hsPxJ,7000,94000.0,pittsburg,Kia,Forte,2017,9
2014 Ford F150 Fx4,https://www.craigslist.org/view/d/clayton-2014-ford-f150-fx4/nueb4AqKW1r4RmBzBW9tcK,11500,170000.0,concord,Ford,F150,2014,12
2015 Honda Accord Sport,https://www.craigslist.org/view/d/fairfield-2015-honda-accord-sport/wV8zsYBxP5fUqTvw264Q68,8300,135000.0,fairfield,Honda,Accord,2015,11
2002 Acura Tl S-Type Fully Loaded Great Shape Runs Great,https://www.craigslist.org/view/d/san-mateo-2002-acura-tl-type-fully/q4ANBeUF4Dep3KhCkDzpTR,3500,204000.0,sanmateo,Acura,Tl,2002,24
2008 Honda Odyssey Ex-L,https://www.craigslist.org/view/d/san-jose-2008-honda-odyssey-ex/rMpAT9RNZEbLoV3pVeFqhe,3600,174000.0,sanjosedowntown,Honda,Odyssey,2008,18
Mini Countryman Cooper S - 2013,https://www.craigslist.org/view/d/pleasant-hill-mini-countryman-cooper/mVGFo8WivTzJMkUmDCF1xF,8000,93000.0,pleasanthill,Mini,Cooper,2013,13
2005 Acura Tl Clean Title,https://www.craigslist.org/view/d/union-city-2005-acura-tl-clean-title/14dSvoinsvamThQs254eVk,3900,196000.0,unioncity,Acura,Tl,2005,21
2012 Acura Tsx Sport Wagon,https://www.craigslist.org/view/d/corte-madera-2012-acura-tsx-sport-wagon/wxF5n4ayGyJjndKLZFoLh9,9950,136000.0,cortemadera,Acura,Tsx,2012,14
2020 Chevrolet Silverado 1500 4X4 Crew Cab 4 Doors Great Condition,https://www.craigslist.org/view/d/newark-2020-chevrolet-silverado-x4-crew/cH5shioa5rWMmWdSStVBr9,18700,130000.0,peninsula,Chevrolet,Silverado,2020,6
2013 Subaru Impreza 2.0I Limited Wagon,https://www.craigslist.org/view/d/belmont-2013-subaru-impreza-20i-limited/kBcZufJWHmoeBLBQrdJaGX,5700,153000.0,belmont,Subaru,Impreza,2013,13
2007 Nissan Altima,https://www.craigslist.org/view/d/antioch-2007-nissan-altima/cLGmwQtjj8UBk8sSNSDb3E,3800,157000.0,concord,Nissan,Altima,2007,19
2005 Honda Pilot Exl For Sale,https://www.craigslist.org/view/d/daly-city-2005-honda-pilot-exl-for-sale/fSdp4CNru3iSUVtPnREkop,2500,221000.0,dalycity,Honda,Pilot,2005,21
2000 Toyota Rav4,https://www.craigslist.org/view/d/san-jose-2000-toyota-rav4/r2aSvC2YvKcw7LbWHryT5M,3900,221000.0,sanjoseeast,Toyota,Rav4,2000,26
2001 Bmw 325I - ***Best Value Vehicle***,https://www.craigslist.org/view/d/windsor-2001-bmw-325i-best-value-vehicle/rSz1CUperwsauGGHyo8oc3,1788,210000.0,santarosa,Bmw,325I,2001,25
2004 Mercedes Freightliner Sprinter Van Custom Wood Cabinets,https://www.craigslist.org/view/d/cloverdale-2004-mercedes-freightliner/rfC2prvw9EbeUUpTEnGdCg,8500,245000.0,santarosa,Mercedes,Sprinter,2004,22
2014 Lexus Gx460 1 Owner/ Clean Title,https://www.craigslist.org/view/d/cupertino-2014-lexus-gx460-owner-clean/tBMLHQWGDUahAbYpSxTcGS,25400,50000.0,cupertino,Lexus,Gx,2014,12
1998 Ford F150,https://www.craigslist.org/view/d/emeryville-1998-ford-f150/cSXwPtExixaJ5NrL8AUxa1,2100,191000.0,oaklandnorth,Ford,F150,1998,28
2002 Vw Golf Tdi,https://www.craigslist.org/view/d/berkeley-2002-vw-golf-tdi/nQdVYX9NGGaEydEAhMjvMs,3500,175000.0,oaklandhills,Vw,Golf,2002,24
1998 Toyota Camry V6,https://www.craigslist.org/view/d/fremont-1998-toyota-camry-v6/1nXsixiNGXyzN1SsKWvuc1,6000,101000.0,fremont,Toyota,Camry,1998,28
2008 Honda Cr-V,https://www.craigslist.org/view/d/half-moon-bay-2008-honda-cr/c5gtiG2BK7yNiJNgGb3iKf,8500,120000.0,halfmoonbay,Honda,Crv,2008,18
1995 Jeep Wrangler Yj (Automatic),https://www.craigslist.org/view/d/fairfield-1995-jeep-wrangler-yj/7mCANR8KvH4qE4zzQqd1kq,4500,200000.0,fairfield,Jeep,Wrangler,1995,31
Bmw Sedan 2011 528I,https://www.craigslist.org/view/d/san-francisco-bmw-sedan/tbGiXP2uqnLAHxRcTgRN2m,6400,180000.0,marin,Bmw,528I,2011,15
2009 Mini Cooper S 62K Miles Excellent Cond. No Accidents Clean Title,https://www.craigslist.org/view/d/corte-madera-2009-mini-cooper-62k-miles/oo45vJKZ32UsdDL2fuyAvj,8995,62000.0,northbay,Mini,Cooper,2009,17
2000 Toyota Tundra Sr5,https://www.craigslist.org/view/d/santa-rosa-2000-toyota-tundra-sr5/oxdW3dgWS5fAwoJqwvGfbv,4400,276000.0,santarosa,Toyota,Tundra,2000,26
2003 Honda Civic Ex Coupe Low Miles Gas Saver!,https://www.craigslist.org/view/d/fairfield-2003-honda-civic-ex-coupe-low/pNqH1qCkShz5ejLzBQE6RK,6000,133000.0,fairfield,Honda,Civic,2003,23
2007 Toyota Camry One Owner,https://www.craigslist.org/view/d/santa-rosa-2007-toyota-camry-one-owner/7kmd9NSFNbxuaJBE3QhFrH,5900,178000.0,santarosa,Toyota,Camry,2007,19
2005 Lexus Gx470 4Wd - 227K Miles | Full Service Receipts | Mom'S Car,https://www.craigslist.org/view/d/lafayette-2005-lexus-gx470-4wd-227k/oNhZH2NdmGKv6xGn3h3i3z,9500,227000.0,lafayette,Lexus,Es,2005,21
2018 Dodge Grand Caravan Se,https://www.craigslist.org/view/d/san-francisco-2018-dodge-grand-caravan/psT58mu13M9AWxSmcSqPSa,8800,102000.0,downtown,Dodge,Grand Caravan,2018,8
2019 Subaru Outback Limited Awd – 46.8K Miles – Clean Title,https://www.craigslist.org/view/d/fremont-2019-subaru-outback-limited-awd/ijFdceEkCTxxsBUkgwdpfb,21800,47000.0,fremont,Subaru,Outback,2019,7
2013 Mercedes C250 Sport Design,https://www.craigslist.org/view/d/san-jose-2013-mercedes-c250-sport-design/3pdrVFJxJDb8ML3q2e9p1D,5700,102000.0,campbell,Mercedes,C250,2013,13
2018 Mercedes-Benz Glc-300 4Matic,https://www.craigslist.org/view/d/san-francisco-2018-mercedes-benz-glc/iVbfATwHjuYxc1Pc542Psp,14500,76000.0,noevalley,Mercedes,Glc,2018,8
2001 Porsche Boxster S,https://www.craigslist.org/view/d/mill-valley-2001-porsche-boxster/1AvoH9XAoMs3XXdS9ubUTj,11000,94000.0,millvalley,Porsche,Boxster,2001,25
2005 Toyota Corolla,https://www.craigslist.org/view/d/redwood-city-2005-toyota-corolla/eTzm9DcshqNny2FU9xFNzo,1500,235000.0,redwoodcity,Toyota,Corolla,2005,21
2007 Acura Mdx Sh-Awd W/Tech 7-Seater Clean Title Smog Done 2027,https://www.craigslist.org/view/d/berkeley-2007-acura-mdx-sh-awd-tech/ihAVy3DePzRsP2a8zyXM8z,3900,194000.0,berkeley,Acura,Mdx,2007,19
"2019 Honda Civic Type R Fk8 — 2,100 Miles — Extensive Mugen Build",https://www.craigslist.org/view/d/los-gatos-2019-honda-civic-type-fk/cNpo839UBcVArGJhLFYCMb,49999,2550.0,losgatos,Honda,Civic,2019,7
🔥 2014 Toyota Camry Le • 86K Miles • Major Tune Up • Clean Title 🔥,https://www.craigslist.org/view/d/fremont-toyota-camry-le-86k-miles-major/sFNGCzy6RrctyLdm1SL8Qd,14950,87000.0,fremont,Toyota,Camry,2014,12
2022 Toyota Rav4 Le • 87K Miles • Clean Title • Well Maintained,https://www.craigslist.org/view/d/fremont-2022-toyota-rav4-le-87k-miles/1pDi5nA7HzcBvcHnFR3uwy,21800,87000.0,fremont,Toyota,Rav4,2022,4
2015 Honda Accord Ex-L Very Low Miles,https://www.craigslist.org/view/d/fremont-2015-honda-accord-ex-very-low/kuMM9k3GFTK1CZyUhzvR7B,14500,52000.0,fremont,Honda,Accord,2015,11
2012 Honda Civic Hf,https://www.craigslist.org/view/d/fremont-2012-honda-civic-hf/qFXK38TeP6JqmwZyRCMDUG,10500,44000.0,fremont,Honda,Civic,2012,14
2016 Ram 1500 Limited Ecodiesel,https://www.craigslist.org/view/d/larkspur-2016-ram-1500-limited-ecodiesel/3QmURx6eaTvivWQFC3ohrD,16000,150000.0,larkspur,Ram,1500,2016,10
2013 Volkswagen Golf 2D - Low Miles,https://www.craigslist.org/view/d/hayward-2013-volkswagen-golf-2d-low/isT9Gh4cHh4Tv9tPiit7kD,5600,85000.0,hayward,Volkswagen,Golf,2013,13
2015 Bmw 328I Xdrive Awd – Under 50K Miles – Dealer Maintained – Clean,https://www.craigslist.org/view/d/belmont-2015-bmw-328i-xdrive-awd-under/mNABTiDERJj4QJ2senGqWm,14000,50000.0,belmont,Bmw,328I,2015,11
2019 Dodge Journey Se Sport,https://www.craigslist.org/view/d/antioch-2019-dodge-journey-se-sport/wwF5KDyCh8QFThJzwHkqu7,11900,77000.0,concord,Dodge,Journey,2019,7
2015 Acura Rdx Sport,https://www.craigslist.org/view/d/pleasant-hill-2015-acura-rdx-sport/4EaqpjLs4ehB25w1kdBpV3,9950,97000.0,concord,Acura,Rdx,2015,11
2014 Hyundai Sonata Limited,https://www.craigslist.org/view/d/antioch-2014-hyundai-sonata-limited/oxM8n1yNQsTP8TmCrhnPHv,6950,91000.0,concord,Hyundai,Sonata,2014,12
"2007 Kia Rio , 4 Door Sedan , Low 110 K""  Miles , Smogged ,  4 Cyl",https://www.craigslist.org/view/d/millbrae-2007-kia-rio-door-sedan-low/gbuY7dmv6zgqAx4WVhMceE,2900,110000.0,millbrae,Kia,Rio,2007,19
2011 Honda Pilot  Exl  8 Passenger,https://www.craigslist.org/view/d/pleasant-hill-2011-honda-pilot-exl/fxzETNPNorWC4pMUx4NiaC,5950,180000.0,concord,Honda,Pilot,2011,15
"2007 Kia Rio , 4 Door Sedan , Low 110 K""  Miles , Smogged ,  4 Cyl",https://www.craigslist.org/view/d/millbrae-2007-kia-rio-door-sedan-low/fmE9KYDstTzW8asi18Yq9h,2900,110000.0,millbrae,Kia,Rio,2007,19
2012 Tesla Model S P85,https://www.craigslist.org/view/d/pleasant-hill-2012-tesla-model-p85/7jD3FatdFAWJKWb9m2W77R,13900,73000.0,concord,Tesla,Model S,2012,14
2018 Hyundai Santa Fe Awd Sport,https://www.craigslist.org/view/d/antioch-2018-hyundai-santa-fe-awd-sport/tvqyT22LPvug5rZyMm5pSm,8950,103000.0,concord,Hyundai,Santa Fe,2018,8
2021 Ram 1500 Crow Cab Classic Hemi 5.7 L 4X4,https://www.craigslist.org/view/d/antioch-2021-ram-1500-crow-cab-classic/kT23w8CoEui6PJPJDdUC3B,20900,92000.0,brentwood,Ram,1500,2021,5
2018 Ram Quad Cab 1500 Slt 4X4,https://www.craigslist.org/view/d/pleasant-hill-2018-ram-quad-cab-1500/pFzZz5GidHp6xsFYYaPmNL,16900,33000.0,brentwood,Ram,1500,2018,8
2017 Ford Fusion Se  Awd,https://www.craigslist.org/view/d/pleasant-hill-2017-ford-fusion-se-awd/kkCG9RpKWfkANGdeWCKuSq,8700,109000.0,pittsburg,Ford,Fusion,2017,9
2015 Volvo V60 T5 Drive E,https://www.craigslist.org/view/d/walnut-creek-2015-volvo-v60-t5-drive/cj4HefB2k9z8wdTbHcp8cc,7900,100000.0,walnutcreek,Volvo,V60,2015,11
1995 Honda Accord,https://www.craigslist.org/view/d/antioch-1995-honda-accord/kgQgNpNMXSzuxMbwrN8AfP,1500,190000.0,antioch,Honda,Accord,1995,31
2006 Mercedes Benz Ml350 4Matic Clean Title 100K Miles Runs Excellent,https://www.craigslist.org/view/d/antioch-2006-mercedes-benz-ml350-4matic/5oPRqoEkVYYNt62u1RgzpP,4900,100000.0,pittsburg,Mercedes,Ml350,2006,20
2016 Mercedes E350,https://www.craigslist.org/view/d/brisbane-2016-mercedes-e350/6Yq95GHKZdobCpcYYDqKxY,11000,109000.0,sancarlos,Mercedes,E350,2016,10
2003 Gmc Sierra 2500Hd Slt 4X4 6.6 Liter Duramax 300 Hp Diesel,https://www.craigslist.org/view/d/cupertino-2003-gmc-sierra-2500hd-slt/ewo3CLdgQHruFXpzifA52V,15500,146000.0,cupertino,Ram,2500,2003,23
2014 Audi A4 2.0T Premium,https://www.craigslist.org/view/d/clayton-2014-audi-a4-20t-premium/fK9K6hJchpfbD4q2pCgXTm,9000,114000.0,concord,Audi,A4,2014,12
2020 Nissan Pathfinder Sl 2Wd/4Wd Option,https://www.craigslist.org/view/d/concord-2020-nissan-pathfinder-sl-2wd/aV8oWUdSTxAwGqbzZocXJ4,12550,108000.0,concord,Nissan,Pathfinder,2020,6
2010 Subaru Forester 2.5X Limited Awd– Only 61K Miles,https://www.craigslist.org/view/d/concord-2010-subaru-forester-25x/tyDq1w5FW7QNFk1z6ThSyV,8980,61000.0,concord,Subaru,Forester,2010,16
2002 Hyundai Tucson,https://www.craigslist.org/view/d/santa-rosa-2002-hyundai-tucson/7wfcjSJUzxeejjxrxChhNR,5000,68000.0,santarosa,Hyundai,Tucson,2002,24
1993 Sr5 Toyota 4Runner,https://www.craigslist.org/view/d/guerneville-1993-sr5-toyota-4runner/aCUAPmRfbpLc8r1Mu3GJYJ,12500,172000.0,guerneville,Toyota,4Runner,1993,33
2004 Honda Civic Hybrid,https://www.craigslist.org/view/d/vallejo-2004-honda-civic-hybrid/c97VTgQ6V55C6TW7XJqFWX,1200,180000.0,vallejo,Honda,Civic,2004,22
2006 Honda Odyssey Minivan Low Miles One Owner,https://www.craigslist.org/view/d/san-jose-2006-honda-odyssey-minivan-low/6MQk485SQHPm7ReKYZMW85,4100,140000.0,sanjose,Honda,Odyssey,2006,20
"2009 Honda Civic Lx Sedan, Automatic, One Owner Since 2016, Fresh Smog",https://www.craigslist.org/view/d/albany-2009-honda-civic-lx-sedan/a7MVtnxBnvvWahgevjBwqm,4900,166000.0,albany,Honda,Civic,2009,17
2019 Toyota Corolla Le,https://www.craigslist.org/view/d/san-ramon-2019-toyota-corolla-le/2FvD2wdc3qns8g7juR5Jen,13900,90000.0,dublin,Toyota,Corolla,2019,7
2018 Honda Hr-V Ex-L 58K Miles,https://www.craigslist.org/view/d/san-francisco-2018-honda-hr-ex-58k-miles/iA3fK3r5E9a3pfB1xDCgKi,17900,58000.0,cityofsanfrancisco,Honda,Hrv,2018,8
2011 Nissan Rogue Awd,https://www.craigslist.org/view/d/santa-rosa-2011-nissan-rogue-awd/sBe9HLaJTGCR1A3hFBmLrr,5800,92000.0,santarosa,Nissan,Rogue,2011,15
1997 Ford F150 Xl Step Side Pickup Low Miles,https://www.craigslist.org/view/d/san-jose-1997-ford-f150-xl-step-side/5EuDxaDGbbf6kUZGJgpqhu,3400,140000.0,sanjose,Ford,F150,1997,29
2009 Toyota Prius Hybrid New Tires Runs Great,https://www.craigslist.org/view/d/alameda-2009-toyota-prius-hybrid-new/4xViczH2vypHvEvHZm6fWc,3900,203000.0,alameda,Toyota,Prius,2009,17
2006 Toyota Camry,https://www.craigslist.org/view/d/brentwood-2006-toyota-camry/vZG7yVNaQVdBNLx4tW1hFp,4200,180000.0,brentwood,Toyota,Camry,2006,20
2018 Volvo S90 Awd T6 Inscription One Owner Clean Title Low Miles,https://www.craigslist.org/view/d/hayward-2018-volvo-s90-awd-t6-in-ion/uT9hBjatfY9fCp3Uoojd2L,15800,69000.0,hayward,Volvo,S90,2018,8
"2015 Ford Edge Sel, One Owner, Clean Title, 140K Miles",https://www.craigslist.org/view/d/greenbrae-2015-ford-edge-sel-one-owner/rqFQRz5sZdczdXNAzACULR,8500,140000.0,kentfield,Ford,Edge,2015,11
2016 Mercedes-Benz Gle 350 Clean Title Low Miles Automatic Gle350,https://www.craigslist.org/view/d/hayward-2016-mercedes-benz-gle-350/vcjVjiZNWD5kSetPFaBavG,12900,99000.0,hayward,Mercedes,E350,2016,10
2023 Nissan Rogue Sv Clean Title One Owner Gas Saver Low Miles,https://www.craigslist.org/view/d/hayward-2023-nissan-rogue-sv-clean/3b6ZbNXL5CrbG9wVKdZKgg,19800,19000.0,hayward,Nissan,Rogue,2023,3
2010 Honda Civic Lx-S Sport Sedan,https://www.craigslist.org/view/d/fremont-2010-honda-civic-lx-sport-sedan/2RnxJbihrEZimZyM15cNZF,8250,138000.0,fremont,Honda,Civic,2010,16
2004 Honda Accord Coupe. Smogged & Registered $2400 Obo,https://www.craigslist.org/view/d/antioch-2004-honda-accord-coupe-smogged/r6VupdvMnBAy9XtTYeJSJY,2400,200000.0,pittsburg,Honda,Accord,2004,22
2001 Nissan Sentra.  Smogged & Registered  $1800,https://www.craigslist.org/view/d/antioch-2001-nissan-sentra-smogged/cdR7R5w2LLrcCp9RQFtcWr,1800,200000.0,pittsburg,Nissan,Sentra,2001,25
Honda Accord 2012,https://www.craigslist.org/view/d/oakland-honda-accord-2012/rh94uA3pWCoZ6zQJrZr7GQ,9300,72000.0,oaklandeast,Honda,Accord,2012,14
Chevrolet Silverado Lt 4X4 2013,https://www.craigslist.org/view/d/hayward-chevrolet-silverado-lt-4x4-2013/mNszheSbYFWPQxZdDVerZ2,15900,61000.0,lafayette,Chevrolet,Silverado,2013,13
2017 Audi Q5 2.0T Awd,https://www.craigslist.org/view/d/santa-rosa-2017-audi-q5-20t-awd/7agaoSrYv4kpSxK8D72wAT,5995,137000.0,santarosa,Audi,Q5,2017,9
2019 Tesla Model 3 - Standard Range Plus Rear-Wheel Drive,https://www.craigslist.org/view/d/menlo-park-2019-tesla-model-standard/4eTdB6jxYik8ZKCTY7enhy,21280,61000.0,menlopark,Tesla,Model 3,2019,7
"Volkswagen Jetta Se Tsi Beautiful!! 82, 575 Miles 2017 Powerful!!!",https://www.craigslist.org/view/d/san-rafael-volkswagen-jetta-se-tsi/te8eYLxYhoGNSXqvKHtuHv,8800,83000.0,sanrafael,Volkswagen,Jetta,2017,9
2015 Mercedes-Benz Gla 250 4Matic Awd Clean Title Low Miles Gla250,https://www.craigslist.org/view/d/hayward-2015-mercedes-benz-gla-250/4zYC1QCcWLNZsvsJGnN87y,8800,92000.0,hayward,Mercedes,Gla,2015,11
"2020 Ford Fusion – Well Maintained, 71,922 Miles",https://www.craigslist.org/view/d/berkeley-2020-ford-fusion-well/hVDBzrsH9bmumeoqXW2GMC,11700,72000.0,berkeley,Ford,Fusion,2020,6
2012 Bmw X3,https://www.craigslist.org/view/d/san-leandro-2012-bmw-x3/8sE2CvhJrWV6pdChs7o5EY,4200,176000.0,sanleandro,Bmw,X3,2012,14
2018 Subaru Impreza,https://www.craigslist.org/view/d/santa-clara-2018-subaru-impreza/sDw9WBAuGDTtWv9GtMrpRM,7900,100000.0,santaclara,Subaru,Impreza,2018,8
2014 Hyundai Elantra,https://www.craigslist.org/view/d/santa-rosa-2014-hyundai-elantra/69MXMBezDaQQirkK9QNqx5,4000,107000.0,santarosa,Hyundai,Elantra,2014,12
2017 Ford Explorer Sport 4Wd,https://www.craigslist.org/view/d/san-ramon-2017-ford-explorer-sport-4wd/bDVhNkEXzX5Z5prJ2nQzyU,14500,110000.0,danville,Ford,Explorer,2017,9
2019 Subaru Outback 2.5I Awd Clean Title Low Miles Gas Saver Forester,https://www.craigslist.org/view/d/hayward-2019-subaru-outback-25i-awd/rzYcNhhCmWMtu7SsjZvJ18,13800,88000.0,hayward,Subaru,Outback,2019,7
2014 Audi S4 Prestige,https://www.craigslist.org/view/d/cupertino-2014-audi-s4-prestige/gWQpUNT9efk88oxwUnMtEY,14000,119000.0,cupertino,Audi,S4,2014,12
2021 Gmc Sierra 1500 Elevation X31 Off-Road 4X4 Duramax Diesel,https://www.craigslist.org/view/d/campbell-2021-gmc-sierra-1500-elevation/cFVaHFSa22wgJiCdW9kjbH,30700,32000.0,campbell,Ram,1500,2021,5
2005 Toyota 4Runner Sr5 4Wd,https://www.craigslist.org/view/d/sunnyvale-2005-toyota-4runner-sr5-4wd/jbmS27rM6v1eYj5HFKQex9,8800,238000.0,santaclara,Toyota,4Runner,2005,21
2015 Bmw X3 Xdrive28I (Clean Title/ Excellent Condition),https://www.craigslist.org/view/d/newark-2015-bmw-x3-xdrive28i-clean/91a8NW1pAE415YoNWP9dnv,10688,81000.0,fremont,Bmw,X3,2015,11
2013 Audi S4 | 6Sp Manual | Sport Diff | Apr Stage 1 | Premium Plus,https://www.craigslist.org/view/d/san-francisco-2013-audi-s4-6sp-manual/nXp6qZv7etgPbEcgU5bUHA,12000,134000.0,innerrichmond,Audi,S4,2013,13
2015 Honda Civic Exl - One Owner,https://www.craigslist.org/view/d/livermore-2015-honda-civic-exl-one-owner/9tPDK4VRA4j6T8mtszRZaj,13000,108000.0,dublin,Honda,Civic,2015,11
2012 Nissan Altima  96K Miles,https://www.craigslist.org/view/d/union-city-2012-nissan-altima-96k-miles/3jjKFDEdVP21nzAzMxQhGD,5700,96000.0,fremont,Nissan,Altima,2012,14
White 2014 Mitsubishi Outlander 1 Driver 101K Miles,https://www.craigslist.org/view/d/san-francisco-white-2014-mitsubishi/pWmkykH9ysaj2a9vdLkRxL,7950,102000.0,laurelhts,Mitsubishi,Outlander,2014,12
2019 Toyota Prius Le,https://www.craigslist.org/view/d/pacifica-2019-toyota-prius-le/p94YvSJkyM9MVTTuwGzStV,11500,266.0,pacifica,Toyota,Prius,2019,7
Sharp 2014 Chevrolet Camaro V6 – Mechanically Perfect – Priced To Sell,https://www.craigslist.org/view/d/napa-sharp-2014-chevrolet-camaro-v6/qkPwgphWsehnrT7p2Fgv24,13800,64000.0,napacounty,Chevrolet,Camaro,2014,12
2013 Nissan Rogue,https://www.craigslist.org/view/d/el-cerrito-2013-nissan-rogue/ske7obrUBrB4dE6cRXeioN,2000,173000.0,albany,Nissan,Rogue,2013,13
2002 Honda Civic Lx Sedan - 172K Miles - Reliable Daily Driver,https://www.craigslist.org/view/d/san-francisco-2002-honda-civic-lx-sedan/7Zf9HfDQZKjxfgmtAK4hex,3500,172000.0,potrerohill,Honda,Civic,2002,24
2022 Ford Transit Connect Lwb,https://www.craigslist.org/view/d/hayward-2022-ford-transit-connect-lwb/jers194RdVs3fAv3WrPTwf,16000,31000.0,hayward,Ford,Transit,2022,4
2022 Ford Transit Connect - Lwb,https://www.craigslist.org/view/d/hayward-2022-ford-transit-connect-lwb/7fRcwyZHcwbjFuA9PF9o1C,16000,31000.0,hayward,Ford,Transit,2022,4
"2010 Subaru Impreza Outback Sport Wagon, Awd, Automatic",https://www.craigslist.org/view/d/oakland-2010-subaru-impreza-outback/5grvajQqxio2r8mNpeBHYC,4400,179000.0,berkeley,Subaru,Outback,2010,16
2010 Bmw 328I Xdrive – Awd Luxury Sedan,https://www.craigslist.org/view/d/richmond-2010-bmw-328i-xdrive-awd/ksL8jqd2Wf7k8L7r9WM5Qz,3850,146000.0,albany,Bmw,328I,2010,16
2012 Reliable Honda Accord Se,https://www.craigslist.org/view/d/alameda-2012-reliable-honda-accord-se/aMs1khoxtZeK9DLoSebLrZ,7000,122000.0,alameda,Honda,Accord,2012,14
Lexus 2006 Gs 300,https://www.craigslist.org/view/d/san-jose-lexus-2006-gs-300/7urMnkHi6GUj3D2Dt1pt7S,2500,268000.0,sanjoseeast,Lexus,Gs,2006,20
2015 Audi A4 2.0T Quattro Premium Plus S-Line,https://www.craigslist.org/view/d/san-jose-2015-audi-a4-20t-quattro/hDLrV2TFZVMqgtw9PzUaqF,11500,89000.0,sanjosesouth,Audi,A4,2015,11
2019 Ford F250 4X4 Crew Cab Lariat,https://www.craigslist.org/view/d/san-jose-2019-ford-f250-4x4-crew-cab/kgTd9jXmZfEpUsz3cnxLxH,65000,25000.0,sanjosesouth,Ford,F250,2019,7
2007 Mini Cooper Convertible! 104K Miles Ready For Summer!,https://www.craigslist.org/view/d/daly-city-2007-mini-cooper-convertible/oBRZsrV97RbTBtg3VFsBnJ,5000,104000.0,dalycity,Mini,Cooper,2007,19
2011 Toyota Sienna Le 8-Passanger,https://www.craigslist.org/view/d/fremont-2011-toyota-sienna-le-passanger/p1cJ4uaQEppSN1bXhHHvy5,7250,195000.0,fremont,Toyota,Sienna,2011,15
2019 Mercedes Benz Glc 300,https://www.craigslist.org/view/d/lafayette-2019-mercedes-benz-glc-300/gxbtnE23ezJRrVvXMfaxeJ,17000,38000.0,lafayette,Mercedes,Glc,2019,7
"2009 Honda Civic Lx, 4D Sedan",https://www.craigslist.org/view/d/daly-city-2009-honda-civic-lx-4d-sedan/dMcjTq3uJmHp4mcsvzur9p,5800,161000.0,southsanfrancisco,Honda,Civic,2009,17
2002 Subaru Outback *Mechanic’S Special*,https://www.craigslist.org/view/d/el-verano-2002-subaru-outback-mechanics/ptwXNATtsmmGwbEPx7ei4M,2200,236000.0,sonoma,Subaru,Outback,2002,24
"2014 Subaru Outback Limited Awd – Single Owner, Leather",https://www.craigslist.org/view/d/san-jose-2014-subaru-outback-limited/6nLgSDTzjWnWqqiDFr9FPe,5200,193000.0,willowglen,Subaru,Outback,2014,12
"2008 Toyota Matrix – Reliable, Recently Serviced, Runs Great",https://www.craigslist.org/view/d/san-jose-2008-toyota-matrix-reliable/8UoooPGfzmmZjJ1pF8hqJz,5000,165000.0,sanjose,Toyota,Matrix,2008,18
2004 Toyota Sienna Xle Runs Great,https://www.craigslist.org/view/d/san-mateo-2004-toyota-sienna-xle-runs/hQRcyxWSjW1zH4c7g2VKXe,2850,162000.0,sanmateo,Toyota,Sienna,2004,22
1986 Toyota 4Runner 4X4 5 Speed Clean Title,https://www.craigslist.org/view/d/daly-city-1986-toyota-4runner-4x4-speed/vGLkTRGUDdUUJYQxqah4Xb,9000,208000.0,dalycity,Toyota,4Runner,1986,40
2017 Honda Accord Hybrid Good Condition,https://www.craigslist.org/view/d/lafayette-2017-honda-accord-hybrid-good/t1HKcqXimguZg5DyrUdiut,12500,235000.0,lafayette,Honda,Accord,2017,9
2014 Ford F150 V6 3.7,https://www.craigslist.org/view/d/union-city-2014-ford-f150-v6-37/35S4mBSj8yjxV2ftdQGfFH,10990,158000.0,fremont,Ford,F150,2014,12
2014 Ford Escape Se Ecoboost | 2-Owner California Suv | Exceptionally,https://www.craigslist.org/view/d/pleasanton-2014-ford-escape-se-ecoboost/tJXc5eSnQgZac98oGLbUeV,5750,146000.0,fremont,Ford,Escape,2014,12
"2002 Acura Rsx - Only 40K Miles, 1 Owner",https://www.craigslist.org/view/d/santa-clara-2002-acura-rsx-only-40k/i992fvqKCqSbqtS7nTEdnF,15200,44000.0,santaclara,Acura,Rsx,2002,24
Clean 2017 Nissan Altima 2.5L,https://www.craigslist.org/view/d/san-jose-clean-2017-nissan-altima-25l/ihFfZKJy4Kbfs6KwJqmYrF,9900,67000.0,sanjoseeast,Nissan,Altima,2017,9
"2006 Subaru Outback 2.5I Awd - Clean Title - Heated Seats - $2,600",https://www.craigslist.org/view/d/lafayette-2006-subaru-outback-25i-awd/3hEMf4jhCPGhBPxXgJ1KWJ,2600,177000.0,lafayette,Subaru,Outback,2006,20
2018 Ford Explorer,https://www.craigslist.org/view/d/san-jose-2018-ford-explorer/aZ9sioUY3AV5CwM74R6WcW,13000,154000.0,sanjoseeast,Ford,Explorer,2018,8
2017 Nissan Leaf S (One Owner/80 Miles Range),https://www.craigslist.org/view/d/fremont-2017-nissan-leaf-one-owner-80/mdRVtxfChU1aASdsreJbER,4950,65000.0,fremont,Nissan,Leaf,2017,9
2019 Ford Fusion Se Awd,https://www.craigslist.org/view/d/sunnyvale-2019-ford-fusion-se-awd/pThdNAF4puFkHfFBALBGGz,7600,144000.0,sunnyvale,Ford,Fusion,2019,7
2019 Kia Optima Lx,https://www.craigslist.org/view/d/sunnyvale-2019-kia-optima-lx/4xjC9hy6iemTNYXTjACWLg,7900,155000.0,sunnyvale,Kia,Optima,2019,7
2020 Volkswagen Tiguan,https://www.craigslist.org/view/d/petaluma-2020-volkswagen-tiguan/jdxsyr1qmv4biPSr9ieS2w,18200,63000.0,petaluma,Volkswagen,Tiguan,2020,6
"One Owner, Excellent Condition 1996 Toyota Corolla, Extremely Low Mile",https://www.craigslist.org/view/d/san-jose-one-owner-excellent-condition/pTmfZHYfny1LKKqSnhr1r7,4200,95000.0,sanjoseeast,Toyota,Corolla,1996,30
"2007 Saturn Sky Convertible – Only 28K Miles, Rare G.A.S. Package",https://www.craigslist.org/view/d/san-ramon-2007-saturn-sky-convertible/anXqsE52Q6HGfYsuV9hnBR,12500,29000.0,dublin,Saturn,Sky,2007,19
"2016 Toyota Rav4 Xle Awd - Clean Title, 33.000 Miles",https://www.craigslist.org/view/d/campbell-2016-toyota-rav4-xle-awd-clean/9Lt58FMEJoLRsi6tQ9aBwG,21500,33000.0,campbell,Toyota,Rav4,2016,10
2018 Chevrolet Silverado 1500 Lt Z71 4X4 6.5' Bed Crew Cab,https://www.craigslist.org/view/d/pleasanton-2018-chevrolet-silverado/i9fUqTMQbD53FBCUYdLDQK,27000,73000.0,dublin,Chevrolet,Silverado,2018,8
"2018 Honda Accord Hybrid, One Owner, Clean Title",https://www.craigslist.org/view/d/hayward-2018-honda-accord-hybrid-one/nG9LCt3szcXf3vJJHLxBi7,15990,150000.0,hayward,Honda,Accord,2018,8
"Good Condition, 2001 Lexus Is300",https://www.craigslist.org/view/d/san-jose-good-condition-2001-lexus-is300/bSQ2u9FuXgjP5tQDwLA1zL,3999,210000.0,sanjoseeast,Lexus,Is,2001,25
1996 Honda Odyssey Low Miles 134K!!,https://www.craigslist.org/view/d/hayward-1996-honda-odyssey-low-miles/iW3YGWZfrtvz6u2yFjwZXJ,3400,134000.0,hayward,Honda,Odyssey,1996,30
2016 Honda Crv - Great Condition,https://www.craigslist.org/view/d/san-francisco-2016-honda-crv-great/bjq21wFeXLBhwYsmvptBW7,16400,80000.0,castro,Honda,Crv,2016,10
2014 Honda Civic Ex Sedan,https://www.craigslist.org/view/d/concord-2014-honda-civic-ex-sedan/gexzADKSAvdxPRH85zUvkq,3500,128000.0,concord,Honda,Civic,2014,12
2003 Toyota Corolla Le Sedan 4 Door,https://www.craigslist.org/view/d/san-carlos-2003-toyota-corolla-le-sedan/69qSAUWo7ABU8EYSsQczCH,4200,170000.0,sancarlos,Toyota,Corolla,2003,23
2020 Ford Expedition Max Limited,https://www.craigslist.org/view/d/sunnyvale-2020-ford-expedition-max/8uLtpLMDRfffWPCUcDRMxQ,14400,187000.0,sunnyvale,Ford,Expedition,2020,6
2026 Honda Hrv Sport 3100 Miles (Crv.Civic.Accord.Rava4.Corolla),https://www.craigslist.org/view/d/richmond-2026-honda-hrv-sport-3100/fTLVN4icm8dVETWignWp9H,19950,3100.0,richmond,Honda,Civic,2026,0
2014 Vw Tdi Beetle Convertible -Low Miles-Mint,https://www.craigslist.org/view/d/oakland-2014-vw-tdi-beetle-convertible/ra3QXvoWYvQdSKb5D42Trx,12950,86000.0,oaklandpiedmont,Vw,Beetle,2014,12
2012 Bmw 750Li,https://www.craigslist.org/view/d/lafayette-2012-bmw-750li/73NkN784MVPov6J4kSrRoN,7900,120000.0,lafayette,Bmw,750Li,2012,14
2008 Nissan Pathfinder,https://www.craigslist.org/view/d/south-san-francisco-2008-nissan/1XmULxc9QY7zVco81GbdBf,6700,127000.0,southsanfrancisco,Nissan,Pathfinder,2008,18
2007 Chevrolet Tahoe Z71 4X4 Just Passed Smog Runs Great,https://www.craigslist.org/view/d/novato-2007-chevrolet-tahoe-z71-4x4/p55g717n32vrVRq9GDMbUR,5000,180000.0,novato,Chevrolet,Tahoe,2007,19
2007 Toyota Sienna Xle,https://www.craigslist.org/view/d/san-jose-2007-toyota-sienna-xle/tw2jrZxFkL72n5Ti8ui82g,6000,166000.0,sanjose,Toyota,Sienna,2007,19
2014 Ford F150 Fx4 Clean Title 4Wd,https://www.craigslist.org/view/d/daly-city-2014-ford-f150-fx4-clean/bThbihKEVAR5NkLAFCnTAo,17900,52000.0,dalycity,Ford,F150,2014,12
Honda Pilot Awd 2017,https://www.craigslist.org/view/d/belmont-honda-pilot-awd-2017/sMaa2DwzaL1e7n86qokdyz,23800,48000.0,belmont,Honda,Pilot,2017,9
2007 Bmw 328I For Sale! Runs Great. 180K Miles,https://www.craigslist.org/view/d/napa-2007-bmw-328i-for-sale-runs-great/3PTtWuBfUcBneFiS8wdy8i,3000,180000.0,napacounty,Bmw,328I,2007,19
2013 Ford Focus Se Hatchback - Clean Title,https://www.craigslist.org/view/d/san-jose-2013-ford-focus-se-hatchback/8EkGZbkYs3BGWGKjCZadtp,4999,99000.0,sanjosedowntown,Ford,Focus,2013,13
2015 Infiniti Qx60 Hybrid Sport,https://www.craigslist.org/view/d/greenbrae-2015-infiniti-qx60-hybrid/9iejK77fxa7YQcUoNUHSRE,6200,101000.0,larkspur,Infiniti,Qx60,2015,11
2017 Dodge Durango Sxt Clean Title 1 Owner,https://www.craigslist.org/view/d/vallejo-2017-dodge-durango-sxt-clean/hbMpyvDhwpBr4b6ZZzQUv8,8900,110000.0,fairfield,Dodge,Durango,2017,9
2003 Acura Mdx Touring Sport,https://www.craigslist.org/view/d/greenbrae-2003-acura-mdx-touring-sport/gmPqbbVuyrMd6YxgeQ5W6V,2000,230000.0,larkspur,Acura,Mdx,2003,23
Ram 1500 2018 Selling,https://www.craigslist.org/view/d/moraga-ram-selling/6MFahxVM6Af81GrATWEJD2,20000,92000.0,moraga,Ram,1500,2018,8
2017 Kia Forte5 Ex Hatchback,https://www.craigslist.org/view/d/greenbrae-2017-kia-forte5-ex-hatchback/kPyLUtbr1qT4cvAkr8dgtS,8400,97000.0,larkspur,Kia,Forte,2017,9
2007 Honda Element Lx,https://www.craigslist.org/view/d/santa-rosa-2007-honda-element-lx/xpeF5mBeRBJPAkkuRTgyhh,5200,215000.0,santarosa,Honda,Element,2007,19
2011 Acura Mdx Advance Pkg Sh-Awd (Original Owner) 7 Seating Suv,https://www.craigslist.org/view/d/san-jose-2011-acura-mdx-advance-pkg-sh/gTi6JgnYA6yDL7YG69Lrnr,9700,146000.0,sanjosewest,Acura,Mdx,2011,15
2010 Acura Mdx W/ Tech Package - Clean Title,https://www.craigslist.org/view/d/placerville-2010-acura-mdx-tech-package/apP9Pn2VKNokwZhyfhYWLQ,5300,174000.0,sonoma,Acura,Mdx,2010,16
1971 Vw New Beetle,https://www.craigslist.org/view/d/pleasanton-1971-vw-new-beetle/2K22zHFRJnRT7ME6WZRcSk,3900,58000.0,dublin,Vw,Beetle,1971,55
2012 Toyota Prius Iii Clean Title Carfax Smogged Low Miles 83K,https://www.craigslist.org/view/d/tracy-2012-toyota-prius-iii-clean-title/oPeU54pJQfcVhiicXnQqxV,8800,83000.0,tracy,Toyota,Prius,2012,14
2019 Ford Transit Connect ! One Owner ! Excellent Conditions,https://www.craigslist.org/view/d/pleasanton-2019-ford-transit-connect/kzGUuzvrJCChtNozTmESE4,13900,120000.0,dublin,Ford,Transit,2019,7
2017 Honda Accord Hybrid,https://www.craigslist.org/view/d/santa-clara-2017-honda-accord-hybrid/scDbCG9yY6tRG7WzFkQXQy,4000,297000.0,southbayarea,Honda,Accord,2017,9
2016 Ford Fusion Energi Titanium Plug-In Hybrid Clean Title Smogged!,https://www.craigslist.org/view/d/tracy-2016-ford-fusion-energi-titanium/mNRe3ZibrEjUVRFXT3zZy3,8800,96000.0,tracy,Ford,Fusion,2016,10
2007 Ford F-250,https://www.craigslist.org/view/d/port-costa-2007-ford-250/c1g2ize11duQLKJt52ESYM,15000,140000.0,benicia,Ford,F250,2007,19
2013 Hyundai Sonata Hybrid,https://www.craigslist.org/view/d/newark-2013-hyundai-sonata-hybrid/8eZepG9fyCSjuHkCsSLLMQ,5500,157000.0,fremont,Hyundai,Sonata,2013,13
2020 Toyota Prius Prime Le Plug In White. Original Owner. Clean Title.,https://www.craigslist.org/view/d/castro-valley-2020-toyota-prius-prime/rPhTcHWtQJF7FDgKY3Cnwa,21000,56000.0,hayward,Toyota,Prius,2020,6
Ford Expedition 1998,https://www.craigslist.org/view/d/berkeley-ford-expedition-1998/9q6Ntwuwue91yCozna2T6s,2500,190000.0,berkeley,Ford,Expedition,1998,28
2007 Honda Odyssey Touring,https://www.craigslist.org/view/d/santa-clara-2007-honda-odyssey-touring/vxMBjLkmhV95CYZERPjD3x,4300,152000.0,santaclara,Honda,Odyssey,2007,19
2012 Dodge Grand Caravan Minivan,https://www.craigslist.org/view/d/newark-2012-dodge-grand-caravan-minivan/6sVE9HgWyy9RLW4Cwvv2gj,4900,118000.0,fremont,Dodge,Grand Caravan,2012,14
2016 Dodge Grand Caravan Se,https://www.craigslist.org/view/d/antioch-2016-dodge-grand-caravan-se/4JZzH8ypcLDQjhqVBuEUfZ,9800,114000.0,pittsburg,Dodge,Grand Caravan,2016,10
2010 Acura Tl,https://www.craigslist.org/view/d/newark-2010-acura-tl/kXeCyYGFiiDhUygNxojV4g,4900,199000.0,fremont,Acura,Tl,2010,16
2013 Nissan Rogue,https://www.craigslist.org/view/d/san-jose-2013-nissan-rogue/oab78UfuzVfgUDq9cQHUCD,2900,197000.0,sanjosewest,Nissan,Rogue,2013,13
2018 Acura Mdx Sh-Awd Tech (72000 Miles),https://www.craigslist.org/view/d/san-jose-2018-acura-mdx-sh-awd-tech/nJR7GZFohFjRN7ACaEx3vy,20900,72000.0,sanjose,Acura,Mdx,2018,8
2006 Jeep Liberty (Renegade),https://www.craigslist.org/view/d/alameda-2006-jeep-liberty-renegade/odocCbFUGNFAtbt3GGVAzn,3000,216000.0,alameda,Jeep,Renegade,2006,20
2011 Subaru Outback 3.6R Limited Awd,https://www.craigslist.org/view/d/newark-2011-subaru-outback-36r-limited/pNf6wfH1wMEYe1XwVcRcbo,5900,145000.0,fremont,Subaru,Outback,2011,15
2000 Toyota Tundra Sr5,https://www.craigslist.org/view/d/santa-rosa-2000-toyota-tundra-sr5/xeuhNneKi2YrUe7t2P49VY,4400,276000.0,santarosa,Toyota,Tundra,2000,26
2011 Toyota Corolla Le Low Mileage All Service Done!,https://www.craigslist.org/view/d/san-mateo-2011-toyota-corolla-le-low/qaczpLUqSeVttrs6QHhgm6,7900,90000.0,fostercity,Toyota,Corolla,2011,15
2015 Volvo S60 T6 Platinum,https://www.craigslist.org/view/d/san-carlos-2015-volvo-s60-t6-platinum/g5nT12hmaL6NYpWBaFNQYY,1200,138000.0,sancarlos,Volvo,S60,2015,11
2017 Ford Fusion Se Ecoboost 1.5L Turbo,https://www.craigslist.org/view/d/newark-2017-ford-fusion-se-ecoboost-15l/npPWKH1aLjBpAaiL49TToq,6900,143000.0,fremont,Ford,Fusion,2017,9
1999 Chevrolet Silverado 3500 Dually Crew Cab 2Wd V8 454 Only 58K Mile,https://www.craigslist.org/view/d/pleasanton-1999-chevrolet-silverado/1UcAGoC7duKgjeadwR6ZqL,18900,58000.0,dublin,Chevrolet,Silverado,1999,27
2012 Nissan Altima 2.5S,https://www.craigslist.org/view/d/newark-2012-nissan-altima-25s/iwztxa7VnA9ceDEaeYKtM6,4900,154000.0,fremont,Nissan,Altima,2012,14
2013 Toyota Sienna Le,https://www.craigslist.org/view/d/hayward-2013-toyota-sienna-le/mEN3cSc2EnCbBkt5fpSXaw,8500,176000.0,hayward,Toyota,Sienna,2013,13
2012 Mercedes Benz Cls550  Amg Package,https://www.craigslist.org/view/d/san-jose-2012-mercedes-benz-cls550-amg/gJpPJzX3xxJNKDjPvhEbzZ,5000,140000.0,sanjosesouth,Mercedes,S550,2012,14
►◄▓ 1998 Mercedes E 320 E320 Very Low 86K Miles ►◄ Suv Runs Grt. Clean,https://www.craigslist.org/view/d/san-jose-mercedes-320-e320-very-low-86k/tCgJL75Y3eyhiejHcY16XA,6500,86000.0,sanjosenorth,Mercedes,E320,1998,28
2017 Kia Forte5 Lx,https://www.craigslist.org/view/d/newark-2017-kia-forte5-lx/jnBH3E4onCeTvSriCM4PUb,5900,126000.0,fremont,Kia,Forte,2017,9
Honda Accord 2008,https://www.craigslist.org/view/d/san-leandro-honda-accord-2008/rjiqWEiRRbxxmq6PLK4LmV,1500,182000.0,sanleandro,Honda,Accord,2008,18
2021 Tesla Model 3 Plus Range 16000 Miles Loaded For Sale,https://www.craigslist.org/view/d/berkeley-2021-tesla-model-plus-range/hJqivC14hpeucdH6mv2ELy,19500,16000.0,concord,Tesla,Model 3,2021,5
2013 Jaguar Xjl Portfolio 101K Miles Clean Title,https://www.craigslist.org/view/d/san-jose-2013-jaguar-xjl-portfolio-101k/3CYfZB8twu71vFpoNafdk6,1400,101000.0,sanjosenorth,Jaguar,Xj,2013,13
2018 Audi A5/S5 Convertible 25000 Miles Excellent Condition,https://www.craigslist.org/view/d/concord-2018-audi-a5-s5-convertible/c2MZFbekQQzLg5j4T2tbs3,22950,25000.0,concord,Audi,S5,2018,8
2009 Honda Cr-V,https://www.craigslist.org/view/d/orinda-2009-honda-cr/wi6HRTRvmMtAnoNrnmCxir,10500,112000.0,lafayette,Honda,Crv,2009,17
2021 Mazda Miata Club Convertible Low Miles Loaded,https://www.craigslist.org/view/d/san-francisco-2021-mazda-miata-club/oihVQBpGo84ZtVMwM9GGWR,18950,28000.0,eastbayarea,Mazda,Miata,2021,5
2016 Ford Fusion Se,https://www.craigslist.org/view/d/newark-2016-ford-fusion-se/xxNU5txmy5SLiX3jSV23ch,6500,114000.0,fremont,Ford,Fusion,2016,10
2004 Acura Mdx Touring Awd,https://www.craigslist.org/view/d/newark-2004-acura-mdx-touring-awd/gfNL12ue9HqBLxygQN8ZGT,3900,207000.0,fremont,Acura,Mdx,2004,22
2004 Ford Ranger Xlt,https://www.craigslist.org/view/d/concord-2004-ford-ranger-xlt/jXZeo2vQjEgcDbd81cU1Cj,8900,170000.0,concord,Ford,Ranger,2004,22
2007 Honda Civic,https://www.craigslist.org/view/d/port-costa-2007-honda-civic/gZduYpciNQq4CPYErbJsEV,3900,199000.0,eastbayarea,Honda,Civic,2007,19
2021 Jeep Wrangler Willys 4X4 2Dr Suv,https://www.craigslist.org/view/d/fremont-2021-jeep-wrangler-willys-4x4/kN5BZAzprPFNWAD7RVgwdY,16550,145000.0,fremont,Jeep,Wrangler,2021,5
2000 Honda Accord,https://www.craigslist.org/view/d/port-costa-2000-honda-accord/4kzzWwWX6tBnbkTD9sDUBa,3800,144000.0,eastbayarea,Honda,Accord,2000,26
"2001 Ford F150 Xlt  2001 Ford F-150 Supercrew Xlt, 4.6L V8, 215K Miles, Cloth Se",https://www.craigslist.org/view/d/hayward-2001-ford-f150-xlt-2001-ford/aEdHBNxNwkKTPykC8HvF1C,5400,215000.0,castrovalley,Ford,F150,2001,25
2005 Chevrolet Colorado Low Miles!,https://www.craigslist.org/view/d/san-jose-2005-chevrolet-colorado-low/gWrsrZ2Fhb7gHxbbosGY8p,10000,104000.0,sanjoseeast,Chevrolet,Colorado,2005,21
2017 Audi Q7 Premium,https://www.craigslist.org/view/d/san-pablo-2017-audi-q7-premium/i1QjkSzoXqSrLQaqyR7U32,10500,132000.0,eastbayarea,Audi,Q7,2017,9
2016 Lifted White Jeep Wrangler Unlimited Sahara,https://www.craigslist.org/view/d/concord-2016-lifted-white-jeep-wrangler/kCYCFnPYpAw2RGNbHCTTfC,24700,55000.0,concord,Jeep,Wrangler,2016,10
2009 Mini Cooper S 62K Miles Excellent Cond. No Accidents Clean Title,https://www.craigslist.org/view/d/corte-madera-2009-mini-cooper-62k-miles/wxGx39tEoe1cnoenCaEyxr,8995,62000.0,northbay,Mini,Cooper,2009,17
2017 Toyota Avalon Touring,https://www.craigslist.org/view/d/san-jose-2017-toyota-avalon-touring/vox2Lf2Eh6gF2tL5argvyN,12900,120000.0,sanjosesouth,Toyota,Avalon,2017,9
2013 Honda Civic,https://www.craigslist.org/view/d/san-jose-2013-honda-civic/wp9w98ymVubWmDquhBgoHT,7900,151000.0,campbell,Honda,Civic,2013,13
1995 Sierra Gmc,https://www.craigslist.org/view/d/santa-clara-1995-sierra-gmc/fDM1yfMudi8basvQGVAQkt,7000,100000.0,santaclara,Gmc,Sierra,1995,31
2014 Bmw X1 Sdrive28I,https://www.craigslist.org/view/d/cupertino-2014-bmw-x1-sdrive28i/bBx8trdvb7PkVeU57dArYh,7000,111000.0,sanjosewest,Bmw,X1,2014,12
2003 Toyota Tacoma 4X4 Trd *170K Miles*,https://www.craigslist.org/view/d/concord-2003-toyota-tacoma-4x4-trd-170k/9Eoicb69d6kpBAE1rHFPj5,13900,170000.0,concord,Toyota,Tacoma,2003,23
2013 Chevrolet Camaro Ls,https://www.craigslist.org/view/d/campbell-2013-chevrolet-camaro-ls/xobq8drMJMg6e7PmWYBimy,13900,65000.0,campbell,Chevrolet,Camaro,2013,13
2015 Mazda Cx-9 Grand Touring Awd,https://www.craigslist.org/view/d/saratoga-2015-mazda-cx-grand-touring-awd/n9r5ozv5V355nZbEaKTDVV,9000,135000.0,saratoga,Mazda,Cx9,2015,11
2017 Jeep Grand Cherokee Limited,https://www.craigslist.org/view/d/los-gatos-2017-jeep-grand-cherokee/mgP6sLfZ3xRRE58iYNUXcp,14900,79000.0,losgatos,Jeep,Grand Cherokee,2017,9
2012 Audi S5 Quattro Premium Plus Coupé,https://www.craigslist.org/view/d/sacramento-2012-audi-s5-quattro-premium/9Z1VvsSj97UW6jPoV4PNem,10900,150000.0,sacramento,Audi,Tt,2012,14
2001 Chevrolet Camaro Ss,https://www.craigslist.org/view/d/windsor-2001-chevrolet-camaro-ss/sfVsV9weqtBZPer5brYbkp,18500,53000.0,healdsburg,Chevrolet,Camaro,2001,25
"2017 Subaru Forester 2.5I Awd, 108K, Mint!",https://www.craigslist.org/view/d/walnut-creek-2017-subaru-forester-25i/mDAe9s1QRDzri8ThJMvzwc,12900,108000.0,walnutcreek,Subaru,Forester,2017,9
2011 Toyota Prius Iii,https://www.craigslist.org/view/d/fremont-2011-toyota-prius-iii/63Ubcwaytp2r3Bz26MWeQg,7950,145000.0,fremont,Toyota,Prius,2011,15
2013 Audi A3 Premium Plus Diesel Wagon,https://www.craigslist.org/view/d/san-jose-2013-audi-a3-premium-plus/u4QeWwc9F1yESUbP4Pxgzs,7900,100000.0,sanjosedowntown,Audi,A3,2013,13
"2007 Honda Civic Hybrid 200K.A/C, Smog. Clean, Runs Nice.",https://www.craigslist.org/view/d/san-jose-2007-honda-civic-hybrid-200ka/6sdyHRpMBf6d5zEf1okNYq,2850,200000.0,sanjosesouth,Honda,Civic,2007,19
"Volkswagen Jetta Se Tsi Beautiful!! 82, 575 Miles 2017 Powerful!!!",https://www.craigslist.org/view/d/san-rafael-volkswagen-jetta-se-tsi/k43U3xD42SfgAFUgHyx8NL,8800,83000.0,sanrafael,Volkswagen,Jetta,2017,9
2013 Porsche Panamera Platinum Edition,https://www.craigslist.org/view/d/cupertino-2013-porsche-panamera/bjqYujF7pEbXgCPq2W4rvu,18999,84000.0,cupertino,Porsche,Panamera,2013,13
"2014 Honda Accord 4Dr  V6 13,000 Miles Original  Owner",https://www.craigslist.org/view/d/fremont-2014-honda-accord-4dr-miles/fjKQUMexh5dKdTZNZy8p8E,24750,13000.0,fremont,Honda,Accord,2014,12
2025 Jeep Patriot Altitude Edition – Great Suv – Needs Transmission Wo,https://www.craigslist.org/view/d/hollister-2025-jeep-patriot-altitude/8Zxgmx7a5aeQDFJnvMZDDP,3000,142000.0,hollister,Jeep,Patriot,2025,1
2008 Chevrolet Malibu Ls Classic ..Clean Title ..,https://www.craigslist.org/view/d/rocklin-2008-chevrolet-malibu-ls/1d4jd31a6iSc4CppuuC42K,2600,200000.0,eastbayarea,Chevrolet,Malibu,2008,18
2008 Chevrolet Malibu Ls..Clean Title ..Great Condition..,https://www.craigslist.org/view/d/rocklin-2008-chevrolet-malibu-lsclean/4twfpbnGizyT3JL4Nt1sxd,2900,190000.0,eastbayarea,Chevrolet,Malibu,2008,18
2010 Honda Ridgeline Rtl 4Wd,https://www.craigslist.org/view/d/mountain-view-2010-honda-ridgeline-rtl/cpyxo6bu9K2GxGbv91DYRK,9500,112000.0,sunnyvale,Honda,Ridgeline,2010,16
Rare 6 Speed Manual Suv 2005 Bmw X3 (E83) Performance Factory Aero Kit,https://www.craigslist.org/view/d/santa-rosa-rare-speed-manual-suv-2005/3JEZdsSA8NLXPwB63dF91u,4900,253000.0,santarosa,Bmw,X3,2005,21
2014 Toyota Camry Se Sport Sedan,https://www.craigslist.org/view/d/palo-alto-2014-toyota-camry-se-sport/kSt5hWt11nPZu8qWNowMUv,9800,152000.0,paloalto,Toyota,Camry,2014,12
2009 Toyota Highlander Hybrid Limited Awd – Exceptional Condition,https://www.craigslist.org/view/d/capitola-2009-toyota-highlander-hybrid/gMqGL3PG8bMXxx1v2Ltdj7,12200,179000.0,capitola,Toyota,Highlander,2009,17
"2018 Mercedes Glc300 Suv, Clean Title, Looks And Runs Exc!",https://www.craigslist.org/view/d/walnut-creek-2018-mercedes-glc300-suv/oHWWXRCK6tD4yKeeD5yKEE,11900,102000.0,walnutcreek,Mercedes,C300,2018,8
2013 Ford Transit Connect Contractors Cargo Van,https://www.craigslist.org/view/d/san-mateo-2013-ford-transit-connect/mfLCAoecpykNqwzWunht9A,4300,195000.0,sanmateo,Ford,Transit,2013,13
"2012 Cadillac Cts Coupe 3.6 Awd — Clean Title, Recently Serviced",https://www.craigslist.org/view/d/antioch-2012-cadillac-cts-coupe-36-awd/arCrnmEAfEr7TP1DAKSNsd,8900,138000.0,antioch,Cadillac,Cts,2012,14
2001 Nissan Frontier S/C Supercharged Crew Crab 4Doors,https://www.craigslist.org/view/d/dublin-2001-nissan-frontier-c/iJ6pMjUDA2dJCej4h4X3Pv,5900,158000.0,dublin,Nissan,Frontier,2001,25
2002 Acura Mdx,https://www.craigslist.org/view/d/fremont-2002-acura-mdx/8kw2ttGFoqDyBAxYjQjbCN,2750,209000.0,fremont,Acura,Mdx,2002,24
2008 Toyota Tacoma Regular Cab,https://www.craigslist.org/view/d/san-ramon-2008-toyota-tacoma-regular-cab/bwJwE2bMic26ZnBJeEDJqC,25000,15000.0,danville,Toyota,Tacoma,2008,18
2006 Honda Accord Ex-L V6 (Price Drop),https://www.craigslist.org/view/d/santa-clara-2006-honda-accord-ex-v6/tmAwW3Doasb9V5medM37JG,2900,203000.0,santaclara,Honda,Accord,2006,20
2019 Honda Civic Coupe,https://www.craigslist.org/view/d/san-jose-2019-honda-civic-coupe/kz1rys22iJFQh9XqBJyfAQ,9970,168000.0,willowglen,Honda,Civic,2019,7
2005 Toyota Camry Solara Se V6,https://www.craigslist.org/view/d/hayward-2005-toyota-camry-solara-se-v6/aAqzH28oAdgcFfgqgVk8B3,5400,100000.0,hayward,Toyota,Camry,2005,21
2015 Subaru Impreza 2.Oi Premium Awd - Clean Title,https://www.craigslist.org/view/d/campbell-2015-subaru-impreza-2oi/d8rnSm28Z7cu83aZxZTER8,6700,149000.0,campbell,Subaru,Impreza,2015,11
2015 Subaru Forester 2.5I Awd Touring  Fully Loaded!!!,https://www.craigslist.org/view/d/antioch-2015-subaru-forester-25i-awd/rz2xgSU971frykYz3p3BJv,7200,141000.0,antioch,Subaru,Forester,2015,11
"2020 Hyundai Elantra Limited – Black – Fully Loaded, Low Miles",https://www.craigslist.org/view/d/san-juan-bautista-2020-hyundai-elantra/4o8EABV29UjQFLjJe5Gst5,13500,72000.0,hollister,Hyundai,Elantra,2020,6
2013 Subaru Outback Winter Package All Service Was Done,https://www.craigslist.org/view/d/daly-city-2013-subaru-outback-winter/6CNBqYLuDEUVzy5vxtWqgW,6200,155000.0,innersunset,Subaru,Outback,2013,13
"New Listing!!Blue 2010 Toyota Prius 4. 116K Low Miles! 52 Mpg! Moonroof, Leather",https://www.craigslist.org/view/d/petaluma-new-listingblue-2010-toyota/hun95R7LqiHNhDJr6QSBG2,5900,116000.0,petaluma,Toyota,Prius,2010,16
2006 Ford Ranger,https://www.craigslist.org/view/d/san-francisco-2006-ford-ranger/oEaQaSkJAVx96wX3JWczUU,7500,119000.0,portoladistrict,Ford,Ranger,2006,20
"2016 Ford F-150 Fx4 4X4 Supercrew 5.0 V8 – $ 28,000.0",https://www.craigslist.org/view/d/el-cerrito-2016-ford-150-fx4-4x4/uZKwx4yFdUjy6U19PUC22F,28000,23000.0,albany,Ford,F150,2016,10
2016 Ford Edge Sle /Eco-Boost,https://www.craigslist.org/view/d/santa-rosa-2016-ford-edge-sle-eco-boost/wua3TRn7RsykruDSSvj7RF,7000,114000.0,santarosa,Ford,Edge,2016,10
Excellent Condition; 2010 Nissan Frontier Se V6 Kingcab 4X4,https://www.craigslist.org/view/d/san-jose-excellent-condition-2010/rUEZ757hu8sNPbaSyNjqLW,9999,130000.0,sanjosesouth,Nissan,Frontier,2010,16
2018 Ford Fusion Has Saver Commuter Nice Reliable Car,https://www.craigslist.org/view/d/hollister-2018-ford-fusion-has-saver/7zB6cBnZDeXWKc4bnXb141,3900,121000.0,sanjosedowntown,Ford,Fusion,2018,8
2013 Toyota Sienna Xle - Clean Title - Excellent Condition,https://www.craigslist.org/view/d/fremont-2013-toyota-sienna-xle-clean/kC3ctgn5RcbAbEDgMdcvQu,10500,169000.0,fremont,Toyota,Sienna,2013,13
2011 Subaru Outback 2.5I Limited Awd,https://www.craigslist.org/view/d/los-gatos-2011-subaru-outback-25i/5izvnQirZciGKLGhjJHVKc,8500,107000.0,campbell,Subaru,Outback,2011,15
2017 Jeep Wrangler Sport With Only 24K Miles!,https://www.craigslist.org/view/d/rohnert-park-2017-jeep-wrangler-sport/oDhEeL8ES5G47BoGtQ7mGH,23500,24000.0,rohnertpk,Jeep,Wrangler,2017,9
"2014 Lexus Rx350 Awd, Super Clean, Clean Ca Title, Clean Carfax",https://www.craigslist.org/view/d/san-mateo-2014-lexus-rx350-awd-super/wNnwQjob89XupPyjqseVAL,15500,138000.0,sanmateo,Lexus,Rx,2014,12
"2014 Ford Fusion Se Hybrid, Only 94K Miles, Clean Title, Loaded",https://www.craigslist.org/view/d/san-mateo-2014-ford-fusion-se-hybrid/iPsJj3SNCbtkmPoRfJYHJx,8900,94000.0,fostercity,Ford,Fusion,2014,12
"2011 Toyota Sienna Le, 8 Passenger, Clean Title, Clean Carfax",https://www.craigslist.org/view/d/san-carlos-2011-toyota-sienna-le/8ZDugB5FUusq3fppqBuzTT,7900,176000.0,sancarlos,Toyota,Sienna,2011,15
2017 Ford F-250 Raptor Premium Upgrades,https://www.craigslist.org/view/d/santa-clara-2017-ford-250-raptor/8kYEk5CndLBvfcs9sgk4uP,40000,90000.0,santaclara,Ford,F250,2017,9
"2005 Toyota Camry 163,000 Miles Ac Blows Good",https://www.craigslist.org/view/d/oakland-2005-toyota-camry-miles-ac/qaXv1YixstfPPv6Yq11Cb2,2400,163000.0,oaklandwest,Toyota,Camry,2005,21
2006 Acura Tl,https://www.craigslist.org/view/d/san-jose-2006-acura-tl/5EUbq9yhkd9fYPvfvergDs,5000,121000.0,sanjosesouth,Acura,Tl,2006,20
2013 Honda Cr-V Ex – Clean Title – Excellent Condition,https://www.craigslist.org/view/d/san-jose-2013-honda-cr-ex-clean-title/rXVNADFk4fqjAbUc9Vk9w9,11200,117000.0,saratoga,Honda,Crv,2013,13
2012 Honda Odyssey Ex-L Clean Title Low Miles,https://www.craigslist.org/view/d/campbell-2012-honda-odyssey-ex-clean/seDdiYpvEX5J5cpamxCY4A,9900,115000.0,campbell,Honda,Odyssey,2012,14
2017 Chevrolet Silverado 3500Hd Enclosed Service Truck,https://www.craigslist.org/view/d/lodi-2017-chevrolet-silverado-3500hd/1npzNuXaMzziFbcyEBJrAu,14900,111000.0,cityofsanfrancisco,Chevrolet,Silverado,2017,9
2014 Jaguar F-Type V6,https://www.craigslist.org/view/d/santa-clara-2014-jaguar-type-v6/meyDA3Azyn2ad6A7g9c3BS,25000,26000.0,santaclara,Jaguar,Ftype,2014,12
2015 15 Gray Hyundai Santa Fe Sport 2.4 Clean Title & Carfax 136Mi!,https://www.craigslist.org/view/d/south-san-francisco-gray-hyundai-santa/3oQDsGBtqRfzUkpkoiS67g,6230,136000.0,southsanfrancisco,Hyundai,Santa Fe,2015,11
"2023 Ford F150 Super Cab Xlt With 95,500 Miles (1-Owner) F-150",https://www.craigslist.org/view/d/walnut-creek-2023-ford-f150-super-cab/ffyoZPLrH3FACq5kv75bTs,18900,96000.0,walnutcreek,Ford,F150,2023,3
1998 Toyota Tacoma,https://www.craigslist.org/view/d/windsor-1998-toyota-tacoma/ijCN8rv2SE3oSNjabMUj8E,7900,170000.0,healdsburg,Toyota,Tacoma,1998,28
2021 Tesla Model Y Long Range,https://www.craigslist.org/view/d/san-jose-2021-tesla-model-long-range/g1o3yEhVC67zmKPyNhvdu7,22000,80000.0,sanjoseeast,Tesla,Model Y,2021,5
2017 Toyota Tacoma Offroad 4X4 Trd,https://www.craigslist.org/view/d/san-jose-2017-toyota-tacoma-offroad-4x4/aihP1mgQq547FPcXpzRvJG,26980,63000.0,sanjose,Toyota,Tacoma,2017,9
2014 Subaru Brz Premium (Automatic),https://www.craigslist.org/view/d/san-jose-2014-subaru-brz-premium/1u5dAHPMQtNWybvE3NAKSU,15000,100000.0,santaclara,Subaru,Brz,2014,12
2012 Nissan Sentra,https://www.craigslist.org/view/d/pleasanton-2012-nissan-sentra/cxWC1q3gJEin492GWhKJC3,4900,134000.0,dublin,Nissan,Sentra,2012,14
2012 Lexus Rx 350,https://www.craigslist.org/view/d/pleasanton-2012-lexus-rx-350/t5ADasC5wJXBQD5Rqveu2t,7400,189000.0,concord,Lexus,Rx,2012,14
2017 Toyota Sienna Xle Premium Awd,https://www.craigslist.org/view/d/san-jose-2017-toyota-sienna-xle-premium/7952Zg4W5D224d5MHJCYjN,25500,44000.0,southbayarea,Toyota,Sienna,2017,9
2012 Hyundai Sonata,https://www.craigslist.org/view/d/santa-rosa-2012-hyundai-sonata/nMpGjYjuN8pD48NGmVqVbh,4900,180000.0,santarosa,Hyundai,Sonata,2012,14
2016 Mercedes-Benz Glc 300 2Nd Owner Excellent Condition,https://www.craigslist.org/view/d/morgan-hill-2016-mercedes-benz-glc-300/udoru23EMSJ1QM9XnkHhc5,12950,105000.0,morganhill,Mercedes,Glc,2016,10
2000 Ford Explorer,https://www.craigslist.org/view/d/berkeley-2000-ford-explorer/o8hZ7q7XZT4tcQqn9Z6XRr,1900,145000.0,berkeley,Ford,Explorer,2000,26
2006 Honda Crv Ex Awd *****105000 Miles****,https://www.craigslist.org/view/d/san-mateo-2006-honda-crv-ex-awd-miles/hPKfu8SVeWuCMLSU1f4KXE,5950,105000.0,sanmateo,Honda,Crv,2006,20
"2017 Porsche Macan ,Sport Utility 4D",https://www.craigslist.org/view/d/walnut-creek-2017-porsche-macan-sport/jWB5CfDT7uaa8dP1k59dW9,17200,82000.0,walnutcreek,Porsche,Macan,2017,9
2010 Chrysler Town & Country Van,https://www.craigslist.org/view/d/oakland-2010-chrysler-town-country-van/hdAiT6V1GoyCX4SaLyfGsh,1000,238000.0,oaklandpiedmont,Chrysler,Town & Country,2010,16
2013 Chrysler Town & Country Limited Only 125K Miles,https://www.craigslist.org/view/d/fremont-2013-chrysler-town-country/8VpekawvtBiGnLk84vfcfZ,8900,125000.0,fremont,Chrysler,Town & Country,2013,13
2014 Audi A4 S-Line 2.0T Premium,https://www.craigslist.org/view/d/san-jose-2014-audi-a4-line-20t-premium/ddUXwThnGwZ2eajaHXB2Dm,9500,105000.0,sanjose,Audi,A4,2014,12
2009 Honda Odyssey Ex-L,https://www.craigslist.org/view/d/santa-rosa-2009-honda-odyssey-ex/agYPepjU5XGABnFw56oZKw,3495,203000.0,santarosa,Honda,Odyssey,2009,17
2010 Ford Escape Xls Sport Utility 4D,https://www.craigslist.org/view/d/santa-cruz-2010-ford-escape-xls-sport/ijtW4XMP7oH7JhoJ3u8fgn,3400,207000.0,santacruz,Ford,Escape,2010,16
Excellent 2006 Bmw 325I 6 Speeed,https://www.craigslist.org/view/d/berkeley-excellent-2006-bmw-325i-speeed/i5mc5UMqFNCkdZJCDLm5cC,6500,96000.0,berkeley,Bmw,325I,2006,20
2017 Hyundai Sonata Se,https://www.craigslist.org/view/d/suisun-city-2017-hyundai-sonata-se/b6a8yyv483ystYcSpEiR3B,7999,103000.0,vallejo,Hyundai,Sonata,2017,9
2013 Bmw X5 Xdrive50I,https://www.craigslist.org/view/d/milpitas-2013-bmw-x5-xdrive50i/6yA4YFkRg2FJSaHFQmqr1r,6800,116000.0,milpitas,Bmw,X5,2013,13
Toyota Corolla 2006 Runs Great,https://www.craigslist.org/view/d/san-mateo-toyota-corolla-2006-runs-great/2XYSq1fZgmXBDdrY9irYFT,3999,187000.0,sanmateo,Toyota,Corolla,2006,20
2012 Honda Civic Lx    88K Miles,https://www.craigslist.org/view/d/union-city-2012-honda-civic-lx-88k-miles/gHv1ZYCU9D91tENjMjPu1j,6950,87000.0,fremont,Honda,Civic,2012,14
2004 Toyota Camry Le V6,https://www.craigslist.org/view/d/san-jose-2004-toyota-camry-le-v6/s5PN1vQaHwtsoygpGLuQus,2799,189000.0,sanjosedowntown,Toyota,Camry,2004,22
"2011 Ford Escape Smog Done, Registered, Clean Title",https://www.craigslist.org/view/d/san-jose-2011-ford-escape-smog-done/kwHChHN82ABz25sgXF3gNq,4300,190000.0,sanjosewest,Ford,Escape,2011,15
2016 Volvo Xc90 T6 Inscription 57K Miles,https://www.craigslist.org/view/d/san-rafael-2016-volvo-xc90-t6-in-ion/ieRJZhdpBjAB1FjhFAvx8Z,15000,57000.0,sanrafael,Volvo,Xc90,2016,10
2000 Ram1500 V8 4X4 4-Door Quad Cab,https://www.craigslist.org/view/d/union-city-2000-ram1500-v8-4x4-door/eoLZwoX9EgXgkptoySBh94,3450,173000.0,fremont,Ram,1500,2000,26
"2003 Mercedes-Benz S500 – Clean Title – Only 81,Xxx Miles",https://www.craigslist.org/view/d/san-jose-2003-mercedes-benz-s500-clean/qegFAjaULdGgcRDCb6PZBY,6999,82000.0,sanjosedowntown,Mercedes,S500,2003,23
Low Miles! 2013 Hyundai Sonata Gls • Bluetooth • 35 Mpg Hwy,https://www.craigslist.org/view/d/san-jose-low-miles-2013-hyundai-sonata/w3ftxMPPSiRJzDFp97B3br,4500,110000.0,sanjosedowntown,Hyundai,Sonata,2013,13
2022 Volkswagen Tiguan Se,https://www.craigslist.org/view/d/san-francisco-2022-volkswagen-tiguan-se/cXNjvtb9sdHeiZ5sd5GuN7,22500,43000.0,laurelhts,Volkswagen,Tiguan,2022,4
2005 Honda Civic Sedan Clean Title,https://www.craigslist.org/view/d/fairfield-2005-honda-civic-sedan-clean/ueMGXGyU6uhzae2Nzy1LZ3,5900,158000.0,fairfield,Honda,Civic,2005,21
1999 Honda Civic Ex Clean Title,https://www.craigslist.org/view/d/fairfield-1999-honda-civic-ex-clean/8HnL5QymYc8m1pWW5GUvoK,3900,193000.0,fairfield,Honda,Civic,1999,27
2007 Nissan Altima Smog 190K Miles,https://www.craigslist.org/view/d/oakland-2007-nissan-altima-smog-190k/qz3Qwozi1YhyGPwvUDfGw8,1500,190000.0,berkeley,Nissan,Altima,2007,19
2000 Porsche 911 Cabriolet,https://www.craigslist.org/view/d/san-francisco-2000-porsche-911-cabriolet/cz8BxYHDvqR1Tm7gdq38GW,32000,155000.0,sanfrancisco,Porsche,911,2000,26
2018 Nissan Versa,https://www.craigslist.org/view/d/pittsburg-2018-nissan-versa/9i5bNxu3ZvJqfpZPJxSDdt,5500,97000.0,pittsburg,Nissan,Versa,2018,8
2021 Nissan Sentra Sv,https://www.craigslist.org/view/d/gonzales-2021-nissan-sentra-sv/9hrSjNCy9pVP3Gx156YHmy,12400,83000.0,morganhill,Nissan,Sentra,2021,5
"Rare Find: 1-Owner 2007 Mercedes-Benz Ml350 4Matic Only 36,500 Miles",https://www.craigslist.org/view/d/san-jose-rare-find-owner-2007-mercedes/66dQWitV4TqXWAbX8RuAyG,14900,36000.0,sanjosesouth,Mercedes,Ml350,2007,19
2017 Ram 1500 Crewcab Ecodiesel 4X4 Laramie 122K Miles Clean Title,https://www.craigslist.org/view/d/pleasant-hill-2017-ram-1500-crewcab/m9D58W8ZSJSSoEiW8LA538,17000,122000.0,pleasanthill,Ram,1500,2017,9
2003 Honda Accord,https://www.craigslist.org/view/d/vallejo-2003-honda-accord/mzFqfP9mb8G7Jex7Y6WU2i,2500,146000.0,vallejo,Honda,Accord,2003,23
2014 Kia Optima,https://www.craigslist.org/view/d/richmond-2014-kia-optima/gDRFWAoX3YEEj1Mhqr4hjH,5500,200000.0,richmond,Kia,Optima,2014,12
2010 Toyota Prius,https://www.craigslist.org/view/d/san-jose-2010-toyota-prius/hfJ6zFts9zUyNtQAudT39o,5500,175000.0,sanjosenorth,Toyota,Prius,2010,16
2011 Toyota Highlander Se Suv,https://www.craigslist.org/view/d/san-jose-2011-toyota-highlander-se-suv/b6hFRmMKwg6YymY89nQRxf,8900,140000.0,willowglen,Toyota,Highlander,2011,15
2003 Subaru Outback Ll Bean H6 75K Miles – Excellent Condition,https://www.craigslist.org/view/d/berkeley-2003-subaru-outback-ll-bean-h6/7p1feeKZhLsw1APMKLLqgD,10500,75000.0,berkeley,Subaru,Outback,2003,23
2014 Chevrolet Volt – Clean Title,https://www.craigslist.org/view/d/san-jose-2014-chevrolet-volt-clean-title/bXq8KcndKsp38whvZtK9vL,4599,179000.0,sanjosedowntown,Chevrolet,Volt,2014,12
2015 Ford Explorer,https://www.craigslist.org/view/d/fairfield-2015-ford-explorer/1nBBnJP3gcG7L6BzGPPCeS,6800,174000.0,fairfield,Ford,Explorer,2015,11
"2010 Mercedes-Benz S550 Luxury Sedan Fully Loaded, One Owner",https://www.craigslist.org/view/d/san-jose-2010-mercedes-benz-s550-luxury/2nupAGXup9ScRVLYs8FC6Q,8800,144000.0,southbayarea,Mercedes,S550,2010,16
"2020 Bmw X1 Xdrive28I Sport Utility 4D - Sebastopol, Ca",https://www.craigslist.org/view/d/sebastopol-2020-bmw-x1-xdrive28i-sport/aJaAnCWdRNmCF9qBZ4yZYa,17900,56000.0,sebastopol,Bmw,X1,2020,6
2020 Chevrolet Suburban Lt,https://www.craigslist.org/view/d/sunnyvale-2020-chevrolet-suburban-lt/gHWcHDwSE6oj5E83Dvq3AM,14400,220000.0,sunnyvale,Chevrolet,Suburban,2020,6
2018 Honda Odyssey Elite,https://www.craigslist.org/view/d/san-jose-2018-honda-odyssey-elite/2PPzyTVk4dGL8B2GeLDQbq,27900,35000.0,sanjosesouth,Honda,Odyssey,2018,8
2016 Acura Mdx - Mechanic Special,https://www.craigslist.org/view/d/el-sobrante-2016-acura-mdx-mechanic/8tBLhe42qysdvJJ3QDrFkb,5000,98000.0,albany,Acura,Mdx,2016,10
2020 Subaru Impreza In Great Condition,https://www.craigslist.org/view/d/san-ramon-2020-subaru-impreza-in-great/sLxTARi21AJD2VKcuA1p6A,17500,58000.0,danville,Subaru,Impreza,2020,6
"2011 Acura Mdx Tech Package, Clean Title",https://www.craigslist.org/view/d/mountain-view-2011-acura-mdx-tech/sHLsLGcSkXcnpam763KGLw,10800,125000.0,mountainview,Acura,Mdx,2011,15
"2015 Kia Optima, Clean Title, 99K Miles",https://www.craigslist.org/view/d/mountain-view-2015-kia-optima-clean/k8pUMSd9413xR6ba7jx2ZU,6850,99000.0,mountainview,Kia,Optima,2015,11
"2015 Honda Civic Si, Clean Title, 91K Miles",https://www.craigslist.org/view/d/mountain-view-2015-honda-civic-si-clean/3AL8QpnnBasHBDtfZB9A7x,14300,91000.0,mountainview,Honda,Civic,2015,11
2007 Gmc Yukon 5.3 V8 142K Miles,https://www.craigslist.org/view/d/vallejo-2007-gmc-yukon-53-v8-142k-miles/2KiV8gRgZiEbPPdBD2Sx8F,3200,142000.0,vallejo,Gmc,Yukon,2007,19
2008 Toyota Sienna Xle,https://www.craigslist.org/view/d/saratoga-2008-toyota-sienna-xle/4jtR3AxjPbeYJxyU6qW1oy,8900,164000.0,saratoga,Toyota,Sienna,2008,18
"2002 Honda Accord Ex, Original Owner, 151312 Miles Transmission Issue",https://www.craigslist.org/view/d/campbell-2002-honda-accord-ex-original/k8BkNmuQbNgQPyjaNdsD97,1500,151000.0,campbell,Honda,Accord,2002,24
Bmw 2008 535I Turbo Sedan,https://www.craigslist.org/view/d/san-bruno-bmw-turbo-sedan/p9zr5AsD7y1AwQYvEn9bUE,4000,245000.0,sanbruno,Bmw,535I,2008,18
2016 Ford Fusion Se,https://www.craigslist.org/view/d/san-mateo-2016-ford-fusion-se/7ZfEE1hXLevJUkk8aTEW6L,7500,103000.0,sanmateo,Ford,Fusion,2016,10
"2015 Audi A3, 90K Miles, Clean Title",https://www.craigslist.org/view/d/santa-clara-2015-audi-a3-90k-miles/bGGeWTLECLM65UHt87fSP6,8800,90000.0,santaclara,Audi,A3,2015,11
2012 Toyota Prius C Hybrid Gas Saver Clean Title Automatic,https://www.craigslist.org/view/d/hayward-2012-toyota-prius-hybrid-gas/njAWESwmsAmhrANmyX3tio,8800,141000.0,hayward,Toyota,Prius,2012,14
2008 Toyota Camry (Mechanic Special) Sold As Is,https://www.craigslist.org/view/d/san-jose-2008-toyota-camry-mechanic/uNmZfLV9QiPZvsjzATehtA,3200,141000.0,sanjosedowntown,Toyota,Camry,2008,18
2009 Audi Avant A4 Quattro,https://www.craigslist.org/view/d/saratoga-2009-audi-avant-a4-quattro/974LqpxnpJMmA5veZVwyJq,3000,78000.0,saratoga,Audi,A4,2009,17
2011 Ford F-350 Xl Super Duty Utility Service Truck,https://www.craigslist.org/view/d/pittsburg-2011-ford-350-xl-super-duty/bJD1c5LybeHAWXwWJZuKtc,17500,238000.0,pittsburg,Ford,F350,2011,15
2014 Chevrolet Equinox Ltz Sport Utility Records Excellent 2015 Gmc,https://www.craigslist.org/view/d/san-jose-2014-chevrolet-equinox-ltz/mJ5fNFhUKaJzVLLwkBJ38B,5900,188000.0,sanjosewest,Chevrolet,Equinox,2014,12
2011 Honda Insight Hybrid – Well Maintained – Runs Perfectly,https://www.craigslist.org/view/d/emeryville-2011-honda-insight-hybrid/dw7SSjShTcNyXTT5dnfLC9,4700,190000.0,alameda,Honda,Insight,2011,15
"2016 Volkswagen Golf Sportwagen, Clean Title",https://www.craigslist.org/view/d/hayward-2016-volkswagen-golf-sportwagen/d3uDHWyMNAntzGYqzcuDe5,8990,111000.0,hayward,Volkswagen,Golf,2016,10
2011 Kia Soul Base Manual,https://www.craigslist.org/view/d/mount-hermon-2011-kia-soul-base-manual/2Zzij5MQpYwrPwxhLpFs55,6500,98000.0,scottsvalley,Kia,Soul,2011,15
"2013 Toyota Sienna, Clean Title, Low Mileage",https://www.craigslist.org/view/d/hayward-2013-toyota-sienna-clean-title/s7kSsfb6uw9iXSNAMEqtUf,18990,80000.0,hayward,Toyota,Sienna,2013,13
"2021 Toyota Corolla, Clean Title, No Accident",https://www.craigslist.org/view/d/hayward-2021-toyota-corolla-clean-title/p9hcUMnnHZG25chuSFi9Gh,14990,122000.0,hayward,Toyota,Corolla,2021,5
"2010 Audi Q7 Vr6 Natural Aspirated Porshe Engine, Within 2 Years Of Production O",https://www.craigslist.org/view/d/lafayette-2010-audi-q7-vr6-natural/cKG35ABKyr31SpQjnbegmH,6500,160000.0,lafayette,Audi,Q7,2010,16
2016 Honda Fit,https://www.craigslist.org/view/d/burlingame-2016-honda-fit/887qFyW12dtyQSLdGbNxTf,9500,106000.0,burlingame,Honda,Fit,2016,10
2016 Gmc Sierra,https://www.craigslist.org/view/d/menlo-park-2016-gmc-sierra/2pNBgddQDiAhsJ5x42M8Uv,14590,173000.0,redwoodcity,Gmc,Sierra,2016,10
"2022 Honda Accord Sport Hybrid, Clean Title, No Accident",https://www.craigslist.org/view/d/hayward-2022-honda-accord-sport-hybrid/bVH8dDCa11P6s4MrARKyTB,17990,148000.0,hayward,Honda,Accord,2022,4
"2019 Honda Odyssey, Clean Title, One Owner",https://www.craigslist.org/view/d/hayward-2019-honda-odyssey-clean-title/hz2ejiAWKkiLhwoYt5peRC,16990,154000.0,hayward,Honda,Odyssey,2019,7
2007 Honda Civic Hybrid,https://www.craigslist.org/view/d/san-jose-2007-honda-civic-hybrid/8LF69Q6gBAENUj5JQCAHj7,4300,130000.0,sanjosedowntown,Honda,Civic,2007,19
2011 Subaru Outback,https://www.craigslist.org/view/d/san-jose-2011-subaru-outback/sGB8NfLzM9TtcwgVC7v2Wu,4500,180000.0,sanjosedowntown,Subaru,Outback,2011,15
"2014 Ford Escape, Clean Title, Excellent Condition",https://www.craigslist.org/view/d/hayward-2014-ford-escape-clean-title/f8UkRYqtM98fUtY76fXzPL,6990,122000.0,hayward,Ford,Escape,2014,12
"2013 Acura Mdx Awd, Clean Title, Excellent Condition",https://www.craigslist.org/view/d/hayward-2013-acura-mdx-awd-clean-title/e64KDuPnwEe6Sp8KWtBVDJ,10990,129000.0,hayward,Acura,Mdx,2013,13
Pristine! 2008 Toyota Tundra Dbl Cab 6.5Ft Bed Low Miles! Carfax{Clean,https://www.craigslist.org/view/d/sacramento-pristine-2008-toyota-tundra/dfCK4daJPk4QQ687sUxesb,14300,142000.0,sacramento,Toyota,Tundra,2008,18
"2017 Honda Fit Ex-L – Clean Title – 87,202 Miles",https://www.craigslist.org/view/d/novato-2017-honda-fit-ex-clean-title/o6aTQdYp4bxK9kE1fjK96J,14600,87000.0,novato,Honda,Fit,2017,9
2022 Subaru Impreza Awd Wagon,https://www.craigslist.org/view/d/berkeley-2022-subaru-impreza-awd-wagon/9yHtUJirW2zan71vtahvEd,17800,35000.0,berkeleynorth,Subaru,Impreza,2022,4
Gmc Canyon 2016 Sle,https://www.craigslist.org/view/d/morgan-hill-gmc-canyon-2016-sle/9fp9By7Vo4kkwLHKdFHnZf,12800,134000.0,morganhill,Gmc,Canyon,2016,10
"2016 Porsche Boxster – Metallic White – 41,397 Miles – One Owner",https://www.craigslist.org/view/d/san-francisco-2016-porsche-boxster/4HQpNaetw4qBQ7uZRsckTT,42000,41000.0,soma,Porsche,Boxster,2016,10
"2009 Toyota Camry Le, Excellent Condition",https://www.craigslist.org/view/d/san-jose-2009-toyota-camry-le-excellent/4Za6EDcUbghA2Yyg2HRJme,6100,146000.0,sanjosewest,Toyota,Camry,2009,17
2007 Lexus Es 350,https://www.craigslist.org/view/d/san-jose-2007-lexus-es-350/mo849P7PbuwZotWaKE6SZc,5500,199000.0,sanjosewest,Lexus,Es,2007,19
"2016 Acura Mdx ,Advance / Sh-Awd W/Res",https://www.craigslist.org/view/d/san-jose-2016-acura-mdx-advance-sh-awd/kyFG7nnjpPCdAG71SCbSik,11999,146000.0,sanjosewest,Acura,Mdx,2016,10
"2010 Toyota Rav4, 4Wd, Limited, Excellent Condition",https://www.craigslist.org/view/d/san-jose-2010-toyota-rav4-4wd-limited/39KmLbf6HPLLq2JnXWB8Ea,7199,186000.0,sanjosewest,Toyota,Rav4,2010,16
2010 Honda Cr-V Exl 4Wd,https://www.craigslist.org/view/d/san-jose-2010-honda-cr-exl-4wd/jsYA6qGjfeVyiUDNSjMSAd,8999,117000.0,sanjosewest,Honda,Crv,2010,16
2000 Toyota Camry,https://www.craigslist.org/view/d/oakland-2000-toyota-camry/8xUhhr9GvXJt5hGR5ZmTpd,2295,137000.0,oaklandrockridge,Toyota,Camry,2000,26
"2014 Mercedes E350 Coupe - 38,000 Orginal Miles",https://www.craigslist.org/view/d/santa-rosa-2014-mercedes-e350-coupe/f8cPvvyq1XuD1h1SvPggCw,16900,38000.0,santarosa,Mercedes,E350,2014,12
$$$$$ Mercedes Benz 2016 Gla 250,https://www.craigslist.org/view/d/walnut-creek-mercedes-benz-2016-gla-250/roTHByMDDR4p8GPEwBuZj9,12500,73000.0,concord,Mercedes,Gla,2016,10
2008 Toyota Prius- Leather- Backup Cam - New Tires- Clean Title!,https://www.craigslist.org/view/d/san-rafael-2008-toyota-prius-leather/rMwcJ31qBF9KztYsJW8qjZ,5700,162000.0,sanrafael,Toyota,Prius,2008,18
2016 Subaru Crosstrek - Clean Title - Well Maintained,https://www.craigslist.org/view/d/pleasant-hill-2016-subaru-crosstrek/x1to2iF7yepQEFiT2jaYR4,8000,121000.0,concord,Subaru,Crosstrek,2016,10
2011 Toyota Sienna Limited Awd 4X4 7 Passengers Black.,https://www.craigslist.org/view/d/san-mateo-2011-toyota-sienna-limited/pQia9uu8UumjfE45zNJhSr,9900,94000.0,peninsula,Toyota,Sienna,2011,15
2018 Hyundai Tucson Sel Plus,https://www.craigslist.org/view/d/livermore-2018-hyundai-tucson-sel-plus/xkoxZtsztZkVM13afg4sun,9500,113000.0,livermore,Hyundai,Tucson,2018,8
"2011 Toyota Tacoma, Clean Title, Runs Excellent",https://www.craigslist.org/view/d/oakland-2011-toyota-tacoma-clean-title/aaFmeb7MxhXHnszWJERa9f,12500,182000.0,oaklandhills,Toyota,Tacoma,2011,15
"1989 Ford Ranger - Clean, Original Truck",https://www.craigslist.org/view/d/beebe-1989-ford-ranger-clean-original/uPSJkMBMJiLTJybr4iuPgF,7300,106000.0,sanfrancisco,Ford,Ranger,1989,37
For Sale - 2016 Mercedes-Benz C300,https://www.craigslist.org/view/d/hayward-for-sale-mercedes-benz-c300/59Dp7n5oacVScftrTDBLrE,23000,55000.0,hayward,Mercedes,C300,2016,10
2013 Bmw 328I 3 Series,https://www.craigslist.org/view/d/scotts-valley-2013-bmw-328i-series/kDiP9tnJmExubEN8sEbdNL,9999,133000.0,scottsvalley,Bmw,328I,2013,13
2016 Toyota Rav4 Se Sport Package,https://www.craigslist.org/view/d/union-city-2016-toyota-rav4-se-sport/uaRXZk5QE9g7FWF3Uf3Re3,9600,195000.0,fremont,Toyota,Rav4,2016,10
2019 Jaguar F-Pace,https://www.craigslist.org/view/d/hayward-2019-jaguar-pace/nwM6cgeuHigVdZkMbhrw7A,15000,77000.0,hayward,Jaguar,Fpace,2019,7
"1965 Ford F250 Custom Patina Truck ($ Lowered, Must Sell)",https://www.craigslist.org/view/d/alameda-1965-ford-f250-custom-patina/3btM887yugPoRXG9D2MCHd,12450,15000.0,alameda,Ford,F250,1965,61
2020 Chevrolet Silverado Ltz One Owner Low Mileage,https://www.craigslist.org/view/d/sacramento-2020-chevrolet-silverado-ltz/njKTRm2m6UUrkLGRxMU7SQ,32500,53000.0,sacramento,Chevrolet,Silverado,2020,6
2016 Infiniti Q50 3.7 Awd W/65K Orig Miles. 1 Owner. Smogd. Cln Title,https://www.craigslist.org/view/d/concord-2016-infiniti-q50-37-awd-65k/2inxhYgqqs5rk8UkSTYLPJ,13500,65000.0,concord,Infiniti,Q50,2016,10
2012 Toyota Prius V (One Owner/ Low Mileage),https://www.craigslist.org/view/d/fremont-2012-toyota-prius-one-owner-low/ofgexPuZPEUL7vwr96LJ2T,12250,105000.0,fremont,Toyota,Prius,2012,14
2002 Lexus Rx300,https://www.craigslist.org/view/d/martinez-2002-lexus-rx300/mmCxchkgYTaQ1kNB1LgJGX,3500,184000.0,concord,Lexus,Rx,2002,24
2012 Ford Escape Flex Fuel (Gas Saver),https://www.craigslist.org/view/d/port-costa-2012-ford-escape-flex-fuel/wSinZvH1cL6GxrCHfLMS5u,5000,150000.0,concord,Ford,Escape,2012,14
2014 Porsche 911 Carrera,https://www.craigslist.org/view/d/belmont-2014-porsche-911-carrera/7ACoNq2hvLV4LT3jjxLzA6,68000,40000.0,belmont,Porsche,911,2014,12
2006 Honda Pilot Ex-L W/Navigation Awd Clean Title Smog Passed,https://www.craigslist.org/view/d/campbell-2006-honda-pilot-ex-w/nPdeRTLVfJGR6RvEGdgXBq,7300,134000.0,campbell,Honda,Pilot,2006,20
2015 Bmw 528I,https://www.craigslist.org/view/d/san-jose-2015-bmw-528i/78yeeKFwzgo8nie3dsnxTa,8950,90000.0,sanjosewest,Bmw,528I,2015,11
2020 Toyota Rav4 Xle Clean Title Low Milage,https://www.craigslist.org/view/d/campbell-2020-toyota-rav4-xle-clean/6E3jpkoPi38dVofY6MaZef,21500,64000.0,campbell,Toyota,Rav4,2020,6
"2005 Toyota Corolla Ce – Clean Title, Smog Passe,Reliable Daily Driver",https://www.craigslist.org/view/d/campbell-2005-toyota-corolla-ce-clean/mJ6qrew1St9itDiri5DR6W,4400,132000.0,campbell,Toyota,Corolla,2005,21
2007 Chevrolet Suburban Ls 2500 Clean Title Smog Passed,https://www.craigslist.org/view/d/campbell-2007-chevrolet-suburban-ls/o3faAc6kZ3i7hfsTnN9bK1,9300,137000.0,campbell,Chevrolet,Suburban,2007,19
2009 Toyota Tacoma Super Clean 4X4,https://www.craigslist.org/view/d/lafayette-2009-toyota-tacoma-super/kUxrU3zh1CZHkNDEG2Th9y,23800,53000.0,lafayette,Toyota,Tacoma,2009,17
2005 Honda Accord Lx,https://www.craigslist.org/view/d/santa-clara-2005-honda-accord-lx/rJ7vYhhEckkr3KGPCGQFAi,3200,131000.0,santaclara,Honda,Accord,2005,21
2014 Dodge Journey,https://www.craigslist.org/view/d/hayward-2014-dodge-journey/vn4nfWGrFKijdXRJWRGUV6,10000,127000.0,fremont,Dodge,Journey,2014,12
2014 Vw Gti Drivers Edition,https://www.craigslist.org/view/d/richmond-2014-vw-gti-drivers-edition/4Dv7AZsWMNkkiu1n76HT1n,9250,132000.0,richmond,Vw,Gti,2014,12
2016 Ford Fusion Energi Titanium Plug-In Hybrid Clean Title Smogged!,https://www.craigslist.org/view/d/tracy-2016-ford-fusion-energi-titanium/jDgnBJxsKVtQW3xDL75ruj,8800,96000.0,tracy,Ford,Fusion,2016,10
2012 Toyota Prius Iii Clean Title Carfax Smogged Low Miles 83K,https://www.craigslist.org/view/d/tracy-2012-toyota-prius-iii-clean-title/5jqaPmw6WBDfywZJTmTSim,8800,83000.0,tracy,Toyota,Prius,2012,14
2018 Honda Crv Ex Awd Excellent Condition,https://www.craigslist.org/view/d/hayward-2018-honda-crv-ex-awd-excellent/dpbM26aodmeg2ZaWNQwWgt,22900,54000.0,hayward,Honda,Crv,2018,8
2013 Acura Tsx Wagon With Tech Package - Clean Title,https://www.craigslist.org/view/d/castro-valley-2013-acura-tsx-wagon-with/tJNBX3SJpdAyhWTGYDpRWK,12000,167000.0,dublin,Acura,Tsx,2013,13
"2000 Honda Civic Lx – Only 99,500 Original Miles!",https://www.craigslist.org/view/d/san-jose-2000-honda-civic-lx-only/qiQKaMmdyfRB2PF7qt8FEj,4700,100000.0,sanjosesouth,Honda,Civic,2000,26
1970 Dodge Challenger,https://www.craigslist.org/view/d/san-mateo-1970-dodge-challenger/j7v4sEPKYRJ51gY6WfCCpN,27500,127000.0,sanmateo,Dodge,Challenger,1970,56
2007 Jeep Grand Cherokee 4X4 Overland,https://www.craigslist.org/view/d/mountain-view-2007-jeep-grand-cherokee/ecepR1LvXiMd7zrfTWPgTu,4900,146000.0,mountainview,Jeep,Grand Cherokee,2007,19
2016 Subaru Forester,https://www.craigslist.org/view/d/windsor-2016-subaru-forester/wVnQdm2RhouowjBWA4epkn,2584,216000.0,santarosa,Subaru,Forester,2016,10
1999 Gmc Yukon Slt,https://www.craigslist.org/view/d/windsor-1999-gmc-yukon-slt/sAvZN7J5MzoZ6eRxnE9y2H,1999,246000.0,santarosa,Gmc,Yukon,1999,27
2006 Honda Accord,https://www.craigslist.org/view/d/hayward-2006-honda-accord/2wWSAWYW3uW8rTd31m9z2f,1250,180000.0,hayward,Honda,Accord,2006,20
"2017 Toyota Camry  Le, Clean Title, 1 Owner, Clean Title!",https://www.craigslist.org/view/d/walnut-creek-2017-toyota-camry-le-clean/oWsNT6tRQQfEscSTzvij8K,13900,111000.0,walnutcreek,Toyota,Camry,2017,9
2017 Mercedes Sprinter By Grech 14 Pax,https://www.craigslist.org/view/d/san-bruno-2017-mercedes-sprinter-by/fqcPgznYaX1uza5t1CdxVY,35000,205000.0,sanbruno,Mercedes,Sprinter,2017,9
2016 Ford F250 6.7 Powerstroke Diesel,https://www.craigslist.org/view/d/san-lorenzo-2016-ford-powerstroke-diesel/oEW421z1dWjNEUPhhnQAWs,45000,86000.0,southbayarea,Ford,F250,2016,10
1997 Ford F350 Box Truck With Lift Gate,https://www.craigslist.org/view/d/santa-clara-1997-ford-f350-box-truck/hL8mofRVw84mZvZ9g9goyk,5500,58000.0,santaclara,Ford,F350,1997,29
2006 Toyota Tacoma,https://www.craigslist.org/view/d/el-verano-2006-toyota-tacoma/rf2pkThDCRsgZ7sCyfSJdd,15000,128000.0,sonoma,Toyota,Tacoma,2006,20
Honda Crv Ex-L 2017 In Good Condition,https://www.craigslist.org/view/d/cupertino-honda-crv-ex-2017-in-good/dkCnp2JmnewTosKiKCfmpm,17500,84000.0,cupertino,Honda,Crv,2017,9
2008 Ford Escape Hybrid Awd - Super Clean!,https://www.craigslist.org/view/d/windsor-2008-ford-escape-hybrid-awd/hAitWUrxH2CACKHEA9no2h,2299,180000.0,santarosa,Ford,Escape,2008,18
2007 Toyota Camry One Owner!,https://www.craigslist.org/view/d/pleasanton-2007-toyota-camry-one-owner/f6G6i2sSqifLpZHq5d2iZ5,5900,147000.0,dublin,Toyota,Camry,2007,19
2014 Chevrolet Cruze,https://www.craigslist.org/view/d/pleasanton-2014-chevrolet-cruze/w4qdoBY6MraChCmejaYpjF,4999,108000.0,dublin,Chevrolet,Cruze,2014,12
2006 Nissan Pathfinder 2Wd 8 Pasengers,https://www.craigslist.org/view/d/san-mateo-2006-nissan-pathfinder-2wd/dDPZis73mFKN1oHZSmtVxp,3950,96000.0,sanmateo,Nissan,Pathfinder,2006,20
2015 Subaru Forester,https://www.craigslist.org/view/d/pleasanton-2015-subaru-forester/qxntbJFGMrePop2vjbAgBs,6200,170000.0,dublin,Subaru,Forester,2015,11
2004 Honda S2000,https://www.craigslist.org/view/d/redwood-city-2004-honda-s2000/ag9o5iCeKikeD1moHxaQ7y,21000,141000.0,redwoodcity,Honda,S2000,2004,22
2014 Nissan Versa Note S Plus - Clean Title,https://www.craigslist.org/view/d/santa-clara-2014-nissan-versa-note-plus/wNwoEDqDwzGdBL6H69bxCm,3450,120000.0,santaclara,Nissan,Versa,2014,12
2015 Honda Accord Sport,https://www.craigslist.org/view/d/san-jose-2015-honda-accord-sport/38E2Badf5KZSe1opnWxY3c,14800,97000.0,losgatos,Honda,Accord,2015,11
Toyota Camry Xse 2018,https://www.craigslist.org/view/d/windsor-toyota-camry-xse-2018/5BT33HBdKCAY6hGqaRnKs5,14900,130000.0,healdsburg,Toyota,Camry,2018,8
1968 Vw Beetle,https://www.craigslist.org/view/d/knightsen-1968-vw-beetle/9K5KqBTdhMtUxAg2qkZepZ,13500,120000.0,brentwood,Vw,Beetle,1968,58
2018 Infiniti Q50 2.0,https://www.craigslist.org/view/d/hayward-2018-infiniti-q50-20/n9VDj8sbTw2dAbmeQn6U23,7500,145000.0,hayward,Infiniti,Q50,2018,8
2012 Subaru Forester Premium,https://www.craigslist.org/view/d/campbell-2012-subaru-forester-premium/nLfXebcjoFvaWJj1ZNXbDb,10800,117000.0,losgatos,Subaru,Forester,2012,14
2015 Subaru Forester Premium,https://www.craigslist.org/view/d/saratoga-2015-subaru-forester-premium/wkjwmgezAkbzHoKdSnVyHf,12800,111000.0,losgatos,Subaru,Forester,2015,11
2017 Nissan Altima S,https://www.craigslist.org/view/d/fairfield-2017-nissan-altima/2micqXNexTX3FkoVVGvomd,7900,134000.0,fairfield,Nissan,Altima,2017,9
2010 Toyota Sienna Xle – 1 Owner – Clean Title,https://www.craigslist.org/view/d/sunnyvale-2010-toyota-sienna-xle-owner/sqmhoWFdF2bw3Uz9G7CkjX,7800,132000.0,sunnyvale,Toyota,Sienna,2010,16
2003 Mercedes Sprinter Diesel Camper,https://www.craigslist.org/view/d/san-jose-2003-mercedes-sprinter-diesel/uRSR7BQDp4QorNMKDHNyeh,7299,160000.0,sanjosedowntown,Mercedes,Sprinter,2003,23
1991 Toyota Corolla - Manual Transmission,https://www.craigslist.org/view/d/windsor-1991-toyota-corolla-manual/2a1hdAKeC58xjFZfnnRf5K,1799,280000.0,santarosa,Toyota,Corolla,1991,35
2005 Honda Pilot,https://www.craigslist.org/view/d/pleasanton-2005-honda-pilot/4TLwYPyojDf5JcTFUW9VfJ,1800,200000.0,concord,Honda,Pilot,2005,21
2002 Volkswagen Beetle Sport - Manual Transmission,https://www.craigslist.org/view/d/windsor-2002-volkswagen-beetle-sport/4GgdBkkWopTSTt8taL9CLv,2159,140000.0,santarosa,Volkswagen,Beetle,2002,24
2018 Ram 2500 Regular Cab Tradesman Pickup 8 Ft Bed,https://www.craigslist.org/view/d/san-rafael-2018-ram-2500-regular-cab/7zcZDWBcBkXXJ4U8QjuKUT,13500,135000.0,sanrafael,Ram,2500,2018,8
2012 Hyundai Veloster,https://www.craigslist.org/view/d/windsor-2012-hyundai-veloster/58JJbHkrHvh4tscYviaTrn,1999,128000.0,santarosa,Hyundai,Veloster,2012,14
2018 Toyota Prius C Four (78000 Miles),https://www.craigslist.org/view/d/san-jose-2018-toyota-prius-four-miles/baTT8av8fNEnrj6zCPxx3T,15300,78000.0,sanjose,Toyota,Prius,2018,8
2012 Ford Mustang V6 3.7,https://www.craigslist.org/view/d/concord-2012-ford-mustang-v6-37/gsE3GEVQcoDskR8tzZzNkj,10000,74000.0,concord,Ford,Mustang,2012,14
2002 Ford F350 Diesel,https://www.craigslist.org/view/d/napa-2002-ford-f350-diesel/r2twBUS8JKAVbyBYewr51B,8000,188000.0,napacounty,Ford,F350,2002,24
2022 Ford Escape Hybrid Awd (1-Owner) Immaculate,https://www.craigslist.org/view/d/walnut-creek-2022-ford-escape-hybrid/oAPdLefWAaLxkmm8sSo1zp,13500,95000.0,walnutcreek,Ford,Escape,2022,4
2017 Ram 1500 Tradesman 5.7L Hemi V8 - Clean Title - 1 Owner,https://www.craigslist.org/view/d/san-jose-2017-ram-1500-tradesman-57l/fUuj3h8qPicHP22rWSXGzA,11998,116000.0,sanjosedowntown,Ram,1500,2017,9
2024 Ram 2500 Night Edition Laramie (Still Under Factory Warranty),https://www.craigslist.org/view/d/santa-rosa-2024-ram-2500-night-edition/rEdV1D5eKPZUdJZ9u6mAU8,68250,17000.0,santarosa,Ram,2500,2024,2
"2016 Honda Accord Exl - Excellent Condition, Leather, Honda Sensing",https://www.craigslist.org/view/d/san-jose-2016-honda-accord-exl/4zLiHyNxUcQ9RzfHhkZCN2,18500,94000.0,sanjosesouth,Honda,Accord,2016,10
"2007 Lexus Rx 400H ,Hybrid, Save Gas,Clean Title Run Good!",https://www.craigslist.org/view/d/san-jose-2007-lexus-rx-400h-hybrid-save/hKmtw7ri25ck5DpgCgkWV6,4200,208000.0,sanjosesouth,Lexus,Rx,2007,19
"2010 Honda Cr-V Ex Well Maintained, Great Condition",https://www.craigslist.org/view/d/san-carlos-2010-honda-cr-ex-well/cFBqzpQpjL2J1gbTnbdWvL,5000,216000.0,sancarlos,Honda,Crv,2010,16
1979 Ford F-250 Custom Long Bed - Project Truck W/ Heavy Duty Rack,https://www.craigslist.org/view/d/oakland-1979-ford-250-custom-long-bed/ffr3PhPZTenc6dF1fNHSPk,3000,70000.0,oaklandwest,Ford,F250,1979,47
2004 Volvo Xc90 2.5T – 1 Owner • Only 118K Miles • 7 Passenger • Clean T,https://www.craigslist.org/view/d/livermore-2004-volvo-xc90-25t-owner/vj5VrAv3RLSPXKmtf3MCrP,5900,117000.0,eastbayarea,Volvo,Xc90,2004,22
2011 Cadillac Escalade Ext Awd — Clean Title,https://www.craigslist.org/view/d/oakland-2011-cadillac-escalade-ext-awd/cBpBMkpdD335MxJTDcvzkr,10000,168000.0,pointrichmond,Cadillac,Escalade,2011,15
2008 Lexus Es350 • Clean California Title • Project / Parts Car •,https://www.craigslist.org/view/d/san-jose-2008-lexus-es350-clean/qVkFhJ85zpf9wvvoxgxMcX,1800,218000.0,sanjosesouth,Lexus,Es,2008,18
"2012 Ford Focus Se 2.4.L......~$4,900~",https://www.craigslist.org/view/d/san-jose-2012-ford-focus-se-24l4900/sA7mwkivHQv9itmaL4JapW,4900,120000.0,sanjose,Ford,Focus,2012,14
2006 Toyota Camry,https://www.craigslist.org/view/d/san-francisco-2006-toyota-camry/azX17BXXD5gv4ufcCQMmfB,4250,205000.0,sanfrancisco,Toyota,Camry,2006,20
"Mini Cooper S 2012 Hardtop (R56, N18) 1.6-Liter Turbo",https://www.craigslist.org/view/d/hercules-mini-cooper-2012-hardtop-r56/iDQs32Vro7qv164ecueXXE,8500,118000.0,"hercules,pinole,sanpablo,elsob",Mini,Cooper,2012,14
2005 Ford F-150,https://www.craigslist.org/view/d/hayward-2005-ford-150/7ycX1b8mJQBFfaCKMQ3NQ9,5000,170000.0,hayward,Ford,F150,2005,21
2014 Ford Escape Se,https://www.craigslist.org/view/d/el-verano-2014-ford-escape-se/f4SszpCvQmwkxJR7oPppAd,6500,81000.0,sonoma,Ford,Escape,2014,12
2019 Bmw X5 Xdrive40I 6-Cyl Awd Clean Title Backup Cam Sport Pkg X6,https://www.craigslist.org/view/d/hayward-2019-bmw-x5-xdrive40i-cyl-awd/ueUAmfwJzXs7T2o8EDNnGb,22800,86000.0,hayward,Bmw,X5,2019,7
2015 Bmw 328Xi Low Miles Backup Camera Black/Black 328I,https://www.craigslist.org/view/d/hayward-2015-bmw-328xi-low-miles-backup/cLDPJM7hLKufJ3TaGjrHNU,9800,81000.0,hayward,Bmw,328I,2015,11
2017 Honda Ridgeline Rt Clean Title Awd Automatic Tacoma Tundra,https://www.craigslist.org/view/d/hayward-2017-honda-ridgeline-rt-clean/fmVY28kF88LRkQ9S9q1WeT,11800,145000.0,hayward,Honda,Ridgeline,2017,9
2004 Pontiac Grand Am Se -1 Owner - Only 114K Miles - Well Maintained!,https://www.craigslist.org/view/d/pleasanton-2004-pontiac-grand-am-se/uBnFtvMXQhMGtvqKi1SxuH,2900,115000.0,dublin,Pontiac,Grand Am,2004,22
2017 Toyota Prius Hybrid,https://www.craigslist.org/view/d/el-verano-2017-toyota-prius-hybrid/oyYQwGwrHFy3vYWAzcMD4R,12500,147000.0,sonoma,Toyota,Prius,2017,9
2020 Bmw X5 Xdrive40I Sport Awd 90K Mi • $6K+ Recent Upgrades,https://www.craigslist.org/view/d/los-gatos-2020-bmw-x5-xdrive40i-sport/dudheZC2zBm45amU7TpqNS,29999,90000.0,losgatos,Bmw,X5,2020,6
2017 Mitsubishi Outlander Sport- Limited Edition-Silver Color,https://www.craigslist.org/view/d/san-ramon-2017-mitsubishi-outlander/cPeFDfUtr5Hu92WJbpdvfM,9850,116000.0,danville,Mitsubishi,Outlander,2017,9
2009 Jeep Wrangler,https://www.craigslist.org/view/d/rohnert-park-2009-jeep-wrangler/8yCwSXEycUsfW1Tf4oBFQa,13600,116000.0,rohnertpark,Jeep,Wrangler,2009,17
2016 Lexus Is 300 Silver 57K Miles,https://www.craigslist.org/view/d/san-jose-2016-lexus-is-300-silver-57k/5Hk1c7tLoj44U2gC2Avv5s,21000,58000.0,sanjoseeast,Lexus,Es,2016,10
"1997 Jeep Cherokee Xj Up-Country – 130K Miles – Rare, Stock, Original",https://www.craigslist.org/view/d/san-ramon-1997-jeep-cherokee-xj-up/jZvRXy2m2Baws2vA4uW5BP,15000,130000.0,eastbayarea,Jeep,Cherokee,1997,29
2008 Honda Civic Lx,https://www.craigslist.org/view/d/vallejo-2008-honda-civic-lx/5WKhdYfVKeaU7cuE33QYLW,5800,98000.0,vallejo,Honda,Civic,2008,18
2018 Ford F-150 Xlt Supercrew,https://www.craigslist.org/view/d/san-jose-2018-ford-150-xlt-supercrew/c1ZXNWJTguJAVifFAeBt6D,17950,146000.0,sanjose,Ford,F150,2018,8
2023 Toyota Corolla Cross Awd,https://www.craigslist.org/view/d/san-francisco-2023-toyota-corolla-cross/7bnQZtD9nWvwAHzAvnKa6t,23900,3000.0,sanfrancisco,Toyota,Corolla,2023,3
2009 Toyota Prius,https://www.craigslist.org/view/d/newark-2009-toyota-prius/jiVmkzs4y2oADo9XGGmBUi,4250,205000.0,fremont,Toyota,Prius,2009,17
2001 Toyota Avalon Low Miles! 152K!!,https://www.craigslist.org/view/d/hayward-2001-toyota-avalon-low-miles/dpauaDZBDCcv6a6ywo8vnR,2300,152000.0,hayward,Toyota,Avalon,2001,25
2012 Gmc Acadia,https://www.craigslist.org/view/d/santa-rosa-2012-gmc-acadia/kuKUhPG3i5roVtJ321jEWs,3400,138000.0,santarosa,Gmc,Acadia,2012,14
2016 Jeep Grand Cherokee Limited 4Wd,https://www.craigslist.org/view/d/burlingame-2016-jeep-grand-cherokee/98HiGkdF2T7HX8T4wuFEnJ,11850,117000.0,burlingame,Jeep,Grand Cherokee,2016,10
2014 Ford Focus Se,https://www.craigslist.org/view/d/san-jose-2014-ford-focus-se/sDh2ViER9P8YW5TU1pAc4c,4850,147000.0,sanjose,Ford,Focus,2014,12
Mercedes C250 2012,https://www.craigslist.org/view/d/camp-meeker-mercedes/qKrjBBfnKVe8kz6xd5vpSm,5000,175000.0,sebastopol,Mercedes,C250,2012,14
2007 Subaru Impreza Awd !!,https://www.craigslist.org/view/d/berkeley-2007-subaru-impreza-awd/opxbogztTk8vFH4mEUa7vF,4400,145000.0,berkeley,Subaru,Impreza,2007,19
2000 Honda Civic,https://www.craigslist.org/view/d/menlo-park-2000-honda-civic/hRfcQC5S5evPnkV3xfa4ER,5500,118000.0,menlopark,Honda,Civic,2000,26
2012 Volkswagen Passat Se * 1-Owner * Great Sedan,https://www.craigslist.org/view/d/vallejo-2012-volkswagen-passat-se-owner/qEMytPuwmemdpjJwnNARcK,4750,165000.0,vallejo,Volkswagen,Passat,2012,14
2012 Mini Countryman,https://www.craigslist.org/view/d/la-honda-2012-mini-countryman/cK5UNKgbHzDBbsvTPD8ok2,4900,100000.0,woodside,Mini,Countryman,2012,14
2011 Acura Mdx Sh-Awd*  * 3Rd Row Seat,https://www.craigslist.org/view/d/vallejo-2011-acura-mdx-sh-awd-3rd-row/fP9c7HeY97jBPUJrGSCgVp,4495,220000.0,vallejo,Acura,Mdx,2011,15
2009 Ford Focus Sel * 150K Miles * 5Spd Manual Transmission,https://www.craigslist.org/view/d/vallejo-2009-ford-focus-sel-150k-miles/x6MfG1Si5cxWQoL89rkTWz,3450,150000.0,vallejo,Ford,Focus,2009,17
2013 Kia Optima Gdi Lx 2.4L 4-Cylinder,https://www.craigslist.org/view/d/el-cerrito-2013-kia-optima-gdi-lx-24l/b9HtrQ782rsPGP3fhrcqrj,4500,161000.0,albany,Kia,Optima,2013,13
2002 Toyota Sequoia,https://www.craigslist.org/view/d/oakland-2002-toyota-sequoia/g4GfiYMqqX92EiFQ5VxLjt,4500,211000.0,alameda,Toyota,Sequoia,2002,24
2008 Honda Odyssey,https://www.craigslist.org/view/d/santa-cruz-2008-honda-odyssey/hgcjpqA2G3E5TwA3fUFVmR,3000,199000.0,santacruz,Honda,Odyssey,2008,18
2003 Honda Cr-V Ex * 4Wd Suv Gas Saver *,https://www.craigslist.org/view/d/vallejo-2003-honda-cr-ex-4wd-suv-gas/1ewKS2r5Yqokq3Rx3CddNt,4750,197000.0,vallejo,Honda,Crv,2003,23
"2003 Porsche Boxster, Bring A Trailer, Open To Offers",https://www.craigslist.org/view/d/bolinas-2003-porsche-boxster-bring/fXgrg4Zkx7eoeKcCZqe4AK,8000,62000.0,westmarin,Porsche,Boxster,2003,23
2005 Honda Odyssey Van,https://www.craigslist.org/view/d/san-jose-2005-honda-odyssey-van/uQVJJM2gbEd4dLsSMXm5pH,1500,234000.0,sanjosesouth,Honda,Odyssey,2005,21
2004 Pontiac Vibe * Toyota Matrix * Hatchback,https://www.craigslist.org/view/d/vallejo-2004-pontiac-vibe-toyota-matrix/qMKxwSSfCvJ8aUFxsBiRpo,2495,198000.0,vallejo,Toyota,Matrix,2004,22
"2013 Subaru Impreza Limited Awd, Low 78K Miles, Clean Title  & Carfax",https://www.craigslist.org/view/d/pleasanton-2013-subaru-impreza-limited/nqwLHTtF22hRRBdZyGTw5V,11800,78000.0,dublin,Subaru,Impreza,2013,13
"2013 Toyota Tacoma Prerunner  2 Wd, Double Cab, V6 4L. 90,435 Miles",https://www.craigslist.org/view/d/santa-rosa-2013-toyota-tacoma-prerunner/9VeTYtWSsidVCGFSx2sLYE,19990,90000.0,santarosa,Toyota,Tacoma,2013,13
2016 Toyota Tacoma Trd Off-Road 4X4,https://www.craigslist.org/view/d/los-gatos-2016-toyota-tacoma-trd-off/uKQvNhZwehnhQpB28NB4sS,28600,45000.0,losgatos,Toyota,Tacoma,2016,10
2011 Honda Pilot Exl 4Wd * 3Rd Row Seats * Back Up Camera,https://www.craigslist.org/view/d/vallejo-2011-honda-pilot-exl-4wd-3rd/hEgnxUGMoTAazcu5nbczto,4750,215000.0,vallejo,Honda,Pilot,2011,15
2009  Toyota Prius,https://www.craigslist.org/view/d/soquel-2009-toyota-prius/23hq2BAQyNRRsPgi5jEx2r,7000,130000.0,soquel,Toyota,Prius,2009,17
2011 - Acura Mdx - Sh Awd - 7 Seater,https://www.craigslist.org/view/d/menlo-park-acura-mdx-sh-awd-seater/48CCKND4ZPMDyangAeG9XM,4000,227000.0,menlopark,Acura,Mdx,2011,15
2007 Honda Odyssey Ex – Clean Title – 1 Owner,https://www.craigslist.org/view/d/san-jose-2007-honda-odyssey-ex-clean/uCvXve2qiyhU3tXwa6Pmig,4999,173000.0,sanjosedowntown,Honda,Odyssey,2007,19
2009 Ford Taurus V6 Drives Good! Smogged Reg 2027! Automatic! Nice!,https://www.craigslist.org/view/d/hayward-2009-ford-taurus-v6-drives-good/dTixxtGDRRq2i1cf4aSB8P,2500,140000.0,hayward,Ford,Taurus,2009,17
1981 Chevrolet Corvette Stingray T Tops L81 Update,https://www.craigslist.org/view/d/san-francisco-1981-chevrolet-corvette/9fm9eyfFJVwSnMVJvMGgzs,17500,23000.0,dublin,Chevrolet,Corvette,1981,45
2004 Honda Odyssey For Sale. Excellent Condition!,https://www.craigslist.org/view/d/alameda-2004-honda-odyssey-for-sale/o6oEEsNPSqiXNkBp3zAujb,4020,165000.0,alameda,Honda,Odyssey,2004,22
2006 Mitsubishi Galant,https://www.craigslist.org/view/d/san-jose-2006-mitsubishi-galant/ut8gduE3icYKiiyV16RmAY,2395,170000.0,sanjose,Mitsubishi,Galant,2006,20
Nissan Altima 2015 Milleage 67K,https://www.craigslist.org/view/d/union-city-nissan-altima-2015-milleage/reHHfYoU5pLStDo7XjJrC7,9639,67000.0,fremont,Nissan,Altima,2015,11
2003 Toyota Sequoia Limited 4X4/Awd Low Miles,https://www.craigslist.org/view/d/danville-2003-toyota-sequoia-limited/nYuGRVuBLcXnLY7qRPXBzY,8800,170000.0,danville,Toyota,Sequoia,2003,23
"2011 Bmw 335I (E90) - N55 Turbo - Clean Title - Runs - Collision Damage - $2,500",https://www.craigslist.org/view/d/san-jose-2011-bmw-335i-e90-n55-turbo/p6h9MMPzWwF5qFpWJVvBTW,2500,133000.0,sanjose,Bmw,335I,2011,15
2002 Toyota Tacoma Pre-Runner,https://www.craigslist.org/view/d/brentwood-2002-toyota-tacoma-pre-runner/8xpeqZHwT7rmiJcSLVXn15,5800,260000.0,brentwood,Toyota,Tacoma,2002,24
2011 Subaru Outback 3.6R Premium,https://www.craigslist.org/view/d/san-francisco-2011-subaru-outback-36r/cm88vhnQgPZDZBWdzejgzD,5500,167000.0,cityofsanfrancisco,Subaru,Outback,2011,15
1956 Cadillac Series 62 Sedan Deville,https://www.craigslist.org/view/d/glen-ellen-1956-cadillac-series-62/xiA54x71iNPyTM8bzssNBQ,4500,61000.0,glenellen,Cadillac,Deville,1956,70
2010 Toyota Corolla S,https://www.craigslist.org/view/d/san-bruno-2010-toyota-corolla/aiGWKxWwdyD151dR5pqbqE,8000,189000.0,sanbruno,Toyota,Corolla,2010,16
1999 Pontiac Grand Prix Gt,https://www.craigslist.org/view/d/san-bruno-1999-pontiac-grand-prix-gt/eqwUyWN7ePW4coF9r5YpKC,1500,100000.0,southsanfrancisco,Pontiac,Grand Prix,1999,27
2013 Honda Accord V6 Ex-L,https://www.craigslist.org/view/d/san-jose-2013-honda-accord-v6-ex/9o5B6vnS1dDAd3KJycswhk,14000,96000.0,sanjosesouth,Honda,Accord,2013,13
2006 Lexus Gs300 Mechanical Special,https://www.craigslist.org/view/d/lodi-2006-lexus-gs300-mechanical-special/um3ueDyHwMSsuDtMjsji69,2500,224000.0,eastbayarea,Lexus,Gs,2006,20
2017 Ford Explorer Police Interceptor Awd,https://www.craigslist.org/view/d/lodi-2017-ford-explorer-police/qQRT32PU4ju9H9Tsb4FJbZ,5500,130000.0,eastbayarea,Ford,Explorer,2017,9
"2010 Volkswagen Golf – 1 Owner – Only 37,649 Original Miles",https://www.craigslist.org/view/d/san-jose-2010-volkswagen-golf-owner/5aJU8njuzw6oGmDTRmprmt,6999,38000.0,sanjosedowntown,Volkswagen,Golf,2010,16
2008 Ford F-150 Xl – 8 Ft Long Bed – Clean Title,https://www.craigslist.org/view/d/lodi-2008-ford-150-xl-ft-long-bed-clean/47bzNt1mXw83zq6KLhxmV8,3300,268000.0,eastbayarea,Ford,F150,2008,18
1993 Ford F-350 Dump Truck,https://www.craigslist.org/view/d/hayward-1993-ford-350-dump-truck/dA5nneeKEFsgzNyt36KqWa,13500,126000.0,hayward,Ford,F350,1993,33
🚔 2017 Ford Explorer Police Interceptor Awd – Retired Sheriff Vehicle,https://www.craigslist.org/view/d/lodi-ford-explorer-police-interceptor/5g4gBMv7kb7LGSw4srHwEe,5500,130000.0,eastbayarea,Ford,Explorer,2017,9
Ford Focus 2014,https://www.craigslist.org/view/d/santa-rosa-ford-focus-2014/3JdbSxRHXLhnAhg4FYDEhA,6500,124000.0,santarosa,Ford,Focus,2014,12
2012 Toyota Highlander Hybrid Limited For Sale,https://www.craigslist.org/view/d/santa-clara-2012-toyota-highlander/qAWezt3sVMSdxfdJdxfFPn,9950,211000.0,santaclara,Toyota,Highlander,2012,14
"2016 Nissan Sentra Sv — $3,500 Obo",https://www.craigslist.org/view/d/scotts-valley-2016-nissan-sentra-sv-obo/dMc9HVwPEBMf2pqgZtbC2m,3500,130000.0,santacruz,Nissan,Sentra,2016,10
2014 Infiniti Q60 Convertible,https://www.craigslist.org/view/d/hayward-2014-infiniti-q60-convertible/vKVbTUvGhfLw8jvMCYKBvZ,15900,34000.0,hayward,Infiniti,Q60,2014,12
2014 Infiniti Qx60 Clean Title Low Miles,https://www.craigslist.org/view/d/santa-clara-2014-infiniti-qx60-clean/cRU7BajKLjwvgVqqb25Es4,8990,130000.0,santaclara,Infiniti,Qx60,2014,12
2008 Subaru Outback Manual Transmission,https://www.craigslist.org/view/d/brookdale-2008-subaru-outback-manual/nvTeSTCUv7bBf3U5XVs4PU,3000,226000.0,bouldercreek,Subaru,Outback,2008,18
2018 Jeep Grand Cherokee Trackhawk,https://www.craigslist.org/view/d/redwood-city-2018-jeep-grand-cherokee/uBCU6dREUjJWccgpDMa7zk,67500,50000.0,redwoodcity,Jeep,Grand Cherokee,2018,8
2006 Toyota Camry,https://www.craigslist.org/view/d/redwood-city-2006-toyota-camry/7KPkttKcjAUQGz9V8uj47W,4800,139000.0,redwoodcity,Toyota,Camry,2006,20
2009 Audi A5 Quattro Coupe Awd * Excellent Condition * 140K Miles *,https://www.craigslist.org/view/d/vallejo-2009-audi-a5-quattro-coupe-awd/8VNPjaBRvWTVpCTjq6yzdk,5450,140000.0,vallejo,Audi,Tt,2009,17
2014 Acura Mdx Sh-Awd W/Tech * Leather * Sunroof * Excellent Suv,https://www.craigslist.org/view/d/vallejo-2014-acura-mdx-sh-awd-tech/gcsNUja4Pz1HRcaUC1PW6p,6450,195000.0,vallejo,Acura,Mdx,2014,12
2004 Subaru Forester Xs Awd Wagon * Leather Sunroof * Good Wagon,https://www.craigslist.org/view/d/vallejo-2004-subaru-forester-xs-awd/68vRk7VjqJdB89t1UxB33Z,2950,190000.0,vallejo,Subaru,Forester,2004,22
2004 Lexus Gx470 - 185K Miles. Custom Build,https://www.craigslist.org/view/d/atherton-2004-lexus-gx-miles-custom/dm42WqJyrQE2RzGJ72SgVY,16500,185000.0,atherton,Lexus,Es,2004,22
2008 Honda Pilot 4Wd Third Roll Seat,https://www.craigslist.org/view/d/dublin-2008-honda-pilot-4wd-third-roll/rj6mP5cg4f5winnVwpypVL,3800,178000.0,dublin,Honda,Pilot,2008,18
2003 Honda Odyssey Ex-L * 3Rd Row Seat * Dvd Player,https://www.craigslist.org/view/d/vallejo-2003-honda-odyssey-ex-3rd-row/5GKNmNyCG4nZEKLkUH4jGb,2950,190000.0,vallejo,Honda,Odyssey,2003,23
2026 Nissan Rogue Rock Creek,https://www.craigslist.org/view/d/hayward-2026-nissan-rogue-rock-creek/11YcdqFX5u6sAaazgNdo9K,32000,11000.0,dublin,Nissan,Rogue,2026,0
2004 Gmc Sierra Sle 4Wd Z71 Great Shape,https://www.craigslist.org/view/d/san-francisco-2004-gmc-sierra-sle-4wd/6DHJBqkecfo2yxuWd7eYAg,13500,145000.0,lowerpachts,Gmc,Sierra,2004,22
2010 Audi A4 2.0T,https://www.craigslist.org/view/d/sausalito-2010-audi-a4-20t/hSQjM6tABCParM2seoDzWa,7500,133000.0,sausalito,Audi,A4,2010,16
2015 Ram Promaster 2500 Fully Converted Campervan,https://www.craigslist.org/view/d/berkeley-2015-ram-promaster-2500-fully/4AUHBJ46FgrqZDnSVaJm3Y,42000,94000.0,berkeley,Ram,2500,2015,11
2008 Ford Edge Sel * Only 155K Miles * Nice Suv,https://www.craigslist.org/view/d/vallejo-2008-ford-edge-sel-only-155k/dnHawsXCEPdkPX7L7P5gYb,3450,155000.0,vallejo,Ford,Edge,2008,18
2007 Lexus Ls460 Luxury Sedan,https://www.craigslist.org/view/d/vallejo-2007-lexus-ls460-luxury-sedan/trrMs4rFRHJ3hKMWroqFhM,3750,270000.0,vallejo,Lexus,Ls,2007,19
2008 Subaru Outback 2.5 * Great Wagon,https://www.craigslist.org/view/d/vallejo-2008-subaru-outback-25-great/vf6ZojW9B81RrWKomoMkt9,2950,190000.0,vallejo,Subaru,Outback,2008,18
2010 Nissan Armada 2Wd,https://www.craigslist.org/view/d/antioch-2010-nissan-armada-2wd/sxMYjVpv7SdR5MuNwwgwpU,2500,225000.0,antioch,Nissan,Armada,2010,16
2019 Toyota Corolla Le,https://www.craigslist.org/view/d/oakland-2019-toyota-corolla-le/8kLR2b3QQ6ikuCNob4ydQU,16500,53000.0,oaklandpiedmont,Toyota,Corolla,2019,7
"2002 Lexus Sc430 - New Shocks, Timing Belt, Tires - Sc 430 - Obo",https://www.craigslist.org/view/d/santa-clara-2002-lexus-sc430-new-shocks/jWsxgcqgq6BPiRq9LLF8w9,14900,127000.0,santaclara,Lexus,Es,2002,24
"2008 Dodge Grand Caravan 167,030 Miles",https://www.craigslist.org/view/d/los-gatos-2008-dodge-grand-caravan-miles/tCxHqGr2F6ABrYfVmuwe3B,4900,167000.0,losgatos,Dodge,Grand Caravan,2008,18
2007 Lexus Is250 Sedan * Nice Car,https://www.craigslist.org/view/d/vallejo-2007-lexus-is250-sedan-nice-car/oqgzkxTrxUT2XzDhLhG4Nc,3950,227000.0,vallejo,Lexus,Is,2007,19
2006 Chrysler 300 Touring * Sedan,https://www.craigslist.org/view/d/vallejo-2006-chrysler-300-touring-sedan/mi9QzPP46Nyzq4JGtJheNH,2250,155000.0,vallejo,Chrysler,300,2006,20
2002 Toyota Sienna Le Automatic 160K Miles Clean Tittle,https://www.craigslist.org/view/d/oakland-2002-toyota-sienna-le-automatic/o4fPrsi3HkSq5gDD5RR5Ue,3500,160000.0,alameda,Toyota,Sienna,2002,24
2012 Ford E350 Cutaway Paratransit Shuttle Bus * 5.4L V8,https://www.craigslist.org/view/d/vallejo-2012-ford-e350-cutaway/q8LNndXfrtpSC4tBd5PAF1,8750,225000.0,vallejo,Ford,Transit,2012,14
2010 Toyota Camry Le,https://www.craigslist.org/view/d/vallejo-2010-toyota-camry-le/oHUUngcDT6pnuNVCRvgqiJ,4250,228000.0,vallejo,Toyota,Camry,2010,16
"2012 Honda Crv Ex – 110,900 Miles – Clean Title – $8,000 Obo",https://www.craigslist.org/view/d/san-leandro-2012-honda-crv-ex-miles/s6RsNYHy6gRbbwvgGNj4md,8000,111000.0,sanleandro,Honda,Crv,2012,14
2007 Toyota Camry Xle * Sunroof  * Leather,https://www.craigslist.org/view/d/vallejo-2007-toyota-camry-xle-sunroof/hZUfvuwRjgS8cM92Bq5H5q,4750,209000.0,vallejo,Toyota,Camry,2007,19
2026 Tesla Model Y Performance Juniper - Original Autopilot,https://www.craigslist.org/view/d/danville-2026-tesla-model-performance/3EgXy3z9bKvkMKeBgcM6t4,54999,1665.0,danville,Tesla,Model Y,2026,0
2013 Honda Odyssey,https://www.craigslist.org/view/d/morgan-hill-2013-honda-odyssey/rpDDkL7JdYnwa1rxWUthcq,4300,220000.0,morganhill,Honda,Odyssey,2013,13
2007 Honda Ridgeline Rtx,https://www.craigslist.org/view/d/morgan-hill-2007-honda-ridgeline-rtx/cZ8M7PgA3kyoGkd4RJcBue,8000,220000.0,morganhill,Honda,Ridgeline,2007,19
"2010 Mercedes-Benz Sprinter 2500 Cargo High Roof W/144""",https://www.craigslist.org/view/d/oakland-2010-mercedes-benz-sprinter/oxumr6wirZtY8NcrnQRoQE,21900,79000.0,oaklandpiedmont,Mercedes,Sprinter,2010,16
2012 Mercedes Benz C250 Sport Package 89K Miles,https://www.craigslist.org/view/d/caspar-2012-mercedes-benz-c250-sport/fFR4ZaFb8FL4mSkDHE7r24,8000,89000.0,mendocinocounty,Mercedes,C250,2012,14
2016 Nissan Rogue Rebuild Motor,https://www.craigslist.org/view/d/fairfield-2016-nissan-rogue-rebuild/1iKnJCJgd3y3LKR8KnhpVQ,4500,263000.0,fairfield,Nissan,Rogue,2016,10
2017 Chevrolet Silverado 2500Hd,https://www.craigslist.org/view/d/freedom-2017-chevrolet-silverado-2500hd/vcTSm9vpnXwYSkL7wSD4CH,24000,166000.0,watsonville,Chevrolet,Silverado,2017,9
2016 Nissan Rogue Rebuilt Motor,https://www.craigslist.org/view/d/dublin-2016-nissan-rogue-rebuilt-motor/adKxcrmh3EeHABhqu7Hfts,4500,263000.0,dublin,Nissan,Rogue,2016,10
2004 Mercedes Benz Ml350 * Awd Suv,https://www.craigslist.org/view/d/vallejo-2004-mercedes-benz-ml350-awd-suv/7aB1UFBYjQLAs4fapsCXtv,2450,178000.0,vallejo,Mercedes,Ml350,2004,22
1999 Subaru Impreza Outback Wagon * Awd,https://www.craigslist.org/view/d/vallejo-1999-subaru-impreza-outback/hWwrRWzn5LaRMV6TgyobgV,2950,190000.0,vallejo,Subaru,Outback,1999,27
2016 Kia Optima Lx Turbo,https://www.craigslist.org/view/d/vallejo-2016-kia-optima-lx-turbo/airBgPgFqUtSLiyobcYkPk,3450,230000.0,vallejo,Kia,Optima,2016,10
2009 Honda Cr-V Ex Awd,https://www.craigslist.org/view/d/pleasanton-2009-honda-cr-ex-awd/uEt4sWF59UTPJSNcvNbsdq,5500,190000.0,dublin,Honda,Crv,2009,17
2002 Honda Odyssey Ex-L * 164K Miles * 7 Passengers,https://www.craigslist.org/view/d/vallejo-2002-honda-odyssey-ex-164k/1i6XsgS5zco7HiLo6SmQ3k,2950,164000.0,vallejo,Honda,Odyssey,2002,24
2013 Mercedes-Benz C250 Mechanic Special Bad Engine 1Owner Firm$1800,https://www.craigslist.org/view/d/san-leandro-2013-mercedes-benz-c250/wCMemVnAH6qNEfFBQBbVd4,1800,104000.0,sanleandro,Mercedes,C250,2013,13
Mechanic Special 2003 Lexus Es300,https://www.craigslist.org/view/d/port-costa-mechanic-special-2003-lexus/7GPJmBMJ51LrhAETxwkgrJ,2999,96000.0,vallejo,Lexus,Es,2003,23
1994 Ford Explorer Xlt,https://www.craigslist.org/view/d/vallejo-1994-ford-explorer-xlt/7C6xB1tkYb1vuUFct1m3Qx,1795,250000.0,vallejo,Ford,Explorer,1994,32
2013 Nissan Leaf Sl,https://www.craigslist.org/view/d/windsor-2013-nissan-leaf-sl/64HQnkXk9Fp3CNZwv6HWcs,4000,86000.0,healdsburg,Nissan,Leaf,2013,13
2015 Volvo V60 Awd W 54K Miles,https://www.craigslist.org/view/d/gilroy-2015-volvo-v60-awd-54k-miles/mZutxxQD2bB4GqwXqQPsGV,12900,54000.0,gilroy,Volvo,V60,2015,11
2021 Honda Civic Ex,https://www.craigslist.org/view/d/redwood-city-2021-honda-civic-ex/6BKveTjBM3XTczH82czx7U,18500,49000.0,redwoodcity,Honda,Civic,2021,5
2019 Honda Fit,https://www.craigslist.org/view/d/redwood-city-2019-honda-fit/9FWYXKWXmEVuoXPMPP6wFi,17500,37000.0,redwoodcity,Honda,Fit,2019,7
2018 Hyundai Sonata Sport - Private Seller-Pink Slip -Free Carfax-,https://www.craigslist.org/view/d/hayward-2018-hyundai-sonata-sport/76iWzE4Gj15cqFnRkMTrKG,8500,137000.0,bayarea,Hyundai,Sonata,2018,8
2015 Tesla Model S 70D With Free Supercharging,https://www.craigslist.org/view/d/gilroy-2015-tesla-model-70d-with-free/usCkA3EWkc91At2y7v3cLT,18500,145000.0,gilroy,Tesla,Model S,2015,11
2012 Hyundai Elantra Limited~Runs Great~Automatic~4 Cyl~Reg 2027~Nice!,https://www.craigslist.org/view/d/hayward-2012-hyundai-elantra/3seEyCcE9sCNbJJqzvdURs,5000,127000.0,hayward,Hyundai,Elantra,2012,14
2018 Mercedes Gle 550E Like New,https://www.craigslist.org/view/d/pleasant-hill-2018-mercedes-gle-550e/8ECyeM8mf4qo6QWUs7g35U,23888,68000.0,pleasanthill,Mercedes,Gle,2018,8
1999 Ford Ranger 4X4 Short Bed -6Ft + Regular Cab,https://www.craigslist.org/view/d/pleasanton-1999-ford-ranger-4x4-short/v1NXgBaqhzjv6KGAVni4ny,6350,211000.0,dublin,Ford,Ranger,1999,27
2011 Chevrolet Silverado 2500Hd Ltz Duramax 4X4 Crew Cab Short Bed,https://www.craigslist.org/view/d/aptos-2011-chevrolet-silverado-2500hd/4Aho5k6n7tXKd49rjG1ozb,20000,225000.0,aptos,Chevrolet,Silverado,2011,15
"2011 Toyota Camry With (Smog,Brake And Lamp) Certificates",https://www.craigslist.org/view/d/union-city-2011-toyota-camry-with/iPcj8q2kJRg2onLhse9PoS,5500,167000.0,fremont,Toyota,Camry,2011,15
1963 Dodge Dart Gt Convertible Original Ca Car Estate Find Runs/Drives,https://www.craigslist.org/view/d/santa-cruz-1963-dodge-dart-gt/vfAjsEmebSUmWVDW8iWGxA,4950,21000.0,santacruz,Dodge,Dart,1963,63
2010 Ford Ranger Super Cab Xlt 4.0L 4X4 - Low Mileage,https://www.craigslist.org/view/d/sunnyvale-2010-ford-ranger-super-cab/cfGj3GNAMDhEM7MibhtPVK,16200,110000.0,sunnyvale,Ford,Ranger,2010,16
Nissan Rogue Sv 2023,https://www.craigslist.org/view/d/san-francisco-nissan-rogue-sv-2023/qBCWhHH6uZz2Cp31YPtAQu,19000,60000.0,sanfrancisco,Nissan,Rogue,2023,3
2017 Ford Explorer Platinum,https://www.craigslist.org/view/d/san-ramon-2017-ford-explorer-platinum/wRJBvZ3NRsM2V8HL4kdQwn,6800,182000.0,danville,Ford,Explorer,2017,9
2016 Jaguar Xjl V8 Turbo Loaded Clean Title Smogged,https://www.craigslist.org/view/d/napa-2016-jaguar-xjl-v8-turbo-loaded/sZEgSsUCrywdZQYLLubUPq,14500,83000.0,napa,Jaguar,Xj,2016,10
2015 Jeep Patriot,https://www.craigslist.org/view/d/san-francisco-2015-jeep-patriot/1FfLKnohSrNtDyhD38Npzv,2000,184000.0,soma,Jeep,Patriot,2015,11
2014 Honda Odyssey - Ready For Title Transfer.,https://www.craigslist.org/view/d/berkeley-2014-honda-odyssey-ready-for/gWbMhUAujVjNSPnU3QW9Gj,10900,147000.0,berkeley,Honda,Odyssey,2014,12
2011 Chevrolet Silverado 3500 Hd,https://www.craigslist.org/view/d/santa-rosa-2011-chevrolet-silverado/mc8rm7fd7AmUMQxzDtRov6,8500,181000.0,santarosa,Chevrolet,Silverado,2011,15
"2008 Mini Cooper Low Miles, 5 Speed Manual",https://www.craigslist.org/view/d/south-san-francisco-2008-mini-cooper/tYKsExeoahBHLTkecnq4pU,2000,113.0,southsanfrancisco,Mini,Cooper,2008,18
2014 Mercedes C250,https://www.craigslist.org/view/d/concord-2014-mercedes-c250/sEmGMRe19YAKWQX8eXeS6a,10500,55000.0,concord,Mercedes,C250,2014,12
2016 Toyota Corolla Le,https://www.craigslist.org/view/d/san-francisco-2016-toyota-corolla-le/3m8nG8b8wJTJLxiU3MbaXF,9500,122000.0,twinpeaks,Toyota,Corolla,2016,10
2017 Toyota Sienna Le - Clean Title,https://www.craigslist.org/view/d/san-jose-2017-toyota-sienna-le-clean/oY4HVqYr1GsGWzQjd7ssvv,15000,96000.0,sanjose,Toyota,Sienna,2017,9
2014 Subaru Xv Crosstrek,https://www.craigslist.org/view/d/san-francisco-2014-subaru-xv-crosstrek/op3Km7JQdLA3J3fMRdMWVB,7900,151000.0,sanfrancisco,Subaru,Crosstrek,2014,12
2024 Toyota Corolla Le - 27K - Toyota Records,https://www.craigslist.org/view/d/san-jose-2024-toyota-corolla-le-27k/kxkwGrY9gHikJPqb5AbMXJ,22920,27000.0,sanjosenorth,Toyota,Corolla,2024,2
2018 Chevrolet Camaro 1Ss Convertible,https://www.craigslist.org/view/d/sunnyvale-2018-chevrolet-camaro-1ss/7oQDz43guUyxAsMb6ERyPf,32266,49000.0,sanjose,Chevrolet,Camaro,2018,8
2002 Lexus Is300 Sports Cross Wagon,https://www.craigslist.org/view/d/oakland-2002-lexus-is300-sports-cross/7VcBWj4gDmvEMcVvXg6T3T,5000,138000.0,oakland,Lexus,Is,2002,24
2016 Honda Odyssey Se 4D - Move Out Sale,https://www.craigslist.org/view/d/fremont-2016-honda-odyssey-se-4d-move/nSEmijgGu93VbRBhkRzvXE,12350,101000.0,fremont,Honda,Odyssey,2016,10
1999 Ford F350 Super Duty 2Wd  Crew Cab 2Wd 7.3 Diesel,https://www.craigslist.org/view/d/walnut-creek-1999-ford-f350-super-duty/kRMLpREu65CoaaHgcWdWbH,10500,279000.0,walnutcreek,Ford,F350,1999,27
Toyota Camry Se 2019,https://www.craigslist.org/view/d/san-jose-toyota-camry-se-2019/pZTF4vNit2CnecCpN784QY,17700,79000.0,sanjose,Toyota,Camry,2019,7
2022 Gmc Sierra At4 Carbon Pro 1500 Edition,https://www.craigslist.org/view/d/hollister-2022-gmc-sierra-at4-carbon/3mHJ3BXowbQ5e4MEPvty5V,52000,15000.0,hollister,Gmc,Sierra,2022,4
"2008 Mercedes-Benz Clk 550 Cabriolet, Amg Exhaust, V8",https://www.craigslist.org/view/d/cupertino-2008-mercedes-benz-clk-550/3Lzvt66BbaXfiwUQ5HpL4t,9750,104000.0,losaltos,Mercedes,Amg,2008,18
2007  Toyota Rav4 Limited Just Passed Smog Clean Title,https://www.craigslist.org/view/d/concord-2007-toyota-rav4-limited-just/kchE5iB6WrJgftdXxeZ6qs,4300,207000.0,concord,Toyota,Rav4,2007,19
2015 Toyota Highlander Le 8 Seats 4 Cylinders,https://www.craigslist.org/view/d/santa-rosa-2015-toyota-highlander-le/9LqPkL5vgoLQ4aSyBGbEUd,14750,170000.0,santarosa,Toyota,Highlander,2015,11
2004 Saturn Ion 3 Coupe,https://www.craigslist.org/view/d/san-jose-2004-saturn-ion-coupe/bmKdQwz8sfzZdyCKL9tfCd,990,143000.0,campbell,Saturn,Ion,2004,22
1967 Chevrolet Impala,https://www.craigslist.org/view/d/merced-1967-chevrolet-impala/9bjS7P7y71a2PUnzWRh5DS,6000,1200.0,cityofsanfrancisco,Chevrolet,Impala,1967,59
2007 Toyota Camry - Low Mileage/103K,https://www.craigslist.org/view/d/hayward-2007-toyota-camry-low-mileage/mKP9jY8pE7qCCWPrp9Udbm,7400,103000.0,hayward,Toyota,Camry,2007,19
2014 Lexus Rx 350 – Clean Title – No Accidents,https://www.craigslist.org/view/d/menlo-park-2014-lexus-rx-350-clean/xo3ebofD5H6mdGXLWYjUqe,9500,147000.0,menlopark,Lexus,Rx,2014,12
2001 Honda Odyssey Lx,https://www.craigslist.org/view/d/santa-rosa-2001-honda-odyssey-lx/mSUiXTvHJr52S6X88TfoiG,3300,135000.0,santarosa,Honda,Odyssey,2001,25
2002 Honda Odyssey,https://www.craigslist.org/view/d/fairfield-2002-honda-odyssey/rV9AgX53kC9RXHUFdNwTuJ,3500,247000.0,fairfield,Honda,Odyssey,2002,24
"2014 Subaru Crosstrek Hybrid Touring Awd, Gas Saver, Loaded, Clean!",https://www.craigslist.org/view/d/hayward-2014-subaru-crosstrek-hybrid/wpEnAdbeDyvhRZtsk5R5xz,9900,104000.0,hayward,Subaru,Crosstrek,2014,12
"2011 Bmw 335I, Sport And Premium Pkg, Local Car, Regularly Maintained,",https://www.craigslist.org/view/d/dublin-2011-bmw-335i-sport-and-premium/g7D3SvSru8Xt3AtNb32Uxb,6500,166000.0,dublin,Bmw,335I,2011,15
"2011 Audi S4, Prestige Mechanic Special",https://www.craigslist.org/view/d/south-san-francisco-2011-audi-s4/eefvR1G93EvsZYH5eBWnYa,5998,137000.0,southsanfrancisco,Audi,S4,2011,15
🔥 2021 Volvo Xc40 Awd Inscription | Top Trim | One Owner | Beautiful Conditio,https://www.craigslist.org/view/d/san-jose-volvo-xc40-awd-in-ion-top-trim/4oX5w2R7w3jfdxsRV11pxS,22000,85000.0,sanjose,Volvo,Xc40,2021,5
2001 Ford F250 Long Bed 5.4 Clean Title Low Miles - Trade,https://www.craigslist.org/view/d/vallejo-2001-ford-f250-long-bed-54/r5dA445mkk5pRg2Duv3Mij,6350,107000.0,vallejo,Ford,F250,2001,25
"2016 Audi A4 Awd, Premium & Sport Packages, Xlnt Condition",https://www.craigslist.org/view/d/napa-2016-audi-a4-awd-premium-sport/rmQCDmKmVFYRtAC6MUb417,12500,94000.0,napacounty,Audi,A4,2016,10
2019 Mercedes S63 Amg,https://www.craigslist.org/view/d/san-francisco-2019-mercedes-s63-amg/67uvWWZsP2t6CfoCgUwZpk,88000,36000.0,cityofsanfrancisco,Mercedes,Amg,2019,7
"1973 Vw Super Beetle Original Blue Plate, Beautiful Patina, Runs Great",https://www.craigslist.org/view/d/san-francisco-1973-vw-super-beetle/exYSqzu2Ae8cQuvNCcJMmZ,14500,80000.0,richmond,Vw,Beetle,1973,53
2011 Lexus Is 250 C - Low Miles And Great Condition!,https://www.craigslist.org/view/d/sausalito-2011-lexus-is-250-low-miles/bZYTUbSTcfVz3RSh73Qmwz,16000,74000.0,sausalito,Lexus,Es,2011,15
1999 4X4 Manual Nissan Frontier King Cab · Xe Pickup 2D 6 Ft,https://www.craigslist.org/view/d/pleasant-hill-x4-manual-nissan-frontier/btzpWhBm98hxkZab3HCXrU,6000,224000.0,concord,Nissan,Frontier,1999,27
"2017 Subaru Impreza Sedan, 82.5K Miles",https://www.craigslist.org/view/d/sunnyvale-2017-subaru-impreza-sedan/3MKCVgB3wkEG5HQbZT5kxz,9500,83000.0,sunnyvale,Subaru,Impreza,2017,9
2008 Lexus Es350 Es 350 Best Offer,https://www.craigslist.org/view/d/tracy-2008-lexus-es350-es-350-best-offer/viddRVeK2gGkmxpxffXQhN,5950,166000.0,"tracy,ca",Lexus,Es,2008,18
1979 Volkswagen Beetle Convertible,https://www.craigslist.org/view/d/vallejo-1979-volkswagen-beetle/61eCJ2ZHH2Q8aGQVxW1zKe,8500,70000.0,vallejo,Volkswagen,Beetle,1979,47
2016 - Honda Civic Lx,https://www.craigslist.org/view/d/hayward-honda-civic-lx/na4H33H8zmDB9cLGZSAezs,16500,58000.0,hayward,Honda,Civic,2016,10
2009 Vw Passat Komfort Wagon,https://www.craigslist.org/view/d/novato-2009-vw-passat-komfort-wagon/9ii8hxunWZWyNYSd6cuPRT,3800,171000.0,novato,Vw,Passat,2009,17
2016 Hyundai Accent Gas Saver - Priced To Sale!! Offers Considered!!,https://www.craigslist.org/view/d/tracy-2016-hyundai-accent-gas-saver/aeYEVT4xeBJimLUxc5zxv2,5800,127000.0,"tracy,ca",Hyundai,Accent,2016,10
2019 Ford Transit Low Roof,https://www.craigslist.org/view/d/dublin-2019-ford-transit-low-roof/xzPo5mbmFWvXVuMMujUAtv,14900,147000.0,dublin,Ford,Transit,2019,7
2007 Honda Civic Hybrid,https://www.craigslist.org/view/d/san-jose-2007-honda-civic-hybrid/9zgAijBUKUNqhFLUTJemUk,4300,130000.0,sanjosedowntown,Honda,Civic,2007,19
2014 Toyota Camry Se,https://www.craigslist.org/view/d/brentwood-2014-toyota-camry-se/t6DrWPADporf1r9o1rvGKm,8799,166000.0,brentwood,Toyota,Camry,2014,12
2007 Toyota Tundra Double Cab 4X4,https://www.craigslist.org/view/d/san-jose-2007-toyota-tundra-double-cab/nva8kBiSGdAPV3jqYUpDy2,9800,144000.0,sanjose,Toyota,Tundra,2007,19
1990 Mazda Miata,https://www.craigslist.org/view/d/aptos-1990-mazda-miata/f3qW6717XbuFZR1iGXcnJs,4200,280000.0,santacruz,Mazda,Miata,1990,36
2015 Ford Focus~Runs & Drives Good~Gas Saver~Registered~Smog~Automatic,https://www.craigslist.org/view/d/hayward-2015-ford-focusruns-drives/53BnGY1F5TxQkbtgyzN564,4500,140000.0,hayward,Ford,Focus,2015,11
2019 Ford Fusion Se Awd,https://www.craigslist.org/view/d/sunnyvale-2019-ford-fusion-se-awd/u6c582tZL4d1S3evtzJBSU,7600,144000.0,sunnyvale,Ford,Fusion,2019,7
2016 Chevrolet Impala Ltz,https://www.craigslist.org/view/d/santa-clara-2016-chevrolet-impala-ltz/mWopie3ScmZDtiyD4hyhrV,6900,146000.0,santaclara,Chevrolet,Impala,2016,10
2019 Kia Optima Lx,https://www.craigslist.org/view/d/sunnyvale-2019-kia-optima-lx/d75dWUYAEniNg4LGWXDfi1,7900,155000.0,sunnyvale,Kia,Optima,2019,7
2011 Subaru Wrx Sti,https://www.craigslist.org/view/d/windsor-2011-subaru-wrx-sti/a4yyhVqbhp9Sn1xDAKTodK,16950,105000.0,healdsburg,Subaru,Wrx,2011,15
2005 Honda Accord Ex 107K Miles Clean Title,https://www.craigslist.org/view/d/pinole-2005-honda-accord-ex-107k-miles/8S55MzLMEdHK1MyrBY7Vdu,7500,108000.0,"hercules,pinole,sanpablo,elsob",Honda,Accord,2005,21
2014 Subaru Outback 2.5I Premium,https://www.craigslist.org/view/d/santa-rosa-2014-subaru-outback-25i/i7uTCjYFNZd1Jm1JMU8JXo,10725,95000.0,santarosa,Subaru,Outback,2014,12
2009 Toyota Prius,https://www.craigslist.org/view/d/novato-2009-toyota-prius/uG7Qk4V3SHAueWG3J9CyeN,1200,189000.0,novato,Toyota,Prius,2009,17
2006 Honda Odyssey – Low Miles – 1 Owner – Clean Title,https://www.craigslist.org/view/d/santa-clara-2006-honda-odyssey-low/xkim2Px5JsmeHna2jDviuh,7200,90000.0,santaclara,Honda,Odyssey,2006,20
"2002 Toyota Tundra Acces Cab, Low Mile",https://www.craigslist.org/view/d/santa-clara-2002-toyota-tundra-acces/hoZeHSwkXn8sooCUxRcJVF,14400,80000.0,santaclara,Toyota,Tundra,2002,24
"2001 Toyota Tacoma, Low Mile",https://www.craigslist.org/view/d/santa-clara-2001-toyota-tacoma-low-mile/mMGvFuU5tDz2YhDWM86YCY,8900,121000.0,santaclara,Toyota,Tacoma,2001,25
2007 Toyota Prius Hybrid,https://www.craigslist.org/view/d/san-jose-2007-toyota-prius-hybrid/qVXuAYttx7xAUnCoPXvXZH,5200,106000.0,willowglen,Toyota,Prius,2007,19
"2018 Toyota Corolla Hatchback, Clean Title",https://www.craigslist.org/view/d/santa-clara-2018-toyota-corolla/vWhPGTUm8R4EpSUXrBrKwz,9400,165000.0,santaclara,Toyota,Corolla,2018,8
"2020 Subaru Outback | Grey Ext, Black Int",https://www.craigslist.org/view/d/san-francisco-2020-subaru-outback-grey/814H6NiUmCh8RhC7Yf35Vq,21000,54000.0,cityofsanfrancisco,Subaru,Outback,2020,6
1998 Rover Mini Cooper 1.3Mpi Sportspack,https://www.craigslist.org/view/d/walnut-creek-1998-rover-mini-cooper/15MHt6WCzPUvHz9g33mu52,32500,29000.0,walnutcreek,Mini,Cooper,1998,28
2018 Nissan Titan,https://www.craigslist.org/view/d/fremont-2018-nissan-titan/5bHz3JVCpfQ29Uh1N7GTY1,9950,149000.0,fremont,Nissan,Titan,2018,8
2007 Honda Accord Ex-L V6 Sedan – Clean & Well Maintained,https://www.craigslist.org/view/d/walnut-creek-2007-honda-accord-ex-v6/v1XvkL2D57xcZ9DyiVRoB5,6450,160000.0,walnutcreek,Honda,Accord,2007,19
2012 Buick Lacrosse,https://www.craigslist.org/view/d/antioch-2012-buick-lacrosse/68vmvdeLSfau4deyHhytvd,5900,157000.0,pittsburg,Buick,Lacrosse,2012,14
2015 Honda Civic Ex-L – Clean Title – 124K Miles – New Tires – Load,https://www.craigslist.org/view/d/antioch-2015-honda-civic-ex-clean-title/agHzCPMph3oWSpbX64Vaqx,10500,124000.0,brentwood,Honda,Civic,2015,11
2013 Bmw X1,https://www.craigslist.org/view/d/antioch-2013-bmw-x1/sEQurQJckhLcMBi43jjZ1C,8900,71000.0,pittsburg,Bmw,X1,2013,13
2004 Honda Accord,https://www.craigslist.org/view/d/bolinas-2004-honda-accord/eweGGK8hxBJo8WxzJKS1do,4500,99000.0,westmarin,Honda,Accord,2004,22
"2010 Honda Cr-V Ex – Well Maintained, Great Condition",https://www.craigslist.org/view/d/san-jose-2010-honda-cr-ex-well/nCgnvz1XhqjiYtTNwnyv7g,8900,138000.0,campbell,Honda,Crv,2010,16
2015 Bmw 328I Xdrive,https://www.craigslist.org/view/d/antioch-2015-bmw-328i-xdrive/9xVubmWEbTnL6gipjnQ4uu,8900,141000.0,pittsburg,Bmw,328I,2015,11
2016 Honda Odyssey,https://www.craigslist.org/view/d/antioch-2016-honda-odyssey/6zTh1dQECLZnpCQ2TpGngq,6900,182000.0,pittsburg,Honda,Odyssey,2016,10
2010 Mercedes S550 4 Matic,https://www.craigslist.org/view/d/antioch-2010-mercedes-s550-matic/mMLXtpoGQWvWChoPrds72r,6900,160000.0,pittsburg,Mercedes,S550,2010,16
1973 Ford F250 Stepside,https://www.craigslist.org/view/d/felton-1973-ford-f250-stepside/rqTh1Bz6M7KSwvAsYCNqfr,4000,179000.0,bouldercreek,Ford,F250,1973,53
2003 Toyota Camry Xle,https://www.craigslist.org/view/d/antioch-2003-toyota-camry-xle/3bKJLV2L7GcXdDCTHgWF1f,4200,191000.0,pittsburg,Toyota,Camry,2003,23
2015 Ford Fusion Hybrid,https://www.craigslist.org/view/d/antioch-2015-ford-fusion-hybrid/ceedSzRLcMJbnJ5WHPELTL,6900,155000.0,pittsburg,Ford,Fusion,2015,11
2013 Chevrolet Cruze 2Lt,https://www.craigslist.org/view/d/antioch-2013-chevrolet-cruze-2lt/4KmawUszdkmdkaeX1ABiy7,6200,101000.0,pittsburg,Chevrolet,Cruze,2013,13
2017 Hyundai Santa Fe Sport,https://www.craigslist.org/view/d/antioch-2017-hyundai-santa-fe-sport/hchrJLopMFQtg2soKTsMsP,8900,116000.0,pittsburg,Hyundai,Santa Fe,2017,9
2010 Nissan Pathfinder Se,https://www.craigslist.org/view/d/antioch-2010-nissan-pathfinder-se/pnMtNKDvFExYt61WWy7DTF,4900,182000.0,pittsburg,Nissan,Pathfinder,2010,16
1992 Eg Honda Civic,https://www.craigslist.org/view/d/san-jose-1992-eg-honda-civic/vefGawermT57pXy7VyZhzn,7000,143000.0,hollister,Honda,Civic,1992,34
2003 Acura Tl 3.2 Type-S – Clean Title / Clean Carfax,https://www.craigslist.org/view/d/san-jose-2003-acura-tl-32-type-clean/jT8zhaNa8FXi6P6fN3KwuG,3599,151000.0,sanjosedowntown,Acura,Tl,2003,23
2010 Toyota Prius Hybrid – Clean Title,https://www.craigslist.org/view/d/san-jose-2010-toyota-prius-hybrid-clean/4YsWYpvhyJtMwaVRdKRyaz,3599,93000.0,sanjosedowntown,Toyota,Prius,2010,16
2011 Toyota Prius Clean Title,https://www.craigslist.org/view/d/union-city-2011-toyota-prius-clean-title/91UxUzjGRbZ7pejwmBRJ5W,4900,196000.0,hayward,Toyota,Prius,2011,15
2018 Toyota Prius Prime Hybrid 1 Owner,https://www.craigslist.org/view/d/san-jose-2018-toyota-prius-prime-hybrid/e8YqiuRB1kNLzAMyDfgm6s,17500,40000.0,sanjosewest,Toyota,Prius,2018,8
2011 Honda Accord Se 132000 Mi,https://www.craigslist.org/view/d/santa-rosa-2011-honda-accord-se-mi/8ZAiRLJLo2QVfwKzxYhMEm,5000,132000.0,santarosa,Honda,Accord,2011,15
"2019 Volkswagen E-Golf Se — 68,608 Miles — Clean Title — Fast Charging",https://www.craigslist.org/view/d/cupertino-2019-volkswagen-golf-se-miles/o41NKh4931CkeAoz3yygGS,11500,69000.0,cupertino,Volkswagen,Golf,2019,7
2003 Acura Tl Type S,https://www.craigslist.org/view/d/union-city-2003-acura-tl-type/opB4poPgLvuYsxwyhDVT9j,6400,84000.0,fremont,Acura,Tl,2003,23
2002 Toyota Corolla Le,https://www.craigslist.org/view/d/santa-rosa-2002-toyota-corolla-le/5jvq94LSQBrZntiCWnC9hY,2850,183000.0,santarosa,Toyota,Corolla,2002,24
2017 Honda Civic Ex,https://www.craigslist.org/view/d/milpitas-2017-honda-civic-ex/eDA2iuTx44vo2Ehybfrwks,17250,69000.0,milpitas,Honda,Civic,2017,9
2012 Ford F250 Super Duty Regular Cab,https://www.craigslist.org/view/d/san-jose-2012-ford-f250-super-duty/igiLorghaKra1xd5tByoFc,5000,224000.0,sanjosedowntown,Ford,F250,2012,14
2006 Mercedes Benz E350,https://www.craigslist.org/view/d/san-jose-2006-mercedes-benz-e350/mh1WgSgoQNN7iZSQx72q6s,6500,82000.0,sanjosesouth,Mercedes,E350,2006,20
2017 Toyota Avalon Touring,https://www.craigslist.org/view/d/san-jose-2017-toyota-avalon-touring/9ta4G4JTWE8V4vzNfFZ5vN,12900,120000.0,sanjosesouth,Toyota,Avalon,2017,9
2004 Ford F250 Diesel Crew Cab,https://www.craigslist.org/view/d/san-jose-2004-ford-f250-diesel-crew-cab/fhk2RAPwMGLtTwNwgcK2NN,7900,210000.0,sanjosesouth,Ford,F250,2004,22
2008 Honda Element Lx Awd,https://www.craigslist.org/view/d/glen-ellen-2008-honda-element-lx-awd/rodFLmqMaMStGCSo5Ye2z6,7500,227000.0,sonoma,Honda,Element,2008,18
Sale!!1993 Toyota Corolla Le • Classic • Clean Carfax • Good Condition,https://www.craigslist.org/view/d/san-jose-sale1993-toyota-corolla-le/6DhEXSGXbJPQr6E8YRkqfC,3499,180000.0,sanjosedowntown,Toyota,Corolla,1993,33
Sale!!! 2002 Honda Cr-V Ex • 1-Owner Awd • Moonroof • Clean Title,https://www.craigslist.org/view/d/san-jose-sale-2002-honda-cr-ex-owner/w6oaFjnAGCxoiTCLtDnfx9,3499,230000.0,sanjosedowntown,Honda,Crv,2002,24
2009 Toyota Camry - Clean Title - 1 Owner,https://www.craigslist.org/view/d/san-jose-2009-toyota-camry-clean-title/uSCBuKEppCaNwp9GBWehoX,5999,159000.0,sanjosedowntown,Toyota,Camry,2009,17
Sale! 1999 Lexus Ls 400 • V8 Luxury • Moonroof,https://www.craigslist.org/view/d/san-jose-sale-1999-lexus-ls-400-v8/8YujH6iGU7k14Mb7ZbSJyU,2999,221000.0,sanjosedowntown,Lexus,Ls,1999,27
Sale! 1998 Toyota Corolla Ce • Only 110K Miles • Clean Carfax,https://www.craigslist.org/view/d/san-jose-sale-1998-toyota-corolla-ce/dnMxzXC9hg2ncZRvkxyjpC,2999,110000.0,sanjosedowntown,Toyota,Corolla,1998,28
2002 Toyota Camry Se - Clean Title - 1 Owner - 2.4L 4 Cylinder,https://www.craigslist.org/view/d/san-jose-2002-toyota-camry-se-clean/84AnN2j6Pe4wuefpnossBD,3299,208000.0,sanjosedowntown,Toyota,Camry,2002,24
2012 Subaru Outback 2.5I Limited Awd • 4-Cyl • Well Maintained,https://www.craigslist.org/view/d/san-jose-2012-subaru-outback-25i/o5E6qd3nhHGkE7PhkPax22,3999,206000.0,sanjosedowntown,Subaru,Outback,2012,14
2009 Honda Accord Lx-P 1-Owner • Clean Carfax • Timing Chain,https://www.craigslist.org/view/d/san-jose-2009-honda-accord-lx-1-owner/fLGNbbbVzfVaVtYTVuwXm7,6599,136000.0,sanjosedowntown,Honda,Accord,2009,17
2007 Toyota Sienna - Clean Title - 1 Owner - Clean Carfax,https://www.craigslist.org/view/d/san-jose-2007-toyota-sienna-clean-title/ktThrNxFoDAnyJjw52GkjM,2999,233000.0,sanjosedowntown,Toyota,Sienna,2007,19
2014 Audi A6 Tdi Quattro – Original Owner – Clean Title,https://www.craigslist.org/view/d/boulder-creek-2014-audi-a6-tdi-quattro/vTBkBskDC97UNxCsrk1y7u,6900,227000.0,bouldercreek,Audi,A6,2014,12
2011 Hyundai Sonata,https://www.craigslist.org/view/d/santa-rosa-2011-hyundai-sonata/iEXxVoSPtCcCp1buvueyMi,5500,233000.0,santarosa,Hyundai,Sonata,2011,15
2013 Audi S4 Prestige Quattro Awd,https://www.craigslist.org/view/d/berkeley-2013-audi-s4-prestige-quattro/mHoH6VDGP6btAAVjggNxyJ,14500,64000.0,sfbayarea,Audi,S4,2013,13
2008 Toyota Prius Clean Title Good Condition,https://www.craigslist.org/view/d/san-jose-2008-toyota-prius-clean-title/vbwpumzMPG8Vx1TJBW4sXZ,4200,220000.0,sanjosedowntown,Toyota,Prius,2008,18
2006 Toyota Sienna Good Condition Clean Title ..,https://www.craigslist.org/view/d/san-jose-2006-toyota-sienna-good/nC9dCsTvTa5t61iyyjw3XL,4200,190000.0,sanjosedowntown,Toyota,Sienna,2006,20
2012 Lexus Gx 460 Premium Pkg,https://www.craigslist.org/view/d/santa-clara-2012-lexus-gx-460-premium/47y2jE15B72k41n6HQ4yy7,18200,136000.0,southbayarea,Lexus,Gx,2012,14
2011 Ford Escape Hybrid Deal!!,https://www.craigslist.org/view/d/el-sobrante-2011-ford-escape-hybrid-deal/nzX3eUggmUTnzf2wsdYuPN,3900,149000.0,elsobrante,Ford,Escape,2011,15
2017 Toyota Tacoma Sport Trd 4X4 Brand New Tires And Rims,https://www.craigslist.org/view/d/san-jose-2017-toyota-tacoma-sport-trd/ib6EqSrQmHugi4VNytjA3t,28500,74000.0,sanjosewest,Toyota,Tacoma,2017,9
2025 Honda Ridgeline For Sale.,https://www.craigslist.org/view/d/el-sobrante-2025-honda-ridgeline-for/oSxS5WTYBSjtERALkWeNJn,35999,6166.0,"hercules,pinole,sanpablo,elsob",Honda,Ridgeline,2025,1
"2014 Vw Jetta Tdi Wagon ***68,000 Miles***",https://www.craigslist.org/view/d/san-jose-2014-vw-jetta-tdi-wagon-miles/jYyTv63dJGeAgVV52HVTH7,9900,68000.0,sanjosewest,Vw,Jetta,2014,12
2015 Mercedes Benz Sprinter 3500 Passenger Van High Roof,https://www.craigslist.org/view/d/san-jose-2015-mercedes-benz-sprinter/6dVXAc94BD2TMrz2uuM32F,14995,220000.0,willowglen,Mercedes,Sprinter,2015,11
"2011 Honda Accord Se (Special Edition) – 112,168 Miles – Clean Title",https://www.craigslist.org/view/d/alameda-2011-honda-accord-se-special/vepKpQGVtkCvUZCZNu2gBY,7200,112000.0,alameda,Honda,Accord,2011,15
2014 Toyota Camry Se,https://www.craigslist.org/view/d/san-francisco-2014-toyota-camry-se/tr6z7hjHZGLH9EQxWQRFgX,7500,225000.0,sunset,Toyota,Camry,2014,12
2014 Hyundai Elantra Loaded And Clean,https://www.craigslist.org/view/d/gilroy-2014-hyundai-elantra-loaded-and/hN7HC5jos4BaCMhJQVPNDu,5800,154000.0,gilroy,Hyundai,Elantra,2014,12
2017 Toyota Prius Plus Prime,https://www.craigslist.org/view/d/aptos-2017-toyota-prius-plus-prime/iovTMmi19AwT5GTjsdqHWV,20500,67000.0,aptos,Toyota,Prius,2017,9
2019 Jaguar Xe,https://www.craigslist.org/view/d/albany-2019-jaguar-xe/6HdKHb9tgsFc16iwZ2Uh82,9999,96000.0,albany,Jaguar,Xe,2019,7
2012 Porsche Cayenne Drives Good! V6! Awd Reg 2027! Nice! Leather!,https://www.craigslist.org/view/d/hayward-2012-porsche-cayenne-drives/w9mYJtLoMZBNdUpZ61Do5m,7000,112000.0,hayward,Porsche,Cayenne,2012,14
2014 Nissan Rogue  Low Miles!,https://www.craigslist.org/view/d/walnut-creek-2014-nissan-rogue-low-miles/3wKWgyYTQKbEVkBd8JCK24,6500,56000.0,concord,Nissan,Rogue,2014,12
2014 Honda Accord Lx Gas Saver!!,https://www.craigslist.org/view/d/fairfield-2014-honda-accord-lx-gas-saver/tL4XEegZjAKDNnJpSBhswQ,8000,179000.0,fairfield,Honda,Accord,2014,12
2016 Honda Accord Ex-L  1 Owner Gas Saver!,https://www.craigslist.org/view/d/fairfield-2016-honda-accord-ex-1-owner/b5dtaf2zVKtUcg981VxpZa,10000,183000.0,fairfield,Honda,Accord,2016,10
2007 Toyota Yaris Clean Carfax  Low Miles Gas Saver!,https://www.craigslist.org/view/d/vacaville-2007-toyota-yaris-clean/vbzXC7iu7DnXPTXGx3dFDh,8000,88000.0,fairfield,Toyota,Yaris,2007,19
2022 Tesla Model Y 4Awd Sport Suv,https://www.craigslist.org/view/d/san-francisco-2022-tesla-model-4awd/bbh399ZQ7ShspNMo51kGqZ,32500,45000.0,sanfrancisco,Tesla,Model Y,2022,4
2012 Ford Fusion Sport - 93K Miles - Clean Title - Premium Upgrades,https://www.craigslist.org/view/d/santa-rosa-2012-ford-fusion-sport-93k/51LTPvm23ztrH9TzVN9diP,6500,94000.0,santarosa,Ford,Fusion,2012,14
2008 Ford Mustang Convertible - 97K Miles - Clean Title,https://www.craigslist.org/view/d/el-cerrito-2008-ford-mustang/oJkG8nqMpqppvBEZMjE5g1,5500,98000.0,albany,Ford,Mustang,2008,18
2012 Nissan Maxima Sv,https://www.craigslist.org/view/d/berkeley-2012-nissan-maxima-sv/fZweFgTuJ4EL4D4Y9WPHD5,3300,213000.0,berkeley,Nissan,Maxima,2012,14
1999 Mercedes Amg,https://www.craigslist.org/view/d/berkeley-1999-mercedes-amg/65ejZWBbAiVwqyYQABWizS,4500,157000.0,berkeley,Mercedes,Amg,1999,27
2020 Toyota Corolla Le W/Premium Pkg2 In Very Good Condition,https://www.craigslist.org/view/d/pittsburg-2020-toyota-corolla-le/pfQdsAWmT4ouK94E9ZqqHP,17402,26000.0,pittsburg,Toyota,Corolla,2020,6
2019 Volkswagen Jetta Se,https://www.craigslist.org/view/d/fremont-2019-volkswagen-jetta-se/jhfRTYeUc7jkWDRoXHGM6L,12500,98000.0,fremont,Volkswagen,Jetta,2019,7
2004 Toyota 4Runner Sport 4Wd - Clean Title - 1 Owner,https://www.craigslist.org/view/d/san-francisco-2004-toyota-4runner-sport/3R8PW5fGUf6By3wh5WEiMc,11495,208000.0,sanfrancisco,Toyota,4Runner,2004,22
2011 Jeep Wrangler 4Wd,https://www.craigslist.org/view/d/menlo-park-2011-jeep-wrangler-4wd/4A8eoLCci7xGma3DUtGzSb,22000,120000.0,eastpaloalto,Jeep,Wrangler,2011,15
2011 Honda Crv Lx,https://www.craigslist.org/view/d/berkeley-2011-honda-crv-lx/76f674NRE93W8LHhMuEyGG,7000,152000.0,berkeley,Honda,Crv,2011,15
For Sale: 2015 Red Ford Focus Se Hatchback 4D,https://www.craigslist.org/view/d/san-jose-for-sale-2015-red-ford-focus/1uDaMSmbrddTMt5hbC5V5n,6500,58000.0,sanjosedowntown,Ford,Focus,2015,11
2022 Honda Pilot 4Wd,https://www.craigslist.org/view/d/santa-cruz-2022-honda-pilot-4wd/39CfwYtYJdjhNhjk67bYKz,26000,73000.0,santacruz,Honda,Pilot,2022,4
Selling Well Maintained 2010 Toyota Corolla S Car,https://www.craigslist.org/view/d/cupertino-selling-well-maintained-2010/k7W2zqNpycdSXFsXmYok8e,6900,102000.0,cupertino,Toyota,Corolla,2010,16
1996 Ford F-250 Xl – 71K Actual Miles – Tommy Lift – Service Records,https://www.craigslist.org/view/d/alameda-1996-ford-250-xl-71k-actual/n1h3D9uVcfvF93bNKSyxKx,10500,71000.0,alameda,Ford,F250,1996,30
"2018 Subaru Impreza Sport Sedan 2.0L 69,000 Miles",https://www.craigslist.org/view/d/stanford-2018-subaru-impreza-sport/ji6BteKSepi8ouc8NGzkX6,14500,69000.0,paloalto,Subaru,Impreza,2018,8
2008 Mini Cooper S,https://www.craigslist.org/view/d/san-jose-2008-mini-cooper/6BJwvkQyn6A86PcfXGSUdv,10000,66000.0,sanjoseeast,Mini,Cooper,2008,18
2024 Toyota Venza Hybrid,https://www.craigslist.org/view/d/san-francisco-2024-toyota-venza-hybrid/8NsAf8u7BRxisrhU4f1PUH,36950,26000.0,marina,Toyota,Venza,2024,2
2003 Mercedes Ml350 Suv 6 Seater,https://www.craigslist.org/view/d/san-rafael-2003-mercedes-ml350-suv/2Gk9gQN8NMn5N7WJW4NqvT,2800,150000.0,northbay,Mercedes,Ml350,2003,23
2018 Audi Q7 Premium Plus - One Owner - Clean Title - 105K,https://www.craigslist.org/view/d/larkspur-2018-audi-q7-premium-plus-one/tuh1HFd8VqxfgzjKErig2H,12500,105000.0,larkspur,Audi,Q7,2018,8
2016 Bmw X5 Xdrive3.5L,https://www.craigslist.org/view/d/vallejo-2016-bmw-x5-xdrive35l/ppZEzBXuCVavokrVQJpa1c,16500,79000.0,napacounty,Bmw,X5,2016,10
2004 Chrysler Pacifica Premium,https://www.craigslist.org/view/d/santa-rosa-2004-chrysler-pacifica/foaFedrpYXuG2E8Nt7NzZM,2950,159000.0,santarosa,Chrysler,Pacifica,2004,22
"2010 Toyota Prius - 114K Miles - Clean Title, No Accidents, One Owner",https://www.craigslist.org/view/d/los-gatos-2010-toyota-prius-114k-miles/jouwZRBY64XpdpMsnL5Th5,7500,114000.0,losgatos,Toyota,Prius,2010,16
2005 Ford Expedition,https://www.craigslist.org/view/d/san-pablo-2005-ford-expedition/jwcvGbsr9eEkgkwjxjKDDe,3500,128000.0,ingleside,Ford,Expedition,2005,21
1994 Chevrolet 1500 W/T Silverado,https://www.craigslist.org/view/d/san-anselmo-1994-chevrolet-1500-t/pA1UnyHdPY6qKZXBAiwcbw,4500,65000.0,sananselmo,Chevrolet,Silverado,1994,32
2011 Hyundai Sonata,https://www.craigslist.org/view/d/san-pablo-2011-hyundai-sonata/e4H2DM4CDhHBsL5HqCFNKy,3900,100000.0,"hercules,pinole,sanpablo,elsob",Hyundai,Sonata,2011,15
"2014 Ford F150 Xl Flatbed 8Ft X 6'8"", With Utility Boxes",https://www.craigslist.org/view/d/mountain-view-2014-ford-f150-xl-flatbed/qtxbkUAKxhSxWVbb4Nwfqj,8750,109000.0,mountainview,Ford,F150,2014,12
2012 Audi A3 Wagon S-Line Automatic 2.0T Leather Smog! Drives Great!,https://www.craigslist.org/view/d/hayward-2012-audi-a3-wagon-line/vLHJWrQ2rkLKJZDnLvefVP,4500,120000.0,hayward,Audi,A3,2012,14
1996 Jeep Cherokee Xj,https://www.craigslist.org/view/d/san-jose-1996-jeep-cherokee-xj/cRR6bXyuHKScNEjUQfEYJi,9750,191000.0,sanjosesouth,Jeep,Cherokee,1996,30
Lexus Es 300 2001,https://www.craigslist.org/view/d/santa-rosa-lexus-es/mVWWdJdxuvYmpB3ieSguy9,6300,130000.0,santarosa,Lexus,Es,2001,25
"2015 Toyota Camry Se — 60K Miles, New Brakes & Tires, Clean Title",https://www.craigslist.org/view/d/san-jose-2015-toyota-camry-se-60k-miles/9VVgrLJrSKzeS28LYGpHTD,17495,61000.0,sanjoseeast,Toyota,Camry,2015,11
Honda Civic 2016 Lx,https://www.craigslist.org/view/d/pittsburg-honda-civic-2016-lx/n81d7duX3BzkJNTqqXh27N,12200,121000.0,pittsburg,Honda,Civic,2016,10
2006 Nissan Sentra,https://www.craigslist.org/view/d/san-jose-2006-nissan-sentra/1tfk1hKNgUdfHGwZp551Ua,3500,110000.0,sanjosesouth,Nissan,Sentra,2006,20
2005  Ford F150  Pick Up Truck Ext. Cab 6 Seats,https://www.craigslist.org/view/d/orinda-2005-ford-f150-pick-up-truck-ext/4HEt58q29j4LmxWnNcmq5N,4000,236000.0,orinda,Ford,F150,2005,21
2016 Toyota Corolla Sport,https://www.craigslist.org/view/d/sebastopol-2016-toyota-corolla-sport/koGfSzPLjABvfZBPh882DG,12000,144000.0,sebastopol,Toyota,Corolla,2016,10
2014 Toyota Corolla Le,https://www.craigslist.org/view/d/san-francisco-2014-toyota-corolla-le/88LEYyyRVrV18UPkbycgom,7000,156000.0,sanfrancisco,Toyota,Corolla,2014,12
2020 Jeep Gladiator Sport S.,https://www.craigslist.org/view/d/san-jose-2020-jeep-gladiator-sport/aZaVFmNzDSCY5Bg9kTfhAh,28300,41000.0,sanjosesouth,Jeep,Gladiator,2020,6
2017 Kia Sorento,https://www.craigslist.org/view/d/santa-clara-2017-kia-sorento/wo6MpMWAQqCHZyNg395tkC,9200,105000.0,santaclara,Kia,Sorento,2017,9
2013 Hyundai Sonata Hybrid,https://www.craigslist.org/view/d/ben-lomond-2013-hyundai-sonata-hybrid/ogVyKi8Gq2FmpKzHSqYvu4,13500,137000.0,santacruz,Hyundai,Sonata,2013,13
2017 Kia Forte5 Ex Hatchback,https://www.craigslist.org/view/d/greenbrae-2017-kia-forte5-ex-hatchback/9sYeJKJAitdhisfnwmwhVM,8400,97000.0,larkspur,Kia,Forte,2017,9
2018 Ram 1500 Express V6 Gasoline 4 Door Quad Cab Truck,https://www.craigslist.org/view/d/san-jose-2018-ram-1500-express-v6/oxJCGfrGvu64yQ8zatH8xw,12800,100000.0,sanjosenorth,Ram,1500,2018,8
Chevrolet Volt 2014 Original Owner 100 K Miles,https://www.craigslist.org/view/d/oakland-chevrolet-volt-2014-original/rQ7dB4PmBZ5yJHkTHKJLE3,6400,110000.0,oakland,Chevrolet,Volt,2014,12
2013 Ford F-150 Xl Regular Cab – V8 Work Truck,https://www.craigslist.org/view/d/mill-valley-2013-ford-150-xl-regular/oTsjCu5z7t5wACy4QQBATj,12500,78000.0,millvalley,Ford,F150,2013,13
2007 Toyota Sienna Le,https://www.craigslist.org/view/d/san-jose-2007-toyota-sienna-le/2yFUHHU3Nag44ZiFGi6xyA,4100,125000.0,sanjoseeast,Toyota,Sienna,2007,19
2000 Toyota Sienna Xle Minivan,https://www.craigslist.org/view/d/el-sobrante-2000-toyota-sienna-xle/3bRx6JPcLpMqnnjtFdTUn7,4000,170000.0,richmond,Toyota,Sienna,2000,26
2016 Ford F250,https://www.craigslist.org/view/d/san-jose-2016-ford-f250/kaAQH5mxvmR6VBFFEGocXj,7200,210000.0,sanjose,Ford,F250,2016,10
2010 Toyota Yaris,https://www.craigslist.org/view/d/san-jose-2010-toyota-yaris/2FPBVngvJxU4XaVNsgb5aM,2900,180000.0,sanjoseeast,Toyota,Yaris,2010,16
"2000 Toyota Camry, Smog , Runs Perfect , I Finance  No Credit Check",https://www.craigslist.org/view/d/vallejo-2000-toyota-camry-smog-runs/pU2mAQdFSNUcYcv1yFYvEE,4500,208000.0,vallejo,Toyota,Camry,2000,26
"2003 Toyota Corolla , Smog , Runs Perfect , I Finance  No Credit Check",https://www.craigslist.org/view/d/vallejo-2003-toyota-corolla-smog-runs/thJew8XoS5MZJVeyY6wh33,4500,200000.0,vallejo,Toyota,Corolla,2003,23
🚗 2015 Mercedes-Benz C300 🚗,https://www.craigslist.org/view/d/palo-alto-mercedes-benz-c300/s7DsnAV8WXeCt6zFVRd28y,8600,24000.0,paloalto,Mercedes,C300,2015,11
1994 Jeep Wrangler 4X4,https://www.craigslist.org/view/d/mountain-view-1994-jeep-wrangler-4x4/axBC1G6vWorSDD5f81AAVD,6300,157000.0,mountainview,Jeep,Wrangler,1994,32
2014 Mazda Cx-5 Touring,https://www.craigslist.org/view/d/oakland-2014-mazda-cx-touring/pEAMMJhXoLqzyXSST6oGzD,10000,124000.0,oaklandpiedmont,Mazda,Cx5,2014,12
"2018 Ford Transit 150 W/130"" Wb Cargo Van",https://www.craigslist.org/view/d/santa-cruz-2018-ford-transit-150-130-wb/6cHSe7jTYfva8Vsi9gyagu,21500,98000.0,santacruz,Ford,Transit,2018,8
2016 Bmw 535I,https://www.craigslist.org/view/d/salinas-2016-bmw-535i/3wRQGngDMNo3WiFzRV9sAS,12500,129000.0,salinas,Bmw,535I,2016,10
2019 Ford F250 Super Duty 2-Door Pickup Work Truck Nice,https://www.craigslist.org/view/d/morgan-hill-2019-ford-f250-super-duty/veY6yRuzvzfZ75MkuFbrn6,22500,99000.0,morganhill,Ford,F250,2019,7
2015 Volkswagen Golf Tdi- Excellent Condition,https://www.craigslist.org/view/d/gilroy-2015-volkswagen-golf-tdi/mWstJAZ3b8St2qb65nNSrf,14950,67000.0,gilroy,Volkswagen,Golf,2015,11
Used 2014 Jeep Patriot Sport 5-Speed Manual - $6.000,https://www.craigslist.org/view/d/san-jose-used-2014-jeep-patriot-sport/e5pu9BU1J3zn7h2FxV6Hkx,6000,125000.0,sanjosedowntown,Jeep,Patriot,2014,12
2015 Bmw 35I Xdrive ///M Sport X1,https://www.craigslist.org/view/d/el-verano-2015-bmw-35i-xdrive-sport-x1/at5RCYAGVKhbwqKapg8qqx,8000,105000.0,sonoma,Bmw,X1,2015,11
2014 Ford Focus,https://www.craigslist.org/view/d/san-francisco-2014-ford-focus/dskJ29hhMnVpY4o8U62V9g,14500,70000.0,bayview,Ford,Focus,2014,12
2005 Toyota Highlander 3Rd Row,https://www.craigslist.org/view/d/daly-city-2005-toyota-highlander-3rd-row/4WTAE1juzRg7ogcg951miA,8000,131000.0,dalycity,Toyota,Highlander,2005,21
2022 Gmc Sierra 1500 Diesel,https://www.craigslist.org/view/d/san-francisco-2022-gmc-sierra-1500/mspBhLjh3nzYpbVCMDwaQK,40000,54000.0,bayview,Gmc,Sierra,2022,4
2008 Bmw 335I -N54 6 Speed- One Owner,https://www.craigslist.org/view/d/pleasanton-2008-bmw-335i-n54-speed-one/5tpGKVgZm9pLpvJqRfKk8y,7900,170000.0,pleasanton,Bmw,335I,2008,18
"2007 Ford Taurus, Low Mileage!",https://www.craigslist.org/view/d/santa-cruz-2007-ford-taurus-low-mileage/rhJ4pcH77J1G32nCWh6AWN,2900,80000.0,santacruz,Ford,Taurus,2007,19
2007 Chevrolet Silverado 1500,https://www.craigslist.org/view/d/hayward-2007-chevrolet-silverado-1500/aJhFsZSpU9Av7nf2rr4eNV,12000,81000.0,hayward,Chevrolet,Silverado,2007,19
2016 Ford Explorer Suv Sport 4Wd,https://www.craigslist.org/view/d/freedom-2016-ford-explorer-suv-sport-4wd/gb1Z2BU4xiqKFqhvoauLre,25000,18000.0,watsonville,Ford,Explorer,2016,10
2016 Jeep Grand Cherokee Diesel,https://www.craigslist.org/view/d/richmond-2016-jeep-grand-cherokee-diesel/uvCGsyoFj9Cb2jN5GXYeEm,15500,78000.0,richmond,Jeep,Grand Cherokee,2016,10
"2012 Honda Odyssey Ex-L – Excellent Condition – New Tires  $8,150",https://www.craigslist.org/view/d/stanford-2012-honda-odyssey-ex/pzeW1b8X8dgX1dTimXgbXc,8150,126000.0,paloalto,Honda,Odyssey,2012,14
2009 Chevrolet Silverado 1500 Ls,https://www.craigslist.org/view/d/san-jose-2009-chevrolet-silverado-1500/99rcHTbui2DgzSeohzxxn6,4000,236000.0,sanjoseeast,Chevrolet,Silverado,2009,17
1992 Mazda Miata - Sunburst Yellow 5 Speed,https://www.craigslist.org/view/d/pleasanton-1992-mazda-miata-sunburst/8gjYU2X2NdkPujRgw3HB4r,11900,160000.0,pleasanton,Mazda,Miata,1992,34
2014 Toyota Sienna,https://www.craigslist.org/view/d/novato-2014-toyota-sienna/n41bj7FEoEQCMDC11e6rYf,19400,87000.0,novato,Toyota,Sienna,2014,12
"2016 Kia Sorento Limited-Sxl, Great Condition",https://www.craigslist.org/view/d/livermore-2016-kia-sorento-limited-sxl/wFVc61h4Tw8Ko8KHT7a4Z4,10250,144000.0,dublin,Kia,Sorento,2016,10
2016 Toyota Prius Four Touring – Newly Replaced Engine W/ Warranty – C,https://www.craigslist.org/view/d/hayward-2016-toyota-prius-four-touring/p55biiApf2sdrpJPDkiAq7,13750,157000.0,hayward,Toyota,Prius,2016,10
2016 Chevrolet Impala Ltz,https://www.craigslist.org/view/d/santa-clara-2016-chevrolet-impala-ltz/bw89Bwy5CjcXsDWo1YSvLq,6900,146000.0,santaclara,Chevrolet,Impala,2016,10
2019 Kia Optima Lx,https://www.craigslist.org/view/d/sunnyvale-2019-kia-optima-lx/2T5cEWheaUMLtgx9L7u1Cu,7900,155000.0,sunnyvale,Kia,Optima,2019,7
2007 Ford Escape Hybrid,https://www.craigslist.org/view/d/el-cerrito-2007-ford-escape-hybrid/xs5MGyGzck4KcpczDvdeTf,4900,130000.0,albany,Ford,Escape,2007,19
2004 Toyota Camry Se,https://www.craigslist.org/view/d/albany-2004-toyota-camry-se/sDDBmmp3oCS5yazUQVhNdb,3500,204000.0,albany,Toyota,Camry,2004,22
2008 Honda Cr-V,https://www.craigslist.org/view/d/half-moon-bay-2008-honda-cr/tNsCikX2jq8UTgmSdWV8Pa,8500,120000.0,halfmoonbay,Honda,Crv,2008,18
"2014 Lexus Rx350 Awd, Super Loaded,  Very Low 64K Miles, Prestine",https://www.craigslist.org/view/d/san-carlos-2014-lexus-rx350-awd-super/aKmZ6M6qTaHA3aJx78vY7L,20900,65000.0,sancarlos,Lexus,Rx,2014,12
2012 Mini Cooper Original Owner,https://www.craigslist.org/view/d/danville-2012-mini-cooper-original-owner/1WR2RNRq9DrjyjovSYCtDW,6900,81000.0,danville,Mini,Cooper,2012,14
2017 Tesla Model 3 Long Range Rwd - Enhanced Autopilot Premium Connect,https://www.craigslist.org/view/d/campbell-2017-tesla-model-long-range/6wcEbCBF7nt6LcBWcysANP,14500,124000.0,campbell,Tesla,Model 3,2017,9
2015 Ford F-150 Clean Work Or Rec Truck,https://www.craigslist.org/view/d/san-jose-2015-ford-150-clean-work-or/2v7yiBRNw55ixQoJw7gVWg,20000,59000.0,sanjosewest,Ford,F150,2015,11
1997 Bmw 528I,https://www.craigslist.org/view/d/burlingame-1997-bmw-528i/wYEBLEgYNcjvZxYzjfg42U,12500,79000.0,burlingame,Bmw,528I,1997,29
2013 Kia Sorento Ex,https://www.craigslist.org/view/d/brentwood-2013-kia-sorento-ex/nZRh843MfUvDgDsvBQXaKN,4000,171000.0,brentwood,Kia,Sorento,2013,13
2011 Bmw 328I 3 Series,https://www.craigslist.org/view/d/scotts-valley-2011-bmw-328i-series/cWEX8cLas4XzCSQfvUhaDB,7999,113000.0,scottsvalley,Bmw,328I,2011,15
2015 Jeep Wrangler Unlimited Sahara,https://www.craigslist.org/view/d/sunnyvale-2015-jeep-wrangler-unlimited/3XButoV9d3GFjnq5gQ3Ksu,13000,115000.0,sunnyvale,Jeep,Wrangler,2015,11
2009 Jeep Wrangler Unlimited Low Miles,https://www.craigslist.org/view/d/sunnyvale-2009-jeep-wrangler-unlimited/dXikWxc4qpoSXAemtwbvy4,11000,77000.0,sunnyvale,Jeep,Wrangler,2009,17
Flex Fuel 2010 Toyota Fj Cruiser 4Wd.,https://www.craigslist.org/view/d/san-jose-flex-fuel-2010-toyota-fj/k8bGwDRNWArZHNdq8iogEd,20500,142000.0,sanjose,Toyota,Fj Cruiser,2010,16
2018 Cadillac Cts 2.0T Luxury,https://www.craigslist.org/view/d/milpitas-2018-cadillac-cts-20t-luxury/tvN4ZEQuakmefgUuS5C9pv,9900,122000.0,milpitas,Cadillac,Cts,2018,8
2002 Bmw E46 M3 6Speed Convertible/W Hardtop,https://www.craigslist.org/view/d/half-moon-bay-2002-bmw-e46-m3-6speed/1V3mqc3yqLXAwLQRonrtk1,19999,116000.0,halfmoonbay,Bmw,M3,2002,24
"2008 Toyota Matrix – Reliable, Recently Serviced, Runs Great",https://www.craigslist.org/view/d/san-jose-2008-toyota-matrix-reliable/vgTmpAJsWymnLa49biUiyd,5000,165000.0,sanjose,Toyota,Matrix,2008,18
2025 Toyota Prius Prime Se Plug-In Hybrid Low 1K Original Miles Save $,https://www.craigslist.org/view/d/rancho-cordova-2025-toyota-prius-prime/7GgVFPqaPZV3WUPvTRmwv7,23900,1980.0,cityofsanfrancisco,Toyota,Prius,2025,1
2012 Subaru Impreza Wrx Sti Hatchback,https://www.craigslist.org/view/d/aptos-2012-subaru-impreza-wrx-sti/kv4ppdDBTwBakzJTNvahTJ,17000,112000.0,aptos,Subaru,Impreza,2012,14
2007 Lexus Rx400H One Owner Clean Title Super Clean Inside Out,https://www.craigslist.org/view/d/santa-clara-2007-lexus-rx400h-one-owner/srbcCrmmXXxorD6FTvKj5B,6290,200000.0,santaclara,Lexus,Rx,2007,19
2013 Mini Cooper Jcw Gp (Collector'S Item),https://www.craigslist.org/view/d/brentwood-2013-mini-cooper-jcw-gp/rMVmQvKEr9gvVJsSXPyec1,34499,57000.0,brentwood,Mini,Cooper,2013,13
2011 Subaru Forester Runs Great Front End Damage,https://www.craigslist.org/view/d/daly-city-2011-subaru-forester-runs/7xvukUrpEpLBZsmniRGFbE,1000,210000.0,dalycity,Subaru,Forester,2011,15
2021 Jeep Compass Limited,https://www.craigslist.org/view/d/gilroy-2021-jeep-compass-limited/11td21DRKhRXYSQnfdSXKS,14950,84000.0,gilroy,Jeep,Compass,2021,5
2016 Jeep Patriot 4X4,https://www.craigslist.org/view/d/gilroy-2016-jeep-patriot-4x4/rSYUYgszViTPq1qjovFKFV,7950,106000.0,gilroy,Jeep,Patriot,2016,10
2019 Chevrolet Silverado,https://www.craigslist.org/view/d/gilroy-2019-chevrolet-silverado/qWFtcZSm3ixALbBsPB2pmD,19950,76000.0,gilroy,Chevrolet,Silverado,2019,7
2025 Tesla Model Y – Low Miles – Excellent Condition,https://www.craigslist.org/view/d/oakland-2025-tesla-model-low-miles/aGjMBD783uQ9j7ZbyRC6rY,41500,5905.0,oakland,Tesla,Model Y,2025,1
2017 Mini Cooper Countryman S ☞ Impeccable!,https://www.craigslist.org/view/d/berkeley-2017-mini-cooper-countryman/aBSiKoMFcDpZgQnCtWg8Xd,12500,100000.0,berkeley,Mini,Cooper,2017,9
2013 Lexus Es350,https://www.craigslist.org/view/d/danville-2013-lexus-es350/3a143kkBs7ZqHbWLEaccie,14800,94000.0,danville,Lexus,Es,2013,13
2017 Ford Fusion Se,https://www.craigslist.org/view/d/san-jose-2017-ford-fusion-se/dJa9eeFWZPabEBBAejy5Gi,4900,150000.0,sanjose,Ford,Fusion,2017,9
2016 Ford Transit Connect Xlt,https://www.craigslist.org/view/d/san-jose-2016-ford-transit-connect-xlt/eAffkbBCbiZUdSJNcLEdX9,7950,160000.0,sanjose,Ford,Transit,2016,10
1983 All Original Ford Ranger,https://www.craigslist.org/view/d/el-verano-1983-all-original-ford-ranger/bn4DevampZBNBJKPzfRuSS,4500,41000.0,sonoma,Ford,Ranger,1983,43
Honda Pilot Exl 2014,https://www.craigslist.org/view/d/fremont-honda-pilot-exl-2014/cdJj2wYMYuaLFBjRHsM13N,10000,152000.0,fremont,Honda,Pilot,2014,12
‼️Moving‼️ 2018 Lexus Is • Is 300 F Sport Sedan 4D,https://www.craigslist.org/view/d/san-ramon-moving-2018-lexus-is-is-300/4XQqjXcJj3MMdjjYY4BFN1,25000,76000.0,danville,Lexus,Is,2018,8
2008 Toyota Prius Silver Clean Title Great Gas Saver,https://www.craigslist.org/view/d/alameda-2008-toyota-prius-silver-clean/wiZcE451Sr1E9qaEyGRBWD,5000,172000.0,alameda,Toyota,Prius,2008,18
"2012 Ford F-150 Supercrew 4X4 5.0 V8 Lifted - Clean Title - $12,500 Obo",https://www.craigslist.org/view/d/union-city-2012-ford-150-supercrew-4x4/3xADsB7FY4wVrUhiPgtnzr,12500,158000.0,unioncity,Ford,F150,2012,14
2013 Subaru Impreza Sport Premium Awd,https://www.craigslist.org/view/d/novato-2013-subaru-impreza-sport/sfdN5cLkqhqK25igw9PjQT,9500,102000.0,novato,Subaru,Impreza,2013,13
1998 Ram 1500 Sport,https://www.craigslist.org/view/d/petaluma-1998-ram-1500-sport/obbdwkJTWj5poafY5wbtTJ,3600,250000.0,petaluma,Ram,1500,1998,28
"2019 Acura Mdx Technology Sh-Awd — 1 Owner, 56K Miles, Clean Title",https://www.craigslist.org/view/d/redwood-city-2019-acura-mdx-technology/sWRX799SjB7DoM8jy8wuRc,28500,56000.0,redwoodcity,Acura,Mdx,2019,7
2012 Honda Fit,https://www.craigslist.org/view/d/scotts-valley-2012-honda-fit/jZqGCvKxB5a16o8TYofqwz,6900,114000.0,scottsvalley,Honda,Fit,2012,14
2016 Honda Civic – Clean Title • One Owner,https://www.craigslist.org/view/d/san-jose-2016-honda-civic-clean-title/sfVEpdfmRdSd7cBwpVFDnz,11900,132000.0,losgatos,Honda,Civic,2016,10
"2022 Honda Accord Sport Special Edition Sedan 4D 43,911Mi/1Owner",https://www.craigslist.org/view/d/millbrae-2022-honda-accord-sport/dyooEXdG1wuPVwSpXZxexM,24900,44000.0,millbrae,Honda,Accord,2022,4
2019 Dodge Challenger,https://www.craigslist.org/view/d/santa-clara-2019-dodge-challenger/dNzJEHC7sZGvoS8qjjQdJE,13900,86000.0,santaclara,Dodge,Challenger,2019,7
2014 Honda Civic Hydbrid Sedan 4D White,https://www.craigslist.org/view/d/concord-2014-honda-civic-hydbrid-sedan/253bRWeERsipijU9CuMpnW,15000,81000.0,concord,Honda,Civic,2014,12
2004 Nissan Altima,https://www.craigslist.org/view/d/brisbane-2004-nissan-altima/e3wAcqYwaBF6opfnZYzUQ4,4500,77000.0,oakland,Nissan,Altima,2004,22
2011 Acura Rdx Awd,https://www.craigslist.org/view/d/milpitas-2011-acura-rdx-awd/bRz7E4BfrP2X4fHcWxKZrR,7500,107000.0,milpitas,Acura,Rdx,2011,15
2011 Ford Ranger Sport,https://www.craigslist.org/view/d/san-francisco-2011-ford-ranger-sport/kjNscmSpZ1Z1fPHLKo3tvr,12000,139000.0,sanmateo,Ford,Ranger,2011,15
2022 Ram 1500 Classic Regular Cab Slt 8Ft Bed,https://www.craigslist.org/view/d/pleasanton-2022-ram-1500-classic/myb3iaSL8VdSFSmeymQWFQ,12800,140000.0,dublin,Ram,1500,2022,4
2021 Ford F-150 Regular Cab 8Ft Bed,https://www.craigslist.org/view/d/pleasanton-2021-ford-150-regular-cab/9wfQodjogwYHWTUFW3cWG6,14300,140000.0,dublin,Ford,F150,2021,5
2004 Honda Civic,https://www.craigslist.org/view/d/san-rafael-2004-honda-civic/ifS6wVUsnjRC76abmBnAxX,2500,140000.0,sanrafael,Honda,Civic,2004,22
2019 Kia Optima Lx (Well Serviced),https://www.craigslist.org/view/d/oakland-2019-kia-optima-lx-well-serviced/hYyMjKgjvYsBqu65jt5aMa,7599,95000.0,alameda,Kia,Optima,2019,7
2013 Nissan Altima S ***Runs Strong/Good On Gas/Ready Togo***,https://www.craigslist.org/view/d/campbell-2013-nissan-altima-runs-strong/wLhpM7zJP528Gj12sySuKg,3250,159000.0,campbell,Nissan,Altima,2013,13
2015 Acura Mdx Sh-Awd,https://www.craigslist.org/view/d/cupertino-2015-acura-mdx-sh-awd/9xzGoieTrJNQybUrKvup8s,13690,125000.0,fremont,Acura,Mdx,2015,11
1995 Pontiac Firebird Convertible,https://www.craigslist.org/view/d/napa-1995-pontiac-firebird-convertible/x2Q8MSiehtveCMuAQceRsu,5199,102000.0,napacounty,Pontiac,Firebird,1995,31
2005 Mini Cooper S R53 - 6-Speed Manual,https://www.craigslist.org/view/d/san-francisco-2005-mini-cooper-r-speed/dGzS8JSTzGKsE41oxMutRe,6000,104000.0,potrerohill,Mini,Cooper,2005,21
"2007 Kia Rio , 4 Door Sedan , Low 110 K""  Miles , Smogged ,  4 Cyl",https://www.craigslist.org/view/d/millbrae-2007-kia-rio-door-sedan-low/8avXjJxmhfHgWFwZQSi2rC,2900,110000.0,millbrae,Kia,Rio,2007,19
"2007 Kia Rio , 4 Door Sedan , Low 110 K""  Miles , Smogged ,  4 Cyl",https://www.craigslist.org/view/d/millbrae-2007-kia-rio-door-sedan-low/nthbwqhQrDosgS66tESzft,2900,110000.0,millbrae,Kia,Rio,2007,19
2008 Mazda3 Hatchback – Manual Transmission – One Owner – 117K Miles – F,https://www.craigslist.org/view/d/oakland-2008-mazda3-hatchback-manual/hE1FhsYn4PxJdHRW3USQTF,5900,117000.0,alameda,Mazda,Mazda3,2008,18
2021 Mercedes Sprinter Van 4X4,https://www.craigslist.org/view/d/mountain-view-2021-mercedes-sprinter/rGXmSFx8vd3Q4vH2cuGtq1,90000,35000.0,mountainview,Mercedes,Sprinter,2021,5
2012 Mercedes C250,https://www.craigslist.org/view/d/san-jose-2012-mercedes-c250/52SbTsuGZQgbbpWvv9Rtci,6500,105000.0,sanjosenorth,Mercedes,C250,2012,14
2019 Toyota Corolla Le,https://www.craigslist.org/view/d/oakland-2019-toyota-corolla-le/dwp42JMwEHpwX6DofT1dMT,18500,53000.0,oaklandpiedmont,Toyota,Corolla,2019,7
2022 Ford Transit Connect,https://www.craigslist.org/view/d/hayward-2022-ford-transit-connect/wrLpzAZzz5y3WhFuku5jJ6,16000,31000.0,hayward,Ford,Transit,2022,4
2010 Cadillac Cts Wagon – 3.6 Rwd Performance Package – 112K Miles,https://www.craigslist.org/view/d/berkeley-2010-cadillac-cts-wagon-36-rwd/myTMG8yJZdUB6jonTJmKm1,8000,112000.0,berkeley,Cadillac,Cts,2010,16
2001 Gmc Sierra 2500Hd Sle,https://www.craigslist.org/view/d/mountain-view-2001-gmc-sierra-2500hd-sle/rBgdbE9x8DnkqaYuf7hHAZ,12800,142000.0,paloalto,Gmc,Sierra,2001,25
"2011 Nissan Altima Coupe 2.5 S – Low Miles, Single Owner, Clean Title",https://www.craigslist.org/view/d/richmond-2011-nissan-altima-coupe-25/moGLrriNfZrC2AKiUeFSkU,3700,98000.0,eastbayarea,Nissan,Altima,2011,15
2012 Ford F-150 Super-Crew Xlt 4X4,https://www.craigslist.org/view/d/mountain-view-2012-ford-150-super-crew/fq7EzmGK8yGhe489BprtNG,12500,152000.0,mountainview,Ford,F150,2012,14
2014 Bmw X3,https://www.craigslist.org/view/d/san-jose-2014-bmw-x3/egKu4mpvLNoUzG36uHhi7U,9850,95000.0,sanjosesouth,Bmw,X3,2014,12
2017 Hyundai Santa Fe 7 Seater,https://www.craigslist.org/view/d/san-jose-2017-hyundai-santa-fe-seater/iH2VBSzbfmuffrnD1EWAY1,9999,174000.0,sanjoseeast,Hyundai,Santa Fe,2017,9
2019 Chevrolet Bolt,https://www.craigslist.org/view/d/oakland-2019-chevrolet-bolt/bEphdLZ7CK8KnS7v9XcMBG,13000,81000.0,oaklandlakemerritt,Chevrolet,Bolt,2019,7
"2000 Toyota Tundra Sr5 4X2 – 86,000 Original Miles",https://www.craigslist.org/view/d/hayward-2000-toyota-tundra-sr5-4x/wuByhbNhmLw66ccpkGJ6av,14500,86000.0,hayward,Toyota,Tundra,2000,26
2022 Toyota Camry · Xse • Red Interior • Low Mileage,https://www.craigslist.org/view/d/lafayette-2022-toyota-camry-xse-red/26N9s77Bn5biKsgBMpyWRG,22000,20000.0,pleasanthill,Toyota,Camry,2022,4
2021 Audi S5 · Prestige Tfsi Quattro Tiptronic,https://www.craigslist.org/view/d/oakland-2021-audi-s5-prestige-tfsi/pS8qip4r9QXRHaTXokvWbT,28000,51000.0,pleasanthill,Audi,Tt,2021,5
2000 Toyota Sienna Xle Minivan,https://www.craigslist.org/view/d/el-sobrante-2000-toyota-sienna-xle/64hL88do1QtwhZVzs5dSBp,4000,170000.0,richmond,Toyota,Sienna,2000,26
2000 Toyota 4Runner Limited 4X4,https://www.craigslist.org/view/d/santa-cruz-2000-toyota-4runner-limited/9PCkS9Vr1U7Wi6xZ6AiShj,8600,253000.0,santacruz,Toyota,4Runner,2000,26
2016 Ford Fusion Hybrid Plug In,https://www.craigslist.org/view/d/mountain-view-2016-ford-fusion-hybrid/m6J46s4kSMRkFbPk6EDC7a,7499,138000.0,mountainview,Ford,Fusion,2016,10
2009 Bmw 328I,https://www.craigslist.org/view/d/petaluma-2009-bmw-328i/5Qsz3T9gQkJxWS8GmRbZC9,4200,161000.0,petaluma,Bmw,328I,2009,17
2004 Jeep Wrangler Unlimited Lj,https://www.craigslist.org/view/d/menlo-park-2004-jeep-wrangler-unlimited/hF2qpfKXQL6FYUF8pzkGtU,12500,129000.0,menlopark,Jeep,Wrangler,2004,22
2015 Toyota Corolla Le,https://www.craigslist.org/view/d/concord-2015-toyota-corolla-le/spG3JTqMm2dSs1j6nxttzJ,9000,152000.0,concord,Toyota,Corolla,2015,11
2014 Subaru Forester,https://www.craigslist.org/view/d/san-carlos-2014-subaru-forester/c6Ud7y8eFtWiYhK1Rk9VJk,6900,115000.0,sancarlos,Subaru,Forester,2014,12
Toyota Tacoma 2003,https://www.craigslist.org/view/d/san-rafael-toyota-tacoma-2003/6pKGAUJMrzPRSNuA8oZEDw,3900,232000.0,sanrafael,Toyota,Tacoma,2003,23
2015 Toyota Tacoma Prerunner  Extra Cab Silver 4 Cyl Auto,https://www.craigslist.org/view/d/fairfax-2015-toyota-tacoma-prerunner/enVVNSa947QzYBQqxeC6bP,14000,155000.0,fairfax,Toyota,Tacoma,2015,11
2016 Hyundai Sonata Hybrid Se,https://www.craigslist.org/view/d/albany-2016-hyundai-sonata-hybrid-se/5pV3B5tJD5CxjWdUL13zpH,8000,185000.0,albany,Hyundai,Sonata,2016,10
"2022 Subaru Outback Limited Awd – Cpo Warranty – New Tires, Brks, Batt",https://www.craigslist.org/view/d/berkeley-2022-subaru-outback-limited/hVH1RkRjBshkfnwuBMFf2h,25250,64000.0,pacificheights,Subaru,Outback,2022,4
"2022 Subaru Outback Limited Awd – Cpo Warranty – New Tires, Brks, Batt",https://www.craigslist.org/view/d/san-anselmo-2022-subaru-outback-limited/dHvChPQMR8Qk3XSSKhdMNr,25250,64000.0,pacificheights,Subaru,Outback,2022,4
"2022 Subaru Outback Limited Awd – Cpo Warranty – New Tires, Brks, Batt",https://www.craigslist.org/view/d/san-francisco-2022-subaru-outback/mJMi2ZqDnLbhikwpVEb6GN,25250,64000.0,pacificheights,Subaru,Outback,2022,4
2013 Ford Fusion Se - Just 82K Miles - No Issues,https://www.craigslist.org/view/d/santa-clara-2013-ford-fusion-se-just/6FxBeJZxhEqTRmbyAqtvWk,8700,82000.0,santaclara,Ford,Fusion,2013,13
"Ford Edge 2012 - $4,425 Or Best Offer",https://www.craigslist.org/view/d/antioch-ford-edge-or-best-offer/7dp7r67xQR37pYbYoFDGS7,4425,174000.0,brentwood,Ford,Edge,2012,14
2009 Lexus Gx470,https://www.craigslist.org/view/d/union-city-2009-lexus-gx470/6mEwu6o8hYT1J896k9zZSV,18500,62000.0,fremont,Lexus,Gx,2009,17
2015 Toyota Sienna Se,https://www.craigslist.org/view/d/santa-clara-2015-toyota-sienna-se/2fT3dZM7SfgLfDCvfmFSLy,15000,149000.0,mountainview,Toyota,Sienna,2015,11
"2002 Honda Accord Ex Low Miles (60,013)",https://www.craigslist.org/view/d/san-rafael-2002-honda-accord-ex-low/qrP3HsKkgVQuT7XP6jnuVv,7500,60000.0,sanrafael,Honda,Accord,2002,24
2004 Honda Civic,https://www.craigslist.org/view/d/fremont-2004-honda-civic/dmeMzysnL1vWD4e7mUYhiE,5500,119000.0,fremontunioncity,Honda,Civic,2004,22
Ram 1500 2014 Work Truck,https://www.craigslist.org/view/d/hayward-ram-work-truck/iuFNbJxMc4VayZBBUx42oZ,9000,160000.0,hayward,Ram,1500,2014,12
"2015 Subaru Outback Limited 2,5I Awd",https://www.craigslist.org/view/d/san-jose-2015-subaru-outback-limited/sk8SF8yRy3RttBkDSD45gw,16700,54000.0,sanjose,Subaru,Outback,2015,11
"2002 Toyota Tundra Sr5, 175K Miles",https://www.craigslist.org/view/d/sausalito-2002-toyota-tundra-sr5-175k/u2mRuAwuin2LcB6W284n59,4500,175000.0,sausalito,Toyota,Tundra,2002,24
2010 Toyota Prius Hybrid,https://www.craigslist.org/view/d/hayward-2010-toyota-prius-hybrid/8xb8EXzKLtqn78WroynExk,6500,190000.0,hayward,Toyota,Prius,2010,16
1992 Bmw 325I,https://www.craigslist.org/view/d/antioch-1992-bmw-325i/c847uvSWqnJR5TDbbCb7Wg,3500,260000.0,eastbayarea,Bmw,325I,1992,34
2022 Honda Ridgeline Rtl Awd,https://www.craigslist.org/view/d/redwood-city-2022-honda-ridgeline-rtl/oT3QrwYgumrdCN4edAiD8B,31500,46000.0,losaltos,Honda,Ridgeline,2022,4
2002 Toyota Corolla Le - Clean Title - Passed Smog,https://www.craigslist.org/view/d/san-jose-2002-toyota-corolla-le-clean/7Y95DYSkr5YxmxoRnJqcgq,2899,141000.0,sanjosedowntown,Toyota,Corolla,2002,24
2010 Toyota Corolla S,https://www.craigslist.org/view/d/santa-rosa-2010-toyota-corolla/5wniRFDJSvLN1D9caMqqca,4995,178000.0,santarosa,Toyota,Corolla,2010,16
2023 P400Se Range Rover Land Rover,https://www.craigslist.org/view/d/alamo-2023-p400se-range-rover-land-rover/oTRMSFypx9JUdsCKSi9nYF,79000,47000.0,danville,Land Rover,Range Rover,2023,3
2017 Lexus Gs350 F Sport (Low Miles),https://www.craigslist.org/view/d/oakland-2017-lexus-gs350-sport-low-miles/usbpPeNqEdaWCoRctW19ms,32500,43000.0,alameda,Lexus,Es,2017,9
"2010 Subaru Impreza Outback Sport Wagon, Awd, Automatic",https://www.craigslist.org/view/d/oakland-2010-subaru-impreza-outback/u2d9XUvTyN4HLwQgYd9JnJ,4200,179000.0,berkeley,Subaru,Outback,2010,16
Honda Hrv 2016,https://www.craigslist.org/view/d/san-rafael-honda-hrv-2016/pcb3373muDqVm4rmUvSurg,11900,140000.0,sanrafael,Honda,Hrv,2016,10
For Sale 2008 Honda Civic,https://www.craigslist.org/view/d/sunnyvale-for-sale-2008-honda-civic/pwCUggH4AhYQYixetejJX7,2500,262000.0,sunnyvale,Honda,Civic,2008,18
2012 Nissan Altima  96K Miles,https://www.craigslist.org/view/d/union-city-2012-nissan-altima-96k-miles/e7vxTuDeTTs9LAYRrQwZDv,5700,96000.0,fremont,Nissan,Altima,2012,14
2014 Bmw M5-41K Miles,https://www.craigslist.org/view/d/saratoga-2014-bmw-m5-41k-miles/g69Scgt5oRHnMpuS2k8T8o,43988,41000.0,saratoga,Bmw,M5,2014,12
2006 Acura Rsx Type S,https://www.craigslist.org/view/d/fremont-2006-acura-rsx-type/fwY9eYFDxrVpdX1BzZZ3fm,11500,170000.0,fremont,Acura,Rsx,2006,20
"1976 Ford F250, With A 460 V8",https://www.craigslist.org/view/d/san-anselmo-1976-ford-f250-with-460-v8/gCA2CbHbVTQf5gnb4KQpjv,7000,75000.0,sananselmo,Ford,F250,1976,50
2013 Toyota Sienna,https://www.craigslist.org/view/d/berkeley-2013-toyota-sienna/nxKURi9EeEs3GwHWZsPY9k,16000,100000.0,berkeley,Toyota,Sienna,2013,13
2017 Toyota 4Runner - 60K Miles - Trd “Pro”,https://www.craigslist.org/view/d/san-francisco-2017-toyota-4runner-60k/s9V3zy9FNfJqLqTUZoDgAH,36500,62000.0,soma,Toyota,4Runner,2017,9
2012 Porsche Cayenne Sport Utility 4D,https://www.craigslist.org/view/d/los-altos-2012-porsche-cayenne-sport/qG3A9ezLwzM7hGHBGBu5Ui,10000,131000.0,losaltos,Porsche,Cayenne,2012,14
2012 Hyundai Sonata Hybrid Blue Drive,https://www.craigslist.org/view/d/el-cerrito-2012-hyundai-sonata-hybrid/qHkBkAsZmqMsrMF9deo22H,4700,167000.0,albany,Hyundai,Sonata,2012,14
2010 Honda Civic,https://www.craigslist.org/view/d/san-rafael-2010-honda-civic/fv81GcrJGboWTmjb6CuTss,3200,159000.0,sanrafael,Honda,Civic,2010,16
2010 Toyota Rav4 With 4Wd,https://www.craigslist.org/view/d/san-francisco-2010-toyota-rav4-with-4wd/b3VPbUANFL7fCDvijrDto8,7500,162000.0,sanfrancisco,Toyota,Rav4,2010,16
2013 Ford F150 King Ranch,https://www.craigslist.org/view/d/lafayette-2013-ford-f150-king-ranch/q6duZNEe1b7nYWX8Gyi6BV,20800,52000.0,lafayette,Ford,F150,2013,13
2015 Mercedes E350,https://www.craigslist.org/view/d/mountain-view-2015-mercedes-e350/1PntR9Cz1RfXF26rwbhJom,10799,139000.0,mountainview,Mercedes,E350,2015,11
"2012 Nissan Altima 2.5S - Well Maintained, 1 Owner.",https://www.craigslist.org/view/d/vacaville-2012-nissan-altima-25s-well/jB9pL4nuD34R6a6HFkbSuF,3900,155000.0,fairfield,Nissan,Altima,2012,14
2014 Honda Pilot 3.5L V6 Super Clean,https://www.craigslist.org/view/d/martinez-2014-honda-pilot-35l-v6-super/uBvy4SAqzibJFjKevz7xzv,16700,52000.0,concord,Honda,Pilot,2014,12
2007 Lexus Es350,https://www.craigslist.org/view/d/vallejo-2007-lexus-es350/aeJdDMbpwDMzdoaxpB5fJd,3800,245000.0,northbay,Lexus,Es,2007,19
2015 Nissan Leaf All Electric Runs Great Very Reliable,https://www.craigslist.org/view/d/dublin-2015-nissan-leaf-all-electric/dW2iHZaQErw2f9qDNbzctH,3500,115000.0,dublin,Nissan,Leaf,2015,11
"2011 Mazda3 I – Runs And Drives – Mechanic Special – $1,500 Obo",https://www.craigslist.org/view/d/san-carlos-2011-mazda3-runs-and-drives/mxxryTmtAgWuDiN7pKA4n8,1500,286000.0,sancarlos,Mazda,Mazda3,2011,15
1996 Lexus Ls400,https://www.craigslist.org/view/d/oakland-1996-lexus-ls400/bGKthXMor9dTazrdevQ5qp,6500,231000.0,oaklandeast,Lexus,Ls,1996,30
2008 Bmw 328I Clean Title,https://www.craigslist.org/view/d/oakland-2008-bmw-328i-clean-title/vb9G2B6xrS4b4ozvG3isSR,5500,122000.0,alameda,Bmw,328I,2008,18
2007 Ford Expedition Xlt/Registration Renewed! Title & Smog In Hand!,https://www.craigslist.org/view/d/brentwood-2007-ford-expedition-xlt/pdT81W1RBVSPRgVYLpgBme,2500,177000.0,brentwood,Ford,Expedition,2007,19
2017 Ford Escape Se. Super Clean Great Gas Milesge,https://www.craigslist.org/view/d/san-rafael-2017-ford-escape-se-super/qoc1KkvZqy28opeF1fMdpX,7200,129000.0,sanrafael,Ford,Escape,2017,9
"Volkswagen Jetta Se Tsi Beautiful!! 82, 575 Miles 2017 Powerful!!!",https://www.craigslist.org/view/d/san-rafael-volkswagen-jetta-se-tsi/2opH7zsrFPaXp8TgaTaeU2,8800,83000.0,sanrafael,Volkswagen,Jetta,2017,9
2006 Mazda Mx-5,https://www.craigslist.org/view/d/oakland-2006-mazda-mx/7AheuucbU8rLMDnSwFm1zp,8000,178000.0,oakland,Mazda,Mx5,2006,20
2013 Mini Cooper + Clean Title + Runs Great,https://www.craigslist.org/view/d/santa-clara-2013-mini-cooper-clean/oeFCak9N9Xyaock6UaNAPo,3500,148000.0,santaclara,Mini,Cooper,2013,13
"2016 Audi A5, Quattro Awd, Under 60K Miles, For Sale.",https://www.craigslist.org/view/d/san-francisco-2016-audi-a5-quattro-awd/c86CptNSvHUaosqRV6mEdN,15000,58000.0,downtown,Audi,Tt,2016,10
2013 Honda Crv Sport Utility - Clean Title,https://www.craigslist.org/view/d/berkeley-2013-honda-crv-sport-utility/tFS8vGRiAYfzucECZUC15b,12700,104000.0,berkeley,Honda,Crv,2013,13
"Low Mileage, 2014 Audi Q5 2.0T Quattro Premium Plus Sport",https://www.craigslist.org/view/d/menlo-park-low-mileage-2014-audi-q5-20t/hMxb7FP7rxJRaCbAEe2f58,11800,75000.0,menlopark,Audi,Q5,2014,12
Dodge Challenger Sxt Plus 2022,https://www.craigslist.org/view/d/san-jose-dodge-challenger-sxt-plus-2022/kdjgGxdrnLonP7butwgcps,26000,46000.0,sanjose,Dodge,Challenger,2022,4
2020 Ram 2500 Laramie,https://www.craigslist.org/view/d/brentwood-2020-ram-2500-laramie/aV3UdNiLwGxSb9zWht4dBo,37500,161000.0,brentwood,Ram,2500,2020,6
2016 Ford F-350 Super Duty Lariat Fx4 Package 6.7 Diesel,https://www.craigslist.org/view/d/talmage-2016-ford-350-super-duty-lariat/8tBoeAiqKPeyb4NZmhVCb2,30000,123000.0,mendocinocounty,Ford,F350,2016,10
2013 Nissan Leaf Ev,https://www.craigslist.org/view/d/napa-2013-nissan-leaf-ev/rxhvF7M34zNZFrBKrzvVnN,3500,71000.0,napacounty,Nissan,Leaf,2013,13
2006 Toyota Tundra Limited,https://www.craigslist.org/view/d/berkeley-2006-toyota-tundra-limited/p29FjwvPkDNJReQno9Gsdn,6900,146000.0,berkeley,Toyota,Tundra,2006,20
2021 Tesla Model 3 Long Range – 42K Miles,https://www.craigslist.org/view/d/san-francisco-2021-tesla-model-long/e7EHqSuS6x9WCFCCKGkRHy,23500,42000.0,sanfrancisco,Tesla,Model 3,2021,5
2003 Ford F250 Super Duty,https://www.craigslist.org/view/d/brentwood-2003-ford-f250-super-duty/pU5HhWw8VZYfZVBUMoJb6a,5800,227000.0,brentwood,Ford,F250,2003,23
2007 Subaru Forester 5 Speed Manual Clean Title Smog Carfax,https://www.craigslist.org/view/d/pinole-2007-subaru-forester-speed/76KGvkJTV5z8Vt18AcYAco,6000,152000.0,"hercules,pinole,sanpablo,elsob",Subaru,Forester,2007,19
2011 Bmw 335I M Sport Coupe 6-Speed,https://www.craigslist.org/view/d/moraga-2011-bmw-335i-sport-coupe-speed/33eC689wngUNM7qctiniUz,22000,74000.0,lafayette,Bmw,335I,2011,15
2013 Honda Civic Lx Sedan 4D,https://www.craigslist.org/view/d/san-francisco-2013-honda-civic-lx-sedan/wox2m1aSdAaBUZFNQhpw2R,7495,178000.0,missiondistrict,Honda,Civic,2013,13
2014 Cadillac Ats 2.0L Turbo,https://www.craigslist.org/view/d/livermore-2014-cadillac-ats-20l-turbo/9vFoxsfCBWnadwz98HTT43,6500,155000.0,livermore,Cadillac,Ats,2014,12
2017 Ford F-250 Lariat Fx4 6.7L Power Stroke Diesel 4X4,https://www.craigslist.org/view/d/santa-clara-2017-ford-250-lariat-fx4/sfafvagKhDydA2cRQ2TFC9,45000,154000.0,santaclara,Ford,F250,2017,9
2004 Nissan Armada,https://www.craigslist.org/view/d/san-pablo-2004-nissan-armada/9kvEL5uGAwXV3959UKJ3d9,2000,180000.0,"hercules,pinole,sanpablo,elsob",Nissan,Armada,2004,22
2020 Cadillac Escalade Esv Platinum. 1 Owner. 80K Miles. Great Shape,https://www.craigslist.org/view/d/concord-2020-cadillac-escalade-esv/kZbkUjjcLYaA7imxQhjgnR,36999,80000.0,concord,Cadillac,Escalade,2020,6
2001 Ford F150 7700 Xlt Triton-Zombie Apocalypse Propane/Gas Powered,https://www.craigslist.org/view/d/santa-rosa-2001-ford-xlt-triton-zombie/dLnFt9XuE7LRRqrRKcCCQD,4000,64000.0,santarosa,Ford,F150,2001,25
2007 Lexus Gs350,https://www.craigslist.org/view/d/hayward-2007-lexus-gs350/6fKAsBDgfZ1axdnaNLX1JT,6900,140000.0,hayward,Lexus,Gs,2007,19
1989 Bmw 535I E34   Registered And Driving,https://www.craigslist.org/view/d/san-leandro-1989-bmw-535i-e34/inAZoFExDq4mwLBDYKnHfr,6500,236000.0,sanleandro,Bmw,535I,1989,37
2014 Hyundai Elantra,https://www.craigslist.org/view/d/vallejo-2014-hyundai-elantra/7mLwgkHPVA6vShKZvaaLBq,4300,129000.0,vallejo,Hyundai,Elantra,2014,12
2020 Toyota Camry Hybrid _Hybrid__One Owner__113Km__,https://www.craigslist.org/view/d/fremont-2020-toyota-camry-hybrid/ewiCSmiLHyveHgKZ1RN6Wo,13500,113000.0,fremont,Toyota,Camry,2020,6
2014 Toyota Tundra/Tune M1 Popup,https://www.craigslist.org/view/d/port-costa-2014-toyota-tundra-tune-m1/nyY6TpiVGjHuihiEueaGgT,60000,44000.0,vallejo,Toyota,Tundra,2014,12
2013 Nissan Juke (Nismo),https://www.craigslist.org/view/d/san-mateo-2013-nissan-juke-nismo/4bdUBQwDYcZ8dccDtM8fge,5800,92000.0,sanmateo,Nissan,Juke,2013,13
2016 Vw Jetta Gli Se - 2.0L Turbo ~88K Miles,https://www.craigslist.org/view/d/antioch-2016-vw-jetta-gli-se-20l-turbo/8EoudHD4QJjRax9aatenij,12500,86000.0,brentwood,Vw,Jetta,2016,10
2022 Toyota Prius Hybrid~30.000~Miles~~Navigation~Backcamera~Loaded,https://www.craigslist.org/view/d/fremont-2022-toyota-prius/cqeNR1hXYWij6N8vaw9jrP,16500,30000.0,fremont,Toyota,Prius,2022,4
2022 Toyota Prius Hybrid~30.000~Miles~~Navigation~Backcamera~Loaded,https://www.craigslist.org/view/d/san-francisco-2022-toyota-prius/1iCX1rzJph4wTDzqiT5sqx,16500,30000.0,bayarea,Toyota,Prius,2022,4
2022 Hyundai Santa Fe Sel Plug-In Hybrid Awd • 30-Mile Ev Range,https://www.craigslist.org/view/d/cotati-2022-hyundai-santa-fe-sel-plug/rCQcmBaxKa5VUfRnD2SVS4,23800,54000.0,santarosa,Hyundai,Santa Fe,2022,4
Mechanic Special 2003 Acura Mdx,https://www.craigslist.org/view/d/fremont-mechanic-special-2003-acura-mdx/sbK9oJG8fg72kTvmtydQfy,900,199000.0,fremont,Acura,Mdx,2003,23
"2005 Ford Focus Hatchback, 5 Speed Manual",https://www.craigslist.org/view/d/san-jose-2005-ford-focus-hatchback/c2bn3BswpcSWA8ZK5ZhDVd,2000,161000.0,willowglen,Ford,Focus,2005,21
1999 Ford Ranger 37K Miles! Manual Transmission,https://www.craigslist.org/view/d/livermore-1999-ford-ranger-37k-miles/tFcAEamH6vg3nN7KmvhTxT,9500,37000.0,livermore,Ford,Ranger,1999,27
"2013 Kia Rio Ex – Original Owner – Bright Silver – $5,900 (As‑Is)",https://www.craigslist.org/view/d/san-francisco-2013-kia-rio-ex-original/pAsa8ha71W99sgkxD9nSQT,5900,52000.0,missiondistrict,Kia,Rio,2013,13
2004 Volkswagen Passat Gls 2004,https://www.craigslist.org/view/d/san-francisco-2004-volkswagen-passat/2mDiEjuGoJhmU9qkaV6ak2,1799,177000.0,alamosquare,Volkswagen,Passat,2004,22
2009 Bmw 328I E90,https://www.craigslist.org/view/d/san-bruno-2009-bmw-328i-e90/6mw882XYRC3bJ4nEzW7kkA,5900,115000.0,sanbruno,Bmw,328I,2009,17
Toyota Sequoia 2005,https://www.craigslist.org/view/d/pittsburg-toyota-sequoia-2005/iUpFpxWLwuFcLZFwsHjcFY,5500,200000.0,pittsburgh,Toyota,Sequoia,2005,21
2002 Bmw M3,https://www.craigslist.org/view/d/moreno-valley-2002-bmw-m3/gEw7vMLih5W73Zt3ebhVPY,12900,197000.0,cityofsanfrancisco,Bmw,M3,2002,24
2020 Mercedes-Benz Glc Amg 350E Eq-Power 4Matic,https://www.craigslist.org/view/d/san-jose-2020-mercedes-benz-glc-amg/8hmddbViZD8gd81c9po8yE,19000,73000.0,sanjosesouth,Mercedes,Glc,2020,6
2016 Audi Q3 Premium Plus Awd,https://www.craigslist.org/view/d/san-mateo-2016-audi-q3-premium-plus-awd/vkc5gnEWLy6KN4oA7GzVGh,10000,104000.0,burlingame,Audi,Q3,2016,10
2007 Honda Pilot Ex-L Suv,https://www.craigslist.org/view/d/san-francisco-2007-honda-pilot-ex-suv/eXqvmJA7WwZepiqeFooDpR,4999,215000.0,westportal,Honda,Pilot,2007,19
"2009 Honda Cr-V — Solid, Reliable Suv (Carmax Appraised ""Good"")",https://www.craigslist.org/view/d/martinez-2009-honda-cr-solid-reliable/f9bo7esEjXz8Dm9Re9FMbM,6500,184000.0,concord,Honda,Crv,2009,17
2007 Toyota Tacoma Access Cab - 5-Speed Manual Transmission,https://www.craigslist.org/view/d/novato-2007-toyota-tacoma-access-cab/wpx5jxBMmzz6h5GwjCyA1c,8499,210000.0,novato,Toyota,Tacoma,2007,19
2013 Ford Focus,https://www.craigslist.org/view/d/napa-2013-ford-focus/6haoWLVSUhQisMSPQTo2Ye,3500,170000.0,napacounty,Ford,Focus,2013,13
2000 Mazda Miata 5Spd Tasty Upgrades Looking For 50/50 Split For Track,https://www.craigslist.org/view/d/santa-rosa-2000-mazda-miata-5spd-tasty/gho7jHSXrD8uiFaryAAPRD,9000,223000.0,santarosa,Mazda,Miata,2000,26
2013 Ford Focus Se,https://www.craigslist.org/view/d/san-rafael-2013-ford-focus-se/i22EpkArj3GzdL8FiWTHv1,7000,86000.0,sanrafael,Ford,Focus,2013,13
2020 Toyota Corolla Hybrid,https://www.craigslist.org/view/d/soquel-2020-toyota-corolla-hybrid/jsqDci1ctCsv4Kgs3xQtFF,18000,84000.0,soquel,Toyota,Corolla,2020,6
Toyota Rav4 2011,https://www.craigslist.org/view/d/fremont-toyota-rav4-2011/f6CP7SgAnHYUdKp7kNWpD8,7000,131000.0,alameda,Toyota,Rav4,2011,15
2005 Honda Crv Awd 113K Miles,https://www.craigslist.org/view/d/san-francisco-2005-honda-crv-awd-113k/kLsYqxg6PUZ7GdwsxzauFd,7000,113000.0,russianhill,Honda,Crv,2005,21
1998 Ford F150 Xlt,https://www.craigslist.org/view/d/redwood-city-1998-ford-f150-xlt/nDdmVETWVccyq9mD1gBgGQ,900,240000.0,redwoodcity,Ford,F150,1998,28
2017 Dodge Durango Gt Awd Mechanics Special Clean Title,https://www.craigslist.org/view/d/vallejo-2017-dodge-durango-gt-awd/wb81iedrPzXuTRk3VqJRPX,10000,138000.0,vallejo,Dodge,Durango,2017,9
2010 Lexus Gx460 - Overland-Ready,https://www.craigslist.org/view/d/redwood-city-2010-lexus-gx460-overland/aAXPHVwxG5zxyUJDKHAxFc,25000,128000.0,redwoodcity,Lexus,Gx,2010,16
2015 Subaru Wrx -Limited,https://www.craigslist.org/view/d/napa-2015-subaru-wrx-limited/a8r93K2tMxZLj7iHP4GjGo,15500,98000.0,napacounty,Subaru,Wrx,2015,11
1973 Dodger Challenger,https://www.craigslist.org/view/d/morgan-hill-1973-dodger-challenger/mw1qYuSNxDWZcqfta929KU,35000,100000.0,morganhill,Dodge,Challenger,1973,53
2014 Awd Dodge Durango Limited,https://www.craigslist.org/view/d/hayward-2014-awd-dodge-durango-limited/o2pyHy47uEUcXwsq35w7Hr,10500,124000.0,hayward,Dodge,Durango,2014,12
2005 Toyota Corolla (Very Low Mileage And Upgraded!),https://www.craigslist.org/view/d/vallejo-2005-toyota-corolla-very-low/dR4KtH2XxQFhwXgXoS2toC,9500,41000.0,vallejo,Toyota,Corolla,2005,21
2018 Chevrolet Silverado 4Wd Ltz - Excellent Condition,https://www.craigslist.org/view/d/millbrae-2018-chevrolet-silverado-4wd/oZLXPtCMMG1Hbw22YnpKHH,26400,49000.0,millbrae,Chevrolet,Silverado,2018,8
"2021 Porsche Macan, Fantastic Condition, Very Low Milage",https://www.craigslist.org/view/d/san-mateo-2021-porsche-macan-fantastic/tzKae6kda1hKkWRFFc35HT,34250,36000.0,fostercity,Porsche,Macan,2021,5
2020 Ford F-250 Super Duty Xl Stx Supercab 4X4,https://www.craigslist.org/view/d/shingle-springs-2020-ford-250-super/8uynog8WRXsNLVRtBwD6Ko,41000,87000.0,fremont,Ford,F250,2020,6
2020 Ford F-250 Super Duty Xl Stx Supercab 4X4,https://www.craigslist.org/view/d/shingle-springs-2020-ford-250-super/sxQKrq7facVCCNVfYYJj1B,41000,87000.0,fairfield,Ford,F250,2020,6
Like New 2024 Volkswagen Tiguan Awd Ready For The Road,https://www.craigslist.org/view/d/novato-like-new-2024-volkswagen-tiguan/spz6MWtrJKbC49H2ziMdQm,16907,29000.0,cityofsanfrancisco,Volkswagen,Tiguan,2024,2
2020 Ford F-250 Super Duty Xl Stx Supercab 4X4,https://www.craigslist.org/view/d/shingle-springs-2020-ford-250-super/7tkVkwv6DQpzK5mFLV1B6c,41000,87000.0,sanjosenorth,Ford,F250,2020,6
2015 Jeep Compass - Altitude,https://www.craigslist.org/view/d/rodeo-2015-jeep-compass-altitude/kNkdazYvAyG4kvoyRSY81t,3000,104000.0,"hercules,pinole,sanpablo,elsob",Jeep,Compass,2015,11
2015 Subaru Forester,https://www.craigslist.org/view/d/oakland-2015-subaru-forester/gx8Dmk5BvYkajvCQoqNihL,4750,188000.0,oaklandrockridge,Subaru,Forester,2015,11
2015 Honda Accord First Owner Ex-L Model,https://www.craigslist.org/view/d/holt-2015-honda-accord-first-owner-ex/jaKaHPqTsVDmcVqiShtiuB,9900,182000.0,hayward,Honda,Accord,2015,11
2008 Mazda Mx-5 Miata Grand Touring - 6-Speed Manual,https://www.craigslist.org/view/d/san-francisco-2008-mazda-mx-miata-grand/1xEJZ9FH3HNz3hRZVUtbuK,9500,102000.0,soma,Mazda,Miata,2008,18
2018 Jeep Cherokee,https://www.craigslist.org/view/d/gilroy-2018-jeep-cherokee/5c7LXnRoABTiHrK8XrCq4X,15000,80000.0,gilroy,Jeep,Cherokee,2018,8
2009 Toyota Prius Hybrid Hatchback - 95 K,https://www.craigslist.org/view/d/berkeley-2009-toyota-prius-hybrid/14y1Z5MZ7P3fzJBbqPHfcE,8800,96000.0,berkeley,Toyota,Prius,2009,17
2010 Ford Taurus,https://www.craigslist.org/view/d/napa-2010-ford-taurus/ucHGRxvgGxDSAdFJxkQaXt,5500,111000.0,napacounty,Ford,Taurus,2010,16
2010 Toyota Sienna Le,https://www.craigslist.org/view/d/sausalito-2010-toyota-sienna-le/kD5mVPt7TRpjznGddwHxSt,9500,105000.0,sausalito,Toyota,Sienna,2010,16
"2015 Nissan Leaf S - 57,000 Miles, Clean Ev Hatchback",https://www.craigslist.org/view/d/novato-2015-nissan-leaf-miles-clean-ev/akDFF7k4pRNp5vodiL2sUG,4900,57000.0,novato,Nissan,Leaf,2015,11
2017 Dodge Grand Caravan Sxt Wheel Chair Handicap Rear-Entry,https://www.craigslist.org/view/d/santa-cruz-2017-dodge-grand-caravan-sxt/aarkE6LAjYccW1pJPzbhPs,18500,165000.0,santacruz,Dodge,Grand Caravan,2017,9
2018 Ford Fusion,https://www.craigslist.org/view/d/burlingame-2018-ford-fusion/prRu4g2gJZYPrMk8iXwfYz,4900,180000.0,burlingame,Ford,Fusion,2018,8
"2024 Ford F-150 Xlt Crew Cab 4X4 – V8, Fx4, 32K Highway Miles",https://www.craigslist.org/view/d/los-gatos-2024-ford-150-xlt-crew-cab/uVpbaD6K69SkSGNJi9hCEc,47900,32000.0,santaclara,Ford,F150,2024,2
Honda Accord 2019 Ex,https://www.craigslist.org/view/d/san-francisco-honda-accord-2019-ex/mfzLHcQY5wpEejwky9hneh,8000,205000.0,marina,Honda,Accord,2019,7
Fully Loaded Clean Honda 2009 Pilot W Leather Seats & Dvd/Cd,https://www.craigslist.org/view/d/san-francisco-fully-loaded-clean-honda/9Wk1QxKntcBjEEJ1HJc2yN,3499,237000.0,bernalheights,Honda,Pilot,2009,17
2006 Honda Pilot Ex-L 4Wd,https://www.craigslist.org/view/d/redwood-city-2006-honda-pilot-ex-4wd/6pj5gNqQbhbQDGxvvWhYrY,3800,251000.0,redwoodcity,Honda,Pilot,2006,20
2009  S550 Mercedes,https://www.craigslist.org/view/d/redwood-city-2009-s550-mercedes/dHS6469ytm987kGesuXR8s,5000,157000.0,redwoodcity,Mercedes,S550,2009,17
2018 Kia Soul+ | 46K Miles | New Tires & Battery | Clean Title,https://www.craigslist.org/view/d/los-altos-2018-kia-soul-46k-miles-new/rLAJ9TWieY8KxMoPuAHPJg,12000,47000.0,mountainview,Kia,Soul,2018,8
2016 Ford Fusion Energi Titanium Plug-In Hybrid Clean Title Smogged!,https://www.craigslist.org/view/d/tracy-2016-ford-fusion-energi-titanium/aGMA9thSqUuGXaxdAeXUDG,8800,96000.0,tracy,Ford,Fusion,2016,10
2012 Toyota Prius Iii Clean Title Carfax Smogged Low Miles 83K,https://www.craigslist.org/view/d/tracy-2012-toyota-prius-iii-clean-title/vr5n8BMsJspvfVJvGcJMNw,9000,83000.0,tracy,Toyota,Prius,2012,14
Hyundai Accent 2016,https://www.craigslist.org/view/d/san-bruno-hyundai-accent-2016/pKwkXieGuDoyaRXmeKgao4,3999,148000.0,sanbruno,Hyundai,Accent,2016,10
2002 Ford F-150 Xlt,https://www.craigslist.org/view/d/el-verano-2002-ford-150-xlt/jXkfk3hwWotGfB3WPv5zjA,6000,101000.0,elverano,Ford,F150,2002,24
"2013 Audi Q5 2.0 Turbo Clean Title, Runs Great",https://www.craigslist.org/view/d/pittsburg-2013-audi-q5-20-turbo-clean/fWFdSFEnjNPb1VA736Qth3,6500,145000.0,pittsburg,Audi,Q5,2013,13
2008 Bmw 528I,https://www.craigslist.org/view/d/belmont-2008-bmw-528i/8GDZjU58TqYjvBwVe1VRci,8500,132000.0,belmont,Bmw,528I,2008,18
2018 Toyota Rav4 Le,https://www.craigslist.org/view/d/fremont-2018-toyota-rav4-le/6CX4petS4KhTPreX2eunhA,18500,82000.0,fremont,Toyota,Rav4,2018,8
2001 Toyota Tundra Sr5 Access Cab 2Wd 4.7L V8 - 273K,https://www.craigslist.org/view/d/cupertino-2001-toyota-tundra-sr5-access/bDpaDDgjmZWg5vx8VAcvGk,4500,273000.0,cupertino,Toyota,Tundra,2001,25
2017 Acura Mdx,https://www.craigslist.org/view/d/concord-2017-acura-mdx/3UTQCUmroEEpu214UMEtrX,21500,96000.0,concord,Acura,Mdx,2017,9
2016 Nissan Rogue Sl With `Only 50K Original Miles,https://www.craigslist.org/view/d/pleasant-hill-2016-nissan-rogue-sl-with/nshgSMv9hvn5XGSHyQ6A4y,8500,50000.0,concord,Nissan,Rogue,2016,10
2017 Audi Q7,https://www.craigslist.org/view/d/oakland-2017-audi-q7/dtdrXgSLQgb7nVS8QFm9Mh,14000,103000.0,lafayette,Audi,Q7,2017,9
1995 Mercedes Benz E320 W124 Excellent Condition,https://www.craigslist.org/view/d/fremont-1995-mercedes-benz-e320-w124/2a6cMRQTMWSbBM9i7nPuzB,9900,200000.0,fremont,Mercedes,E320,1995,31
"2023 Ford F150, Xlt Super Crew 4 X 4 Super Clean",https://www.craigslist.org/view/d/san-francisco-2023-ford-f150-xlt-super/usPz7skrH1zviokw7ZeCoA,28750,45000.0,soma,Ford,F150,2023,3
2000 Toyota Tundra Sr5,https://www.craigslist.org/view/d/santa-rosa-2000-toyota-tundra-sr5/cQiJwxucZnEoiMwABMgPJX,4400,276000.0,santarosa,Toyota,Tundra,2000,26
2004 Toyota Sequoia Sr5,https://www.craigslist.org/view/d/mountain-view-2004-toyota-sequoia-sr5/sSeWtwtQbixm61HSHBMfuH,8500,130000.0,southbayarea,Toyota,Sequoia,2004,22
Very Reliable 2007 Toyota Prius,https://www.craigslist.org/view/d/san-francisco-very-reliable-2007-toyota/8y25taAX9Bz6GEMfkJKEH6,2600,250000.0,sanfrancisco,Toyota,Prius,2007,19
2002 Lexus Rx 300 Pearl White All-Wheel-Drive,https://www.craigslist.org/view/d/alameda-2002-lexus-rx-300-pearl-white/outDKX8nAsQHNPwgBAGqX6,3180,172000.0,eastbayarea,Lexus,Rx,2002,24
2005 Mercedes Benz E320,https://www.craigslist.org/view/d/watsonville-2005-mercedes-benz-e320/hCemgHLmytRv4zdwkcREMb,3000,286000.0,watsonville,Mercedes,E320,2005,21
2013 Toyota Yaris Le 2-Door – Automatic – 135K Miles,https://www.craigslist.org/view/d/san-francisco-2013-toyota-yaris-le-door/ttxWpkVJ3ZVE6J9AQo3Vxi,5500,135000.0,missiondistrict,Toyota,Yaris,2013,13
2020 Toyota Rav4 Trd Offroad,https://www.craigslist.org/view/d/felton-2020-toyota-rav4-trd-offroad/ucErPE4N1BRMszdGAo8BG5,30000,95000.0,scottsvalley,Toyota,Rav4,2020,6
2001 Lexus Rx300 Awd V6,https://www.craigslist.org/view/d/san-rafael-2001-lexus-rx300-awd-v6/8kYHcYbwZmrR8iBg454DHq,4300,222000.0,sanrafael,Lexus,Rx,2001,25
2002 Ford Explorer Sport - Black 4.0L V6 Rwd,https://www.craigslist.org/view/d/hayward-2002-ford-explorer-sport-black/5nKQjWVMaZxr9MHentY6iC,2200,265000.0,hayward,Ford,Explorer,2002,24
"2018 Volkswagen Passat Se, Low Miles",https://www.craigslist.org/view/d/danville-2018-volkswagen-passat-se-low/6ic6yccZTLKSWQS8u4CeqZ,14499,29000.0,danville,Volkswagen,Passat,2018,8
2019 Honda Crv E-Xl,https://www.craigslist.org/view/d/fremont-2019-honda-crv-xl/rm7zbDUFQbcQAaV2SYq3jf,24900,58000.0,eastbay,Honda,Crv,2019,7
2005 Volvo Xc90 Awd,https://www.craigslist.org/view/d/san-jose-2005-volvo-xc90-awd/frMNo8gwysNz88oqRmXqNS,2000,178000.0,sanjosenorth,Volvo,Xc90,2005,21
2013 Lexus Ct 200H Premium Clean Title Fresh Smog 39+ Mpg,https://www.craigslist.org/view/d/oakland-2013-lexus-ct-200h-premium/696BYGqRkjxwsS7LA7ZkZR,6200,205000.0,oakland,Lexus,Es,2013,13
"2015 Audi A4, One Owner Excellent Condition",https://www.craigslist.org/view/d/fremont-2015-audi-a4-one-owner/tH3CsXY4hVzZxhEHL6rsZs,9800,116000.0,fremont,Audi,A4,2015,11
1989 Ford F150,https://www.craigslist.org/view/d/petaluma-1989-ford-f150/vnXYsCqfzzykSvphKEgabD,5300,52000.0,petaluma,Ford,F150,1989,37
2016 Jeep Wrangler Unlimited Sport S Suv 4D,https://www.craigslist.org/view/d/san-jose-2016-jeep-wrangler-unlimited/dQjBxXynLbz7fdksvRQTZ8,17250,70000.0,sanjose,Jeep,Wrangler,2016,10
2015 Acura Rdx • Sh-Awd Technology Pkg Sport Utility 4D,https://www.craigslist.org/view/d/san-francisco-2015-acura-rdx-sh-awd/hfF3tNaJnpC79sCVBNEkMz,7700,167000.0,sanfrancisco,Acura,Rdx,2015,11
"2007 Kia Rio , 4 Door Sedan , Low 110 K""  Miles , Smogged ,  4 Cyl",https://www.craigslist.org/view/d/millbrae-2007-kia-rio-door-sedan-low/xc5Pv8K75jKS7AQKi3fX41,3200,110000.0,millbrae,Kia,Rio,2007,19
2025 Toyota Camry Se Hybrid,https://www.craigslist.org/view/d/milpitas-2025-toyota-camry-se-hybrid/3SSh8uHVj5jnEi4xCinfH1,28000,18000.0,milpitas,Toyota,Camry,2025,1
2019 Mercedes Sprinter 2500 12-Passenger High Roof 79K V6 Turbo Diesel,https://www.craigslist.org/view/d/los-gatos-2019-mercedes-sprinter/7vZLvNKhTW1PyeoEuStVNm,43800,79000.0,losgatos,Mercedes,Sprinter,2019,7
2017 Tesla Model S 75 With Full Self Driving And Free Premium Connectivity For L,https://www.craigslist.org/view/d/san-rafael-2017-tesla-model-75-with/pLFSGCpCrap9kmgo2P59Db,29500,58000.0,sanrafael,Tesla,Model S,2017,9
2013 Hyundai Sonata Gls – Clean Title – Replacement Engine,https://www.craigslist.org/view/d/san-jose-2013-hyundai-sonata-gls-clean/fZKAjcZYxgUAH8B6ZvDnqj,5200,165000.0,sanjosesouth,Hyundai,Sonata,2013,13
2015 Acura Mdx Black,https://www.craigslist.org/view/d/san-jose-2015-acura-mdx-black/bw89oEaJEVAWVuXBoy7MoC,6000,177000.0,sanjose,Acura,Mdx,2015,11
2012 Toyota Sienna @ 13Xxx Miles,https://www.craigslist.org/view/d/san-francisco-2012-toyota-sienna-13xxx/5hJ3KJg9kASLbm4y9mzoTn,12000,135000.0,bernalheights,Toyota,Sienna,2012,14
2015 Ford Transit 350,https://www.craigslist.org/view/d/santa-rosa-2015-ford-transit-350/hV4cqcFwyjPNUae53vsHJQ,48000,135000.0,santarosa,Ford,Transit,2015,11
2013 Audi Q7 S Line Edition,https://www.craigslist.org/view/d/newark-2013-audi-q7-line-edition/jFzpsUEFPgwZGCAGXiED2h,4950,162000.0,newark,Audi,Q7,2013,13
2009 Ford Escape Hybrid – Replacement Engine (70K Miles),https://www.craigslist.org/view/d/el-sobrante-2009-ford-escape-hybrid/7paZhHe5XFfPQHe7cwQTaT,3900,276000.0,elsobrante,Ford,Escape,2009,17
2009 Bmw M3 Coupe • Manual Alpine White/Fox Red Clean,https://www.craigslist.org/view/d/santa-rosa-2009-bmw-m3-coupe-manual/kD17YMujqXoAZ3KKqmGaQ1,36900,72000.0,santarosa,Bmw,M3,2009,17
2016 Ford Transit Connect Xlt,https://www.craigslist.org/view/d/santa-clara-2016-ford-transit-connect/esoCF42ETVW9c7ECmVSWKR,8200,160000.0,santaclara,Ford,Transit,2016,10
"2010 Pontiac G6, 98K Miles, 4 Cylinder, Excellent Condition.",https://www.craigslist.org/view/d/hayward-2010-pontiac-g6-98k-miles/tJtSntS46hjt8tdEhxo47S,4300,98000.0,hayward,Pontiac,G6,2010,16
2012 Acura Mdx W/Technology Package,https://www.craigslist.org/view/d/napa-2012-acura-mdx-technology-package/bhPyCMQF1WXBxZMjVLXaYN,5995,181000.0,napacounty,Acura,Mdx,2012,14
"2003 Ford F150 King Cab, 8 Foot Bed, Lumber Rack: $2,950 Obo",https://www.craigslist.org/view/d/santa-cruz-2003-ford-f150-king-cab-foot/nVHVueJDqYFBiNah42cz7z,2550,242000.0,santacruz,Ford,F150,2003,23
2017 Lexus Rx 350 4Wd,https://www.craigslist.org/view/d/pleasanton-2017-lexus-rx-350-4wd/trHqR5cRNsySYYw4u6RSyg,20800,115000.0,dublin,Lexus,Rx,2017,9
2012 Gmc Terrain Low Miles 160K!,https://www.craigslist.org/view/d/hayward-2012-gmc-terrain-low-miles-160k/wwrgHgFoW4XbM2z3Pdio4g,2300,160000.0,hayward,Gmc,Terrain,2012,14
"2020 Volvo Xc90 T6 Momentum - 29,500 Mileage",https://www.craigslist.org/view/d/san-carlos-2020-volvo-xc90-t6-momentum/nbuDEq275VB94TEKJqtWeb,34000,30000.0,sancarlos,Volvo,Xc90,2020,6
"1997 Nissan Pathfinder  Reliable, Very Clean, Runs Great",https://www.craigslist.org/view/d/alameda-1997-nissan-pathfinder-reliable/cdHA9Nktv7B83ds8Nrt6CP,1850,239000.0,alameda,Nissan,Pathfinder,1997,29
"2016 Audi Q5 3.0T Premium Plus – 96,000 Miles – Excellent Condition",https://www.craigslist.org/view/d/san-jose-2016-audi-q5-30t-premium-plus/c1crkQqEAn1UymCVBLuPRt,12500,96000.0,sanjosesouth,Audi,Q5,2016,10
For Sale 2006 Chrysler Pt Cruiser,https://www.craigslist.org/view/d/pleasanton-for-sale-2006-chrysler-pt/pqLzCweNtjsjhT1cab4JB6,2000,42000.0,dublin,Chrysler,Pt Cruiser,2006,20
Honda Accord Crossover 2012,https://www.craigslist.org/view/d/cotati-honda-accord-crossover-2012/oPwTevHiwySRzCCtiEwoem,6500,147000.0,santarosa,Honda,Accord,2012,14
2016 Jeep Wrangler Unlimited Sahara,https://www.craigslist.org/view/d/oakland-2016-jeep-wrangler-unlimited/5mB4FcAsSm43VGRpv1Um7e,19900,83000.0,oaklandnorth,Jeep,Wrangler,2016,10
"2014 Chevrolet Camaro Rs Coupe – 2,245 Original Miles – Mint Condition",https://www.craigslist.org/view/d/san-bruno-2014-chevrolet-camaro-rs/tW5pFQNSwwwWNvQxqH8KgM,26000,2245.0,sanbruno,Chevrolet,Camaro,2014,12
2008 Lexus Gx 470 Beauty!,https://www.craigslist.org/view/d/oakland-2008-lexus-gx-470-beauty/hUoGwtCqFMTKHY55ScgkcX,11000,222000.0,alameda,Lexus,Gx,2008,18
Kia Sorento 2019,https://www.craigslist.org/view/d/vallejo-kia-sorento-2019/ezca2wtYPupsjYN6xXVuP8,6250,110000.0,vallejo,Kia,Sorento,2019,7
"1999 Gmc Yukon Denali 4Wd – Only 103,000 Miles, Excellent Condition",https://www.craigslist.org/view/d/novato-1999-gmc-yukon-denali-4wd-only/oCfemP5gjFqFsnCiG6CoVT,10500,103000.0,novato,Gmc,Yukon,1999,27
"For Sale: 2019 Toyota Tacoma Sr5 V6 Double Cab (Immaculate, Low Miles!)",https://www.craigslist.org/view/d/san-jose-for-sale-2019-toyota-tacoma/vihYZXGqqr9QfJqpWoxypD,29000,47000.0,sanjose,Toyota,Tacoma,2019,7
2016 Nissan 370Z Sport Tech – Brand New Engine | Performance Mods,https://www.craigslist.org/view/d/san-jose-2016-nissan-370z-sport-tech/tKTE3CtgqCrobooCwtNuNi,25499,60000.0,sanjosewest,Nissan,370Z,2016,10
2007 Toyota Highlander,https://www.craigslist.org/view/d/daly-city-2007-toyota-highlander/8vBcr825SGDuF8bg1XsHik,7000,194000.0,dalycity,Toyota,Highlander,2007,19
2015 Nissan Leaf 77K Miles,https://www.craigslist.org/view/d/mountain-view-2015-nissan-leaf-77k-miles/htaQmsXuiVGz3C6nyhVuhv,4000,77000.0,paloalto,Nissan,Leaf,2015,11
2013 Tesla Model S 60,https://www.craigslist.org/view/d/san-jose-2013-tesla-model-60/sVwqBAGffuFfmCjRLP9cpz,11000,90000.0,sanjosedowntown,Tesla,Model S,2013,13
2013 Toyota Sienna  Le  ~ Original Owner ~,https://www.craigslist.org/view/d/san-jose-2013-toyota-sienna-le-original/gyQGXCEFJM55VK9whNZpwb,16000,100000.0,sanjosedowntown,Toyota,Sienna,2013,13
2001 Mercedes S500,https://www.craigslist.org/view/d/san-mateo-2001-mercedes-s500/mVZ5xAut9Pnap8iB9WQ4v2,5995,127000.0,sancarlos,Mercedes,S500,2001,25
2009 Mercedes E350 Amg Sport Package,https://www.craigslist.org/view/d/san-jose-2009-mercedes-e350-amg-sport/gL7zFdLDLxFciv5Zffnx9n,3900,187000.0,sanjosesouth,Mercedes,E350,2009,17
2012 Ford F250 Lariat 6.7L Crew Cab,https://www.craigslist.org/view/d/alamo-2012-ford-f250-lariat-67l-crew-cab/rwK7PYAZJrVLsdoTFhzysC,22000,157000.0,danville,Ford,F250,2012,14
2007 Honda Odyssey,https://www.craigslist.org/view/d/concord-2007-honda-odyssey/5v8q7q43NDqDanhrjyQMUv,3500,190000.0,concord,Honda,Odyssey,2007,19
2013 Lexus Gs350 On Bbs Rims,https://www.craigslist.org/view/d/san-jose-2013-lexus-gs350-on-bbs-rims/c6uvuQHgm2BR86VSA2RbMq,16500,81000.0,sanjosesouth,Lexus,Gs,2013,13
"1979 Chevrolet Corvette, 4Speed Manual",https://www.craigslist.org/view/d/san-jose-1979-chevrolet-corvette-4speed/g3rWhJ5bNjuEHQUdzxEeuN,14500,46000.0,sanjose,Chevrolet,Corvette,1979,47
2017 Toyota Camry Se 4 Cylinder (Clean Title),https://www.craigslist.org/view/d/citrus-heights-2017-toyota-camry-se/4XN7RXu5qugvp42RHt37eV,13500,137000.0,fairfield,Toyota,Camry,2017,9
2016 Toyota Tacoma Sr5 Access Cab,https://www.craigslist.org/view/d/san-jose-2016-toyota-tacoma-sr5-access/vXK3MFuuXw5Md44Tq46oPM,21500,99000.0,sanjosewest,Toyota,Tacoma,2016,10
Honda Civic Vp 2005,https://www.craigslist.org/view/d/mill-valley-honda-civic-vp-2005/6dRFXjhhEcg7KehY31eKy3,3400,178000.0,millvalley,Honda,Civic,2005,21
2005 Toyota Prius Hybrid Hatchback - New Main Battery,https://www.craigslist.org/view/d/walnut-creek-2005-toyota-prius-hybrid/rShPaDZ4y6ineh4cUP81S9,5000,181000.0,walnutcreek,Toyota,Prius,2005,21
"2018 Ford Explorer Xlt, Clean Title",https://www.craigslist.org/view/d/san-jose-2018-ford-explorer-xlt-clean/c4bW39MRDzi3ojBhfWH8Y5,8900,139000.0,sanjosewest,Ford,Explorer,2018,8
1967 Pontiac Firebird,https://www.craigslist.org/view/d/mill-valley-1967-pontiac-firebird/gVjPB1gZ6Vt6FYHYgimgPt,36000,70000.0,millvalley,Pontiac,Firebird,1967,59
2022 Ford Transit Connect Lwb,https://www.craigslist.org/view/d/hayward-2022-ford-transit-connect-lwb/mu5gcA8LEXr9tDkprPJipk,16000,32000.0,hayward,Ford,Transit,2022,4
2016 Toyota Rav4 Se Sport Package,https://www.craigslist.org/view/d/union-city-2016-toyota-rav4-se-sport/ekunLL3sq53bq3vbJpg66Q,9600,195000.0,fremont,Toyota,Rav4,2016,10
2020 Nissan Murano S Sport Awd,https://www.craigslist.org/view/d/hayward-2020-nissan-murano-sport-awd/eURiRJUk7r8CeSZpiPyxWU,10990,119000.0,hayward,Nissan,Murano,2020,6
"2014 Honda Accord Lx Sedan – Single Owner – Only 76,785 Miles",https://www.craigslist.org/view/d/dublin-2014-honda-accord-lx-sedan/eLnPmRtUmbjEDz7PydKJ4S,13250,77000.0,dublin,Honda,Accord,2014,12
2012 Toyota Prius Hybrid,https://www.craigslist.org/view/d/san-rafael-2012-toyota-prius-hybrid/hLwd2qJLwgS2RkWnyMXtge,5000,245000.0,sanrafael,Toyota,Prius,2012,14
2011 Subaru Outback Wagon 2.5I,https://www.craigslist.org/view/d/union-city-2011-subaru-outback-wagon-25i/awHXx1Gf7dF868WF4HWWuN,3900,197000.0,fremont,Subaru,Outback,2011,15
2015 Honda Accord,https://www.craigslist.org/view/d/san-lorenzo-2015-honda-accord/5mXY85b9PodHMwEnanVC3V,8500,137000.0,hayward,Honda,Accord,2015,11
2014 Audi Q5,https://www.craigslist.org/view/d/hayward-2014-audi-q5/kVTJe4dJsPE41JXeHGcEN9,6000,164000.0,hayward,Audi,Q5,2014,12
2017 Nissan Altima Sv Model,https://www.craigslist.org/view/d/san-jose-2017-nissan-altima-sv-model/1Qj3aDCrK4wF1JUHnsgcyq,6500,161000.0,sanjose,Nissan,Altima,2017,9
2006 Mazda Miata,https://www.craigslist.org/view/d/bodega-bay-2006-mazda-miata/og8gyg3jFQsCfn68ZA7RgK,10000,90000.0,sonoma,Mazda,Miata,2006,20
2001 Ford F250 7.3 Diesel 4X4 (6-Speed-Manual) 1St-Owner (90K-Origina),https://www.craigslist.org/view/d/pleasant-hill-2001-ford-diesel-4x4/aSk2DwajvMc8ReaVwuGTNK,29000,90000.0,dublin,Ford,F250,2001,25
2007 Lexus Ls 460 L - One Owner,https://www.craigslist.org/view/d/walnut-creek-2007-lexus-ls-460-one-owner/2CC41ZBTPRMUNKECuYMmaq,12500,137000.0,walnutcreek,Lexus,Ls,2007,19
"Selling My 2010 Dodge Grand Caravan Se With Only 72,000 Original Miles",https://www.craigslist.org/view/d/manteca-selling-my-2010-dodge-grand/5qfiUVBxhhAAhfm8AsXRk3,6500,76000.0,fremont,Dodge,Grand Caravan,2010,16
Honda Pilot 2010 Ex-L - 234K Miles,https://www.craigslist.org/view/d/sausalito-honda-pilot-2010-ex-234k-miles/hQakCYJjUMikuT24iqmkm9,3200,235000.0,sausalito,Honda,Pilot,2010,16
2022 Bmw X6 M50I,https://www.craigslist.org/view/d/napa-2022-bmw-x6-m50i/nJjnAjzojKUbF4Wtquvsn9,55000,41000.0,napacounty,Bmw,M5,2022,4
2014 Subaru Outback,https://www.craigslist.org/view/d/san-francisco-2014-subaru-outback/8mM8UtxG9AByGXQUJgCB8g,9800,84000.0,sunset,Subaru,Outback,2014,12
"Clean 1999 Mercedes Benz E320 (W210) For Sale • 228,000 Miles",https://www.craigslist.org/view/d/el-verano-clean-1999-mercedes-benz-e320/rKh7rssFuYmpjiG57PNHSc,3299,228000.0,sonoma,Mercedes,E320,1999,27
1979 Volkswagen Beetle Convertible,https://www.craigslist.org/view/d/vallejo-1979-volkswagen-beetle/nube9rWtxeQG5e3DQyqVKx,8500,70000.0,vallejo,Volkswagen,Beetle,1979,47
2015 Ram 1500 Tradesman 4×4 Regular Cab Long Bed – Work Truck – Clean,https://www.craigslist.org/view/d/san-francisco-2015-ram-1500-tradesman/iegjRb1QpTQgYg7xCy7d9h,14500,123000.0,ingleside,Ram,1500,2015,11
Toyota Prius 2004,https://www.craigslist.org/view/d/vallejo-toyota-prius-2004/gDRwRfZwKfyZrEDctu5N8e,2800,196000.0,vallejo,Toyota,Prius,2004,22
2005 Lexus Is 300 With Only 85K Miles,https://www.craigslist.org/view/d/san-francisco-2005-lexus-is-300-with/mG2NBDRoXPdxnkZHLz43BJ,10000,85000.0,hayesvalley,Lexus,Es,2005,21
2014 Vw Tdi Beetle Convertible -Low Miles-Mint,https://www.craigslist.org/view/d/oakland-2014-vw-tdi-beetle-convertible/5n2Ezy1abjNx8umaacZzbY,12950,86000.0,oaklandpiedmont,Vw,Beetle,2014,12
2015 Toyota Tundra,https://www.craigslist.org/view/d/dublin-2015-toyota-tundra/ic44NWuBazKqRAz8sEybk4,18000,95000.0,dublin,Toyota,Tundra,2015,11
Honda Accord 2009,https://www.craigslist.org/view/d/san-jose-honda-accord-2009/4viZUdjTojLwvsDpS5CNoi,4500,194000.0,sanjose,Honda,Accord,2009,17
2004 Land Rover Discovery Ii,https://www.craigslist.org/view/d/san-jose-2004-land-rover-discovery-ii/8GgKnZgoDgf8A941UffJoU,8450,138000.0,sanjoseeast,Land Rover,Discovery,2004,22
2011 Acura Mdx Technology Package – Clean Title – Great Project / Engi,https://www.craigslist.org/view/d/san-jose-2011-acura-mdx-technology/jaM4jvvXN5TtuxFJjC7QXW,3500,197000.0,sanjosesouth,Acura,Mdx,2011,15
2009 Bmw 328I,https://www.craigslist.org/view/d/petaluma-2009-bmw-328i/21iE5W5KbRYi96CdyMbZaM,4200,161000.0,petaluma,Bmw,328I,2009,17
2017 Ram Promaster City Cargo Van,https://www.craigslist.org/view/d/windsor-2017-ram-promaster-city-cargo/1brgR7CiFHBw81YEXzijDU,8000,154000.0,healdsburg,Ram,Promaster,2017,9
2016 Bmw 328I,https://www.craigslist.org/view/d/petaluma-2016-bmw-328i/fXdXnoofkL5Kc4edRvTEAT,12499,76000.0,petaluma,Bmw,328I,2016,10
2011 Honda Insight Ex W/Navigation (Civic/Prius),https://www.craigslist.org/view/d/fremont-2011-honda-insight-ex/dVkawbi1AuA9tgWUma287K,7950,96000.0,fremont,Honda,Civic,2011,15
Mustang Ford 1965 6 Cylinder 3 Speed Floor Shift,https://www.craigslist.org/view/d/san-leandro-mustang-ford-cylinder-speed/4sd7ZMk7skNsQbZHQvGGey,6650,82000.0,sanleandro,Ford,Mustang,1965,61
2013 Toyota Tacoma Access Cab,https://www.craigslist.org/view/d/fremont-2013-toyota-tacoma-access-cab/6YPCwwdhB1kDBKRQ3p1Cax,16250,129000.0,fremont,Toyota,Tacoma,2013,13
2010 Toyota Sequoia Limited 4Wd - Excellent Condition,https://www.craigslist.org/view/d/belmont-2010-toyota-sequoia-limited-4wd/5VppLeMtqrvxW5x596Czzc,25200,53000.0,belmont,Toyota,Sequoia,2010,16
2008 Audi A8 L Quattro Awd Clean Title Low Miles Automatic Black/Black,https://www.craigslist.org/view/d/hayward-2008-audi-a8-quattro-awd-clean/gSBUtVds3M1b4Nu9dVhYe3,7500,63000.0,hayward,Audi,Tt,2008,18
Nissan Frontier 2012,https://www.craigslist.org/view/d/santa-rosa-nissan-frontier-2012/tzKrhcC6dZJa8zKLx1QHEd,7850,200000.0,santarosa,Nissan,Frontier,2012,14
2002 Honda Civic,https://www.craigslist.org/view/d/scotts-valley-2002-honda-civic/2UTyyf4adYmuACRnKgj1NE,5000,120000.0,southbayarea,Honda,Civic,2002,24
Clean Title 2007 Honda Civic,https://www.craigslist.org/view/d/cupertino-clean-title-2007-honda-civic/b5d26Nig5zH6E13iKnZG9q,3999,130000.0,cupertino,Honda,Civic,2007,19
2016 Porsche Cayenne - Meticulously Maintained,https://www.craigslist.org/view/d/san-francisco-2016-porsche-cayenne/4KxK2pGWwB2q8hiAsrhBNm,17000,100000.0,cityofsanfrancisco,Porsche,Cayenne,2016,10
2012 Toyota Prius Iii Clean Title Carfax Smogged Low Miles 83K,https://www.craigslist.org/view/d/tracy-2012-toyota-prius-iii-clean-title/3xqEya4NR9AiXomy3Uk5Bh,9000,83000.0,tracy,Toyota,Prius,2012,14
2016 Ford Fusion Energi Titanium Plug-In Hybrid Clean Title Smogged!,https://www.craigslist.org/view/d/tracy-2016-ford-fusion-energi-titanium/nhjfkpNQJyeTxRy51bBtEB,9000,96000.0,tracy,Ford,Fusion,2016,10
2015 Ford Focus,https://www.craigslist.org/view/d/fremont-2015-ford-focus/gpu54CKHoHyXoDyMP6v9qn,4500,101000.0,fremont,Ford,Focus,2015,11
2015 Hyundai Elantra,https://www.craigslist.org/view/d/patterson-2015-hyundai-elantra/eSSU6bAkrsioTP4FqkByGG,6500,105000.0,patterson,Hyundai,Elantra,2015,11
2001 Mercedes Clk55 Amg * Excellent Conditions,https://www.craigslist.org/view/d/san-jose-2001-mercedes-clk55-amg/sgZtAkzbLhTeqgegY8iR8c,11000,130000.0,sanjosedowntown,Mercedes,Amg,2001,25
Honda Pilot Awd 2017,https://www.craigslist.org/view/d/belmont-honda-pilot-awd-2017/8YLwJ6cxKqUFSjxYvQ1Wgz,24000,48000.0,belmont,Honda,Pilot,2017,9
"2013 Mini Cooper, Reliable And Clean Title",https://www.craigslist.org/view/d/san-francisco-2013-mini-cooper-reliable/kJ6LsW2NycxNtSnw7q9pLK,3000,110000.0,sunset,Mini,Cooper,2013,13
1973 Chevrolet Harry Bradley Corvette Station Wagon,https://www.craigslist.org/view/d/richmond-1973-chevrolet-harry-bradley/qjzUYVvTELK8WNMBwdLBVT,12900,87000.0,richmond,Chevrolet,Corvette,1973,53
"2015 Ford Escape Se Ecoboost 4Wd W/ New Transmission,  159,937 Miles",https://www.craigslist.org/view/d/holy-city-2015-ford-escape-se-ecoboost/fTUXWaeusTi7aMA9GD4PpM,3500,160000.0,santacruz,Ford,Escape,2015,11
2011 Subaru Outback 4Wd,https://www.craigslist.org/view/d/petaluma-2011-subaru-outback-4wd/rfrEmtK7CbVg5Jzzre3eCx,2300,220000.0,petaluma,Subaru,Outback,2011,15
2018 Ford Transit Connect Xl,https://www.craigslist.org/view/d/cupertino-2018-ford-transit-connect-xl/6Ft3dVyyy7HBXJaNWge8qT,9500,166000.0,sanjosewest,Ford,Transit,2018,8
2005 Ford F350 Diesel Super Duty Crew Cab · Lariat Pickup 4D 8 Ft,https://www.craigslist.org/view/d/martinez-2005-ford-f350-diesel-super/cayKt8ERtErktFFXpPzawi,1999,140000.0,concord,Ford,F350,2005,21
2009 Vw Gti,https://www.craigslist.org/view/d/el-verano-2009-vw-gti/991jVmRG2YPCfJYspG4Ybd,7800,138000.0,sonoma,Vw,Gti,2009,17
2013 Nissan Sentra (Smoged),https://www.craigslist.org/view/d/union-city-2013-nissan-sentra-smoged/7JSWcK9ppenXKVkrYT8jjp,3500,147000.0,fremont,Nissan,Sentra,2013,13
1978 Ford Bronco,https://www.craigslist.org/view/d/south-san-francisco-1978-ford-bronco/iUWfdhpRcxtZfNY9tBaeVL,57000,100.0,burlingame,Ford,Bronco,1978,48
"2014 Honda Accord 4Dr  V6 13,000 Miles Original  Owner",https://www.craigslist.org/view/d/fremont-2014-honda-accord-4dr-miles/nC3SoWU3AYnrmZkvts6kBk,24750,13000.0,fremont,Honda,Accord,2014,12
"2014 Honda Accord 4Dr  V6 13,000 Miles Original  Owner",https://www.craigslist.org/view/d/fremont-2014-honda-accord-4dr-miles/qjg6nrHCRDAY8w19H1uxtp,24750,13000.0,fremont,Honda,Accord,2014,12
2015 Volkswagen Passat,https://www.craigslist.org/view/d/oakland-2015-volkswagen-passat/3gPaHtMsVisLt8WeZRjbYr,3000,118000.0,alameda,Volkswagen,Passat,2015,11
2019 Honda Civic,https://www.craigslist.org/view/d/saratoga-2019-honda-civic/88KsV68PaPR9TUix8JcLX1,22800,51000.0,cityofsanfrancisco,Honda,Civic,2019,7
1977 Ford F-250 Ranger Xlt With Camper - 460 V8 - Runs & Drives,https://www.craigslist.org/view/d/hayward-1977-ford-250-ranger-xlt-with/kJ8ENZ1qhYZixE6eo4gUm4,4500,62000.0,hayward,Ford,F250,1977,49
Nissan Frontier Extra Cab 2004,https://www.craigslist.org/view/d/milpitas-nissan-frontier-extra-cab-2004/wr12uxTtwk9G1PKhT21fhn,3500,249000.0,milpitas,Nissan,Frontier,2004,22
Toyota Sienna 2007,https://www.craigslist.org/view/d/milpitas-toyota-sienna-2007/oUknAHoQzohu2zTs2kaMGV,4500,179000.0,milpitas,Toyota,Sienna,2007,19
2013 Honda Fit Sport Hatchback 4D,https://www.craigslist.org/view/d/concord-2013-honda-fit-sport-hatchback/x1ckJHGAvxjWHTTuXKy5uE,7179,82000.0,dublin,Honda,Fit,2013,13
2016 Nissan Rogue Great Condition,https://www.craigslist.org/view/d/san-francisco-2016-nissan-rogue-great/pKYmA7tKyhV3RBjakTiDi1,8950,110000.0,russianhill,Nissan,Rogue,2016,10
2006 Toyota Highlander Hybrid Limited Loaded Runs Great,https://www.craigslist.org/view/d/hollister-2006-toyota-highlander-hybrid/tHNf6hjBmgELBQg1ziNx4K,3275,149000.0,hollister,Toyota,Highlander,2006,20
2007 Subaru Forester Ll Bean Edition,https://www.craigslist.org/view/d/san-francisco-2007-subaru-forester-ll/1gu1Rr7nNQgh6wb3kLfJji,3600,212000.0,bayview,Subaru,Forester,2007,19
2012 Volkswagen Touareg Clean,https://www.craigslist.org/view/d/san-leandro-2012-volkswagen-touareg/jn79fGo5t3W8ZevJC3Q9LG,5900,195000.0,sanleandro,Volkswagen,Touareg,2012,14
2013 Ford F150 Regular Cab Xl Pickup,https://www.craigslist.org/view/d/lodi-2013-ford-f150-regular-cab-xl/fMat459Mt377VB5u4YTqpr,6900,191000.0,cityofsanfrancisco,Ford,F150,2013,13
"2014 Lexus Rx350 Awd, Super Clean, Clean Ca Title, Clean Carfax",https://www.craigslist.org/view/d/san-mateo-2014-lexus-rx350-awd-super/jepdDwxuNUXKuZUfAacMA5,15500,138000.0,sanmateo,Lexus,Rx,2014,12
2019 Honda Odyssey Ex-L - Clean Title And Low Mileage,https://www.craigslist.org/view/d/port-costa-2019-honda-odyssey-ex-clean/85CHzywCL1AXZJ2zWK5C4r,31500,50000.0,vallejo,Honda,Odyssey,2019,7
2019 Nissan Kicks Sv,https://www.craigslist.org/view/d/santa-clara-2019-nissan-kicks-sv/1GYPgcBkaxscSzj2e5VS5y,8200,90000.0,santaclara,Nissan,Kicks,2019,7
2018 Audi Q5 2.0T Premium Tech,https://www.craigslist.org/view/d/mill-valley-2018-audi-q5-20t-premium/mwytYsrarERwzzF7xDEBkj,15000,81000.0,millvalley,Audi,Q5,2018,8
"2005 Mercedes-Benz C55 Amg – 100% Stock, Unmodified W203 V8",https://www.craigslist.org/view/d/san-ramon-2005-mercedes-benz-c55-amg/ezFLNar6D1ZCjYfKuYPYBT,5500,207000.0,danville,Mercedes,Amg,2005,21
Audi Q5 2013,https://www.craigslist.org/view/d/campbell-audi-q5-2013/7mGdxrc4jShocoSr9PS4i7,8900,110000.0,campbell,Audi,Q5,2013,13
2002 Mercedes-Benz C32 Amg Supercharged – Extensive Records,https://www.craigslist.org/view/d/walnut-creek-2002-mercedes-benz-c32-amg/weEu6M27a8x9oo7kPdT6XJ,7500,177000.0,walnutcreek,Mercedes,Amg,2002,24
"2021 Toyota Prius Prime Plug-In, 35Kmi",https://www.craigslist.org/view/d/north-highlands-2021-toyota-prius-prime/xz1Eoe5Aia5K3jnGrz6q52,16500,35000.0,cityofsanfrancisco,Toyota,Prius,2021,5
2014 Ford Focus Se - Only 67K Miles! Clean Title,https://www.craigslist.org/view/d/santa-rosa-2014-ford-focus-se-only-67k/jBYgpJCrJsCZuhCFbdGHbN,6400,67000.0,santarosa,Ford,Focus,2014,12
2004 Toyota Highlander Suv 7 Seater 171K Mi,https://www.craigslist.org/view/d/san-jose-2004-toyota-highlander-suv/8hd7rubbTYz4cpyzBY8Q3n,3500,172000.0,sanjosesouth,Toyota,Highlander,2004,22
2013 Nissan Pathfinder,https://www.craigslist.org/view/d/san-jose-2013-nissan-pathfinder/m1iG16kVb3CHVm8KFNwJ48,1600,11000.0,sanjosenorth,Nissan,Pathfinder,2013,13
2008 Bmw 335I Coupe • 6-Speed Manual • Factory Sport & Premium Package,https://www.craigslist.org/view/d/albany-2008-bmw-335i-coupe-speed-manual/8B3tTnDhgTvM5Qw2EUduLM,11500,111000.0,albany,Bmw,335I,2008,18
2011 Toyota Prius,https://www.craigslist.org/view/d/san-jose-2011-toyota-prius/oBYXarSuqLVaCF43zRgBFU,5900,150000.0,sanjosedowntown,Toyota,Prius,2011,15
2008 Mazda Mazda3 S Touring,https://www.craigslist.org/view/d/san-jose-2008-mazda-mazda3-touring/nAJYN8VESQuCwH565hvMoU,7600,91000.0,sanjoseeast,Mazda,Mazda3,2008,18
2014 Jeep Wrangler Sahara Jku (Rv Flat-Tow Ready),https://www.craigslist.org/view/d/redwood-city-2014-jeep-wrangler-sahara/9uAGvETvXHgnJg4Tu9fMsn,16995,98000.0,redwoodshores,Jeep,Wrangler,2014,12
2001 Lexus Gs300,https://www.craigslist.org/view/d/daly-city-2001-lexus-gs300/cjBxVX8zTc4VJtJg1DmYXC,5200,192000.0,dalycity,Lexus,Gs,2001,25
2007 Toyota Prius,https://www.craigslist.org/view/d/aptos-2007-toyota-prius/2svifG8koTJ33JvaFMyiDr,3500,201000.0,aptos,Toyota,Prius,2007,19
2013 Toyota Sequoia Sr5 With/4X4,https://www.craigslist.org/view/d/los-gatos-2013-toyota-sequoia-sr5-with/e6ycnvqUAgFdeJwLAhF1h4,24800,52000.0,los gatos,Toyota,Sequoia,2013,13
"2007 Lexus Rx 400H ,Hybrid, Save Gas,Clean Title Run Good!",https://www.craigslist.org/view/d/san-jose-2007-lexus-rx-400h-hybrid-save/t8rrMgWP3vsdno7zCBHdNh,4200,208000.0,san jose south,Lexus,Rx,2007,19
2007 Honda Civic,https://www.craigslist.org/view/d/san-rafael-2007-honda-civic/esP2ySrHn6G2Tk7S3qvVhm,2800,188000.0,san rafael,Honda,Civic,2007,19
2008 Chevrolet Silverado Low Miles!!,https://www.craigslist.org/view/d/santa-rosa-2008-chevrolet-silverado-low/ceHMnbk9HMV3QkV5bUn7ow,13900,76000.0,santa rosa,Chevrolet,Silverado,2008,18
2002 Subaru Outback,https://www.craigslist.org/view/d/antioch-2002-subaru-outback/bU2NPvDzg2n3y2QfmMq2FT,3500,189000.0,san francisco,Subaru,Outback,2002,24
2011 Mercedes Sprinter Converted Camper Van,https://www.craigslist.org/view/d/sausalito-2011-mercedes-sprinter/dvV4GNNBowL383yeiCswLg,18500,185000.0,sausalito,Mercedes,Sprinter,2011,15
2002 Honda Civic Lxlx,https://www.craigslist.org/view/d/santa-rosa-2002-honda-civic-lxlx/9QpNUEWoTutUt9gH7XJ6Wp,4250,149000.0,sebastopol,Honda,Civic,2002,24
"2024 Acura Rdx -Sh-Awd  W/ Advance Package 9,078 Miles",https://www.craigslist.org/view/d/san-rafael-2024-acura-rdx-sh-awd/w26WYnXMGTdXNPgooXPjYs,43000,9078.0,san rafael,Acura,Rdx,2024,2
"2012 Kia Soul Gl 2.0L, 1-Owner",https://www.craigslist.org/view/d/pleasant-hill-2012-kia-soul-gl-20l-owner/2DTqbrUs9Pg6cC5waiTmJU,3750,109000.0,concord,Kia,Soul,2012,14
2011 Toyota Tacoma 4X4 Double Cab Long Bed (6-Foot Bed),https://www.craigslist.org/view/d/campbell-2011-toyota-tacoma-4x4-double/16o8Xb5Zz2jWUD6J4jykZf,24300,58000.0,campbell,Toyota,Tacoma,2011,15
Original 1995 Jeep Wrangler Rio Grande,https://www.craigslist.org/view/d/napa-original-1995-jeep-wrangler-rio/4t5aEJfx5MKB1XvGavkeu8,12500,135000.0,napa,Jeep,Wrangler,1995,31
2018 Ford Fusion Se,https://www.craigslist.org/view/d/richmond-2018-ford-fusion-se/cXPNBH1UZ8CBwLvuy5U4i2,13500,81000.0,danville,Ford,Fusion,2018,8
2007 Toyota Camry Le,https://www.craigslist.org/view/d/san-quentin-2007-toyota-camry-le/jq6y5MfqY1tJW8ku5hfivS,5500,197000.0,san rafael,Toyota,Camry,2007,19
2017 Jeep Wrangler Oscar Mike Edition,https://www.craigslist.org/view/d/martinez-2017-jeep-wrangler-oscar-mike/g48uo4EzjS9JvGdkqp1jzS,20000,57000.0,concord,Jeep,Wrangler,2017,9
Original 1995 Jeep Wrangler Rio Grande,https://www.craigslist.org/view/d/napa-original-1995-jeep-wrangler-rio/dWEmb3tAgTrXaLU86Y5SCD,12500,135000.0,napa,Jeep,Wrangler,1995,31
2019 Chrysler Pacifica Braunability Wheelchair Accessable,https://www.craigslist.org/view/d/walnut-creek-2019-chrysler-pacifica/prbX8T7EVDaRDHvxnnpoyZ,57000,13000.0,walnut creek,Chrysler,Pacifica,2019,7
2017 Toyota Tacoma (53K Miles),https://www.craigslist.org/view/d/santa-cruz-2017-toyota-tacoma-53k-miles/7KbJUu6NawkcV7ePHaeCDq,26000,53000.0,santa cruz,Toyota,Tacoma,2017,9
2005 Saturn Ion 2 Quad Coupe – 123K Miles Clean Title  Great Commuter,https://www.craigslist.org/view/d/san-jose-2005-saturn-ion-quad-coupe/wxzHC4UDnHmUzEg495rtDL,2995,123000.0,san jose south,Saturn,Ion,2005,21
2011 Subaru Forester Premium Awd - Clean Title - Well Maintained,https://www.craigslist.org/view/d/albany-2011-subaru-forester-premium-awd/3HDHnUyA92DhRQHayBA2Ef,7900,128000.0,albany,Subaru,Forester,2011,15
Original 1995 Jeep Wrangler Rio Grande,https://www.craigslist.org/view/d/napa-original-1995-jeep-wrangler-rio/6eCmHfzx5BNXyAvx2F1aY9,12500,135000.0,napa,Jeep,Wrangler,1995,31
2019 Kia Optima Lx (Well Serviced),https://www.craigslist.org/view/d/oakland-2019-kia-optima-lx-well-serviced/iwQo9ajYhmtaaiRE3o72Do,7199,95000.0,alameda,Kia,Optima,2019,7
1978 Vw Super Beetle Convertible,https://www.craigslist.org/view/d/san-rafael-1978-vw-super-beetle/fsDMjLj6EbZuwWWLuhsuxE,21900,37000.0,san rafael,Vw,Beetle,1978,48
2000 Cadillac Deville Dhs,https://www.craigslist.org/view/d/pacifica-2000-cadillac-deville-dhs/5kjMuK5xytmtQtQyXBs9m3,2800,121000.0,city of san francisco,Cadillac,Deville,2000,26
2020 Ford Explorer Police Intercepter,https://www.craigslist.org/view/d/san-leandro-2020-ford-explorer-police/2ddJtPuuuK77946HKBXKXj,8900,113000.0,san leandro,Ford,Explorer,2020,6
2018 Honda Accord Sport Edition,https://www.craigslist.org/view/d/cupertino-2018-honda-accord-sport/6iUTneZS9wPJfZGzegG4QG,10500,172000.0,cupertino,Honda,Accord,2018,8
2004 Audi A4 Quattro 3.0 100K Miles,https://www.craigslist.org/view/d/pleasant-hill-2004-audi-a4-quattro-miles/tDoHkU4cNozfANz3f13hs4,3000,100000.0,concord,Audi,A4,2004,22
"2002 Honda Crv Ex Awd - $5,500 Obo",https://www.craigslist.org/view/d/berkeley-2002-honda-crv-ex-awd-obo/mM5aL5HBBsXCFegSAUHbJK,5500,210000.0,berkeley,Honda,Crv,2002,24
Nissan Rogue Sv 2023,https://www.craigslist.org/view/d/san-francisco-nissan-rogue-sv-2023/vboxWHkZeRGU1KvW38SCQs,19000,60000.0,san francisco,Nissan,Rogue,2023,3
2016 Ford F350 Super Duty Dully 6.2 V8 Flex Fuel 218K Miles,https://www.craigslist.org/view/d/manteca-2016-ford-f350-super-duty-dully/h3bDkhktyYKzfam3FZKjap,9400,218000.0,dublin,Ford,F350,2016,10
[For Sale] 2010 Volkswagen Jetta Sportwagen 2.5 Se - 153K Miles,https://www.craigslist.org/view/d/santa-clara-for-sale-2010-volkswagen/ohN1tRaxqsygqmzCiMYVys,3500,153000.0,santa clara,Volkswagen,Jetta,2010,16
2013 Toyota Corolla Le - 67K Miles - Single Owner,https://www.craigslist.org/view/d/sunnyvale-2013-toyota-corolla-le-67k/3uvdcp4cy4b66Fv5PDM88g,13700,67000.0,sunnyvale,Toyota,Corolla,2013,13
2010 Jeep Wrangler Unlimited Jk,https://www.craigslist.org/view/d/watsonville-2010-jeep-wrangler/hmDFxkpibtKqHw9KMuQ2wG,9500,207000.0,watsonville,Jeep,Wrangler,2010,16
2021 Gmc Sierra 2500Hd Denali,https://www.craigslist.org/view/d/los-altos-2021-gmc-sierra-2500hd-denali/gGYEz99qktkXBcRSRv32ea,65000,42000.0,los altos,Gmc,Sierra,2021,5
2019 Kia Optima Lx,https://www.craigslist.org/view/d/sunnyvale-2019-kia-optima-lx/ucfXF63PXC3AXLLcZqJCRx,7600,155000.0,sunnyvale,Kia,Optima,2019,7
2019 Ford Fusion Se Awd,https://www.craigslist.org/view/d/sunnyvale-2019-ford-fusion-se-awd/m2Z3Go8tBWgN5LZKTSUGux,7600,144000.0,sunnyvale,Ford,Fusion,2019,7
2019 Ford Fusion Se Awd,https://www.craigslist.org/view/d/sunnyvale-2019-ford-fusion-se-awd/oTsuf6jeu1CixjcPG7nvcs,7600,144000.0,sunnyvale,Ford,Fusion,2019,7
2018 Chevrolet Silverado 4Wd Ltz - Excellent Condition,https://www.craigslist.org/view/d/millbrae-2018-chevrolet-silverado-4wd/c2R2Ze8W1ApTqytmJ7SiTN,25900,49000.0,millbrae,Chevrolet,Silverado,2018,8
2014 Dodge Grand Caravan,https://www.craigslist.org/view/d/san-jose-2014-dodge-grand-caravan/aYskAa3iQEuyQgazY9zYaR,5200,196000.0,san jose,Dodge,Grand Caravan,2014,12
2012 Mazda Cx-9 Grand Touring (Price Reduced),https://www.craigslist.org/view/d/berkeley-2012-mazda-cx-grand-touring/nrazWB5YFcYJKfJhyeskj5,7800,101000.0,berkeley,Mazda,Cx9,2012,14
2006 Honda S2000 Ap2,https://www.craigslist.org/view/d/san-mateo-2006-honda-s2000-ap2/hxx1Rxz78Z66vKVNhGvS2r,37500,53000.0,san mateo,Honda,S2000,2006,20
2004 Chrysler Sebring Lx Convertible 2 Doorcoupe,https://www.craigslist.org/view/d/mill-valley-2004-chrysler-sebring-lx/d1baf7teANtVsWNtcDwQ34,2241,74000.0,mill valley,Chrysler,Sebring,2004,22
2012 Volkswagen Jetta,https://www.craigslist.org/view/d/san-jose-2012-volkswagen-jetta/wwdhmNxVN1N5W57jrci32n,4800,144000.0,san jose north,Volkswagen,Jetta,2012,14
2011 Acura Tsx Sed.,https://www.craigslist.org/view/d/san-jose-2011-acura-tsx-sed/grrjfEtLcu2rCPVvaeCRsb,2995,190000.0,san jose south,Acura,Tsx,2011,15
2002 Honda Accord Ex,https://www.craigslist.org/view/d/cupertino-2002-honda-accord-ex/sfPW5Ft3T5vxcpEPdBjauF,4800,160000.0,cupertino,Honda,Accord,2002,24
2002 Toyota Corolla Le - Clean Title - Passed Smog,https://www.craigslist.org/view/d/san-jose-2002-toyota-corolla-le-clean/uMYXi521pHMSaVJqP46bRb,2299,141000.0,san jose downtown,Toyota,Corolla,2002,24
2004 Honda Odyssey Ex,https://www.craigslist.org/view/d/vallejo-2004-honda-odyssey-ex/8jgqyci1w4YAvPup2Za59V,4800,132000.0,vallejo,Honda,Odyssey,2004,22
2016 Honda Civic Ext Coupe,https://www.craigslist.org/view/d/livermore-2016-honda-civic-ext-coupe/7Y67VaYUeBnrD3JB8pBK8k,9900,45000.0,dublin,Honda,Civic,2016,10
2004 Toyota Sienna Xle Clean Title,https://www.craigslist.org/view/d/santa-clara-2004-toyota-sienna-xle/kyM872w8ndn1MQA8FB8n92,3500,195000.0,santa clara,Toyota,Sienna,2004,22
2002 Mercedes-Benz E320 • Clean Carfax • Low Miles • One Owner,https://www.craigslist.org/view/d/larkspur-2002-mercedes-benz-e320-clean/2msx9bCwQziZSwoM5mEJqA,11500,67000.0,corte madera,Mercedes,E320,2002,24
2011 Toyota Highlander V6 134K Miles Clean Title- Very Nice In And Out,https://www.craigslist.org/view/d/windsor-2011-toyota-highlander-v6-134k/t1fecKo8NfurDL1mxwS92r,11500,135000.0,healdsburg,Toyota,Highlander,2011,15
2009 Ford F350,https://www.craigslist.org/view/d/lower-lake-2009-ford-f350/sdj7pLQsKv6BAeMjBit2uT,8000,200000.0,lake county,Ford,F350,2009,17
1990 Ford Bronco Xlt,https://www.craigslist.org/view/d/san-jose-1990-ford-bronco-xlt/fehprJyvsAfiEj9SJ31fd3,12500,50000.0,san jose south,Ford,Bronco,1990,36
2012 Subaru Forester,https://www.craigslist.org/view/d/antioch-2012-subaru-forester/oGVkXZCAvWZRAzEjDjBwr8,12000,88000.0,brentwood,Subaru,Forester,2012,14
2018 Toyota Corolla Xse,https://www.craigslist.org/view/d/napa-2018-toyota-corolla-xse/wpqcTEYS9BeYaxatT2m7CC,13000,135000.0,napa county,Toyota,Corolla,2018,8
2011 Toyota Camry Le Only 20K Miles One Owner Clean Title!!!,https://www.craigslist.org/view/d/burlingame-2011-toyota-camry-le-only/mbzzV4CrkJZKJLCXzanHT1,12500,21000.0,burlingame,Toyota,Camry,2011,15
2007 Toyota Fj Cruiser,https://www.craigslist.org/view/d/redwood-city-2007-toyota-fj-cruiser/9Fk6kzRZ6ftdpsb4EhG1uM,17000,68000.0,redwood city,Toyota,Fj Cruiser,2007,19
2012 Mercedes E350 4Matic Awd,https://www.craigslist.org/view/d/petaluma-2012-mercedes-e350-4matic-awd/fioMURpBHYPK8Su9b45p1k,5800,133000.0,petaluma,Mercedes,E350,2012,14
2004 Gmc Yukon Denali Awd,https://www.craigslist.org/view/d/san-jose-2004-gmc-yukon-denali-awd/vBEALGqf9eGXSUybVvCvMq,7900,155000.0,san jose west,Gmc,Yukon,2004,22
2006 Gmc Sierra 2500Hd Duramax Diesel 4X4,https://www.craigslist.org/view/d/pleasanton-2006-gmc-sierra-2500hd/pesZwLWu93q2AWpSDAYXJD,18000,99000.0,east bay area,Ram,2500,2006,20
2006 Toyota Corolla S,https://www.craigslist.org/view/d/pinole-2006-toyota-corolla/fHEHvQCnMYee6LJinp5SNd,3490,195000.0,"hercules, pinole, san pablo, el sob",Toyota,Corolla,2006,20
2024 Ford Bronco · V6 Wildtrak,https://www.craigslist.org/view/d/lafayette-2024-ford-bronco-v6-wildtrak/iDcCPoFaSahVa5bkfTmj86,28000,18000.0,pleasant hill,Ford,Bronco,2024,2
White 2018 Volvo Xc90,https://www.craigslist.org/view/d/los-altos-white-2018-volvo-xc90/5eWC1fBJwb8XqNaPmAUrkZ,25500,48000.0,mountain view,Volvo,Xc90,2018,8
2026 Chevrolet Silverado 1500 Crew Cab Custom Trail Boss 4Wd – 614 Mil,https://www.craigslist.org/view/d/san-carlos-2026-chevrolet-silverado/oQ1riRVecQomm2hUjYSiMX,52000,614.0,san carlos,Chevrolet,Silverado,2026,0
2010 Toyota Rav4,https://www.craigslist.org/view/d/pinole-2010-toyota-rav4/6An81qi2k7XN6CUmWBA2uY,7990,134000.0,"hercules, pinole, san pablo, el sob",Toyota,Rav4,2010,16
2010 Subaru Outback,https://www.craigslist.org/view/d/oakland-2010-subaru-outback/bTC6nLehW2gjDrfqLoxsuo,6500,178000.0,oakland west,Subaru,Outback,2010,16
"2013 Honda Civic Hf Automatic – Reliable & Well Maintained – 140,000 M",https://www.craigslist.org/view/d/martinez-2013-honda-civic-hf-automatic/hzdTM5UXypQiBwAaVecWzh,8200,140000.0,concord,Honda,Civic,2013,13
2005 Lexus Es 330 For Sale,https://www.craigslist.org/view/d/berkeley-2005-lexus-es-330-for-sale/9BX3MuEUkNRhWnkorsq1jK,5000,92000.0,berkeley north,Lexus,Es,2005,21
"2001 Toyota Tacoma Xtra Cab Sr5 ~ 80K Miles, Clean Title",https://www.craigslist.org/view/d/santa-clara-2001-toyota-tacoma-xtra-cab/9qGkkm3uXaXMP32haYyz8S,15200,80000.0,santa clara,Toyota,Tacoma,2001,25
2021 Vw Atlas Sel V6 4Motion 276 Hp,https://www.craigslist.org/view/d/san-francisco-2021-vw-atlas-sel-v6/uwXn7WS9d3symyEviMrTgc,28500,58000.0,inner richmond,Vw,Atlas,2021,5
2017 Vw Golf Wolfsburg - One Owner - 65K Miles - Clean Title,https://www.craigslist.org/view/d/berkeley-2017-vw-golf-wolfsburg-one/fJCk6fqeiirTZ8q3KeyQDV,12900,66000.0,berkeley,Vw,Golf,2017,9
Lexus Gx470  2006,https://www.craigslist.org/view/d/oakland-lexus-gx/8iGCyQMsn5z8ZZQgGzsoJY,8800,183000.0,alameda,Lexus,Gx,2006,20
2020 Ford Expedition Max Limited,https://www.craigslist.org/view/d/sunnyvale-2020-ford-expedition-max/n6HtaNnTfdcqWGypNbniPJ,13900,220000.0,sunnyvale,Ford,Expedition,2020,6
Ford Explorer 2017 Police Intereceptor (116000 Miles),https://www.craigslist.org/view/d/pleasanton-ford-explorer-2017-police/dE5AqPAfnzdZhi5Qv92Mws,9000,116000.0,pleasanton,Ford,Explorer,2017,9
2006 Bmw 325I Manual Transmission - $3500-$4000,https://www.craigslist.org/view/d/san-jose-2006-bmw-325i-manual/t1FZh9mz4qAeNr5BeG2GHK,4000,175000.0,santa clara,Bmw,325I,2006,20
2020 Chevrolet Suburban Lt,https://www.craigslist.org/view/d/sunnyvale-2020-chevrolet-suburban-lt/wYfSy82UedS3213z9YtdBJ,13900,220000.0,sunnyvale,Chevrolet,Suburban,2020,6
2000 Chrysler Sebring Jxi,https://www.craigslist.org/view/d/san-lorenzo-2000-chrysler-sebring-jxi/a5vXYgxaZNPRYdWKgg7EhK,4000,95000.0,san leandro,Chrysler,Sebring,2000,26
2007 Lexus Rx 350 Suv Awd (Clean Title/ Excellent Condition),https://www.craigslist.org/view/d/newark-2007-lexus-rx-350-suv-awd-clean/k8RBnZQ7PqJDA1RN5Q5MUW,6650,168000.0,fremont,Lexus,Rx,2007,19
2008 Lexus Rx 330 Suv Awd (Clean Title/One Owner/ Excellent Condition),https://www.craigslist.org/view/d/newark-2008-lexus-rx-330-suv-awd-clean/5a7iS4KA9bEsj6tVLSS3Zk,11500,91000.0,fremont,Lexus,Rx,2008,18
2008 Acura Tsx,https://www.craigslist.org/view/d/newark-2008-acura-tsx/bYmqjzmgkShRHV3gnHiTkY,4900,175000.0,fremont,Acura,Tsx,2008,18
2013 Ford Escape Titanium Sport  ( Clean Title/ Excellent Condition),https://www.craigslist.org/view/d/newark-2013-ford-escape-titanium-sport/mjEWgKQ6xJUjZSvpkDNNwJ,7780,94000.0,fremont,Ford,Escape,2013,13
1993 Lexus Ls400,https://www.craigslist.org/view/d/concord-1993-lexus-ls400/jwMUSWRTZC79Se7xXvX4UR,4300,107000.0,concord,Lexus,Ls,1993,33
"2018 Ford Edge Titanium Awd, Clean Title, 109K, Nice!",https://www.craigslist.org/view/d/walnut-creek-2018-ford-edge-titanium/4M9KyGitWCR3qo32y2LRou,9900,109000.0,walnut creek,Ford,Edge,2018,8
2017 Toyota Rav4 Awd,https://www.craigslist.org/view/d/sunnyvale-2017-toyota-rav4-awd/abDuJ6XiUmKPv8S4PPBEy8,22000,39000.0,sunnyvale,Toyota,Rav4,2017,9
2010 Ford Ranger Super Cab Xlt 4.0L 4X4 - Low Mileage,https://www.craigslist.org/view/d/sunnyvale-2010-ford-ranger-super-cab/kDsN6qLiHpeGTcFzsuoFED,15500,110000.0,sunnyvale,Ford,Ranger,2010,16
2021 Toyota Prius Prime Xle – Reliable Fleet Car,https://www.craigslist.org/view/d/san-jose-2021-toyota-prius-prime-xle/5PJvEn6QQFiNqG8tAsSxK1,9800,232000.0,san jose downtown,Toyota,Prius,2021,5
2013 Nissan Juke (Nismo),https://www.craigslist.org/view/d/san-mateo-2013-nissan-juke-nismo/okk1NfysatUo2XvpAhTc78,5200,92000.0,san mateo,Nissan,Juke,2013,13
2016 Subaru Outback 2.5I Premium,https://www.craigslist.org/view/d/san-mateo-2016-subaru-outback-25i/jU6y8S45d4gCSkTWJ2ooRB,8700,140000.0,foster city,Subaru,Outback,2016,10
"2016 Toyota Rav4 Xle Awd - Clean Title, 33.000 Miles",https://www.craigslist.org/view/d/campbell-2016-toyota-rav4-xle-awd-clean/9gpJhEKtVuituJtWkadqMH,20500,33000.0,campbell,Toyota,Rav4,2016,10
2007 Mercedes Benz C230,https://www.craigslist.org/view/d/antioch-2007-mercedes-benz-c230/dmqfmPuqvaWSZCCLUWg1DK,2500,158000.0,antioch,Mercedes,C230,2007,19
2017 Acura Mdx Sh-Awd • One Owner • Only 59K Miles • Dealer Maintained,https://www.craigslist.org/view/d/milpitas-2017-acura-mdx-sh-awd-one/7dRcLVW8ACjFWAZCwU7ThB,24400,60000.0,milpitas,Acura,Mdx,2017,9
2001 Toyota Tacoma Prerunner Trd,https://www.craigslist.org/view/d/union-city-2001-toyota-tacoma-prerunner/hRqGRUUsUoyDvypupXdstb,5900,300000.0,union city,Toyota,Tacoma,2001,25
2013 Bmw 328I 3 Series,https://www.craigslist.org/view/d/scotts-valley-2013-bmw-328i-series/8VMFknUJtsTvsh67bvGnC7,9999,133000.0,scotts valley,Bmw,328I,2013,13
"2005 Honda Accord, Runs Great",https://www.craigslist.org/view/d/campbell-2005-honda-accord-runs-great/7XGH15YL3LysPZHhoE2Sxp,3400,206000.0,san jose west,Honda,Accord,2005,21
2013 Hyundai Accent -- One Owner,https://www.craigslist.org/view/d/petaluma-2013-hyundai-accent-one-owner/i5TtaCx22G8XJQihiPfboo,5000,160000.0,petaluma,Hyundai,Accent,2013,13
2016 Hyundai Sonata 2.4L New Engine,https://www.craigslist.org/view/d/hollister-2016-hyundai-sonata-24l-new/2LnXKkQVmUnUshtdz5TiQV,7000,173000.0,hollister,Hyundai,Sonata,2016,10
2012 Ford F250 Service Truck,https://www.craigslist.org/view/d/livermore-2012-ford-f250-service-truck/wYMokNUk8W5G1zsX4yA94J,9800,101000.0,livermore,Ford,F250,2012,14
1998 Nissan Pathfinder,https://www.craigslist.org/view/d/antioch-1998-nissan-pathfinder/i686Yrof6c3S9ggynjLz58,1500,200000.0,antioch,Nissan,Pathfinder,1998,28
Used 2019 Subaru Impreza 2.0I Wagon 4D Awd/4Wd,https://www.craigslist.org/view/d/san-jose-used-2019-subaru-impreza-20i/aGBT7TtanoFQmq9CZoVjDL,16000,42000.0,san jose south,Subaru,Impreza,2019,7
"2009, Volvo Xc90, Clean Title,Current Reg,Smog,Miles,187,K",https://www.craigslist.org/view/d/hercules-2009-volvo-xc90-clean/rbe2aEfRGsKk9Kdy2eBBHn,3650,187000.0,hercules,Volvo,Xc90,2009,17
"2003 Toyota Corolla. 200K, New Smog. Runs Nice. Good A/C. 2027 Reg.",https://www.craigslist.org/view/d/san-jose-2003-toyota-corolla-200k-new/qp8rRgz2MAvkVL7x3yVV9j,1750,200000.0,san jose south,Toyota,Corolla,2003,23
2005 Toyota Camry Solara Se V6,https://www.craigslist.org/view/d/hayward-2005-toyota-camry-solara-se-v6/qGb9aHYUC1TcUwobqgjvJj,5400,100000.0,hayward,Toyota,Camry,2005,21
2012 Honda Odyssey Ex-L Clean Title Low Miles,https://www.craigslist.org/view/d/campbell-2012-honda-odyssey-ex-clean/qZYF1d5JrLPYT2orZ6LnH1,9900,115000.0,campbell,Honda,Odyssey,2012,14
1997 Ford F150 Xlt 2Wd,https://www.craigslist.org/view/d/brentwood-1997-ford-f150-xlt-2wd/wFJbbi7xhGuHoTr34Kz7Dg,3000,188000.0,brentwood,Ford,F150,1997,29
2015 Ford Transit 250 Srw Low Roof Cargo Van - 121K Miles,https://www.craigslist.org/view/d/oakland-2015-ford-transit-250-srw-low/8bKTMt2tKiB8B7Eo8wmMPh,13000,121000.0,oakland east,Ford,Transit,2015,11
2015 Honda Odyssey Ex,https://www.craigslist.org/view/d/mountain-view-2015-honda-odyssey-ex/ctKx87oR3TzGJrkctVWUYp,10500,123000.0,south bay area,Honda,Odyssey,2015,11
2012 Honda Accord Se,https://www.craigslist.org/view/d/newark-2012-honda-accord-se/unu2KDW15a3d2rsNcoDLmv,6900,160000.0,fremont,Honda,Accord,2012,14
2015 Subaru Impreza 2.Oi Premium Awd - Clean Title,https://www.craigslist.org/view/d/campbell-2015-subaru-impreza-2oi/vwzR2UgVxRYcDVG41cJioy,6500,149000.0,campbell,Subaru,Impreza,2015,11
2001 Bmw 325I,https://www.craigslist.org/view/d/san-jose-2001-bmw-325i/nHn2tJRkWFfRYp58zKyjcg,3400,200000.0,san jose,Bmw,325I,2001,25
2023 Toyota Tacoma Trd Sport,https://www.craigslist.org/view/d/graton-2023-toyota-tacoma-trd-sport/n3w86EurV7X36na2wXrHx9,45000,44000.0,graton,Toyota,Tacoma,2023,3
2013 Vw Jetta - 34 Mpg Hwy 24 Mpg City,https://www.craigslist.org/view/d/alameda-2013-vw-jetta-34-mpg-hwy-24-mpg/suUSFDxSoo8t8JrTTe4wTV,6500,151000.0,alameda,Vw,Jetta,2013,13
2001 Mazda Miata Ls | 6-Speed | Torsen Lsd | Clean Title | 120K Miles,https://www.craigslist.org/view/d/sunnyvale-2001-mazda-miata-ls-speed/rSNNoToKNgCWCdiGLC3NkL,9000,121000.0,sunnyvale,Mazda,Miata,2001,25
"2012 Toyota Fj Cruiser 4Wd – $19,000 Obo",https://www.craigslist.org/view/d/sunnyvale-2012-toyota-fj-cruiser-4wd-obo/k1aiDXsVcarPxhiP3uRCrs,19000,198000.0,sunnyvale,Toyota,Fj Cruiser,2012,14
2014 Toyota Prius Ii,https://www.craigslist.org/view/d/san-jose-2014-toyota-prius-ii/c8zVha41Xejya6HjRLxTAo,7900,185000.0,san jose south,Toyota,Prius,2014,12
2001 Honda Odyssey 175K Orig. Néw Smog. Runs Nice.,https://www.craigslist.org/view/d/san-jose-2001-honda-odyssey-175k-orig/4UWaTSUSuLrMzUfCgfB78A,2275,175000.0,san jose south,Honda,Odyssey,2001,25
2012 All Electric Nissan Leaf Sv,https://www.craigslist.org/view/d/el-verano-2012-all-electric-nissan-leaf/hsEEFv3om1JHUpXvbb7Woq,2400,104000.0,sonoma,Nissan,Leaf,2012,14
2006 Toyota Sienna Xle Awd,https://www.craigslist.org/view/d/san-jose-2006-toyota-sienna-xle-awd/6LkjyGHYaY8X41jnNBsPQh,4200,180000.0,san jose,Toyota,Sienna,2006,20
2012 Nissan Altima  96K Miles,https://www.craigslist.org/view/d/union-city-2012-nissan-altima-96k-miles/wNXi3d6tGAiBKL1PtcETgW,5700,96000.0,fremont,Nissan,Altima,2012,14
1970 Ford Mustang Boss 302 - 1 Of 1 Marti Report - Numbers Matching,https://www.craigslist.org/view/d/windsor-1970-ford-mustang-boss-of-marti/ppk8u99BwYtmZhwTnVsxQD,84900,75000.0,healdsburg,Ford,Mustang,1970,56
2016 Subaru Outback - 2.5 Xt Limited Wagon 4D,https://www.craigslist.org/view/d/mountain-view-2016-subaru-outback-25-xt/phBYzuEdvEBcdkcsXixXNH,9990,133000.0,mountain view,Subaru,Outback,2016,10
2018 Nissan Versa,https://www.craigslist.org/view/d/pittsburg-2018-nissan-versa/iQP9d4iMmpH2RHseR6KmJM,5300,97000.0,pittsburg,Nissan,Versa,2018,8
Dodge Durango 2000,https://www.craigslist.org/view/d/san-jose-dodge-durango-2000/gzuamwvcHZLybL5RYFoCQm,2200,200000.0,san jose,Dodge,Durango,2000,26
2014 Toyota Tacoma Regular Cab – 2Wd – Reliable & Well-Maintained,https://www.craigslist.org/view/d/daly-city-2014-toyota-tacoma-regular/fKBf4h2osARkxZ5k3w1wff,13500,107000.0,excelsior,Toyota,Tacoma,2014,12
"2008,Lexus Rx400,H. Hybrid,Clean Title,Current Reg,Smog,Miles,196,K",https://www.craigslist.org/view/d/hercules-2008lexus-rx400h-hybridclean/519Ccmu5ixgYxFk3jzuTrN,4950,196000.0,hercules,Lexus,Rx,2008,18
"2013,Mini Cooper,Countryman,Clean Title,Fresh Smog,Low Miles,106,K",https://www.craigslist.org/view/d/hercules-2013mini-coopercountrymanclean/osDALTXVgQ31ynkLYiCgeR,4850,106000.0,hercules,Mini,Cooper,2013,13
2017 Kia Forte5 Ex Hatchback,https://www.craigslist.org/view/d/greenbrae-2017-kia-forte5-ex-hatchback/24oijfq6ATVnVFsrR4nY7x,7200,97000.0,larkspur,Kia,Forte,2017,9
2015 Infiniti Qx60 Hybrid Sport,https://www.craigslist.org/view/d/greenbrae-2015-infiniti-qx60-hybrid/wt5u5JM4A9Jyn9HHrSZE5W,5800,101000.0,larkspur,Infiniti,Qx60,2015,11
2003 Acura Mdx Touring Sport,https://www.craigslist.org/view/d/greenbrae-2003-acura-mdx-touring-sport/uJ4kMbKqEu9bjnWooDfkdu,2000,230000.0,larkspur,Acura,Mdx,2003,23
2017 Toyota Corolla Le,https://www.craigslist.org/view/d/fairfield-2017-toyota-corolla-le/eV2nhnoBY3TuFQo8H2ZQau,8500,69000.0,fairfield,Toyota,Corolla,2017,9
1999 Honda Accord Ex 2 Doors Coup V6 In Excellent Condition,https://www.craigslist.org/view/d/san-rafael-1999-honda-accord-ex-doors/dUA7H6CaWiTdopn5j1tcTn,5300,142000.0,san rafael,Honda,Accord,1999,27
2026 Bmw X5 Xdrive40I Only 7K Miles,https://www.craigslist.org/view/d/danville-2026-bmw-x5-xdrive40i-only-7k/ng4PUXZbBX56n3BghXs8hH,76800,7000.0,danville,Bmw,X5,2026,0
2018 Nissan Versa,https://www.craigslist.org/view/d/pittsburg-2018-nissan-versa/uKzx3gHPdfuQS8CP7gMpa6,5300,97000.0,pittsburg,Nissan,Versa,2018,8
2015 Toyota Sienna Limited Awd,https://www.craigslist.org/view/d/menlo-park-2015-toyota-sienna-limited/kHaFtkCQWNhU2A69FVFUKG,24600,51000.0,menlo park,Toyota,Sienna,2015,11
2002 Toyota Sequoia Sr5 Excellent Condition 160K,https://www.craigslist.org/view/d/campbell-2002-toyota-sequoia-sr5/oieEvd8FEcnfDZEwjPWxUp,5800,160000.0,campbell,Toyota,Sequoia,2002,24
2013 Toyota Prius Excellent Condition,https://www.craigslist.org/view/d/campbell-2013-toyota-prius-excellent/veKqEntNvgVACq5WwAVi8x,7800,134000.0,campbell,Toyota,Prius,2013,13
2011 Acura Mdx Sh-Awd W/Tech,https://www.craigslist.org/view/d/campbell-2011-acura-mdx-sh-awd-tech/sxeugaPQBWf2SyXcynyUHc,7400,147000.0,campbell,Acura,Mdx,2011,15
2008 Honda Cr-V Ex-L  ( 1 - Owner) 4X4 93K,https://www.craigslist.org/view/d/campbell-2008-honda-cr-ex-owner-4x4-93k/kECaDngvjM3E5S8GFYxKWf,8900,93000.0,campbell,Honda,Crv,2008,18
2018 Honda Civic Sport  4 Door Hatchback,https://www.craigslist.org/view/d/campbell-2018-honda-civic-sport-door/innV1Hi3smRbbtPRa8tvpF,11800,126000.0,campbell,Honda,Civic,2018,8
2020 Toyota Corolla Le ( Low Mile ) 66K  1-Owner Vehicle,https://www.craigslist.org/view/d/campbell-2020-toyota-corolla-le-low/dkCbpSVVHGX6PAdNvz71pa,16500,66000.0,campbell,Toyota,Corolla,2020,6
2017 Lexus Ct 200H ( Very Low Miles 46K Excellent Condition,https://www.craigslist.org/view/d/campbell-2017-lexus-ct-200h-very-low/9ahKvBmdfYUrj1SmMmWvJ8,19500,46000.0,campbell,Lexus,Es,2017,9
2017 Mini Cooper Countryman S ☞ Impeccable!,https://www.craigslist.org/view/d/emeryville-2017-mini-cooper-countryman/foVWYsSp31CPGXLTYBnX8X,11500,100000.0,emeryville,Mini,Cooper,2017,9
Jaguar 2017 Xf Diesel 2.0,https://www.craigslist.org/view/d/pleasanton-jaguar-2017-xf-diesel-20/nZ2LUD1edcFZSnvdAQTFf7,13000,37000.0,dublin,Jaguar,Xf,2017,9
2006 Honda Pilot Ex-L W/Navi  Excellent Condition ( 1- Owner ),https://www.craigslist.org/view/d/campbell-2006-honda-pilot-ex-w-navi/8k5rJqs5m3kEEbKcLvjK2q,7300,135000.0,campbell,Honda,Pilot,2006,20
2009 Toyota Prius ($3600 Obo),https://www.craigslist.org/view/d/fairfield-2009-toyota-prius-3600-obo/qbLvhNTGsFF2j3WruUGHV6,3600,199000.0,fairfield,Toyota,Prius,2009,17
2013 Jeep Wrangler Unlimited Sahara 4X4 Hard Top,https://www.craigslist.org/view/d/campbell-2013-jeep-wrangler-unlimited/qiwSRoucAJcNujDcTm1fsp,12800,120000.0,campbell,Jeep,Wrangler,2013,13
2020 Toyota Rav4 Xle Low Mile 64K Excellent Condition,https://www.craigslist.org/view/d/campbell-2020-toyota-rav4-xle-low-mile/wGPfkMcAQU6a97YR4w83d1,21500,64000.0,campbell,Toyota,Rav4,2020,6
2017 Ford Mustang Gt350 Low Miles Original Owner,https://www.craigslist.org/view/d/menlo-park-2017-ford-mustang-gt350-low/kMEtTz6ef6uBETf9HF4JwG,60000,1492.0,menlo park,Ford,Mustang,2017,9
2011 Subaru Impreza · 2.5I Sedan 4D (92K Miles),https://www.craigslist.org/view/d/palo-alto-2011-subaru-impreza-25i-sedan/uGoQDUhvEJJDsxFVJg3NSX,4000,92000.0,palo alto,Subaru,Impreza,2011,15
2008 Pontiac Grand Prix | $2900,https://www.craigslist.org/view/d/lafayette-2008-pontiac-grand-prix-2900/fFF2iwbxb4hZRSYbNysCFt,2900,145000.0,lafayette,Pontiac,Grand Prix,2008,18
2020 Nissan Frontier Sv ( Very Low Mile  50K ),https://www.craigslist.org/view/d/campbell-2020-nissan-frontier-sv-very/9E92wXrXUMtWEfveXThZvg,17400,50000.0,campbell,Nissan,Frontier,2020,6
2008 Toyota Tacoma Prerunner V6 Excellent Condition,https://www.craigslist.org/view/d/campbell-2008-toyota-tacoma-prerunner/o86ruvikZE3S8WTqcrjPMg,10800,207000.0,campbell,Toyota,Tacoma,2008,18
2005 Lexus Is 300  Excellent Condition,https://www.craigslist.org/view/d/campbell-2005-lexus-is-300-excellent/bbYGcQ4Tkqgo83ocYRoF1c,7800,171000.0,campbell,Lexus,Is,2005,21
2009 Lexus Is 250 Excellent Condition 105K,https://www.craigslist.org/view/d/campbell-2009-lexus-is-250-excellent/2W3jLQngrnm9egC3sqbDTc,10300,105000.0,campbell,Lexus,Is,2009,17
2025 Toyota Camry Se Hybrid,https://www.craigslist.org/view/d/san-jose-2025-toyota-camry-se-hybrid/sHRQfGPwDffr81zFCZgimY,24950,76000.0,san jose,Toyota,Camry,2025,1
2001 Lexus Ls 430 Clean Tittle Only 170K Miles Smog And Registered,https://www.craigslist.org/view/d/oakland-2001-lexus-ls-430-clean-tittle/gKq7nkBUmE2pL77npZiR7h,5500,170000.0,alameda,Lexus,Es,2001,25
2000 Toyota Camry,https://www.craigslist.org/view/d/novato-2000-toyota-camry/dN9xpzdorwPKRTPs7oJpj6,3800,200000.0,novato,Toyota,Camry,2000,26
2017 Hyundai Sonata,https://www.craigslist.org/view/d/hayward-2017-hyundai-sonata/gSPM2QxDTtF9wcgyDsiDy5,6900,135000.0,hayward,Hyundai,Sonata,2017,9
2021 Jeep Wrangler Willys 4X4 2Dr Suv,https://www.craigslist.org/view/d/fremont-2021-jeep-wrangler-willys-4x4/qMuhGGXJiVQYkSUUHtsXXt,16550,145000.0,fremont,Jeep,Wrangler,2021,5
2008 Ford F-150 Stx ( Very Low Mile 70K ) Manual Transmission,https://www.craigslist.org/view/d/campbell-2008-ford-150-stx-very-low/wgpvyERVsBjGYMg19asrwD,8200,70000.0,campbell,Ford,F150,2008,18
2019 Audi E-Tron Quattro Ev,https://www.craigslist.org/view/d/los-altos-2019-audi-tron-quattro-ev/2VTnKACDqG7peegQ74L5za,22000,61000.0,los altos,Audi,Tt,2019,7
2012 Ford Explorer Limited,https://www.craigslist.org/view/d/danville-2012-ford-explorer-limited/9hqSWvVKuTugHq6Eih3Khi,5400,190000.0,danville,Ford,Explorer,2012,14
"Toyota 2011 Rav4, 160K Miles",https://www.craigslist.org/view/d/sunnyvale-toyota-2011-rav4-160k-miles/vUCUn6RrpAXrMyjpwox6jR,9000,161000.0,sunnyvale,Toyota,Rav4,2011,15
2013 Audi A4,https://www.craigslist.org/view/d/fremont-2013-audi-a4/hgXLHjbq5qJMJSZaSwTuMU,6100,117000.0,fremont,Audi,A4,2013,13
2007 Chevrolet Suburban Ls 2500  Excellent Condition,https://www.craigslist.org/view/d/campbell-2007-chevrolet-suburban-ls/oRFYJX2tgr89eF29WbXrLd,8700,137000.0,campbell,Chevrolet,Suburban,2007,19
2012 Audi A3 Wagon S-Line Automatic 2.0T Leather Smog! Drives Great!,https://www.craigslist.org/view/d/hayward-2012-audi-a3-wagon-line/u6f6XMEhC614gnBVbM4fsU,4500,120000.0,hayward,Audi,A3,2012,14
2006 Infiniti G35 ( Low Mile ) 66K  1-Owner Vehicle,https://www.craigslist.org/view/d/campbell-2006-infiniti-g35-low-mile-66k/n9aYd6s45T4gynTrytWLyd,9300,70000.0,campbell,Infiniti,G35,2006,20
2003 Toyota Highlander,https://www.craigslist.org/view/d/san-jose-2003-toyota-highlander/tT15CShNHGGtXNE86Zk4ZS,3500,239000.0,san jose,Toyota,Highlander,2003,23
2009 Toyota Highlander Limited Excellent Condition 4 Wd,https://www.craigslist.org/view/d/campbell-2009-toyota-highlander-limited/rkyrWkxdxY4ieB7J7EmeNw,11000,156000.0,campbell,Toyota,Highlander,2009,17
Mechanic Special - Salvage Title - 2008 Nissan Altima,https://www.craigslist.org/view/d/vallejo-mechanic-special-salvage-title/e4dHsZmsuNhK9pUDmvramf,2000,132000.0,vallejo,Nissan,Altima,2008,18
2008 Toyota Sienna Le,https://www.craigslist.org/view/d/san-jose-2008-toyota-sienna-le/iCUTuy7rZDWbvrjudH7EL9,2900,163000.0,san jose north,Toyota,Sienna,2008,18
"2013 Tesla Model S Original Owner,,$$9,500",https://www.craigslist.org/view/d/san-jose-2013-tesla-model-original/uCEGqULYB5LQVJ4bfNnm8m,9500,92000.0,san jose,Tesla,Model S,2013,13
2010 Nissan Sentra S Sedan (One Owner/Very Low Mileage),https://www.craigslist.org/view/d/fremont-2010-nissan-sentra-sedan-one/2JC75VpsaV6Y3A2fZV3m4F,6750,67000.0,fremont,Nissan,Sentra,2010,16
2011 Ford Fusion Hybrid,https://www.craigslist.org/view/d/san-jose-2011-ford-fusion-hybrid/oKXNCSWngQsxDd7VJdxFXs,2500,190000.0,willow glen,Ford,Fusion,2011,15
"2012 Ford Focus Se 2.4.L......~$4,300~",https://www.craigslist.org/view/d/san-jose-2012-ford-focus-se-24l4300/pxun2rroN4seU5qTHm1EVS,4300,120000.0,san jose,Ford,Focus,2012,14
"1994 Toyota 4Runner Sr5.  Automatic..$1,900..Mechanic Special.",https://www.craigslist.org/view/d/san-jose-1994-toyota-4runner-sr5/57bR3iTYqUz8CmT69FdG8j,1900,264000.0,san jose,Toyota,4Runner,1994,32
"2014 Hyundai Santa Fe Ltd - Great Condition, 1 Owner, Ultra Low Miles",https://www.craigslist.org/view/d/menlo-park-2014-hyundai-santa-fe-ltd/dAoY7kFYgeSMpEjfavrFMo,10500,51000.0,menlo park,Hyundai,Santa Fe,2014,12
2006 Subaru Outback,https://www.craigslist.org/view/d/aptos-2006-subaru-outback/9gbAuMdCYD82hC4P8UGDHC,4000,131000.0,santa cruz,Subaru,Outback,2006,20
2007 Lexus Rx350 Awd Suv,https://www.craigslist.org/view/d/milpitas-2007-lexus-rx350-awd-suv/f9E3PXdVmyzRNJeQpJukUL,8500,155000.0,milpitas,Lexus,Rx,2007,19
2014 Chevrolet Volt Premium. Smogd. Clean Title / Carfax & Registered,https://www.craigslist.org/view/d/concord-2014-chevrolet-volt-premium/gyDPYy4gCcGAyF6awHLyCi,5500,141000.0,concord,Chevrolet,Volt,2014,12
2008 Buick Enclaves Cxl,https://www.craigslist.org/view/d/oakland-2008-buick-enclaves-cxl/hHQfSygjoQQCLqE1mSVxZc,4000,170000.0,emeryville,Buick,Enclave,2008,18
Jeep Patriot Latitude 2015,https://www.craigslist.org/view/d/campbell-jeep-patriot-latitude-2015/9h9TMTSTTTa86atybduzGv,5000,153000.0,campbell,Jeep,Patriot,2015,11
2005 Toyota Tundra,https://www.craigslist.org/view/d/oakland-2005-toyota-tundra/7C2VyfuexnNcuCfjkvk2PU,5700,240000.0,oakland lake merritt,Toyota,Tundra,2005,21
2014 Kia Soul Red Zone Edition – 41K Miles – Rare – Clean Title,https://www.craigslist.org/view/d/santa-rosa-2014-kia-soul-red-zone/uGqdwjVeNXSreJzVTpBcN9,11500,41000.0,santa rosa,Kia,Soul,2014,12
2018 Ford Focus Se,https://www.craigslist.org/view/d/el-cerrito-2018-ford-focus-se/iTThtPpbsLBm8uB3MYfonv,9500,34000.0,albany,Ford,Focus,2018,8
1999 Honda Accord Lx Sedan,https://www.craigslist.org/view/d/richmond-1999-honda-accord-lx-sedan/jDoxKjWaAV1UdTzwX8tSq5,4999,213000.0,richmond,Honda,Accord,1999,27
2014 Honda Odyssey Touring,https://www.craigslist.org/view/d/oakland-2014-honda-odyssey-touring/wqbaG3rB6d2yVSG9a5Z5yA,11500,165000.0,oakland east,Honda,Odyssey,2014,12
2015 Toyota Prius,https://www.craigslist.org/view/d/san-jose-2015-toyota-prius/7zDuu3niNwurx5PqUhSHjq,9500,147000.0,san jose north,Toyota,Prius,2015,11
2023 Tesla Model 3,https://www.craigslist.org/view/d/fremont-2023-tesla-model/h4YDVJr7JgUN9zT2ysquKn,25990,39000.0,fremont,Tesla,Model 3,2023,3
2014 Ford Focus Se Flexfuel,https://www.craigslist.org/view/d/brentwood-2014-ford-focus-se-flexfuel/xzdBkWz6XhQQcf7NPnLW2q,1500,185000.0,brentwood,Ford,Focus,2014,12
2008 Subaru Impreza Wagon Awd (Honda Civic/Toyota Corolla),https://www.craigslist.org/view/d/fremont-2008-subaru-impreza-wagon-awd/siGfWfcngEDPGhGDS6QnXJ,6450,96000.0,milpitas,Toyota,Corolla,2008,18
2008 Honda Fit Sports,https://www.craigslist.org/view/d/antioch-2008-honda-fit-sports/gn56qDebgzMjy8Ksh92h2W,6800,98000.0,sf bay area,Honda,Fit,2008,18
2016 Ford Fusion,https://www.craigslist.org/view/d/antioch-2016-ford-fusion/aYqqw38Af6k3XC13JPS2Ud,5900,152000.0,pittsburg,Ford,Fusion,2016,10
"Single Owner 2003 Honda Accord Lx — Silver — Runs Great, Priced To Sell!",https://www.craigslist.org/view/d/newark-single-owner-2003-honda-accord/rDVrDhTmyrNqGK227Hra63,2900,289000.0,fremont,Honda,Accord,2003,23
1996 Toyota Camry Le V6 Mechanic Owned! Reliable!,https://www.craigslist.org/view/d/concord-1996-toyota-camry-le-v6/niRN4gS6NiMV8zvnMQLFao,2000,277000.0,concord,Toyota,Camry,1996,30
2017 Ford Focus St,https://www.craigslist.org/view/d/san-jose-2017-ford-focus-st/gJt4R9MPukZzQ93FcAggMB,10000,88000.0,san jose north,Ford,Focus,2017,9
2007 Nissan Pathfinder Le 152K Miles,https://www.craigslist.org/view/d/vallejo-2007-nissan-pathfinder-le-152k/wsn1Y9pPohqmztdTaaDSQN,3250,152000.0,vallejo,Nissan,Pathfinder,2007,19
2012 Hyundai Sonata Automatic Leather 2.4 Engine,https://www.craigslist.org/view/d/fremont-2012-hyundai-sonata-automatic/m9AFt5HfwefRZzC4r8YYqn,2195,230000.0,fremont,Hyundai,Sonata,2012,14
"2010 Audi A5 Quattro Cabriolet Premium Plus, Gray, New Audi Engine",https://www.craigslist.org/view/d/felton-2010-audi-a5-quattro-cabriolet/oSeavHfdr58uk5hjMFxSh6,7200,170000.0,scotts valley,Audi,Tt,2010,16
"Electric Jaguar Xjs, V12  (1989) Converted To Electric",https://www.craigslist.org/view/d/san-jose-electric-jaguar-xjs-converted/rGctvDn1DyqBjbPTwUog6K,18500,73000.0,san jose south,Jaguar,Xj,1989,37
2017 Subaru Forester,https://www.craigslist.org/view/d/san-jose-2017-subaru-forester/8ZUBWpq7uty5gSVcSrLe6t,14550,120000.0,san jose downtown,Subaru,Forester,2017,9
"2015 Nissan Leaf (S-Trim) 74K, For Sale By Owner",https://www.craigslist.org/view/d/el-cerrito-2015-nissan-leaf-trim-74k/o2eq6ei1szMbP4XX139678,6000,74000.0,albany,Nissan,Leaf,2015,11
2002 Lexus Lx470,https://www.craigslist.org/view/d/pleasant-hill-2002-lexus-lx470/3bJ5BtJk1RcwzPmH8oMxAP,11800,271000.0,concord,Lexus,Lx,2002,24
2015 Ford F-250 Super Duty Lariat 4X4 Diesel – Lifted – 37” New Tires,https://www.craigslist.org/view/d/port-costa-2015-ford-250-super-duty/6jtGq8kG8fmChCuBnSAdh9,30900,200000.0,vallejo,Ford,F250,2015,11
2021 Jeep Wrangler Rubicon – 2 Door – Built & Trail Ready,https://www.craigslist.org/view/d/fairfield-2021-jeep-wrangler-rubicon/222u5AeNMRHQk3AS6GG4yV,32000,69000.0,fairfield,Jeep,Wrangler,2021,5
2015 Toyota Rav4 Xle Suv,https://www.craigslist.org/view/d/fremont-2015-toyota-rav4-xle-suv/1ZTy9SQyZa3VaDBaDGhSP7,14750,108000.0,fremont,Toyota,Rav4,2015,11
2017 Toyota Yaris Ia,https://www.craigslist.org/view/d/el-cerrito-2017-toyota-yaris-ia/o65mTL17YAQ38fzEbtP8Nw,13000,61000.0,albany,Toyota,Yaris,2017,9
2017 Toyota Sienna Le - Clean Title,https://www.craigslist.org/view/d/san-jose-2017-toyota-sienna-le-clean/7nmtEC5VLRz87KZRUZPurc,14800,96000.0,san jose,Toyota,Sienna,2017,9
2011 Honda Fit,https://www.craigslist.org/view/d/oakland-2011-honda-fit/rASjQJ8ppWkJGJ4AgaZ8Xx,4000,153000.0,oakland lake merritt,Honda,Fit,2011,15
2010 Toyota Sequoia Limited 4Wd - Excellent Condition,https://www.craigslist.org/view/d/belmont-2010-toyota-sequoia-limited-4wd/pYEVy7xvnRScQXppinZvmt,24800,53000.0,belmont,Toyota,Sequoia,2010,16
2007 Infiniti M35 Rwd Clean Title Smog Good June 2027 Registration,https://www.craigslist.org/view/d/oakland-2007-infiniti-m35-rwd-clean/f2T6Nevc9QCUVgTUxU1G79,3900,202000.0,east bay area,Infiniti,M35,2007,19
Honda Civic 2010 For Sale,https://www.craigslist.org/view/d/santa-clara-honda-civic-2010-for-sale/fbgDeUH658nxFHCKkKXxsa,6500,130000.0,santa clara,Honda,Civic,2010,16
2010 Toyota Sienna Xle Minivan,https://www.craigslist.org/view/d/alameda-2010-toyota-sienna-xle-minivan/sgdghiJKnWQy4irbSfN6gF,7600,133000.0,alameda,Toyota,Sienna,2010,16
2016 Volkswagen Golf Gti Se Hatchback Sedan 4D,https://www.craigslist.org/view/d/oakland-2016-volkswagen-golf-gti-se/73q3YwbnazqCb3zXYPh148,18900,58000.0,alameda,Volkswagen,Golf,2016,10
2002 Blue  Bmw 325I For Sale As Is Repair Or For Parts,https://www.craigslist.org/view/d/campbell-2002-blue-bmw-325i-for-sale-as/s3WSND3KkNiuz4trTXWs6w,1000,117000.0,campbell,Bmw,325I,2002,24
2001 Chevrolet Silverado,https://www.craigslist.org/view/d/menlo-park-2001-chevrolet-silverado/35jgfdZJ3tFp4xfBGYxenS,9500,172000.0,menlo park,Chevrolet,Silverado,2001,25
"2010 Mercedes-Benz S550 Luxury Sedan Fully Loaded, One Owner",https://www.craigslist.org/view/d/san-jose-2010-mercedes-benz-s550-luxury/tSbTkughYhVs1pRDRjJt9q,8800,144000.0,south bay area,Mercedes,S550,2010,16
2006 Toyota Tacoma V6 4.0L Trd Off Road Clean Title,https://www.craigslist.org/view/d/sacramento-2006-toyota-tacoma-v6-40l/ur7KGPo7tEZkk2jf42VyPr,12500,153000.0,sacramento,Toyota,Tacoma,2006,20
"2011, Honda Odyssey Ex L,Clean Title,Current Reg,Smog, Miles,108,K",https://www.craigslist.org/view/d/pinole-2011-honda-odyssey-ex-lclean/gTRHruZ9JD55YM51cU1Apj,6250,108000.0,pinole,Honda,Odyssey,2011,15
2013 Ford Fusion Energi Se,https://www.craigslist.org/view/d/morgan-hill-2013-ford-fusion-energi-se/ajh5zJr4mrkwMkxZwebBLB,6750,133000.0,morgan hill,Ford,Fusion,2013,13
2000 Honda Odyssey,https://www.craigslist.org/view/d/oakley-2000-honda-odyssey/27ZcMMX59FX2MkRf9yokyB,3200,176000.0,oakley,Honda,Odyssey,2000,26
2014 Toyota Yaris L,https://www.craigslist.org/view/d/fremont-2014-toyota-yaris/aG9B4XNnLDSk3oHAYeGp81,7500,88000.0,fremont,Toyota,Yaris,2014,12
2012 Ford F-150 Super-Crew Xlt 4X4,https://www.craigslist.org/view/d/mountain-view-2012-ford-150-super-crew/dRi7RUsAWuWsS5K1DNv61Y,11900,152000.0,mountain view,Ford,F150,2012,14
2001 Gmc Sierra 2500Hd Sle,https://www.craigslist.org/view/d/mountain-view-2001-gmc-sierra-2500hd-sle/com5hg3GEQZa5rajJX1dLs,11900,142000.0,palo alto,Gmc,Sierra,2001,25
2005 Honda Accord Coupe. Smogged & Registered $2400 Obo,https://www.craigslist.org/view/d/antioch-2005-honda-accord-coupe-smogged/1wWjLEDXSbXiFUXBd5v6eJ,2400,170000.0,pittsburg,Honda,Accord,2005,21
"2020 Toyota Corolla Le – One Owner – Only 45,500 Miles – Excellent Con",https://www.craigslist.org/view/d/cupertino-2020-toyota-corolla-le-one/iVHUjF7y2vFrbmYUzjkm6B,18500,45000.0,cupertino,Toyota,Corolla,2020,6
2002 Vw Beetle,https://www.craigslist.org/view/d/san-jose-2002-vw-beetle/59GHefikT6zuZF3dopEUZw,2850,90000.0,campbell,Vw,Beetle,2002,24
2001 Nissan Sentra. Smogged & Registered $1800,https://www.craigslist.org/view/d/antioch-2001-nissan-sentra-smogged/arUEY5RbFCnbXtyQiV5eiM,1800,200000.0,pittsburg,Nissan,Sentra,2001,25
2019 Toyota Highlander Xle,https://www.craigslist.org/view/d/san-rafael-2019-toyota-highlander-xle/1QcPYD1XDijjXEiCmvLGm2,21000,94000.0,san rafael,Toyota,Highlander,2019,7
2013 Jeep Wrangler Sahara 9400 Miles,https://www.craigslist.org/view/d/santa-rosa-2013-jeep-wrangler-sahara/mbauwT1r1zTif4uAFksntG,29990,9405.0,santa rosa,Jeep,Wrangler,2013,13
"2016 Audi Q5 3.0T Quattro Premium Plus, S-Line",https://www.craigslist.org/view/d/stanford-2016-audi-q5-30t-quattro/fLDs83T13gqVf3zMg2i9AU,13700,76000.0,palo alto,Audi,Q5,2016,10
2015 Ford Mustang Ecoboost Premium - Rare Yellow - Track Pack Upgraded,https://www.craigslist.org/view/d/san-jose-2015-ford-mustang-ecoboost/iDwmxpii1HAumzWHqcw6e7,12500,151000.0,san jose north,Ford,Mustang,2015,11
1990  Jeep Wrangler,https://www.craigslist.org/view/d/sunnyvale-1990-jeep-wrangler/3RErGjua1Z5w791WwrYtNs,6800,155000.0,cupertino,Jeep,Wrangler,1990,36
2014 Toyota Rav4 Xle All Wheel Drive Suv,https://www.craigslist.org/view/d/milpitas-2014-toyota-rav4-xle-all-wheel/tiGU5stpQxxFUpoLdFrTGe,13800,90000.0,milpitas,Toyota,Rav4,2014,12
1990  Jeep Wrangler,https://www.craigslist.org/view/d/sunnyvale-1990-jeep-wrangler/qZitUnBXzh2y2yMo4oAJHa,6500,155000.0,cupertino,Jeep,Wrangler,1990,36
2020 Ford Transit 250  Hr Extended,https://www.craigslist.org/view/d/san-jose-2020-ford-transit-250-hr/7Sunz3FAWvzV18uzzNVoNX,23999,71000.0,san jose,Ford,Transit,2020,6
2001 Nissan Pathfinder,https://www.craigslist.org/view/d/capitola-2001-nissan-pathfinder/fZBrL57WZzGqo2ACq4Efss,8000,167000.0,capitola,Nissan,Pathfinder,2001,25
2007 Ford F150 (Mechanic Special),https://www.craigslist.org/view/d/san-jose-2007-ford-f150-mechanic-special/1MwGAvwPQ5eULR5PiAFSxf,1500,111000.0,san jose north,Ford,F150,2007,19
2014 Hyundai Elantra Loaded And Clean,https://www.craigslist.org/view/d/gilroy-2014-hyundai-elantra-loaded-and/gSiwfTLweneoYGh4gN7w5K,5600,154000.0,gilroy,Hyundai,Elantra,2014,12
"2024 Honda Civic Sport 4D - Like New, 7,100 Miles (Sonic Gray Pearl)",https://www.craigslist.org/view/d/los-altos-2024-honda-civic-sport-4d/q59PSf4Bnt1yCpankJ7EQL,25500,7118.0,los altos,Honda,Civic,2024,2
Ram 3500 Mega Cab 2014,https://www.craigslist.org/view/d/hollister-ram-3500-mega-cab-2014/wLUccXH7RjfXsHoWTipyyZ,27500,171000.0,hollister,Ram,3500,2014,12
2007 Honda Cr-V Ex Awd (One Owner/Low Mileage),https://www.craigslist.org/view/d/fremont-2007-honda-cr-ex-awd-one-owner/w8i5GXVAn4YRtc4iDKjtyJ,7995,123000.0,fremont,Honda,Crv,2007,19
1999 Porsche Boxster 2.5 6 Cylinder Convertible,https://www.craigslist.org/view/d/san-jose-1999-porsche-boxster-25/xmdKkH7JcThYcPqDiF7KZb,19500,178000.0,san jose east,Porsche,Boxster,1999,27
2000 Toyota Camry,https://www.craigslist.org/view/d/santa-cruz-2000-toyota-camry/w8jYaRSPyrESarjBXNFLcW,3500,179000.0,santa cruz,Toyota,Camry,2000,26
*Updated* 2009 Bmw 535I With All Packages Included,https://www.craigslist.org/view/d/san-jose-updated-2009-bmw-535i-with-all/stFrTTHZasXYxx3WviivYQ,3390,289000.0,san jose north,Bmw,535I,2009,17
1996 Jeep Cherokee Sport,https://www.craigslist.org/view/d/pleasant-hill-1996-jeep-cherokee-sport/8KfzQ6G4FKLsTuiRhH5AiG,2500,223000.0,concord,Jeep,Cherokee,1996,30
2012 Honda Odyssey Ex-L Low Miles,https://www.craigslist.org/view/d/san-ramon-2012-honda-odyssey-ex-low/crhhybVt4mN25nrRq8LdeK,12000,80000.0,san ramon,Honda,Odyssey,2012,14
2007 Mercedes Benz E350,https://www.craigslist.org/view/d/san-francisco-2007-mercedes-benz-e350/mAQG5LbL5kLWmRwxw3dRNJ,3200,136000.0,inner sunset,Mercedes,E350,2007,19
2016 Mini Cooper S 4D Hardtop,https://www.craigslist.org/view/d/walnut-creek-2016-mini-cooper-4d-hardtop/7oMUa8r6TVetZ4cBk5hitc,14000,54000.0,walnut creek,Mini,Cooper,2016,10
2010 Acura Tsx,https://www.craigslist.org/view/d/san-francisco-2010-acura-tsx/4sfuEBrGSaQAfZW9S9d585,7800,137000.0,fresno,Acura,Tsx,2010,16
2009 Mercedes E350,https://www.craigslist.org/view/d/santa-clara-2009-mercedes-e350/38WZnmXMBH4AE2UjmGReDZ,5800,110000.0,hayward,Mercedes,E350,2009,17
"2007 Porsche Cayman — Great Condition, Rare Color And Michelin Tires",https://www.craigslist.org/view/d/tracy-2007-porsche-cayman-great/qov177nk4feEzPbJqgPiKh,31950,74000.0,dublin,Porsche,Cayman,2007,19
2003 Volvo S60,https://www.craigslist.org/view/d/richmond-2003-volvo-s60/pWXgSBKiLRbuvFGYJ82c5a,2400,147000.0,albany,Volvo,S60,2003,23
Bmw 328I 2008  Make An Offer??,https://www.craigslist.org/view/d/oakland-bmw-328i-2008-make-an-offer/szLkun9pH5EGhyPJHzXpCH,4000,157000.0,oakland downtown,Bmw,328I,2008,18
"Lexus Is 250 2006, 197K Miles",https://www.craigslist.org/view/d/dublin-lexus-is-miles/589kkExYVwcjeNsronE8zx,6400,197000.0,dublin,Lexus,Es,2006,20
Good Condition 2011 Lexus Is250,https://www.craigslist.org/view/d/san-jose-good-condition-2011-lexus-is250/5Y58D8VN3xLS2tZjrsEout,7500,208000.0,san jose east,Lexus,Is,2011,15
2018 Honda Odyssey Elite,https://www.craigslist.org/view/d/morgan-hill-2018-honda-odyssey-elite/jsfRG2KMBb9Jw3pNdDS7FE,15500,162000.0,morgan hill,Honda,Odyssey,2018,8
2007 Toyota Sequoia,https://www.craigslist.org/view/d/vallejo-2007-toyota-sequoia/4ZW3XWvJk1KZNu4EqYEcGu,4150,201000.0,vallejo,Toyota,Sequoia,2007,19
2011 Subaru Outback 2.5 6Spd Manual 165K Miles New Head Gaskets,https://www.craigslist.org/view/d/san-mateo-2011-subaru-outback-25-6spd/hJQbu1jtFkBDkiwxDwsrnP,5600,165000.0,san mateo,Subaru,Outback,2011,15
2013 Bmw Model X1 $9500-Obo,https://www.craigslist.org/view/d/redwood-city-2013-bmw-model-obo/5mTQhk44Z9HwExjZvDgYc5,9500,134000.0,redwood city,Bmw,X1,2013,13
"2016 Bmw X1 Xdrive28I Awd – Original Owner – 74,000 Miles – Clean Titl",https://www.craigslist.org/view/d/santa-clara-2016-bmw-x1-xdrive28i-awd/6eFxu8YwcnhK9G1XvsTQrW,13500,74000.0,santa clara,Bmw,X1,2016,10
2010 Lexus Rx 450H+ Luxury Sport Utility,https://www.craigslist.org/view/d/san-jose-2010-lexus-rx-450h-luxury/uALBisD4krHFut5CeNPqWr,9500,212000.0,san jose,Lexus,Rx,2010,16
2006 Honda Accord,https://www.craigslist.org/view/d/vallejo-2006-honda-accord/f7qrmDctSwyHUoo4RAi2AB,4500,185000.0,vallejo,Honda,Accord,2006,20
2016 Kia Optima Hybrid,https://www.craigslist.org/view/d/vallejo-2016-kia-optima-hybrid/3wD4LPgEDLGDX22eA3f8wm,7500,86000.0,vallejo,Kia,Optima,2016,10
"2006 Vw Jetta Gli 2.0T - 105K Miles - 1 Owner - Apple Carplay - $4,495",https://www.craigslist.org/view/d/pleasant-hill-2006-vw-jetta-gli-20t/u8KbtxKRfSbsNsR11v4t5L,4495,105000.0,concord,Vw,Jetta,2006,20
1996 Toyota 4Runner Limited 4X4 W/Rear/Diff Lock !!!,https://www.craigslist.org/view/d/san-francisco-1996-toyota-4runner/f6gvZMnd5a1345ncN2L9XE,5800,300000.0,city of san francisco,Toyota,4Runner,1996,30
2012 Porsche Panamera Turbo Yachting Blue $161K Msrp,https://www.craigslist.org/view/d/san-francisco-2012-porsche-panamera/9Ync5w4zFsRZJBU5ZHqY3b,40000,62000.0,soma,Porsche,Panamera,2012,14
2011 Toyota Prius,https://www.craigslist.org/view/d/san-jose-2011-toyota-prius/t9eSdEEDtGGcGYwChCW7VT,5900,150000.0,san jose downtown,Toyota,Prius,2011,15
2011 Subaru Outback,https://www.craigslist.org/view/d/san-jose-2011-subaru-outback/1K9fqwXcW3CzUgyJadGSM6,4000,180000.0,san jose downtown,Subaru,Outback,2011,15
2015 Buick Enclave Leather Sport Utility 4D,https://www.craigslist.org/view/d/fremont-2015-buick-enclave-leather/asL6ZK3PY8RC8ynXHh3wMe,9800,102000.0,alameda,Buick,Enclave,2015,11
2015 Bmw Series 328I,https://www.craigslist.org/view/d/san-rafael-2015-bmw-series-328i/5YCF3pvbeK3cwfNVJVKyKL,6500,158000.0,san rafael,Bmw,328I,2015,11
1999 Ford Mustang V6,https://www.craigslist.org/view/d/san-jose-1999-ford-mustang-v6/hemspxhe4devanVwNXpcwd,4000,128000.0,san jose east,Ford,Mustang,1999,27
2005 Toyota Camry Xle V6,https://www.craigslist.org/view/d/hayward-2005-toyota-camry-xle-v6/qukHEUqFvrsWru1F1yPk1F,7500,98000.0,hayward,Toyota,Camry,2005,21
2007 Chrysler Pacifica Touring,https://www.craigslist.org/view/d/san-leandro-2007-chrysler-pacifica/bRFnZzwnVSca8zy247wyDf,4000,73000.0,san leandro,Chrysler,Pacifica,2007,19
2002 Acura Tl S-Type Fully Loaded Great Shape Runs Great,https://www.craigslist.org/view/d/san-mateo-2002-acura-tl-type-fully/7QBhxkF8a4RuKKBqsZL4U4,3200,204000.0,san mateo,Acura,Tl,2002,24
2016 Toyota Rav4 Xle Hybrid Awd (70K Miles),https://www.craigslist.org/view/d/san-rafael-2016-toyota-rav4-xle-hybrid/nn4D6jTb1JFVTmn9Wau1aF,25750,70000.0,san rafael,Toyota,Rav4,2016,10
2015 Toyota Camry Le Runs Absolutely Perfectly,https://www.craigslist.org/view/d/martinez-2015-toyota-camry-le-runs/sn3NGZZr5A9UnNtAmh53KV,9900,145000.0,concord,Toyota,Camry,2015,11
2022 Toyota Corolla Se Nightshade Edition,https://www.craigslist.org/view/d/campbell-2022-toyota-corolla-se/1oAHruoLU3fiHSCZghYcV5,20299,63000.0,campbell,Toyota,Corolla,2022,4
2015 Honda Civic Lx. 105K Orig. Smog. Like New.,https://www.craigslist.org/view/d/san-jose-2015-honda-civic-lx-105k-orig/kNqQjYQYkG8cWvXLzjV67k,11500,105000.0,san jose south,Honda,Civic,2015,11
2013 Ford  Mustang Boss 302 Laguna Seca,https://www.craigslist.org/view/d/windsor-2013-ford-mustang-boss-302/sakNARzp8KFxbdfqD2QesX,49500,2746.0,healdsburg,Ford,Mustang,2013,13
2013 Ford F150 King Ranch,https://www.craigslist.org/view/d/lafayette-2013-ford-f150-king-ranch/uSPRikNmEGZ7RkbSPbe2m3,20800,52000.0,lafayette,Ford,F150,2013,13
2022 Chevrolet Bolt 1Lt,https://www.craigslist.org/view/d/san-francisco-2022-chevrolet-bolt-1lt/7MVBCUKmTDSYzwsY2mtgHk,16995,62000.0,potrero hill,Chevrolet,Bolt,2022,4
2017 Ford Fusion,https://www.craigslist.org/view/d/brentwood-2017-ford-fusion/8aMsAirSsggzhFGXgjc1SH,6000,150000.0,brentwood,Ford,Fusion,2017,9
2015 Subaru Forester Premium,https://www.craigslist.org/view/d/saratoga-2015-subaru-forester-premium/kSTaRi3YJUJ6ELjz5oTngg,12800,111000.0,los gatos,Subaru,Forester,2015,11
2003 Honda Crv Awd Just Passed Smog Tons Of Service Records,https://www.craigslist.org/view/d/pleasanton-2003-honda-crv-awd-just/ugYFD1xZfku9gK2TqGJ2F8,5800,188000.0,pleasanton,Honda,Crv,2003,23
2012 Subaru Forester Premium,https://www.craigslist.org/view/d/campbell-2012-subaru-forester-premium/qXhicVKjEYU9Buk2oNNEDD,10500,117000.0,los gatos,Subaru,Forester,2012,14
2015 Honda Accord Sport,https://www.craigslist.org/view/d/san-jose-2015-honda-accord-sport/sui1yGRL3281HZeKW9sfni,14800,97000.0,los gatos,Honda,Accord,2015,11
2017 Jeep Grand Cherokee Limited,https://www.craigslist.org/view/d/los-gatos-2017-jeep-grand-cherokee/1Xp283iKPabhZxM9s4tsgc,14900,79000.0,los gatos,Jeep,Grand Cherokee,2017,9
2009 Mini Cooper S 62K Miles Excellent Cond. No Accidents Clean Title,https://www.craigslist.org/view/d/corte-madera-2009-mini-cooper-62k-miles/2Y6k3URtZyrUJQ7UrpAvZd,8300,62000.0,north bay,Mini,Cooper,2009,17
2015 Mercedes Ml350 4 Matic 4X4 Smogged Clean Title No Accidents,https://www.craigslist.org/view/d/corte-madera-2015-mercedes-ml350-matic/oQHbSuFiwQaz8nMtvczupb,11900,110000.0,excellent condition,Mercedes,Ml350,2015,11
"2013,Mini Cooper,S,Turbo,Clean Title,Current Reg,Smog,Miles,151,K",https://www.craigslist.org/view/d/hercules-2013mini-coopersturboclean/rD9HK3D92cQuzMwfjE2PAG,3850,151000.0,hercules,Mini,Cooper,2013,13
2025 Honda Hrv Sport Pearl White,https://www.craigslist.org/view/d/hayward-2025-honda-hrv-sport-pearl-white/s9M6sx8gShze9qDLDdq65z,15300,42000.0,east bay area,Honda,Hrv,2025,1
2005 Bmw X3 2.5I (E83) 6-Speed Manual Suv Factory Performance Aero Kit,https://www.craigslist.org/view/d/santa-rosa-2005-bmw-x3-25i-e83-speed/1fktYcUCWbEkP8EZDi5z9v,4700,253000.0,santa rosa,Bmw,X3,2005,21
2016 Porsche Cayenne S E-Hybrid,https://www.craigslist.org/view/d/sunnyvale-2016-porsche-cayenne-e-hybrid/1mYErY2vP23aRNqFm1Cp12,14800,121000.0,sunnyvale,Porsche,Cayenne,2016,10
"*Mobile Tire/Oil Shop* $0 Down - 2023 Mercedes Sprinter - 3,366 Miles",https://www.craigslist.org/view/d/san-francisco-mobile-tire-oil-shop-down/nrsFHmKGpZbKveR3ScD3bT,1823,3366.0,soma,Mercedes,Sprinter,2023,3
2010 Toyota Prius Two Hybrid,https://www.craigslist.org/view/d/fremont-2010-toyota-prius-two-hybrid/6zTnyKPU7tM2NPQiGB1srv,11500,82000.0,fremont,Toyota,Prius,2010,16
2000 Toyota Tundra Sr5,https://www.craigslist.org/view/d/santa-rosa-2000-toyota-tundra-sr5/6g1fuop9ieKCVeu1gULDZt,4200,276000.0,santa rosa,Toyota,Tundra,2000,26
2020 Chevrolet Silverado Ltz One Owner Low Mileage,https://www.craigslist.org/view/d/sacramento-2020-chevrolet-silverado-ltz/kbffRS9UsoWAfrsf3jC3BF,31500,54000.0,sacramento,Chevrolet,Silverado,2020,6
Bmw X3 3.0Si – Mechanic Special – $2000 (Novato),https://www.craigslist.org/view/d/novato-bmw-x3-30si-mechanic-special/5caqgVW1YntMLKRggsvr41,2000,149000.0,novato,Bmw,X3,2000,26
2013 Lexus Ls 460,https://www.craigslist.org/view/d/san-ramon-2013-lexus-ls-460/pcz5zTnjXjdJ7zZaDZLzvk,11200,168000.0,san ramon,Lexus,Ls,2013,13
"2017 Toyota Camry  Le, Clean Title, 1 Owner, Clean Title!",https://www.craigslist.org/view/d/walnut-creek-2017-toyota-camry-le-clean/9mxXUGPhurEE2uR6A9HYmw,13900,111000.0,walnut creek,Toyota,Camry,2017,9
2003 Lexus Gx 470 With Roof Rack,https://www.craigslist.org/view/d/pleasanton-2003-lexus-gx-470-with-roof/oDjXaJ4s66NUcR1yqhD4jx,5900,255000.0,san jose,Lexus,Gx,2003,23
1998 Honda Accord V6,https://www.craigslist.org/view/d/walnut-creek-1998-honda-accord-v6/9ygVz6SARqgH6KJL8Nsz4P,5000,170000.0,walnut creek,Honda,Accord,1998,28
🔥 2014 Toyota Camry Le • 86K Miles • Major Tune Up • Clean Title 🔥,https://www.craigslist.org/view/d/fremont-toyota-camry-le-86k-miles-major/hXeXEHXQr9DZ1CcohdBZxV,14950,87000.0,fremont,Toyota,Camry,2014,12
2014 Subaru Outback Limited Wagon,https://www.craigslist.org/view/d/fremont-2014-subaru-outback-limited/r3napqo8VHjRu3VoGTvtGw,6950,192000.0,fremont,Subaru,Outback,2014,12
"Good Condition 2009 Honda Ridgeline Rtl 4X4, Low Miles",https://www.craigslist.org/view/d/san-jose-good-condition-2009-honda/hgBGHntGj8FbXaWKYp47AM,11999,145000.0,san jose east,Honda,Ridgeline,2009,17
2013 Toyota Prius Plug-In Hybrid – Low Mileage,https://www.craigslist.org/view/d/redwood-city-2013-toyota-prius-plug-in/c4A274FRoHrCegdEhMrj28,14995,65000.0,redwood city,Toyota,Prius,2013,13
"2010 Ford Focus, Only 49,000 Miles , Excellent Running",https://www.craigslist.org/view/d/san-ramon-2010-ford-focus-only-miles/9xN4p6gWtKW4MCW6MCMW78,6400,49000.0,san ramon,Ford,Focus,2010,16
Toyota Tacoma 2004,https://www.craigslist.org/view/d/san-rafael-toyota-tacoma-2004/kXRFjaVaopj4AVRJPqLEAH,9500,290000.0,san rafael,Toyota,Tacoma,2004,22
Toyota Tacoma 2003,https://www.craigslist.org/view/d/san-rafael-toyota-tacoma-2003/gZWfeheLTbibP4E5mWxPKC,9800,110000.0,san rafael,Toyota,Tacoma,2003,23
Toyota Rav4 2014,https://www.craigslist.org/view/d/san-rafael-toyota-rav4-2014/wtsuLm9uihpuyoCMYGpQ4i,3500,130000.0,san rafael,Toyota,Rav4,2014,12
2013 Volkswagen Jetta Gli Autobahn 4Dr Sedan,https://www.craigslist.org/view/d/pacifica-2013-volkswagen-jetta-gli/pK9VMRwCuce8f55wnG4xB1,5200,147000.0,pacifica,Volkswagen,Jetta,2013,13
2013 Dodge Grand Caravan Sxt,https://www.craigslist.org/view/d/san-leandro-2013-dodge-grand-caravan-sxt/wBt7MAMPntJ23aqUSoVoU5,4800,179000.0,san leandro,Dodge,Grand Caravan,2013,13
2006 Toyota Prius One Owner!,https://www.craigslist.org/view/d/pleasanton-2006-toyota-prius-one-owner/rvguK2SoAC8JYZuUMhxGYk,5900,166000.0,dublin,Toyota,Prius,2006,20
2011 Volkswagen Jetta Se,https://www.craigslist.org/view/d/san-leandro-2011-volkswagen-jetta-se/9TyxzsrSjKj4KXFbhpdG5i,5800,140000.0,san leandro,Volkswagen,Jetta,2011,15
2003 Honda Crv Ex,https://www.craigslist.org/view/d/oakley-2003-honda-crv-ex/iR3rVMxJnd14tbUi9nqCw9,4800,190000.0,brentwood,Honda,Crv,2003,23
2017 Ford Fusion Hybrid Energi Se,https://www.craigslist.org/view/d/san-leandro-2017-ford-fusion-hybrid/venF8mSFv33ewJx2Zprva8,5800,212000.0,san leandro,Ford,Fusion,2017,9
2007 Toyota Tacoma,https://www.craigslist.org/view/d/milpitas-2007-toyota-tacoma/wvYQHuoMB4FP2htqio7LJn,17000,202000.0,fremont,Toyota,Tacoma,2007,19
2015 Mercedes S550,https://www.craigslist.org/view/d/san-ramon-2015-mercedes-s550/3a1kQdwdUdH9pCUeoasQDV,40000,85000.0,san ramon,Mercedes,S550,2015,11
2019 Mercedes Benz Glc 300,https://www.craigslist.org/view/d/san-francisco-2019-mercedes-benz-glc-300/hZGbNQXojxvNjPdasEPVq4,24000,26000.0,sunset,Mercedes,Glc,2019,7
2011 Gmc Yukon Xl Denali Awd,https://www.craigslist.org/view/d/san-jose-2011-gmc-yukon-xl-denali-awd/hXAjhi2YXbNFna3ZVtXzEK,16700,54000.0,san jose north,Gmc,Yukon,2011,15
2004 Honda Civic Lx,https://www.craigslist.org/view/d/vallejo-2004-honda-civic-lx/chJJnf14oeonRa1VBkY9Bk,1000,213000.0,vallejo,Honda,Civic,2004,22
2006 Toyota Sequoia Firm On Price,https://www.craigslist.org/view/d/brentwood-2006-toyota-sequoia-firm-on/gVdny3rchhSVnQBgDzzbaS,2800,230000.0,brentwood,Toyota,Sequoia,2006,20
Toyota Sienna 1999 Le Runs And Drives - Needs Repair Due To Crash,https://www.craigslist.org/view/d/san-ramon-toyota-sienna-1999-le-runs/vHofnuj53G6FjdvSPXq6rh,999,225000.0,danville,Toyota,Sienna,1999,27
"2011 Ford F-150 Fx4 Supercrew 4X4 – 3.5L Ecoboost – $11,500 Obo",https://www.craigslist.org/view/d/santa-rosa-2011-ford-150-fx4-supercrew/kJSmNgchnKKGkHS52gxsoh,11500,156000.0,santa rosa,Ford,F150,2011,15
2012 Jeep Grand Cherokee,https://www.craigslist.org/view/d/fremont-2012-jeep-grand-cherokee/u5qtnE3Q2Ex3Epuf7LZWMS,5750,151000.0,fremont,Jeep,Grand Cherokee,2012,14
1998 Toyota 4Runner Limited 4X4 - Clean Title - 167K Miles,https://www.craigslist.org/view/d/sunnyvale-1998-toyota-4runner-limited/2xGzLGe2JGi5Ez1jR7E9om,14900,166000.0,sunnyvale,Toyota,4Runner,1998,28
2013 Toyota Tundra Sr5 Double Cab • 5.7L V8 • Long Bed • Snugtop Shell,https://www.craigslist.org/view/d/santa-cruz-2013-toyota-tundra-sr5/eXKwMSqt5JrrL4unxWTTew,17900,174000.0,santa cruz,Toyota,Tundra,2013,13
2008 Lexus Es350,https://www.craigslist.org/view/d/san-mateo-2008-lexus-es350/kVnaLtGeJTQ6gwxScWqv29,3900,225000.0,san mateo,Lexus,Es,2008,18
2006 Toyota Avalon One Owner,https://www.craigslist.org/view/d/san-francisco-2006-toyota-avalon-one/mmdiKwze9LTX3SctjN1YY2,2999,174000.0,city of san francisco,Toyota,Avalon,2006,20
2006 Bmw M3 Slick Top *Clean Title*,https://www.craigslist.org/view/d/danville-2006-bmw-m3-slick-top-clean/uTFeiaMoHhmFCPtydqKWHS,25000,78000.0,danville,Bmw,M3,2006,20
"2007 Bmw 328I Convertible - 69,200 Miles - Great Mechanical Condition!",https://www.craigslist.org/view/d/brentwood-2007-bmw-328i-convertible/t5vv48nCKu51frqoaxwm5u,8500,69000.0,brentwood,Bmw,328I,2007,19
2017 Kia Sorento   Ph# 510.604.9290,https://www.craigslist.org/view/d/knightsen-2017-kia-sorento-ph/9HmNvRqJNJ9jEWJh9HnYeA,3333,119000.0,brentwood,Kia,Sorento,2017,9
2021 Ford F250 Xl Supercab W/ Liftgate,https://www.craigslist.org/view/d/san-mateo-2021-ford-f250-xl-supercab/ukP7nqLfsgzPLQquSgs23v,27000,70000.0,san mateo,Ford,F250,2021,5
2011 Toyota Prius,https://www.craigslist.org/view/d/san-jose-2011-toyota-prius/kG3ikcQHxra3L7Zo4riNj6,7800,148000.0,san jose,Toyota,Prius,2011,15
"2010 Subaru Impreza Outback Sport Wagon, Awd, Automatic",https://www.craigslist.org/view/d/oakland-2010-subaru-impreza-outback/7dxHW3Jmj31cshB1hRuFMG,3900,179000.0,berkeley,Subaru,Outback,2010,16
2013 Subaru Xv Crosstrek Premium - Clean Title - 125K Miles,https://www.craigslist.org/view/d/richmond-2013-subaru-xv-crosstrek/hEEdbKL7pFUbcbCA7nckZJ,7500,125000.0,richmond,Subaru,Crosstrek,2013,13
Toyota Camry 2012,https://www.craigslist.org/view/d/san-jose-toyota-camry-2012/15ocepjB6QowZuq3vVi4jc,5000,153000.0,san jose,Toyota,Camry,2012,14
2020 Ford Transit 250 Awd Low Roof,https://www.craigslist.org/view/d/san-carlos-2020-ford-transit-250-awd/oCQUyRG7FhVwxVjgiRE63U,20880,122000.0,san carlos,Ford,Transit,2020,6
2011 Jeep Wrangler,https://www.craigslist.org/view/d/san-francisco-2011-jeep-wrangler/98zMsiEqvhdQnvipuy6CBQ,10000,77000.0,san francisco,Jeep,Wrangler,2011,15
2018 Toyota 4Runner Off-Road Premium 4Wd,https://www.craigslist.org/view/d/san-francisco-2018-toyota-4runner-off/xdh2Zfqbtco1yi6GVLP5od,38000,106000.0,west portal,Toyota,4Runner,2018,8
2010 Lexus Rx350,https://www.craigslist.org/view/d/windsor-2010-lexus-rx350/trEWwxR5Vo6zHskYBjg1WX,6000,196000.0,healdsburg,Lexus,Rx,2010,16
2008 Toyota Camry Le,https://www.craigslist.org/view/d/san-jose-2008-toyota-camry-le/d7ksUWMmq8mU99Y7hvy9Xy,4700,175000.0,san jose north,Toyota,Camry,2008,18
"2009 Honda Fit, 5 Door, Hatchback, $3000 (Obo)",https://www.craigslist.org/view/d/mill-valley-2009-honda-fit-door/wBJyN5YfQUPkQgLSw4ZLy4,3000,246000.0,mill valley,Honda,Fit,2009,17
"2003 Porsche Boxster, Bring A Trailer",https://www.craigslist.org/view/d/bolinas-2003-porsche-boxster-bring/t8Can1Ek1D9pWTy6YASKKh,6000,63000.0,west marin,Porsche,Boxster,2003,23
"2013 Honda Crv Ex-L Sport,Awd",https://www.craigslist.org/view/d/san-jose-2013-honda-crv-ex-sportawd/1Tp8qG1SzDpVP3gE6LPffu,8950,146000.0,campbell,Honda,Crv,2013,13
***2016 Land Rover Range Rover Autobiography Lwb***,https://www.craigslist.org/view/d/hollister-2016-land-rover-range-rover/giHCLjnNrx5BPRJBvKysJg,21500,99000.0,hollister,Land Rover,Range Rover,2016,10
2002 Audi A6 2.7T Quattro,https://www.craigslist.org/view/d/san-anselmo-2002-audi-a6-27t-quattro/4gpau9jXEchCZhbXoaqNmj,2450,124000.0,san anselmo,Audi,A6,2002,24
***1995 Ford F350 Xlt Crewcab Dually 2Wd***,https://www.craigslist.org/view/d/hollister-1995-ford-f350-xlt-crewcab/jVsCgB2v7SiZxPL21aRgcx,14500,225000.0,hollister,Ford,F350,1995,31
2016 Nissan Versa. 101K Orig Mile. Néw Smog. Exc Cond,https://www.craigslist.org/view/d/san-jose-2016-nissan-versa-101k-orig/tbGZ2UCsBoRvvzJQUhUJzg,4350,101000.0,san jose south,Nissan,Versa,2016,10
2008 Subaru Outback Xt Limited Mechanical Special Runs And Drives,https://www.craigslist.org/view/d/fremont-2008-subaru-outback-xt-limited/q9PeVnxAb9FhXALWRdCSNB,2200,148000.0,fremont,Subaru,Outback,2008,18
***2002 Chevrolet Silverado 2500 Hd Extended-Cab Short Bed***,https://www.craigslist.org/view/d/hollister-2002-chevrolet-silverado-2500/bn9gCLubBuNGJAXxFqGsJV,8200,201000.0,hollister,Chevrolet,Silverado,2002,24
2020 Chevrolet Suburban Lt- 8 Seater,https://www.craigslist.org/view/d/san-jose-2020-chevrolet-suburban-lt/qEXp18c6KM7bpkQgUd6eKX,18500,128000.0,san jose,Chevrolet,Suburban,2020,6
2011 Ford Explorer Limited Awd,https://www.craigslist.org/view/d/dublin-2011-ford-explorer-limited-awd/gKhK89emHNUBAjy722LGQr,3000,150000.0,dublin,Ford,Explorer,2011,15
2010 Subaru Outback,https://www.craigslist.org/view/d/fremont-2010-subaru-outback/txGrQKS4xn7j7Xiuy9yNHD,3300,215000.0,fremont,Subaru,Outback,2010,16
2002 Toyota Prius One Owner Clean Title,https://www.craigslist.org/view/d/fairfield-2002-toyota-prius-one-owner/1c86HLftEP4oDbm7rGZng2,5995,131000.0,north bay,Toyota,Prius,2002,24
2007 Toyota Prius One Owner Clean Title,https://www.craigslist.org/view/d/fairfield-2007-toyota-prius-one-owner/q6BNucdzqTUPfQDJuwS6dz,4995,195000.0,north bay,Toyota,Prius,2007,19
2014 Toyota Camry Le 4Cylinder 2.5L Clean Title,https://www.craigslist.org/view/d/fairfield-2014-toyota-camry-le/28qDeeCvVLK9NKKYmdJhxZ,6500,192000.0,north bay,Toyota,Camry,2014,12
2015 Subaru Forester Awd Clean Title One Owner,https://www.craigslist.org/view/d/fairfield-2015-subaru-forester-awd/jfcofdwVNdLqBiEtSqmxAB,6500,184000.0,north bay,Subaru,Forester,2015,11
2012 Mitsubishi Galant,https://www.craigslist.org/view/d/hayward-2012-mitsubishi-galant/f6SXfGNfSbK1oAYw5mQNaE,2400,200000.0,hayward,Mitsubishi,Galant,2012,14
2005 Porsche Boxster S,https://www.craigslist.org/view/d/lafayette-2005-porsche-boxster/ndTAyNPY8w2fYDYuuM4iUg,20000,94000.0,lafayette,Porsche,Boxster,2005,21
2009 Nissan Rogue,https://www.craigslist.org/view/d/campbell-2009-nissan-rogue/ncFmMCy4FZU8iYFY84cuLB,3000,173000.0,campbell,Nissan,Rogue,2009,17
"2018 Ford Explorer Xlt, Clean Title",https://www.craigslist.org/view/d/san-jose-2018-ford-explorer-xlt-clean/xcDzftbnmwpChi3aycv3Lo,8800,139000.0,san jose west,Ford,Explorer,2018,8
2009 Nissan Versa,https://www.craigslist.org/view/d/pleasant-hill-2009-nissan-versa/3GuhCHSp4gQBwsmTc2Hox4,1000,114000.0,walnut creek,Nissan,Versa,2009,17
2000 Toyota Tundra Awd,https://www.craigslist.org/view/d/santa-rosa-2000-toyota-tundra-awd/6Nd1raRxz4YigQpgiHzYj1,5900,201000.0,santa rosa,Toyota,Tundra,2000,26
2020 Nissan Sentra Sv,https://www.craigslist.org/view/d/san-jose-2020-nissan-sentra-sv/fkqb7gXTsxZyNX68jJqs9s,11500,97000.0,san jose,Nissan,Sentra,2020,6
2003 Lexus Gx 470 With Roof Rack,https://www.craigslist.org/view/d/pleasanton-2003-lexus-gx-470-with-roof/x2iHayFJuRscxgEyoUZj5R,5900,255000.0,san jose,Lexus,Gx,2003,23
"2015 Honda Crv  45,250 Miles.  Pristine.  Original Owner",https://www.craigslist.org/view/d/napa-2015-honda-crv-miles-pristine/qXFfQ1wx7HFQR7DdXcTiyM,17850,46000.0,napa county,Honda,Crv,2015,11
2024 Subaru Outback One Owner No Accident Only 19K Miles,https://www.craigslist.org/view/d/san-jose-2024-subaru-outback-one-owner/rcgnRLkqTAHGz3BbGeMsDQ,29000,19000.0,san jose west,Subaru,Outback,2024,2
1973 Dodge Challenger,https://www.craigslist.org/view/d/antioch-1973-dodge-challenger/gaMuNTXMuSNjjdMeuJxnGD,40000,72000.0,brentwood,Dodge,Challenger,1973,53
2013 Chevrolet Volt Plug In Hybrid,https://www.craigslist.org/view/d/mountain-view-2013-chevrolet-volt-plug/3YRQ2o2R9DQ4TpDDc1Pife,6000,173000.0,mountain view,Chevrolet,Volt,2013,13
2023 Jeep Gladiator Rubicon,https://www.craigslist.org/view/d/scotts-valley-2023-jeep-gladiator/gsbbVVj2diD9C4Nrx3zwKN,64950,18000.0,scotts valley,Jeep,Gladiator,2023,3
2017 Mercedes-Benz C300 Luxury Edition Sedan – Clean Title,https://www.craigslist.org/view/d/dublin-2017-mercedes-benz-c300-luxury/mKuHJDJFUytkRFQyJNfPcX,15000,86000.0,dublin,Mercedes,C300,2017,9
2011 Mercedes Sprinter Van Conversion Wb 170 High Roof,https://www.craigslist.org/view/d/los-gatos-2011-mercedes-sprinter-van/7358zn472SrMwF3dhHvd9j,23500,287000.0,los gatos,Mercedes,Sprinter,2011,15
2010 Honda Pilot Ex-L 112K Miles,https://www.craigslist.org/view/d/canyon-2010-honda-pilot-ex-112k-miles/toR21twiovQVUHgUmcvibL,12500,112000.0,oakland piedmont,Honda,Pilot,2010,16
2015 Honda Civic,https://www.craigslist.org/view/d/tracy-2015-honda-civic/1mnVeyuiaxpWe2baGuECup,13700,67000.0,east bay area,Honda,Civic,2015,11
2004 Toyota 4Runner Sr5/Sport,https://www.craigslist.org/view/d/santa-rosa-2004-toyota-4runner-sr5-sport/tzCzfa4xAGMx5HynhqYdsy,6500,272000.0,santa rosa,Toyota,4Runner,2004,22
2018 Toyota Rav4,https://www.craigslist.org/view/d/tracy-2018-toyota-rav4/ej99nQ9kkSH6nX3Vae4eKa,19700,99000.0,east bay area,Toyota,Rav4,2018,8
2002 Gmc Sierra (Silverado) 2Nd Owner 121K Miles 2Wd 5.3L V8,https://www.craigslist.org/view/d/san-jose-2002-gmc-sierra-silverado-2nd/eN2MGNpyw1dYFJ5jVhsnVM,11500,121000.0,san jose east,Gmc,Sierra,2002,24
2008 Jeep Wrangler Unlimited Rubicon – Runs & Drives – Ca Smog Issue – Gre,https://www.craigslist.org/view/d/oakland-2008-jeep-wrangler-unlimited/9EJQfyv5QHwHb38tzJp16w,6500,218000.0,alameda,Jeep,Wrangler,2008,18
2012 Bmw 750Li,https://www.craigslist.org/view/d/lafayette-2012-bmw-750li/vyevL6jqBNVyTwXfpFgtmc,7900,120000.0,lafayette,Bmw,750Li,2012,14
2013 Nissan Maxima,https://www.craigslist.org/view/d/san-jose-2013-nissan-maxima/3TwLHyZ2rc4iE7zDcQaefx,3900,170000.0,san jose north,Nissan,Maxima,2013,13
2008 Nissan Altima Runs And Drives Great $$2250$$ Obo,https://www.craigslist.org/view/d/oakland-2008-nissan-altima-runs-and/vFgZXVrfCUEoykVSmwv3EA,2250,189000.0,oakland,Nissan,Altima,2008,18
"2011 Mini Cooper Country Man S All4 Awd - 1 Owner, No Accidents, Gps, Bluetooth",https://www.craigslist.org/view/d/san-jose-2011-mini-cooper-country-man/2eABQm8cmtzXaSpNVtRsVi,7995,123000.0,san jose,Mini,Cooper,2011,15
2018 Chevrolet Suburban K1500Lt Low Mileage Rebuilt,https://www.craigslist.org/view/d/redwood-city-2018-chevrolet-suburban/xAwtk5YWJ1u3E5em1va5hV,14950,99000.0,redwood city,Chevrolet,Suburban,2018,8
"2010 Pontiac G6, 98K Miles, 4 Cylinder, Excellent Condition.",https://www.craigslist.org/view/d/hayward-2010-pontiac-g6-98k-miles/oKN5eBQMrf7g5oroHuHNPd,4300,98000.0,hayward,Pontiac,G6,2010,16
2020 Cadillac Escalade Esv Platinum. 1 Owner. 80K Miles. Great Shape,https://www.craigslist.org/view/d/concord-2020-cadillac-escalade-esv/x1By6WRFApX4jdtwWqyfYa,38999,80000.0,concord,Cadillac,Escalade,2020,6
Classic 1969 Vw Beetle,https://www.craigslist.org/view/d/cazadero-classic-1969-vw-beetle/tG15n2zA1Nb1n1smZ5Amw1,4900,34000.0,russian river,Vw,Beetle,1969,57
"2014 Bmw X3 Xdrive -1 Owner, No Accidents, Gps, Bluetooth,Rear Camera, Xlnt Cond",https://www.craigslist.org/view/d/san-jose-2014-bmw-x3-xdrive-owner-no/6XQnHjQkCyJA75qpuWFZaQ,8989,108000.0,san jose,Bmw,X3,2014,12
"2013 Audi A6 Prestige 3.0T, 67K Miles",https://www.craigslist.org/view/d/fairfax-2013-audi-a6-prestige-30t-67k/d9WxWPt5Ari3JBibjRYMBe,9950,68000.0,fairfax,Audi,A6,2013,13
2014 Jeep Wrangler Sahara 4 Door,https://www.craigslist.org/view/d/san-anselmo-2014-jeep-wrangler-sahara/1YkXXXwvbC6rb5iWQpQigf,14800,147000.0,fairfax,Jeep,Wrangler,2014,12
2019 Gmc Terrain Slt Ecodiesel,https://www.craigslist.org/view/d/salinas-2019-gmc-terrain-slt-ecodiesel/26fyZWuh733MdDTWzsvGHu,11000,114000.0,gilroy,Gmc,Terrain,2019,7
"2017 Mini Cooper S Convertible - 1 Owner, No Accidents, Gps, Bluetooth,Xlnt Cond",https://www.craigslist.org/view/d/san-jose-2017-mini-cooper-convertible/iTs8KtLBkqnhnDxv4LoJ7G,8888,129000.0,san jose,Mini,Cooper,2017,9
2018 Acura Mdx Sh-Awd Tech (72000 Miles),https://www.craigslist.org/view/d/san-jose-2018-acura-mdx-sh-awd-tech/x2iPu78MTAmVGvY28fYbDC,20900,72000.0,san jose,Acura,Mdx,2018,8
2016 Ford Fusion Hybrid Plug In,https://www.craigslist.org/view/d/mountain-view-2016-ford-fusion-hybrid/eh1XKqiEdTamgQsSc4cgha,7499,138000.0,mountain view,Ford,Fusion,2016,10
1999 Land Rover Discovery Ii,https://www.craigslist.org/view/d/san-jose-1999-land-rover-discovery-ii/3ZuLR6uzekszW49RNbDNpw,7500,150000.0,san jose,Land Rover,Discovery,1999,27
2016 Honda Pilot Elite (62000 Miles),https://www.craigslist.org/view/d/san-jose-2016-honda-pilot-elite-miles/m6RCNLCeucpP57JtHmiR38,18300,62000.0,san jose,Honda,Pilot,2016,10
"2023 Tesla Model Y Long Range Awd – 19,700 Miles",https://www.craigslist.org/view/d/palo-alto-2023-tesla-model-long-range/8i4szwfCos49nYNvSs72CG,36500,20000.0,menlo park,Tesla,Model Y,2023,3
1997 Toyota Camry Le V6 - Clean Title - 205K Miles,https://www.craigslist.org/view/d/santa-rosa-1997-toyota-camry-le-v6/eu7YsF1Z3m3nuBMYFgirav,2500,205000.0,santa rosa,Toyota,Camry,1997,29
2012 Subaru Outback Limited,https://www.craigslist.org/view/d/el-verano-2012-subaru-outback-limited/5XyWZRaa14heLA635GHbR8,8000,152000.0,north bay,Subaru,Outback,2012,14
"2011 Chevrolet Suburban Ltz - 233,000 Miles",https://www.craigslist.org/view/d/cupertino-2011-chevrolet-suburban-ltz/3VHY74mxk9u7XR5fGRq1fw,4200,233000.0,cupertino,Chevrolet,Suburban,2011,15
1968 Ford Mustang Fastback Highly Original California Black-Plate 2Owner All Doc,https://www.craigslist.org/view/d/san-jose-1968-ford-mustang-fastback/3oQDBTZMH5CYZJ3phvEAFN,39500,82000.0,san jose,Ford,Mustang,1968,58
2016 Acura Tlx,https://www.craigslist.org/view/d/san-francisco-2016-acura-tlx/7etiQfH3RyQ943GkTVLvYg,10500,140000.0,pacific heights,Acura,Tlx,2016,10
"2012 Mercedes Benz E350 Bluetec Diesel, 94K Miles. Meticulously Maint.",https://www.craigslist.org/view/d/morgan-hill-2012-mercedes-benz-e350/2rF4L7dUFxauzVKZtBkXbP,12500,94000.0,morgan hill,Mercedes,E350,2012,14
Excellent Condition 2016 Land Rover Range Rover Se Supercharged 4X4,https://www.craigslist.org/view/d/san-jose-excellent-condition-2016-land/6yri6tmGDW5Faj4JRPRNCj,12800,102000.0,san jose south,Land Rover,Range Rover,2016,10
2001 Nissan Pathfinder 4X4 (5-Speed-Manual)  Service-Records,https://www.craigslist.org/view/d/pleasant-hill-2001-nissan-pathfinder/s6kCArZLQ9stcVk8ThU1JW,2500,80000.0,concord,Nissan,Pathfinder,2001,25
2015 Honda Civic Lx Sedan (1St-Owner) Well-Maintained Runs-Excellent,https://www.craigslist.org/view/d/pleasant-hill-2015-honda-civic-lx-sedan/8oYWQF3Siuc11fjznLYp4g,6500,200000.0,concord,Honda,Civic,2015,11
2021 Jeep Grand Cherokee Laredo 4Wd,https://www.craigslist.org/view/d/berkeley-2021-jeep-grand-cherokee/qzpYoC9hYqi6yKSurygqVy,18700,87000.0,berkeley,Jeep,Grand Cherokee,2021,5
2016 Dodge Grand Caravan Se,https://www.craigslist.org/view/d/antioch-2016-dodge-grand-caravan-se/eNeBGc5b5j2HnooQA74BEt,8900,114000.0,pittsburg,Dodge,Grand Caravan,2016,10
Excellent Condition; 2010 Nissan Frontier Se V6 Kingcab 4X4,https://www.craigslist.org/view/d/san-jose-excellent-condition-2010/iM1mJXDr9rVfyzsSSz43SR,9999,130000.0,san jose south,Nissan,Frontier,2010,16
2008 Acura Tl,https://www.craigslist.org/view/d/concord-2008-acura-tl/7miGNmoCv2xiFUZRSFs371,1600,230000.0,concord,Acura,Tl,2008,18
2019 Honda Cr-V Ex-L – 67K Miles – Excellent Condition – Salvage Title,https://www.craigslist.org/view/d/dublin-2019-honda-cr-ex-67k-miles/tqrdFuaU9THATcgusniHqq,17500,67000.0,dublin,Honda,Crv,2019,7
2010 Vw Jetta Runs And Drives Needs Motor Reg Is Paid In Full,https://www.craigslist.org/view/d/south-dos-palos-2010-vw-jetta-runs-and/i4D5FEynuJRdcb1qXMXMPN,1200,222000.0,hollister,Vw,Jetta,2010,16
2017 Porsche Cayenne 4Dr Suv. W/57K Miles. Smogd. Clean Title & Carfax,https://www.craigslist.org/view/d/concord-2017-porsche-cayenne-4dr-suv/f7PEXjJz4FcirUeSyfA5Ps,20900,58000.0,concord,Porsche,Cayenne,2017,9
2013 Bmw 335Is,https://www.craigslist.org/view/d/san-bruno-2013-bmw-335is/wg6rLh5BtsrvjzRXFdg7Hy,5900,162000.0,east bay area,Bmw,335I,2013,13
1987 Jeep Cherokee Off-Road Vehicle/ Dessert Runner,https://www.craigslist.org/view/d/el-verano-1987-jeep-cherokee-off-road/g2yNKmurkx58whh4FFyukJ,6500,163000.0,sonoma,Jeep,Cherokee,1987,39
2011 Subaru Outback 2.5 6Spd Manual 165K Miles New Head Gaskets,https://www.craigslist.org/view/d/san-mateo-2011-subaru-outback-25-6spd/wwwA3sdvAYEE813g6AASUp,5800,165000.0,san mateo,Subaru,Outback,2011,15
2008 Mercedes Sprinter 2500 - Custom Camper Van (Needs New Engine),https://www.craigslist.org/view/d/emeryville-2008-mercedes-sprinter/5XimKpQGf26h2TmtGyVyAA,19950,185000.0,emeryville,Mercedes,Sprinter,2008,18
2016 Nissan Rogue Rebuild Motor,https://www.craigslist.org/view/d/fairfield-2016-nissan-rogue-rebuild/nDfkTk8vp1MBFCgxpeWtxC,3600,263000.0,fairfield,Nissan,Rogue,2016,10
2016 Nissan Rogue Rebuild Motor,https://www.craigslist.org/view/d/fairfield-2016-nissan-rogue-rebuild/1GjbfQxL26P5WNpAqsdndG,3600,263000.0,fairfield,Nissan,Rogue,2016,10
2018 Chevrolet Malibu ( Smogged/ Clean!!),https://www.craigslist.org/view/d/concord-2018-chevrolet-malibu-smogged/cXM5qKNJdkqfRYKkEuSbvQ,4600,159000.0,concord,Chevrolet,Malibu,2018,8
2022 Toyota Corolla Se Nightshade Edition,https://www.craigslist.org/view/d/campbell-2022-toyota-corolla-se/e1B87DFS4VpTGWtffxEvbB,20299,63000.0,campbell,Toyota,Corolla,2022,4
2010 Acura Tl,https://www.craigslist.org/view/d/newark-2010-acura-tl/mSbXYyhEavpXmKGYv8aAR8,4900,199000.0,fremont,Acura,Tl,2010,16
1966 Pontiac Bonneville Convertible,https://www.craigslist.org/view/d/selma-1966-pontiac-bonneville/vZJnMLK1RVqvcw8pukaV8u,12000,55000.0,selma,Pontiac,Bonneville,1966,60
2003 Toyota Rav4,https://www.craigslist.org/view/d/hayward-2003-toyota-rav4/kTKrfhkv8S8kHEVsyj4Vd9,2500,200000.0,hayward,Toyota,Rav4,2003,23
2015 Ford Fusion Se,https://www.craigslist.org/view/d/newark-2015-ford-fusion-se/9eJxzzQGDa4mtpVW2JnCLa,6900,159000.0,fremont,Ford,Fusion,2015,11
2017 Kia Forte5 Lx,https://www.craigslist.org/view/d/newark-2017-kia-forte5-lx/7TDabn4r8dbPdxziw9miZa,5900,126000.0,fremont,Kia,Forte,2017,9
2004 Acura Mdx Touring Awd,https://www.craigslist.org/view/d/newark-2004-acura-mdx-touring-awd/q4ahjKT6MYqFXZEyHjYyfC,3900,207000.0,fremont,Acura,Mdx,2004,22
2010 Subaru Outback Awd Automatic Very Good Cond 207K,https://www.craigslist.org/view/d/pleasanton-2010-subaru-outback-awd/4p1jUS7gXRUniGyurFgQbo,3800,207000.0,dublin,Subaru,Outback,2010,16
2012 Nissan Altima 2.5S,https://www.craigslist.org/view/d/newark-2012-nissan-altima-25s/s7Nb8qV1w8maydRPMFTBvj,4900,154000.0,fremont,Nissan,Altima,2012,14
2000 Bmw 528I,https://www.craigslist.org/view/d/newark-2000-bmw-528i/uEsu4CTLAaAiJ9rytXGzDA,4900,132000.0,fremont,Bmw,528I,2000,26
2021 Toyota Highlander Limited Awd W/ Warranty,https://www.craigslist.org/view/d/fremont-2021-toyota-highlander-limited/3aQopTEUh4A8UW1wnfkywc,39500,30000.0,fremont,Toyota,Highlander,2021,5
2008 Ford Escape Hybrid,https://www.craigslist.org/view/d/mountain-view-2008-ford-escape-hybrid/dF4oJYkUZHtwFzBVsPitGA,6900,63000.0,mountain view,Ford,Escape,2008,18
2013 Hyundai Sonata Hybrid,https://www.craigslist.org/view/d/newark-2013-hyundai-sonata-hybrid/d5bNxknBNsCZBT1jim6MUS,5500,157000.0,fremont,Hyundai,Sonata,2013,13
2012 Dodge Grand Caravan Minivan,https://www.craigslist.org/view/d/newark-2012-dodge-grand-caravan-minivan/j98e6xJtz76PVhRdmEhkZG,3900,118000.0,fremont,Dodge,Grand Caravan,2012,14
2016 Ford Explorer Excellent,https://www.craigslist.org/view/d/riverbank-2016-ford-explorer-excellent/22m3zDeMBaKg6FFEeDM57n,13950,34000.0,city of san francisco,Ford,Explorer,2016,10
2004 Subaru Outback,https://www.craigslist.org/view/d/santa-cruz-2004-subaru-outback/fujnSpxMj3SRGRDAnsR3fm,2900,166000.0,santa cruz,Subaru,Outback,2004,22
2016 Nissan Leaf – Upgraded 40Kwh Battery,https://www.craigslist.org/view/d/san-jose-2016-nissan-leaf-upgraded/vrxGWTznDuAuF2AWUkRT82,8300,108000.0,san jose south,Nissan,Leaf,2016,10
2018 Ram 1500 Express V6 Gasoline 4 Door Quad Cab Truck,https://www.craigslist.org/view/d/san-jose-2018-ram-1500-express-v6/w8SoU97zix841ZknCsT1DU,12500,102000.0,san jose north,Ram,1500,2018,8
2017 Toyota Camry Se 4 Cylinder (Clean Title),https://www.craigslist.org/view/d/citrus-heights-2017-toyota-camry-se/iMEXpFcUPSsSkfzZ6UQszX,12900,137000.0,fairfield,Toyota,Camry,2017,9
2015 Volvo V60 Awd W 54K Miles,https://www.craigslist.org/view/d/gilroy-2015-volvo-v60-awd-54k-miles/tANKPyp9xXCMatEYDTRsJH,11900,54000.0,gilroy,Volvo,V60,2015,11
2010 Project Mini Cooper S,https://www.craigslist.org/view/d/el-verano-2010-project-mini-cooper/iu7xXPkPb5x4eWj2nJv7Xk,1600,98000.0,sonoma,Mini,Cooper,2010,16
2005 Honda Crv All-Wheel-Drive,https://www.craigslist.org/view/d/santa-rosa-2005-honda-crv-all-wheel/iQgbiNR5LR763XtjdwFp2W,5900,185.0,santa rosa,Honda,Crv,2005,21
2018 Honda Hr-V Ex-L 58K Miles,https://www.craigslist.org/view/d/san-francisco-2018-honda-hr-ex-58k-miles/fbN2BWHc5ALS9qqCiQVNhn,16900,58000.0,san francisco,Honda,Hrv,2018,8
1998 Toyota Corolla Le,https://www.craigslist.org/view/d/mountain-view-1998-toyota-corolla-le/dcDzhMtxsS5P4uxp5yme51,6000,95000.0,mountain view,Toyota,Corolla,1998,28
"2009 Toyota Corolla Le, Low Mile, Clean Title",https://www.craigslist.org/view/d/santa-clara-2009-toyota-corolla-le-low/oKD4cXxUwCJieJzMxQsHxa,7200,118000.0,santa clara,Toyota,Corolla,2009,17
2013 Nissan Rogue,https://www.craigslist.org/view/d/san-jose-2013-nissan-rogue/pabZ6JQwEfwK7kQ2EZ4zTg,2900,196000.0,san jose west,Nissan,Rogue,2013,13
2005 Cadillac Escalade 154K Miles,https://www.craigslist.org/view/d/santa-clara-2005-cadillac-escalade-154k/kXKvwVBpytsw8gLhvy9xTj,4150,154000.0,santa clara,Cadillac,Escalade,2005,21
2000 Toyota Tundra Sr5,https://www.craigslist.org/view/d/santa-rosa-2000-toyota-tundra-sr5/3XDNzTFuFZ5tGxJpCTYPyy,4200,276000.0,santa rosa,Toyota,Tundra,2000,26
2006 Ford F-150 Lariat Triton V8,https://www.craigslist.org/view/d/berkeley-2006-ford-150-lariat-triton-v8/amjYRpUaviPmxj1WG3N8a4,6000,200000.0,berkeley,Ford,F150,2006,20
"2017 Honda Civic Ex With Start/Stop, 62K Low Mileage",https://www.craigslist.org/view/d/hayward-2017-honda-civic-ex-with-start/6mYzfn34PV5i2oKRAWBWb1,16995,63000.0,hayward,Honda,Civic,2017,9
Great Condition 2006 Honda Odyssey Touring,https://www.craigslist.org/view/d/cupertino-great-condition-2006-honda/eHUyKDoMkNUs6vymHBgB7d,4000,190000.0,cupertino,Honda,Odyssey,2006,20
"2013 Chevrolet Cruze 1Ls, Clean Title",https://www.craigslist.org/view/d/hayward-2013-chevrolet-cruze-1ls-clean/wVhZ6f8joLfxDoRaGBpeAy,3700,160000.0,hayward,Chevrolet,Cruze,2013,13
2009 Mini Cooper S 62K Miles Excellent Cond. No Accidents Clean Title,https://www.craigslist.org/view/d/corte-madera-2009-mini-cooper-62k-miles/78V7MDGS6d6SsvtbonJzMV,8995,62000.0,north bay,Mini,Cooper,2009,17
2017 Porsche Macan Awd,https://www.craigslist.org/view/d/sunnyvale-2017-porsche-macan-awd/rDRFPDCYMJhSQ3TqNX9Pza,14500,102000.0,sunnyvale,Porsche,Macan,2017,9
2010 Ford Escape Hybrid Awd,https://www.craigslist.org/view/d/lodi-2010-ford-escape-hybrid-awd/3KWWTBLbYAUqB9Le2MRXbJ,5250,185000.0,east bay area,Ford,Escape,2010,16
2004 Land Rover Discovery Se – Exceptionally Clean | Only 92K Miles,https://www.craigslist.org/view/d/mountain-view-2004-land-rover-discovery/noVArZFYYvMkcBziMf9zSC,15500,92000.0,mountain view,Land Rover,Discovery,2004,22
2022 Tesla Model 3 – Low Miles– Excellent Condition,https://www.craigslist.org/view/d/concord-2022-tesla-model-low-miles/jGU1WQU5YMhWbFwK7JHTTy,18500,47000.0,concord,Tesla,Model 3,2022,4
2018 Kia Forte S | $7500 Obo,https://www.craigslist.org/view/d/santa-rosa-2018-kia-forte-obo/hZANLUUyBdW33gNE2dvDLP,7500,128000.0,santa rosa,Kia,Forte,2018,8
2016 Mercedes-Benz Gle 350 Clean Title Low Miles Automatic Gle350,https://www.craigslist.org/view/d/hayward-2016-mercedes-benz-gle-350/d8BNjvpH7UtL1ngEcJbYZg,12500,99000.0,hayward,Mercedes,E350,2016,10
2019 Ford Fusion Hybrid Se Clean Title Gas Saver Automatic Prius,https://www.craigslist.org/view/d/hayward-2019-ford-fusion-hybrid-se/5CQFbanKVq8Ei7k5RPqRut,7950,128000.0,hayward,Ford,Fusion,2019,7
2008 Chevrolet Malibu Ls..Clean Title ..Great Condition..,https://www.craigslist.org/view/d/rocklin-2008-chevrolet-malibu-lsclean/2XeXwgT5A4ebFmNihvjriv,2900,190000.0,east bay area,Chevrolet,Malibu,2008,18
2008 Lexus Ls 460 Clean Title Only 125K Miles Automatic Ls460,https://www.craigslist.org/view/d/hayward-2008-lexus-ls-460-clean-title/3CNEsPJadfZmrQW2QQqr47,6950,125000.0,hayward,Lexus,Es,2008,18
2019 Toyota Camry Le Clean Title Gas Saver Automatic Accord Corolla,https://www.craigslist.org/view/d/hayward-2019-toyota-camry-le-clean/dN15zoiDrSpJVQSZrrfu5F,12900,118000.0,hayward,Toyota,Camry,2019,7
2008 Chevrolet Malibu Ls Classic ..Clean Title ..,https://www.craigslist.org/view/d/rocklin-2008-chevrolet-malibu-ls/wx6JNPfEA2nLvjzAqT6yS9,2600,200000.0,east bay area,Chevrolet,Malibu,2008,18
2008 Cadillac Escalade Esv,https://www.craigslist.org/view/d/santa-rosa-2008-cadillac-escalade-esv/3CsqPaE8icFtAYiLqbyFLw,5595,204000.0,north bay,Cadillac,Escalade,2008,18
2024 Tesla Model Y – Low Miles– Excellent Condition,https://www.craigslist.org/view/d/concord-2024-tesla-model-low-miles/gnweyAdQ3f1vspS3zm7cvs,28500,9007.0,concord,Tesla,Model Y,2024,2
2013 Porsche Panamera Platinum Edition,https://www.craigslist.org/view/d/cupertino-2013-porsche-panamera/uca9BpBSiTrFmvDjLzBuk8,15999,84000.0,cupertino,Porsche,Panamera,2013,13
Test Drive Available Wed - Sat 2009 Audi A4 Quattro Cabriolet,https://www.craigslist.org/view/d/san-francisco-test-drive-available-wed/bC8GEtTEjiVALamAH6Gqyd,7250,131000.0,hayes valley,Audi,A4,2009,17
2023 Honda Accord Hybrid Sport,https://www.craigslist.org/view/d/san-jose-2023-honda-accord-hybrid-sport/bRRywzMY8MMWe2SgjZjxYw,17500,102000.0,san jose south,Honda,Accord,2023,3
2012 Hyundai Sonata,https://www.craigslist.org/view/d/santa-rosa-2012-hyundai-sonata/78JgBVguZEJD7ckXm5cnZG,4900,180000.0,santa rosa,Hyundai,Sonata,2012,14
2016 Dodge Grand Caravan Se,https://www.craigslist.org/view/d/antioch-2016-dodge-grand-caravan-se/igBV4EctnbehbBeHgkm85c,8900,114000.0,pittsburg,Dodge,Grand Caravan,2016,10
2019 Ford  F-350 Utility Bed F350  Mechanic Special!!!,https://www.craigslist.org/view/d/pleasanton-2019-ford-350-utility-bed/iQaCxCj3m98jqbPhUW7yLv,12900,171000.0,dublin,Ford,F350,2019,7
2016 Chevrolet Silverado 2500Hd Utility Bed !! Excellent Conditions,https://www.craigslist.org/view/d/pleasanton-2016-chevrolet-silverado/dCW5WYsPePdHVu74tJeEjX,12900,210000.0,dublin,Chevrolet,Silverado,2016,10
2001 Ford F250 Super Duty Long Head Diesel,https://www.craigslist.org/view/d/antioch-2001-ford-f250-super-duty-long/eEJ75muuhAfAUFWTpJqQpX,15000,170000.0,pittsburg,Ford,F250,2001,25
2011 Mercedes-Benz C300 Sport - Clean Title - Excellent Condition,https://www.craigslist.org/view/d/san-leandro-2011-mercedes-benz-c300/eq82oZQSkSAjogBmMYs2rt,6450,144000.0,san leandro,Mercedes,C300,2011,15
2024 Lexus Rx 500H F Sport Performance Awd,https://www.craigslist.org/view/d/lafayette-2024-lexus-rx-500h-sport/sjXgW1aiVwEx7PWxvqTKeQ,58900,22000.0,lafayette,Lexus,Rx,2024,2
"For Sale: 1999 Porsche 911 Carrera (996.1) – 65,650 Miles",https://www.craigslist.org/view/d/san-bruno-for-sale-1999-porsche-911/qCMVgSA7WitQP9DthY1kMz,25000,66000.0,san bruno,Porsche,911,1999,27
2012 Vw Gti 2.0L Turbo 2 Door Coupe,https://www.craigslist.org/view/d/san-jose-2012-vw-gti-20l-turbo-door/drN3FunWRqDNJo7deNqMtv,8999,83000.0,san jose,Vw,Gti,2012,14
"2013 Hyundai Sonata Gls ""Clean Title""",https://www.craigslist.org/view/d/hayward-2013-hyundai-sonata-gls-clean/2DyoPAbpG1ZjtgrnhkQstG,4700,142000.0,hayward,Hyundai,Sonata,2013,13
"2010 Infiniti G37 Convertible, 109 K Low Mileage",https://www.craigslist.org/view/d/hayward-2010-infiniti-g37-convertible/8JXtaFt9rTxYJErRZbMLgi,8500,110000.0,hayward,Infiniti,G37,2010,16
2006 Honda Pilot Exl Awd,https://www.craigslist.org/view/d/san-leandro-2006-honda-pilot-exl-awd/tqsjeKS6fQdoP3awNN9TpH,3800,132000.0,san leandro,Honda,Pilot,2006,20
"2013 Subaru Impreza Limited Awd, Low 78K Miles, Clean Title  & Carfax",https://www.craigslist.org/view/d/pleasanton-2013-subaru-impreza-limited/r25u8G1D1KyRM9e6dLNjD6,11800,78000.0,dublin,Subaru,Impreza,2013,13
2018 Toyota Rav4 Hybrid Clean Title,https://www.craigslist.org/view/d/oakland-2018-toyota-rav4-hybrid-clean/dZ7Ee55ZGrrJCx3KmAHuEx,19500,127000.0,oakland east,Toyota,Rav4,2018,8
2009 Toyota Prius,https://www.craigslist.org/view/d/fremont-2009-toyota-prius/2VcW561n5RsqtNVQgFdmG8,6950,132000.0,fremont,Toyota,Prius,2009,17
2015 Nissan Rogue Select,https://www.craigslist.org/view/d/san-leandro-2015-nissan-rogue-select/rZJogt3BHVJ8NCSuG7mkff,3800,160000.0,san leandro,Nissan,Rogue,2015,11
2015 Nissan Leaf (One Owner/80Miles Per Charge),https://www.craigslist.org/view/d/fremont-2015-nissan-leaf-one-owner/3DGXzNPoLvp6wM113fiKix,5950,33000.0,fremont,Nissan,Leaf,2015,11
1995 Toyota Corolla Wagon,https://www.craigslist.org/view/d/santa-cruz-1995-toyota-corolla-wagon/ccq4zShm8NKaN3T65tvdGk,4000,121000.0,santa cruz co,Toyota,Corolla,1995,31
2008 Gmc Sierra 85K Miles $9000,https://www.craigslist.org/view/d/san-bruno-2008-gmc-sierra-85k-miles-9000/62ixQAp5B4mAXCMg6sMZ29,9000,85000.0,san bruno,Gmc,Sierra,2008,18
2018 Chevrolet Silverado 1500 Crew Cab Clean Work Truck  Company Owed,https://www.craigslist.org/view/d/walnut-creek-2018-chevrolet-silverado/iaywYagHoeB7feZjWPttsF,13900,161000.0,walnut creek,Chevrolet,Silverado,2018,8
2006 Bmw M3 Convertible E46,https://www.craigslist.org/view/d/napa-2006-bmw-m3-convertible-e46/cyfCaRpaibNdtBMpSN2Fk4,17000,102000.0,napa county,Bmw,M3,2006,20
Immaculate 2022 Chevrolet Bolt Euv Premier Trim,https://www.craigslist.org/view/d/daly-city-immaculate-2022-chevrolet/ofJDtWKQiydHxVqqHrcgxt,23500,30000.0,daly city,Chevrolet,Bolt,2022,4
"2021 Toyota Rav4 Le Awd – 89,462 Miles",https://www.craigslist.org/view/d/san-francisco-2021-toyota-rav4-le-awd/7Jv7XX48NTwGEA7Kv8PTQr,20400,89000.0,hayes valley,Toyota,Rav4,2021,5
"2017 Toyota Sienna Xle W/8 Seats - Fully Loaded, Clean Title",https://www.craigslist.org/view/d/santa-clara-2017-toyota-sienna-xle-8/f3SjnQcQhhwpX6eEymnMee,16800,143000.0,santa clara,Toyota,Sienna,2017,9
2001 Jeep Wrangler Tj,https://www.craigslist.org/view/d/burlingame-2001-jeep-wrangler-tj/tdTQZwY8BZo9AFzb8zvsmw,7500,212000.0,burlingame,Jeep,Wrangler,2001,25
"2019 Subaru Crosstrek Premium Awd – Low Miles, Clean Title",https://www.craigslist.org/view/d/novato-2019-subaru-crosstrek-premium/eZUs6z3SUTaiiEmmC6cavC,22500,61000.0,novato,Subaru,Crosstrek,2019,7
2023 Lexus Nx 350 Awd F Sport | 40K Miles | Excellent Condition,https://www.craigslist.org/view/d/san-francisco-2023-lexus-nx-350-awd/sYVS8S2tv3WQyTPU9VfRCh,38000,40000.0,inner richmond,Lexus,Es,2023,3
1973 Dodge Challenger,https://www.craigslist.org/view/d/redwood-estates-1973-dodge-challenger/oPZ4EiFThosdRRkziZff2y,24500,86000.0,los gatos,Dodge,Challenger,1973,53
2012 Toyota Corolla S,https://www.craigslist.org/view/d/campbell-2012-toyota-corolla/83pVsCCfyy35N9f5TogrUG,13300,78000.0,los gatos,Toyota,Corolla,2012,14
2019 Honda Accord Lx,https://www.craigslist.org/view/d/san-jose-2019-honda-accord-lx/5a9F9AvdVWKouLshSvoRJy,17950,109000.0,san jose,Honda,Accord,2019,7
"2011 Honda Cr-V Lx, 110 K Low Mile & Clean Title",https://www.craigslist.org/view/d/hayward-2011-honda-cr-lx-110-low-mile/wMuX16e8QHuqiq1y5GVZht,8600,111000.0,hayward,Honda,Crv,2011,15
"2016 Hyundai Elantra Se, 32K Low Mileage",https://www.craigslist.org/view/d/hayward-2016-hyundai-elantra-se-32k-low/k2ibxEzHNaGHaAdU2HVHya,10200,32000.0,hayward,Hyundai,Elantra,2016,10
2018 Honda Accord Sport,https://www.craigslist.org/view/d/san-jose-2018-honda-accord-sport/ax2BmmoVHCBZp7d2u2seNT,16950,130000.0,san jose,Honda,Accord,2018,8
2016 Honda Civic,https://www.craigslist.org/view/d/french-camp-2016-honda-civic/5Q7ejtxGHjs9XCPMsYAV2h,9900,150000.0,east bay area,Honda,Civic,2016,10
"2011 Toyota Prius Iv, 135K Low Mileage & Clean Title",https://www.craigslist.org/view/d/hayward-2011-toyota-prius-iv-135k-low/mpqdKafTEiTRcwdhnTRzty,7700,136000.0,hayward,Toyota,Prius,2011,15
2005 Bmw X3 2.5I (E83) 6-Speed Manual Suv Factory Performance Aero Kit,https://www.craigslist.org/view/d/santa-rosa-2005-bmw-x3-25i-e83-speed/4BDdBW7At2oxip3vEn9b8X,4700,253000.0,santa rosa,Bmw,X3,2005,21
"2010 Toyota Corolla Le  ""Clean Title""",https://www.craigslist.org/view/d/hayward-2010-toyota-corolla-le-clean/szCPk5UmH1WpUf33MqzNvw,4400,208000.0,hayward,Toyota,Corolla,2010,16
2007 Toyota 4Runner Sr5 4X4  Suv - Original Owner,https://www.craigslist.org/view/d/campbell-2007-toyota-4runner-sr5-4x4/gNhDKf1TKxb5VvRzz7WPKz,10495,194000.0,los gatos,Toyota,4Runner,2007,19
2013 Ford Taurus Police Intercepter,https://www.craigslist.org/view/d/san-leandro-2013-ford-taurus-police/9BkFNH69hbeAA1DuXoiDum,3900,110000.0,san leandro,Ford,Taurus,2013,13
White 2014 Mitsubishi Outlander 1 Driver 101K Miles,https://www.craigslist.org/view/d/san-francisco-white-2014-mitsubishi/iuhVQhZpHZ5KdWgKiP3zRs,6800,102000.0,san francisco,Mitsubishi,Outlander,2014,12
2008 Ford F-250 Xl Extended Cab Long Bed,https://www.craigslist.org/view/d/vallejo-2008-ford-250-xl-extended-cab/58dixwRBngpmkYfct1PSZh,9995,133000.0,vallejo,Ford,F250,2008,18
2004 Ford F-250 Crew Cab 4X4 - Original Owners ~ 90K Miles,https://www.craigslist.org/view/d/santa-clara-2004-ford-250-crew-cab-4x4/hPNnPUXkxVByfJkQ62NQtm,15500,95000.0,santa clara,Ford,F250,2004,22
2018 Jeep Wrangler,https://www.craigslist.org/view/d/san-rafael-2018-jeep-wrangler/d78mmQFRseueurJCFmk91R,26500,82000.0,san rafael,Jeep,Wrangler,2018,8
2016 Kia Forte - Clean Title - Excl Condition - Private Seller,https://www.craigslist.org/view/d/fremont-2016-kia-forte-clean-title-excl/2X1u8uVNwHBeD7QpPTZUHy,6100,127000.0,fremont,Kia,Forte,2016,10
Looking To Buy 1965-1970 Ford Mustang,https://www.craigslist.org/view/d/san-jose-looking-to-buy-ford-mustang/cgTRyf744Tq1aXFLuypMbq,35000,100000.0,san jose,Ford,Mustang,1965,61
2015 Kia Rio - Private Seller - Clean Title,https://www.craigslist.org/view/d/fremont-2015-kia-rio-private-seller/2zMPMUEq6zVqLmAquFsbP2,5800,108000.0,fremont,Kia,Rio,2015,11
"1994 Chevrolet Silverado ,Extended Cab Short Bed 106K Original Miles !",https://www.craigslist.org/view/d/san-mateo-1994-chevrolet-silverado/a2FTRUQajvrzTvBQMBBSsg,7250,106000.0,san mateo,Chevrolet,Silverado,1994,32
2016 Ford Transit 350 Hd High Roof Extended Wheelbase,https://www.craigslist.org/view/d/san-carlos-2016-ford-transit-350-hd/rM86ZW7kqFuz395dGZnyW8,19950,113000.0,san carlos,Ford,Transit,2016,10
2015 Acura Mdx Sh- Awd,https://www.craigslist.org/view/d/cupertino-2015-acura-mdx-sh-awd/vKsnuffA3xnSyUntCyzVcA,13690,125000.0,fremont,Acura,Mdx,2015,11
2010 Ford Escape Se 123K Miles Second Owner,https://www.craigslist.org/view/d/san-rafael-2010-ford-escape-se-123k/sgf74mHqK19jtoEMHr2C7H,5500,123000.0,san rafael,Ford,Escape,2010,16
2006 Toyota Avalon,https://www.craigslist.org/view/d/pleasanton-2006-toyota-avalon/rkRAzGmU7FdVczXQQkDyR1,5900,170000.0,dublin,Toyota,Avalon,2006,20
2015 Toyota Prius – Silver – Mint Condition – Fully Maintained,https://www.craigslist.org/view/d/fremont-2015-toyota-prius-silver-mint/fc3p5PvcSepRSNLbPJyNyU,10975,137000.0,fremont,Toyota,Prius,2015,11
2015 Audi A4 S Line Premium,https://www.craigslist.org/view/d/boyes-hot-springs-2015-audi-a4-line/ajKPZqa4zM42Pj2J6xo8EQ,7200,155000.0,sonoma,Audi,A4,2015,11
"2013 Bmw X3 (F25) — 96,760 Miles — As-Is / Mechanic'S Special",https://www.craigslist.org/view/d/alameda-2013-bmw-x3-miles-as-is/dvHkPDeVRN3prTLDgr9vKd,4000,97000.0,alameda,Bmw,X3,2013,13
1990 Mazda Miata,https://www.craigslist.org/view/d/santa-rosa-1990-mazda-miata/kE8H3siptiCfLFh3V85Qmt,5900,221000.0,santa rosa,Mazda,Miata,1990,36
2021 Ford Transit 350 High Roof Extended,https://www.craigslist.org/view/d/san-carlos-2021-ford-transit-350-high/k4yNEGJnhSAnFQEBAUBtAf,22880,140000.0,san carlos,Ford,Transit,2021,5
2012 Bmw 328I,https://www.craigslist.org/view/d/knightsen-2012-bmw-328i/ea5kbGAkjRf3PHvvHCQrRA,6800,179000.0,brentwood,Bmw,328I,2012,14
1983 Jaguar Vanden Plas Xj6,https://www.craigslist.org/view/d/alameda-1983-jaguar-vanden-plas-xj6/h52RXD7sB3BSY6JHvHNXC1,12000,77000.0,alameda,Jaguar,Xj,1983,43
2015 Ford Transit Connect Xlt For Sale,https://www.craigslist.org/view/d/hayward-2015-ford-transit-connect-xlt/rk9CieA2L3VzUcWUEMjUMU,6900,135000.0,hayward,Ford,Transit,2015,11
2020 Ford F150 Xl 3.0 Turbo Diesel,https://www.craigslist.org/view/d/hayward-2020-ford-f150-xl-30-turbo/af95zUhCjaTchfRyJpAyyu,24950,98000.0,hayward,Ford,F150,2020,6
2018 Nissan Rogue Sport,https://www.craigslist.org/view/d/vallejo-2018-nissan-rogue-sport/5MDzPQQHtbGLUnHJfSVpcp,12800,56000.0,vallejo,Nissan,Rogue,2018,8
1990 Bmw 325I 5-Speed Coupe,https://www.craigslist.org/view/d/oakland-1990-bmw-325i-speed-coupe/3ZYYC71SjRSaePAfCfQqU9,7500,240000.0,oakland rockridge,Bmw,325I,1990,36
2001 Toyota Camry For Sale,https://www.craigslist.org/view/d/fairfield-2001-toyota-camry-for-sale/qGzCm7vRUmy2pvRyFEEudL,1300,296000.0,fairfield,Toyota,Camry,2001,25
2016.  Acura Mdx Technology,https://www.craigslist.org/view/d/san-jose-2016-acura-mdx-technology/55KPJtXnYrBXFznMbbdrEB,11499,134000.0,san jose west,Acura,Mdx,2016,10
2016 Toyota Tacoma Sr5 4X4 Access Cab V6 Clean Title,https://www.craigslist.org/view/d/san-jose-2016-toyota-tacoma-sr5-4x4/5ja9jQpM3AWPQyUMzXphzH,16500,202000.0,san jose,Toyota,Tacoma,2016,10
2007 Lexus Es 350,https://www.craigslist.org/view/d/san-jose-2007-lexus-es-350/nwy2HxLgGuX9roxzw9EaVt,4900,199000.0,san jose west,Lexus,Es,2007,19
"2016 Acura Mdx ,Advance / Sh-Awd W/Res",https://www.craigslist.org/view/d/san-jose-2016-acura-mdx-advance-sh-awd/xp1RHbLCC1hcAkGMmnjZ5T,11700,146000.0,san jose west,Acura,Mdx,2016,10
"2010 Toyota Rav4, 4Wd, Limited, Excellent Condition",https://www.craigslist.org/view/d/san-jose-2010-toyota-rav4-4wd-limited/wchs8uWrwhPgsxCTL82fL9,7000,186000.0,san jose west,Toyota,Rav4,2010,16
2010 Honda Cr-V Exl 4Wd,https://www.craigslist.org/view/d/san-jose-2010-honda-cr-exl-4wd/eA6wKRMAbc1ZJL3eNkL4vB,8700,117000.0,san jose west,Honda,Crv,2010,16
2017 Honda Civic Le 4-Door - ☎ 650-575-8192,https://www.craigslist.org/view/d/san-jose-2017-honda-civic-le-door/vFVkjaPWQaoLT84aBYkgTB,13900,90000.0,san jose,Honda,Civic,2017,9
2012 Nissan Altima,https://www.craigslist.org/view/d/san-jose-2012-nissan-altima/cqVUua4EV9dxGB3m3bJqDf,3800,180000.0,san jose north,Nissan,Altima,2012,14
2001 Cadillac Deville | Clean Title | Recently Smogged | Kicker Sound,https://www.craigslist.org/view/d/san-jose-2001-cadillac-deville-clean/9oVqfxchBWP6GY5d9mYsmb,5000,182000.0,san jose south,Cadillac,Deville,2001,25
"Sale!! 2007 Lexus Es 350 – Clean Title, 1 Owner, Low Miles",https://www.craigslist.org/view/d/san-jose-sale-2007-lexus-es-350-clean/2QiXJq3knAYQSo6oULG8pe,6800,127000.0,san jose downtown,Lexus,Es,2007,19
2012 Chevrolet Suburban,https://www.craigslist.org/view/d/watsonville-2012-chevrolet-suburban/8EYfxkQ97J4VALCs1VHUh4,8499,143000.0,santa cruz,Chevrolet,Suburban,2012,14
2008 Honda Crv Ex,https://www.craigslist.org/view/d/san-jose-2008-honda-crv-ex/tsZS2s2uSsWSGvkBDrTYCX,6000,168000.0,san jose north,Honda,Crv,2008,18
2007 Volkswagen Passat 2.0T Value Edition Wagon 4D,https://www.craigslist.org/view/d/san-jose-2007-volkswagen-passat-20t/5jYpVn1NTGq6L8BsVYJxJt,4000,88000.0,san jose south,Volkswagen,Passat,2007,19
2002 Toyota Sienna Xle • Clean Title • 1 Owner,https://www.craigslist.org/view/d/san-jose-2002-toyota-sienna-xle-clean/kpMTExFNDArpTtsmKTZm2T,2999,163000.0,san jose downtown,Toyota,Sienna,2002,24
2009 Subaru Forester 2.5X,https://www.craigslist.org/view/d/pleasanton-2009-subaru-forester-25x/oWxTQHgjxKEDUU4XNXrN3N,5500,167000.0,dublin,Subaru,Forester,2009,17
2010 Jeep Wrangler,https://www.craigslist.org/view/d/morgan-hill-2010-jeep-wrangler/n8T18ujfBmzrbffAAEYuda,18000,129000.0,morgan hill,Jeep,Wrangler,2010,16
2023 Dodge Charger Sxt,https://www.craigslist.org/view/d/fremont-2023-dodge-charger-sxt/drJLQ9vx36rYQz4RzhTemW,13950,30000.0,fremont,Dodge,Charger,2023,3
"1995 Ford Ranger Xlt Regular Cab – 2.3L 5-Speed – ~95,140 Miles",https://www.craigslist.org/view/d/petaluma-1995-ford-ranger-xlt-regular/mcPH8B5hu91jvXbm7pVyMD,7500,95000.0,petaluma,Ford,Ranger,1995,31
2006 Subaru Outback Wagon Awd Major Service Was Done Have All Records,https://www.craigslist.org/view/d/fremont-2006-subaru-outback-wagon-awd/4reJgpgQmnzPKixWfXS9Wv,3400,170000.0,fremont,Subaru,Outback,2006,20
Black Acura Mdx 2004 4 Door,https://www.craigslist.org/view/d/emeryville-black-acura-mdx-door/ekMUeVkedK4TQup7VRV7Aq,4500,179000.0,emeryville,Acura,Mdx,2004,22
2012 Toyota Tacoma Access Cab Automatic,https://www.craigslist.org/view/d/san-jose-2012-toyota-tacoma-access-cab/qKhruoUkTAd5bju3r1gtzD,15900,175000.0,san jose south,Toyota,Tacoma,2012,14
2006 Honda Accord,https://www.craigslist.org/view/d/hayward-2006-honda-accord/ftjhXhpyPxCo6HDUFjEAnj,1375,180000.0,hayward,Honda,Accord,2006,20
2017 Audi Q5 2.0T Premium Plus Quattro | 63K Miles,https://www.craigslist.org/view/d/oakland-2017-audi-q5-20t-premium-plus/cpDWBh1oGgZiKBAareTf6M,19000,64000.0,berkeley,Audi,Q5,2017,9
2007 Honda Odyssey,https://www.craigslist.org/view/d/concord-2007-honda-odyssey/2zqQjPABuahwteZhy3ehau,2800,190000.0,concord,Honda,Odyssey,2007,19
2021 Audi S5 · Prestige Tfsi Quattro Tiptronic,https://www.craigslist.org/view/d/oakland-2021-audi-s5-prestige-tfsi/t2GiZy5ypFqwvEF8dThM8E,28000,51000.0,pleasant hill,Audi,Tt,2021,5
2007 Chevrolet Suburban Ls 2500 Clean Title Smog Passed,https://www.craigslist.org/view/d/campbell-2007-chevrolet-suburban-ls/9izw3A3CsxEeNrAnvMd32u,8800,137000.0,campbell,Chevrolet,Suburban,2007,19
2002 White Mercedes-Benz C240 Sedan In Good Condition - Clean Title,https://www.craigslist.org/view/d/san-rafael-2002-white-mercedes-benz/vGaJWBBqkXZVqE9F1xxvHP,6495,122000.0,san rafael,Mercedes,C240,2002,24
"1969 Ford Mustang Mach 1, 351W/At- Not Running",https://www.craigslist.org/view/d/oakland-1969-ford-mustang-mach-351w-at/jKf4Jv5AtZtTnVX5cZ2n9Y,33000,33000.0,emeryville,Ford,Mustang,1969,57
2005 Toyota Tundra 4.0 V6 / 2Wd Rare Factory Tacoma / 4Runner Engine,https://www.craigslist.org/view/d/san-jose-2005-toyota-tundra-40-v6-2wd/6fVedLV9uk2vMhbYgvJbtF,16900,116000.0,willow glen,Toyota,Tacoma,2005,21
"2011 Toyota Tundra Crewmax Platinum 5.7L 4Wd - 1 Owner, Low Mileage",https://www.craigslist.org/view/d/cupertino-2011-toyota-tundra-crewmax/t8KwqkcusCP69LBT2t3MV6,22500,132000.0,cupertino,Toyota,Tundra,2011,15
2009 Lexus Is 250 – Clean Title – Only 106K Miles,https://www.craigslist.org/view/d/campbell-2009-lexus-is-250-clean-title/rdTEBzzAZekfh4jSecqzhH,10300,106000.0,campbell,Lexus,Es,2009,17
2008 Toyota Tacoma Prerunner V6 – Reliable Daily Driver – Runs Great,https://www.craigslist.org/view/d/los-gatos-2008-toyota-tacoma-prerunner/4GBFS5PBmVkBj8vbuiapNt,10300,205000.0,los gatos,Toyota,Tacoma,2008,18
2005 Lexus Is 300 Smog Passed Clean Title,https://www.craigslist.org/view/d/campbell-2005-lexus-is-300-smog-passed/mkx6EhrF8DSfyVdvCbaor2,7800,169000.0,campbell,Lexus,Is,2005,21
"2008 Ford F-150 Stx Regular Cab – 5-Speed Manual – Only 70,214 Origina",https://www.craigslist.org/view/d/campbell-2008-ford-150-stx-regular-cab/qriQ7fhehuLT8yLCLGPqcx,8200,70000.0,campbell,Ford,F150,2008,18
2007 Lexus Is 250 For Sale,https://www.craigslist.org/view/d/santa-cruz-2007-lexus-is-250-for-sale/pLy9uChtYgATzC899XMsab,2000,184000.0,santa cruz,Lexus,Is,2007,19
2010 Ford Expedition Eddie Bauer 4X4,https://www.craigslist.org/view/d/san-lorenzo-2010-ford-expedition-eddie/pkn88umVcJjBKMMmu2JxEG,4950,169000.0,san leandro,Ford,Expedition,2010,16
2011 Acura Mdx Advance Pkg Sh-Awd (Original Owner) 7 Seating Suv,https://www.craigslist.org/view/d/san-jose-2011-acura-mdx-advance-pkg-sh/kRPAYZ8AWGB9qfqUJmcrRo,9600,146000.0,san jose west,Acura,Mdx,2011,15
2013 Toyota Prius Hybrid,https://www.craigslist.org/view/d/oakland-2013-toyota-prius-hybrid/5gVJ6SUqhn5WYpNJqGxmmq,2600,300000.0,oakland,Toyota,Prius,2013,13
2005 Mini Cooper Convertible Jcw,https://www.craigslist.org/view/d/san-mateo-2005-mini-cooper-convertible/5NpYM3xPHA9sFDS5qKY5zc,8000,48000.0,san mateo,Mini,Cooper,2005,21
2008  Mini Cooper Clubman,https://www.craigslist.org/view/d/redwood-city-2008-mini-cooper-clubman/aVHD9bLUJwzKxY8Sdq1J9n,1000,164000.0,oakland,Mini,Cooper,2008,18
2011 Honda Cr-V Ex — Clean Title Low Miles,https://www.craigslist.org/view/d/san-jose-2011-honda-cr-ex-clean-title/9fgFdza658B2M3mA6NMaPC,7000,122000.0,san jose,Honda,Crv,2011,15
"2022 Ram Promaster City Tradesman Cargo Van, 86K, Nice!",https://www.craigslist.org/view/d/walnut-creek-2022-ram-promaster-city/wyZ7LcAv2PpYDFUHf1otNQ,15900,86000.0,walnut creek,Ram,Promaster,2022,4
2006 Toyota Camry,https://www.craigslist.org/view/d/knightsen-2006-toyota-camry/pTxLFhv2fZdWxLFdqt2hby,3800,180000.0,brentwood,Toyota,Camry,2006,20
2004 Toyota Corolla,https://www.craigslist.org/view/d/knightsen-2004-toyota-corolla/rVPpM6xQj2zWNcnPrxUSji,3500,180000.0,brentwood,Toyota,Corolla,2004,22
2000 Bmw 328I,https://www.craigslist.org/view/d/san-jose-2000-bmw-328i/xhMXijeBPojeNXmosEw1dD,3500,265000.0,san jose south,Bmw,328I,2000,26
2020 Toyota Rav4 Xle Clean Title Low Milage,https://www.craigslist.org/view/d/campbell-2020-toyota-rav4-xle-clean/9FmAzLDCdq36z5m2CQXZQz,21500,64000.0,campbell,Toyota,Rav4,2020,6
2006 Honda Pilot Ex-L W/Navigation Awd Clean Title Smog Passed,https://www.craigslist.org/view/d/campbell-2006-honda-pilot-ex-w/1dFskhg9oAWzYgmbAFoFq5,7300,134000.0,campbell,Honda,Pilot,2006,20
"2006 Toyota Prius – Reliable, Fuel-Efficient, And Well-Maintained (Fsb",https://www.craigslist.org/view/d/san-jose-2006-toyota-prius-reliable/pgemReRvBzERA5mQMwLdsL,6500,127000.0,san jose north,Toyota,Prius,2006,20
2014 Audi Q7 Tdi Turbo Diesel,https://www.craigslist.org/view/d/roseville-2014-audi-q7-tdi-turbo-diesel/7vxeWdmonhQ3KBGiFj91C3,7500,160000.0,roseville,Audi,Q7,2014,12
"🔥 2017 Lexus Ct 200H Hybrid – Only 46,624 Miles 🔥Clean Title",https://www.craigslist.org/view/d/campbell-lexus-ct-200h-hybrid-only/rHHs6Qwq4q3xUoX9Qg1sg8,19300,46000.0,campbell,Lexus,Es,2017,9
2000 Lexus Es300,https://www.craigslist.org/view/d/san-francisco-2000-lexus-es300/cYaQdtVFkKsgrt26CQJ6qd,3450,209000.0,san francisco,Lexus,Es,2000,26
2002 Toyota Sequoia Sr5 - Strong & Reliable Suv Clean Title,https://www.craigslist.org/view/d/campbell-2002-toyota-sequoia-sr5-strong/1KgXEgPZfKNoHq1kcgBbDb,6100,159000.0,campbell,Toyota,Sequoia,2002,24
2014 Mercedes-Benz E350 Sport Sedan Clean Title Low Very Miles,https://www.craigslist.org/view/d/campbell-2014-mercedes-benz-e350-sport/wxKAtxTSDbYWtAVsx3RYxF,12400,60000.0,los gatos,Mercedes,E350,2014,12
Sale!!! 2012 Toyota Prius Three – Clean Title – 1 Owner – Clean Carfax,https://www.craigslist.org/view/d/san-jose-sale-2012-toyota-prius-three/beVmHMk7QfGo3Z4MhwsHxC,6999,119000.0,san jose downtown,Toyota,Prius,2012,14
2002 Toyota Camry Se - Clean Title - 1 Owner - 2.4L 4 Cylinder,https://www.craigslist.org/view/d/san-jose-2002-toyota-camry-se-clean/4TWJdSZNYKxXg57aJV3XUZ,2999,208000.0,san jose downtown,Toyota,Camry,2002,24
2019 Subaru Forester Sport Awd **Low Miles,https://www.craigslist.org/view/d/santa-cruz-2019-subaru-forester-sport/mrRcrK9gbgLgGUughn8tPS,24300,52000.0,santa cruz,Subaru,Forester,2019,7
"2021 Ford F150 Long Bed With 104,000 Miles (1 Owner) F 150 F-150",https://www.craigslist.org/view/d/walnut-creek-2021-ford-f150-long-bed/81zsNy7kL2ys2jdUz5e53c,14900,104000.0,walnut creek,Ford,F150,2021,5
2003 Ford F250 Super Duty,https://www.craigslist.org/view/d/brentwood-2003-ford-f250-super-duty/gNYHCwMib1TaosqQukvdui,4500,226000.0,brentwood,Ford,F250,2003,23
2007 Honda Pilot 4Wd W Navigation And Reverse Camera,https://www.craigslist.org/view/d/diablo-2007-honda-pilot-4wd-navigation/ppwK7crD3zBxn4QJWqrKTH,5200,280000.0,danville san ramon,Honda,Pilot,2007,19
2011 Subaru Outback 2.5I Limited Awd,https://www.craigslist.org/view/d/los-gatos-2011-subaru-outback-25i/eVfRnVJZfSYJ3dSnrCxJ9t,8500,107000.0,campbell,Subaru,Outback,2011,15
2010 Infiniti G37S Convertible,https://www.craigslist.org/view/d/santa-rosa-2010-infiniti-g37s/hPQd4QR9pZh44wvd4cDTZf,11750,83000.0,sebastopol,Infiniti,G37,2010,16
Volkswagen Passat Limited 1.8 Turbo 2015,https://www.craigslist.org/view/d/hayward-volkswagen-passat-limited-18/9WesBzszfQYM1xn5EJKLUS,5000,158000.0,hayward,Volkswagen,Passat,2015,11
"2005 Honda Accord Ex-L Coupe Sport 2D, Excellent Shape, 4 New Tires",https://www.craigslist.org/view/d/san-jose-2005-honda-accord-ex-coupe/7zDvRmoGQV6PHEB3wE4wQT,6800,175000.0,san jose west,Honda,Accord,2005,21
"2016 Subaru Brz, Manual",https://www.craigslist.org/view/d/san-francisco-2016-subaru-brz-manual/5XP4VkNHvVVsXDRbsvjMJz,7995,170000.0,potrero hill,Subaru,Brz,2016,10
2014 Honda Civic Ex Sedan,https://www.craigslist.org/view/d/concord-2014-honda-civic-ex-sedan/nwT6DYZEh4e3CTmY8ywhtH,2500,128000.0,concord,Honda,Civic,2014,12
2013 Lexus Rx 350,https://www.craigslist.org/view/d/cupertino-2013-lexus-rx-350/aAtRkebtCcqeUbdYNZty6Q,17800,58000.0,cupertino,Lexus,Rx,2013,13
2013 Nissan Maxima,https://www.craigslist.org/view/d/san-jose-2013-nissan-maxima/16xdub1LbCVXhPUjdrnssd,3900,170000.0,san jose north,Nissan,Maxima,2013,13
2018 Ford Fusion Has Saver Commuter Nice Reliable Car,https://www.craigslist.org/view/d/hollister-2018-ford-fusion-has-saver/1B9nuBVjRzXsawyjkREbt4,3000,160000.0,san jose downtown,Ford,Fusion,2018,8
2010 Chrysler Town & Country Touring $2800 Or Best Offer,https://www.craigslist.org/view/d/orinda-2010-chrysler-town-country/41y8MxSJvtQuGCfuj5q2h4,2800,146000.0,lafayette,Chrysler,Town & Country,2010,16
2024 Jeep Wrangler Rubicon (Fully Loaded),https://www.craigslist.org/view/d/fremont-2024-jeep-wrangler-rubicon/oJWNd1h8HBwQEriwpBpnVW,47500,51000.0,fremont,Jeep,Wrangler,2024,2
2016 Nissan Altima 3.5 Sl ... Steel Gray,https://www.craigslist.org/view/d/walnut-creek-2016-nissan-altima-35-sl/9tJm971AUyDpv5vGdNvFdM,8998,141000.0,danville,Nissan,Altima,2016,10
2017 Nissan Pathfinder Sv,https://www.craigslist.org/view/d/hayward-2017-nissan-pathfinder-sv/5NLcyPDBUYJVW7Q5qH6cHT,5200,202000.0,hayward,Nissan,Pathfinder,2017,9
"*2020 Toyota 4Runner Trd Pro 4Wd - Magnetic Gray - 63,607 Mi - Clean*",https://www.craigslist.org/view/d/walnut-creek-2020-toyota-4runner-trd/rK8TsVLzPxYz2q8k4w1Ld1,44500,64000.0,walnut creek,Toyota,4Runner,2020,6
1998 Gmc Savana G3500 Sle  Heavy-Duty 1-Ton Excellent Cargo Van,https://www.craigslist.org/view/d/san-jose-1998-gmc-savana-g3500-sle/deVnmWr66mZzgRDH89FPXX,7750,171000.0,san jose west,Gmc,Savana,1998,28
2015 Bmw 328I,https://www.craigslist.org/view/d/santa-rosa-2015-bmw-328i/p61mqRpmRFysUzFq2Rftd8,6800,139000.0,santa rosa,Bmw,328I,2015,11
2006 Ford Ranger,https://www.craigslist.org/view/d/san-francisco-2006-ford-ranger/e6GdxVShqfrYnVBMwTT5D9,7250,119000.0,portola district,Ford,Ranger,2006,20
2015 Chevrolet Suburban Lt 4Wd – One Owner,https://www.craigslist.org/view/d/sunnyvale-2015-chevrolet-suburban-lt/rTdCkktGHjmrdQBPkwXyZn,13900,175000.0,sunnyvale,Chevrolet,Suburban,2015,11
2023 Mini Cooper S Hardtop 2-Door For Sale,https://www.craigslist.org/view/d/cupertino-2023-mini-cooper-hardtop-door/tdbyHfEyxJtreqzfgac2yN,26988,7688.0,cupertino,Mini,Cooper,2023,3
2001 Toyota Tacoma Prerunner!!!,https://www.craigslist.org/view/d/san-jose-2001-toyota-tacoma-prerunner/m5mCYgyfz6uwTyUJ3gfCtt,10000,140000.0,san jose north,Toyota,Tacoma,2001,25
2017 Chevrolet Silverado 1500 – Regular Cab Short Bed – 5.3L V8 – Oem Blac,https://www.craigslist.org/view/d/benicia-2017-chevrolet-silverado/x2z1f7uWk8ks53ZHyN75Dk,32000,73000.0,benicia,Chevrolet,Silverado,2017,9
2013 Vw Golf 2.5 5-Cyl,https://www.craigslist.org/view/d/richmond-2013-vw-golf-25-cyl/u6pB2EwpHwdzg61uewsiUF,5000,132000.0,richmond,Vw,Golf,2013,13
"2013 Nissan Frontier Sv – Clean Title – Newer Jdm Engine – $7,500",https://www.craigslist.org/view/d/emeryville-2013-nissan-frontier-sv/2Apz6ARccByRAwsCpj5jC4,7500,79000.0,emeryville,Nissan,Frontier,2013,13
2008 Lexus Rx 400H - Excellent Condition,https://www.craigslist.org/view/d/los-gatos-2008-lexus-rx-400h-excellent/vn8LEFDBBzH2ccvAwxV8rN,6300,152000.0,los gatos,Lexus,Rx,2008,18
2014 Nissan Sentra | Clean Title | 173.8K Miles | Replacement Transmission,https://www.craigslist.org/view/d/emeryville-2014-nissan-sentra-clean/9qnn7FP5r98dqYNQLtSfTj,2950,174000.0,emeryville,Nissan,Sentra,2014,12
2013 Nissan Altima 240K Miles. Super Clean,https://www.craigslist.org/view/d/san-francisco-2013-nissan-altima-240k/6PMMxzcHN9YgbZLb1AsC37,2700,241000.0,richmond,Nissan,Altima,2013,13
2010 Ford Transit Connect,https://www.craigslist.org/view/d/rohnert-park-2010-ford-transit-connect/fkeYbKum1dHcLAq8XURmyY,12000,69000.0,rohnert pk,Ford,Transit,2010,16
2023 Mini Cooper S Convertible 16000 Miles For Sale,https://www.craigslist.org/view/d/concord-2023-mini-cooper-convertible/tdw6gwp2nKykPkYxmErzg6,19500,16000.0,east bay,Mini,Cooper,2023,3
2017 Mercedes Benz C300  4Matic Convertble 33000 Mile Excellent,https://www.craigslist.org/view/d/concord-2017-mercedes-benz-c300-4matic/9UgmHzAfsfAbxiJvvJk12q,21950,33000.0,east bay,Mercedes,C300,2017,9
"2010 Jeep Wrangler Sport 2-Door - New Engine, Lifted & Smogged",https://www.craigslist.org/view/d/milpitas-2010-jeep-wrangler-sport-door/ofN5A3VMsAeNUGpsEFGjXr,11000,35000.0,milpitas,Jeep,Wrangler,2010,16
2018 Vw Beetle S 46000 Miles Excellent Condition,https://www.craigslist.org/view/d/san-francisco-2018-vw-beetle-miles/sboMun1jfiE4KXMRDxiBGQ,11500,46000.0,east bay area,Vw,Beetle,2018,8
2014 Toyota Prius Plug In 2Nd Owner,https://www.craigslist.org/view/d/hayward-2014-toyota-prius-plug-in-2nd/8BCjjv9zGZ19kqpDqa78M1,7500,184000.0,hayward,Toyota,Prius,2014,12
2022 Vw Golf Gti Autobohn 33000 Miles Loaded For Sale -,https://www.craigslist.org/view/d/concord-2022-vw-golf-gti-autobohn-miles/8UENwPCD5eG3f2if2Qs39e,19950,33000.0,east bay area,Vw,Golf,2022,4
For Sale: 2019 Toyota Tacoma Sr5,https://www.craigslist.org/view/d/los-gatos-for-sale-2019-toyota-tacoma/pBL7dHaYQF6KmHgCNdirJh,25500,72000.0,los gatos,Toyota,Tacoma,2019,7
2014 Kia Optima Hybrid,https://www.craigslist.org/view/d/richmond-2014-kia-optima-hybrid/ca5Kkq8ngGSgxNRWReU86C,2200,200000.0,albany,Kia,Optima,2014,12
2006 Infiniti G35 Coupe Low Miles Clean Title One Owner Smog Passed,https://www.craigslist.org/view/d/los-gatos-2006-infiniti-g35-coupe-low/jvWvTEPrrMymVwHRjZA3LD,9500,70000.0,los gatos,Infiniti,G35,2006,20
2009 Toyota Highlander Limited Awd – Reliable V6 – Family Suv,https://www.craigslist.org/view/d/san-jose-2009-toyota-highlander-limited/dNgWGavRmGjSNwCMxbyTf7,9700,156000.0,san jose,Toyota,Highlander,2009,17
2005 Toyota Tundra Sr5 – Clean Title,https://www.craigslist.org/view/d/campbell-2005-toyota-tundra-sr5-clean/9kczrirzZd39kZbc9YpPb7,9300,176000.0,campbell,Toyota,Tundra,2005,21
"2015 Honda Civic Si, Clean Title, 91K Miles",https://www.craigslist.org/view/d/mountain-view-2015-honda-civic-si-clean/vSxSVzMnXKALHMUMWXKA2s,14300,91000.0,mountain view,Honda,Civic,2015,11
"2015 Kia Optima, Clean Title, 99K Miles",https://www.craigslist.org/view/d/mountain-view-2015-kia-optima-clean/p4JxLAD4hvL4LsrmY1tvg7,6850,99000.0,mountain view,Kia,Optima,2015,11
"2011 Acura Mdx Tech Package, Clean Title",https://www.craigslist.org/view/d/mountain-view-2011-acura-mdx-tech/4wrmj6CVziZfLB5pBPCWtp,10500,125000.0,mountain view,Acura,Mdx,2011,15
"2014 Lexus Rx350 Awd, Super Loaded,  Very Low 64K Miles, Prestine",https://www.craigslist.org/view/d/san-carlos-2014-lexus-rx350-awd-super/pDK2bbvT6Svq2hanX79g2q,21800,65000.0,san carlos,Lexus,Rx,2014,12
2014 Ford Explorer Police Interceptor Low Miles,https://www.craigslist.org/view/d/san-leandro-2014-ford-explorer-police/qCf8k2VopHtjrCPQk8ujrd,8800,64000.0,san leandro,Ford,Explorer,2014,12
2011 Audi A4 Quattro Premium,https://www.craigslist.org/view/d/san-leandro-2011-audi-a4-quattro-premium/2DLuo31zs4hEkxHjWxQxWk,3900,209000.0,san leandro,Audi,A4,2011,15
1987 Chevrolet Silverado 1500 All Original With Bucket Seats,https://www.craigslist.org/view/d/visalia-1987-chevrolet-silverado-1500/b2ts2Br1uTZJgWwEBAUKnm,7500,120000.0,visalia,Chevrolet,Silverado,1987,39
2015 Nissan Altima 2.5 Sv,https://www.craigslist.org/view/d/hayward-2015-nissan-altima-25-sv/rBdAH6jEbSN976Zjtk2DPq,6300,130000.0,east bay area,Nissan,Altima,2015,11
2004 Chevrolet Silverado 1500,https://www.craigslist.org/view/d/hayward-2004-chevrolet-silverado-1500/r55QirSyJsWYinsh2U8T1Y,5800,180000.0,east bay area,Chevrolet,Silverado,2004,22
2017 Kia Sorento,https://www.craigslist.org/view/d/hayward-2017-kia-sorento/trQiaU5zcfNmeJQ8uUhGZg,8700,110000.0,east bay area,Kia,Sorento,2017,9
"2004 Toyota 4Runner 4Wd Limited V8, 1-Owner, Regularly Serviced.",https://www.craigslist.org/view/d/pleasanton-2004-toyota-4runner-4wd/uU7rMsFPSQnk7uKcwfPEND,14900,176000.0,dublin,Toyota,4Runner,2004,22
2006 Nissan Frontier One Owner! Low Mileage!,https://www.craigslist.org/view/d/pleasanton-2006-nissan-frontier-one/t2o7nNZzfqUhXpgn3T3Ckt,9900,113000.0,dublin,Nissan,Frontier,2006,20
2004 Chrysler Pt Cruiser One Owner!,https://www.craigslist.org/view/d/pleasanton-2004-chrysler-pt-cruiser-one/heRPCyegdkaDaGUTnSDo5E,4900,126000.0,dublin,Chrysler,Pt Cruiser,2004,22
2012 Nissan Sentra,https://www.craigslist.org/view/d/pleasanton-2012-nissan-sentra/nDnp16cwdSV11SHDg3nnZa,4900,134000.0,dublin,Nissan,Sentra,2012,14
2007 Toyota Camry One Owner!,https://www.craigslist.org/view/d/pleasanton-2007-toyota-camry-one-owner/uNVHnf9mtw71A5qDayZr73,5900,147000.0,dublin,Toyota,Camry,2007,19
2010 Nissan Altima Sl,https://www.craigslist.org/view/d/sacramento-2010-nissan-altima-sl/1WSXh2fi74KGTTrbkPbK1R,3000,220000.0,sacramento,Nissan,Altima,2010,16
2018 Audi Q5 Premium (64000 Miles),https://www.craigslist.org/view/d/san-jose-2018-audi-q5-premium-miles/6vLzwP8ToWyQMJudU9Zcsd,16400,64000.0,san jose,Audi,Q5,2018,8
2011 Bmw 328I 3 Series Coupe,https://www.craigslist.org/view/d/scotts-valley-2011-bmw-328i-series-coupe/8P6za7b3XCbHH7q6LZSwAW,9900,82000.0,scotts valley,Bmw,328I,2011,15
"2007 Toyota Camry Hybrid Sedan, 40 Mpg Great Commuter, Clean Title",https://www.craigslist.org/view/d/san-jose-2007-toyota-camry-hybrid-sedan/p9ESQLExPS2Wc1ovRyE9aH,6800,168000.0,san jose west,Toyota,Camry,2007,19
2014 Ford Escape Se Ecoboost | 2-Owner,https://www.craigslist.org/view/d/pleasanton-2014-ford-escape-se-ecoboost/nJwYzUuBrNoHBkwvMg3Bx2,5000,146000.0,fremont,Ford,Escape,2014,12
2013 Honda Crv Ex Awd,https://www.craigslist.org/view/d/san-jose-2013-honda-crv-ex-awd/iNGBwcxQN3vxaGFPwsnbWB,10900,135000.0,saratoga,Honda,Crv,2013,13
2002 Acura Tl-With-Nav-Two Owner,https://www.craigslist.org/view/d/sacramento-2002-acura-tl-with-nav-two/vwN6He5GSWzMVAnj5GZfbG,7900,109000.0,burbank ca,Acura,Tl,2002,24
2018 Audi Sq5 3.0T Quattro Premium Plus S Line,https://www.craigslist.org/view/d/sunnyvale-2018-audi-sq5-30t-quattro/povkUnRwidTw23mddb37P5,21500,68000.0,sunnyvale,Audi,Q5,2018,8
2017 Ford Explorer Police Intercepter,https://www.craigslist.org/view/d/san-leandro-2017-ford-explorer-police/87eHizXRcZ563gsG6XTVGX,6600,125000.0,san leandro,Ford,Explorer,2017,9
2007 Honda Odyssey,https://www.craigslist.org/view/d/oakland-2007-honda-odyssey/joZU4djk5oFwW9oLemnDmM,3800,211000.0,oakland,Honda,Odyssey,2007,19
2008 Honda Pilot,https://www.craigslist.org/view/d/santa-rosa-2008-honda-pilot/kbdsE9x2SMHshcMDkGsMGc,3000,300000.0,santa rosa,Honda,Pilot,2008,18
2006 Honda Pilot Ex Sport,https://www.craigslist.org/view/d/san-jose-2006-honda-pilot-ex-sport/cpMfJ63RoCFQkA7QDbptvM,4800,183000.0,san jose,Honda,Pilot,2006,20
2007 Toyota Camry Ce 144K Miles Passed Smog,https://www.craigslist.org/view/d/san-mateo-2007-toyota-camry-ce-144k/m9qeXYnTB8g5snCTfvWtXr,4999,145000.0,san mateo,Toyota,Camry,2007,19
2008 Dodge Charger Dub Edition,https://www.craigslist.org/view/d/brentwood-2008-dodge-charger-dub-edition/ai14CKLFp7DEbpn1yyfXHN,4000,141000.0,brentwood,Dodge,Charger,2008,18
1973 Chevrolet Impala Ls Swapped 6.0 Liter On 26’!! Needs Love 🚨,https://www.craigslist.org/view/d/emeryville-1973-chevrolet-impala-ls/qCD8KeLRDupTfpSTMWoPat,8900,126000.0,east bay area,Chevrolet,Impala,1973,53
2013 Ford Focus (Smogged!),https://www.craigslist.org/view/d/concord-2013-ford-focus-smogged/uua653UHRqBXmD1Y8Rn39i,2500,135000.0,concord,Ford,Focus,2013,13
2016 Gmc Terrain,https://www.craigslist.org/view/d/hayward-2016-gmc-terrain/1KXaKNtcF5X2fbY9xhKeNX,4900,133000.0,hayward,Gmc,Terrain,2016,10
2007 Volkswagen Passat– Excellent Condition – Clean Title – Runs Great,https://www.craigslist.org/view/d/alameda-2007-volkswagen-passat/gsTXYEQtUoqC21ePuouFUf,3800,180000.0,alameda,Volkswagen,Passat,2007,19
2023 Dodge Charger Hellcat Jailbreak “Last Call”,https://www.craigslist.org/view/d/oakland-2023-dodge-charger-hellcat/q7qkjo5zAVDEGaftLmZrh4,65000,5200.0,oakland east,Dodge,Charger,2023,3
2014 Subaru Impreza 2.0I Sport Limited ( Very Low Mile  74K ) Excellen,https://www.craigslist.org/view/d/campbell-2014-subaru-impreza-20i-sport/oUVRbAGU7SeViD1S5aa71r,10700,74000.0,campbell,Subaru,Impreza,2014,12
"2019 Honda Odyssey Elite — Loaded, Well-Maintained, Silver — $[23,500]",https://www.craigslist.org/view/d/saratoga-2019-honda-odyssey-elite/555ZJwY8av8ZR6J4padouT,23500,89000.0,saratoga,Honda,Odyssey,2019,7
2005 Mercedes S500 4Matic,https://www.craigslist.org/view/d/santa-cruz-2005-mercedes-s500-4matic/aLXTaSY4FZsQKQoxYJMPaf,1200,107000.0,santa cruz,Mercedes,S500,2005,21
2012 Volkswagen Beetle 2.5L Manual 5 Speed,https://www.craigslist.org/view/d/aptos-2012-volkswagen-beetle-25l-manual/bdwtpyzNnkyNum3RAUXKTE,12000,73000.0,aptos,Volkswagen,Beetle,2012,14
2018 Honda Civic Ex 128K Miles For Sale,https://www.craigslist.org/view/d/santa-rosa-2018-honda-civic-ex-128k/rdUWx4Ykscx7kFQdcanyp4,10900,128000.0,santa rosa,Honda,Civic,2018,8
2016 Volkswagen E-Golf,https://www.craigslist.org/view/d/san-jose-2016-volkswagen-golf/cmNAfGckAN3dE8BDBfiBkc,6300,80000.0,san jose,Volkswagen,Golf,2016,10
2015 Lexus Rx350 4Wd (One Owner),https://www.craigslist.org/view/d/fremont-2015-lexus-rx350-4wd-one-owner/pBcF6SQjYTz6phzBasaL4t,12500,188000.0,fremont,Lexus,Rx,2015,11
"2009 Acura Tl Tech Pkg | New Tires, Rotors & Battery | Extra Oem Wheel",https://www.craigslist.org/view/d/union-city-2009-acura-tl-tech-pkg-new/add8FCTLwywbnBai4Qqihh,8495,188000.0,fremont,Acura,Tl,2009,17
2020 Tesla Model 3 Standard Range Plus Rwd With Fsd,https://www.craigslist.org/view/d/oakland-2020-tesla-model-standard-range/aLWee951wVDKG2jTJjJrdV,19900,92000.0,oakland piedmont,Tesla,Model 3,2020,6
2003 Toyota  Tundra V8 Truck Clean!,https://www.craigslist.org/view/d/burlingame-2003-toyota-tundra-v8-truck/s55S8QjTttMQ4jS8eJj8gV,7900,203000.0,burlingame,Toyota,Tundra,2003,23
2019 (New Engine) Ford Escape: Se Sport  (Blacked Out),https://www.craigslist.org/view/d/petaluma-2019-new-engine-ford-escape-se/15V563UXR5C3f4xrz4wknW,10900,98000.0,petaluma,Ford,Escape,2019,7
2008 Toyota Camry Le,https://www.craigslist.org/view/d/fairfield-2008-toyota-camry-le/7k8ndv8kveRYznDnk1aFBY,4500,151000.0,fairfield,Toyota,Camry,2008,18
2011 Toyota Camry Le,https://www.craigslist.org/view/d/gilroy-2011-toyota-camry-le/cME973vphaFmp85R1HxMME,7000,163000.0,gilroy,Toyota,Camry,2011,15
2008 Toyota Highlander Hybrid Limited,https://www.craigslist.org/view/d/menlo-park-2008-toyota-highlander/kcuVxgLkACsGx29VQchshb,8500,183000.0,menlo park,Toyota,Highlander,2008,18
2015 Ford F150 Platinum,https://www.craigslist.org/view/d/danville-2015-ford-f150-platinum/iHSEgZPMVC1G4taBWWz2Vp,19000,165000.0,danville,Ford,F150,2015,11
2001 Toyota Camry Le,https://www.craigslist.org/view/d/san-francisco-2001-toyota-camry-le/odacZuSWjSNidmXQgdMCxB,4900,133000.0,san francisco,Toyota,Camry,2001,25
2006 Subaru Impreza Wrx Limited Awd,https://www.craigslist.org/view/d/santa-cruz-2006-subaru-impreza-wrx/oiFhwYhXJD6e6sCNkF77hb,4500,154000.0,santa cruz,Subaru,Impreza,2006,20
2012 Volkswagen Passat Se * 1-Owner * Great Sedan,https://www.craigslist.org/view/d/vallejo-2012-volkswagen-passat-se-owner/4idKWzza8Ci7yRHPAg7bAV,4750,165000.0,vallejo,Volkswagen,Passat,2012,14
2011 Acura Mdx Sh-Awd*  * 3Rd Row Seat,https://www.craigslist.org/view/d/vallejo-2011-acura-mdx-sh-awd-3rd-row/uSnE73TbS9PipHJzweK3DP,4495,220000.0,vallejo,Acura,Mdx,2011,15
2009 Ford Focus Sel * 150K Miles * 5Spd Manual Transmission,https://www.craigslist.org/view/d/vallejo-2009-ford-focus-sel-150k-miles/i5sU1ACfxkgzLLCwCChWUK,3450,150000.0,vallejo,Ford,Focus,2009,17
2013 Bmw 535I,https://www.craigslist.org/view/d/walnut-creek-2013-bmw-535i/sYiGScW53Ab7axqm4VLvHc,11900,85000.0,walnut creek,Bmw,535I,2013,13
2009 Jeep Wrangler,https://www.craigslist.org/view/d/rohnert-park-2009-jeep-wrangler/j7bKqVLre1LtcAF73zMXCc,13600,116000.0,rohnert park,Jeep,Wrangler,2009,17
2026 Chevrolet Tahoe Z71 Sport Utility 4D,https://www.craigslist.org/view/d/mill-valley-2026-chevrolet-tahoe-z71/fASJ3m1CQRnKm2Zmt97Vue,72500,3600.0,mill valley,Chevrolet,Tahoe,2026,0
2003 Honda Cr-V Ex * 4Wd Suv Gas Saver *,https://www.craigslist.org/view/d/vallejo-2003-honda-cr-ex-4wd-suv-gas/j7LZ4b48qZGdVNcppng5CN,4495,197000.0,vallejo,Honda,Crv,2003,23
2005 Ford Escape Xlt 4Wd * Only 123K Miles * Gas Saver,https://www.craigslist.org/view/d/vallejo-2005-ford-escape-xlt-4wd-only/b9URvbAdCykrirZ1ndSDGo,3450,123000.0,vallejo,Ford,Escape,2005,21
2019 Mercedes Sprinter 2500 12-Passenger High Roof 79K V6 Turbo Diesel,https://www.craigslist.org/view/d/los-gatos-2019-mercedes-sprinter/nuVpVGzvnx6CNjoDQdHsiN,41500,79000.0,los gatos,Mercedes,Sprinter,2019,7
2011 Mazda3,https://www.craigslist.org/view/d/san-francisco-2011-mazda3/8eX7yuRp5ei7ifEak82L6z,4250,193000.0,potrero hill,Mazda,Mazda3,2011,15
2015 Toyota Camry Le Hybird Clean,https://www.craigslist.org/view/d/sacramento-2015-toyota-camry-le-hybird/3fvEFZUrm5iSxTKh3aKeJN,12800,113000.0,sacramento,Toyota,Camry,2015,11
2016 Chevrolet Colorado  Lt Duramax Diesel,https://www.craigslist.org/view/d/santa-rosa-2016-chevrolet-colorado-lt/fyTtB4eFqwVR1T2uxSKKkP,26500,80000.0,santa rosa,Chevrolet,Colorado,2016,10
1999 Honda Cr-V,https://www.craigslist.org/view/d/richmond-1999-honda-cr/2fb4ohSdWLaMQb3segnLDX,2500,205000.0,richmond,Honda,Crv,1999,27
2001 Audi Tt Convertible Quatro 6 Speed,https://www.craigslist.org/view/d/forestville-2001-audi-tt-convertible/8YhiTgS1agVn8njHW8Trq1,3750,160000.0,russian river,Audi,Tt,2001,25
2008 Honda Cr-V- Low Miles,https://www.craigslist.org/view/d/vacaville-2008-honda-cr-low-miles/jQjvcSTzuXrAUzXp83LdMp,9450,119000.0,davis,Honda,Crv,2008,18
2004 Chrysler Pt Cruiser Limited Turbo,https://www.craigslist.org/view/d/el-verano-2004-chrysler-pt-cruiser/hfpNPNQ8DStbn5YgXwiTMi,4200,125000.0,sonoma,Chrysler,Pt Cruiser,2004,22
2018 Chrysler Pacifica Touring Limited,https://www.craigslist.org/view/d/san-leandro-2018-chrysler-pacifica/fk4ATRHnfAw78LPCApiivL,8500,101000.0,san leandro,Chrysler,Pacifica,2018,8
2013 Honda Accord Coupe !!!Low Miles!!! $8500 Obo,https://www.craigslist.org/view/d/san-francisco-2013-honda-accord-coupe/o3Fq8KouV34Srg2jEjNfGT,8500,144000.0,downtown,Honda,Accord,2013,13
1965 Ford Mustang Gt,https://www.craigslist.org/view/d/milpitas-1965-ford-mustang-gt/1UquYvDcRqdP5YQz3STS1E,25000,50000.0,milpitas,Ford,Mustang,1965,61
2019 Ford Transit Connect ! One Owner ! Excellent Conditions,https://www.craigslist.org/view/d/pleasanton-2019-ford-transit-connect/cKnriTTe8TNQMUdEbHxFNE,13900,120000.0,dublin,Ford,Transit,2019,7
2013 Nissan Maxima Sv Sedan 4D,https://www.craigslist.org/view/d/fremont-2013-nissan-maxima-sv-sedan-4d/orVEazKLtb63rBNeRSGsQZ,4999,185000.0,fremont,Nissan,Maxima,2013,13
2012 Toyota Sienna • Se Premium Minivan 4D,https://www.craigslist.org/view/d/redwood-city-2012-toyota-sienna-se/fgTm2UJUu2hVm2L3CJZj1Z,12350,94000.0,redwood city,Toyota,Sienna,2012,14
"Volkswagen Jetta Se Tsi Beautiful!! 82, 575 Miles 2017 Powerful!!!",https://www.craigslist.org/view/d/san-rafael-volkswagen-jetta-se-tsi/m1nZjipumNdD7nzJrRGphW,8800,83000.0,san rafael,Volkswagen,Jetta,2017,9
2010 Nissan Rogue  – Clean Carfax  – 1 Owner – Only 90K Miles,https://www.craigslist.org/view/d/san-jose-2010-nissan-rogue-clean-carfax/ecg1iDknwgtk8WCoFPsyRE,4999,90000.0,san jose downtown,Nissan,Rogue,2010,16
2008 Bmw 528I - 170K Miles - Runs Great,https://www.craigslist.org/view/d/yountville-2008-bmw-528i-170k-miles/v4oeMMZ7iQE6Y4cLGELLwA,3100,170000.0,napa county,Bmw,528I,2008,18
2015 Gmc Sierra 1500 4X4,https://www.craigslist.org/view/d/novato-2015-gmc-sierra-x4/4g38tg2QsymEmAuXkLjxvA,16000,126000.0,novato,Gmc,Sierra,2015,11
2004 Subaru Outback,https://www.craigslist.org/view/d/santa-cruz-2004-subaru-outback/okyip1rrkXXbCZXGjYTeov,3500,166000.0,santa cruz,Subaru,Outback,2004,22
2022 Mazda 3 Preferred Hatchback Automatic 52K Miles Mazda3,https://www.craigslist.org/view/d/san-jose-2022-mazda-preferred-hatchback/1CbatoF3MYJk4hFyxpd4Wh,18500,52000.0,san jose south,Mazda,Mazda3,2022,4
2016 Tesla Model X P90D,https://www.craigslist.org/view/d/walnut-creek-2016-tesla-model-p90d/rLdjfNUP5gYUQqf1zwu4QE,22500,117000.0,walnut creek,Tesla,Model X,2016,10
2003 Mitsubishi Lancer Oz Rally,https://www.craigslist.org/view/d/san-jose-2003-mitsubishi-lancer-oz-rally/s31fzEVS7RAMZSVmxEGzqc,2000,216000.0,san jose west,Mitsubishi,Lancer,2003,23
2018 Chevrolet Tahoe 4X4 - Low Mileage,https://www.craigslist.org/view/d/sunnyvale-2018-chevrolet-tahoe-4x4-low/2JWE2WSx6D8ijPAaTBZArH,14700,129000.0,sunnyvale,Chevrolet,Tahoe,2018,8
2013 Toyota Prius,https://www.craigslist.org/view/d/san-rafael-2013-toyota-prius/ecDRJjFa3S68DG2Ud8Suxk,4500,239000.0,san rafael,Toyota,Prius,2013,13
"2006  Lexus Rx 400 Hybrid, Excellent Condition",https://www.craigslist.org/view/d/san-jose-2006-lexus-rx-400-hybrid/bWJcbLG6kuE1sidzEFr1So,6700,157000.0,san jose west,Lexus,Rx,2006,20
2010 Acura Mdx,https://www.craigslist.org/view/d/pleasanton-2010-acura-mdx/mu4VboCnRkx1xYpw4ZF8Je,7000,123000.0,dublin,Acura,Mdx,2010,16
2015 Bmw X3 Xdrive28I (Clean Title/ Excellent Condition),https://www.craigslist.org/view/d/newark-2015-bmw-x3-xdrive28i-clean/nCsAhxdF8AbDLLKwpJX8sf,9988,81000.0,fremont,Bmw,X3,2015,11
2005 Lexus Rx330 Sport Utility 4D,https://www.craigslist.org/view/d/fremont-2005-lexus-rx330-sport-utility/pUZnTghquZLGbSCzhKrTjA,5500,164000.0,fremont,Lexus,Rx,2005,21
2011 Honda Pilot Exl 4Wd * 3Rd Row Seats * Back Up Camera,https://www.craigslist.org/view/d/vallejo-2011-honda-pilot-exl-4wd-3rd/j8tz9BpTifPgfGSUxnTQ6x,4750,215000.0,vallejo,Honda,Pilot,2011,15
2009 Audi A5 Quattro Coupe Awd * Excellent Condition * 140K Miles *,https://www.craigslist.org/view/d/vallejo-2009-audi-a5-quattro-coupe-awd/wkZQact4dT5Xt6Qo4WbYhi,5450,140000.0,vallejo,Audi,Tt,2009,17
"2006 Toyota Corolla S (Clean Title, 143K Miles)",https://www.craigslist.org/view/d/oakland-2006-toyota-corolla-clean-title/qFfgMjEkRo5Up45nxKzX52,3500,143000.0,oakland downtown,Toyota,Corolla,2006,20
1995 Cadillac Deville 4Dr.,https://www.craigslist.org/view/d/los-gatos-1995-cadillac-deville-4dr/fEZ5i8GPUdHKuHL7VE8MsX,1750,96000.0,hollister,Cadillac,Deville,1995,31
2023 Mini Cooper Electric,https://www.craigslist.org/view/d/oakland-2023-mini-cooper-electric/x4RvLYpdkpL47td1jeRq9w,20000,27000.0,oakland lake merritt,Mini,Cooper,2023,3
2014 Honda Pilot 3.5L V6 Super Clean,https://www.craigslist.org/view/d/martinez-2014-honda-pilot-35l-v6-super/wd4kXd4UJAhCv6nxnxU7Ax,15900,52000.0,concord,Honda,Pilot,2014,12
2015 Cadillac Srx Awd,https://www.craigslist.org/view/d/concord-2015-cadillac-srx-awd/uqqxukrkVYiWYKHTjCghpZ,4450,154000.0,concord,Cadillac,Srx,2015,11
2013 Subaru Outback Winter Package All Service Was Done,https://www.craigslist.org/view/d/daly-city-2013-subaru-outback-winter/rRCAj7ARQeRyLSRmCDQiUo,6200,155000.0,inner sunset,Subaru,Outback,2013,13
2011 Audi A4 2.0 Sedan Only 133K Miles New Smog,https://www.craigslist.org/view/d/san-jose-2011-audi-a4-20-sedan-only/dhhuVFgtZbF62vUY8BSJyp,3900,133000.0,san jose south,Audi,A4,2011,15
2016 Nissan Murano Hybrid Platinum Awd,https://www.craigslist.org/view/d/san-jose-2016-nissan-murano-hybrid/fV6oZ3JXHYthJGBbu7LMGU,10900,125000.0,campbell,Nissan,Murano,2016,10
2013 Toyota Camry Le,https://www.craigslist.org/view/d/san-jose-2013-toyota-camry-le/pAVfodQwFH2R5BoUYdqJvz,10900,122000.0,campbell,Toyota,Camry,2013,13
"2020 Acura Rdx Sh-Awd With 54,000 Miles",https://www.craigslist.org/view/d/santa-clara-2020-acura-rdx-sh-awd-with/g24WocRTSMuvARzusmbh6i,28889,54000.0,santa clara,Acura,Rdx,2020,6
2014 Honda Accord,https://www.craigslist.org/view/d/palo-alto-2014-honda-accord/wGaKQJteZ8mnG44DRh4rK7,13200,88000.0,palo alto,Honda,Accord,2014,12
2007 Toyota Tacoma Prerunner,https://www.craigslist.org/view/d/fairfield-2007-toyota-tacoma-prerunner/f2ESuEYx6H7AvY6tHMY4zj,12000,224000.0,fairfield,Toyota,Tacoma,2007,19
"2009 Honda Civic Ex - 93K Miles, 1 Owner",https://www.craigslist.org/view/d/santa-clara-2009-honda-civic-ex-93k/dJhAu1uDBvVCW1qULfGZjZ,9400,93000.0,santa clara,Honda,Civic,2009,17
2014 Acura Mdx Sh-Awd W/Tech * Leather * Sunroof * Excellent Suv,https://www.craigslist.org/view/d/vallejo-2014-acura-mdx-sh-awd-tech/mQ7dckYz5PzzJBcLHMWv1S,6450,195000.0,vallejo,Acura,Mdx,2014,12
2004 Subaru Forester Xs Awd Wagon * Leather Sunroof * Good Wagon,https://www.craigslist.org/view/d/vallejo-2004-subaru-forester-xs-awd/vSg9wfaEJsXSUAmF7VHcDL,2950,190000.0,vallejo,Subaru,Forester,2004,22
2011 Toyota Prius – Clean Title – 158K Miles – Excellent Conditions,https://www.craigslist.org/view/d/mountain-view-2011-toyota-prius-clean/so22nwBd1VkVfzRzd81cVQ,7800,158000.0,mountain view,Toyota,Prius,2011,15
2003 Honda Odyssey Ex-L * 3Rd Row Seat * Dvd Player,https://www.craigslist.org/view/d/vallejo-2003-honda-odyssey-ex-3rd-row/3J3147EPtA4KBTgGXdVX4G,2950,190000.0,vallejo,Honda,Odyssey,2003,23
2013 Mercedes Ml350 V6 Loaded With Features!,https://www.craigslist.org/view/d/san-jose-2013-mercedes-ml350-v6-loaded/mKdq5y8f45qZ9VMUXkbEWN,9800,125000.0,san jose,Mercedes,Ml350,2013,13
2002 Ford F-250Xlt With 7.3L 8-Cylinder Turbo Diesel Engine,https://www.craigslist.org/view/d/mill-valley-2002-ford-250xlt-with-73l/gyLXpy8ceEbNL4vREw4rtw,10000,195000.0,mill valley,Ford,F250,2002,24
"2000 Toyota Tundra Sr5 4X2 – 86,000 Original Miles",https://www.craigslist.org/view/d/hayward-2000-toyota-tundra-sr5-4x/sR6JtC5gVLxctb4ZHtkrxD,14500,86000.0,hayward,Toyota,Tundra,2000,26
2007 Jeep Grand Cherokee 4X4 Overland,https://www.craigslist.org/view/d/mountain-view-2007-jeep-grand-cherokee/wVgGq6RgWCaCCaxKWu7Rvw,4400,146000.0,mountain view,Jeep,Grand Cherokee,2007,19
2001 Chevrolet Corvette -5.7L V8- 1 Owner Clean Title & Carfax,https://www.craigslist.org/view/d/belmont-2001-chevrolet-corvette-57l-v8/wTk2gBPmAYipshhpjqQ3Bo,15000,84000.0,twain harte or sf bay area,Chevrolet,Corvette,2001,25
2005 Honda Odyssey,https://www.craigslist.org/view/d/hayward-2005-honda-odyssey/cvWUUaLFyE9ELRQWvGEpDV,3750,220000.0,hayward,Honda,Odyssey,2005,21
Porsche Boxster 2002 Stickshift,https://www.craigslist.org/view/d/daly-city-porsche-boxster-2002/3Pa86qScWuHcvqjjNrRveg,8000,159000.0,daly city,Porsche,Boxster,2002,24
"2016 Bmw M4 Gts - Low Miles, Clean Title, Full Ppf!! Price Reduced!",https://www.craigslist.org/view/d/cupertino-2016-bmw-m4-gts-low-miles/5KhzNJKJ9SNh9qmfgPU6o9,94999,7700.0,cupertino,Bmw,M4,2016,10
2009 Toyota Tacoma Super Clean 4X4,https://www.craigslist.org/view/d/lafayette-2009-toyota-tacoma-super/vtPwohCNzLnPCujxufN1KE,23800,53000.0,lafayette,Toyota,Tacoma,2009,17
2014 Ford Escape,https://www.craigslist.org/view/d/antioch-2014-ford-escape/aYdjUGLqvXcBCKD68WWmC2,2500,190000.0,antioch,Ford,Escape,2014,12
"2007 Bmw 328Xi 132,327Miles Xdrive Awd 328I Cleantitle 4X4",https://www.craigslist.org/view/d/san-francisco-2007-bmw-328xi-miles/7C92uryqJeJTp9gSGLBG3e,4300,132000.0,twin peaks,Bmw,328I,2007,19
🔥 2006 Toyota 4Runner Sport Edition 4X4 — Extra Clean 🔥,https://www.craigslist.org/view/d/san-jose-toyota-4runner-sport-edition/n2nrCqNYESjiuGnF8scCTq,13995,184000.0,san jose north,Toyota,4Runner,2006,20
2005 Honda Crv,https://www.craigslist.org/view/d/san-francisco-2005-honda-crv/wTS2pVtYMo6BArPQ15oaWq,3900,187000.0,san francisco,Honda,Crv,2005,21
Mechanic Special/1985 Jeep Grand Cherokee,https://www.craigslist.org/view/d/sebastopol-mechanic-special-1985-jeep/r1Zn8Q8BiMQmXdtSX3db8V,1200,165000.0,santa rosa,Jeep,Grand Cherokee,1985,41
2015 Bmw 328I,https://www.craigslist.org/view/d/los-gatos-2015-bmw-328i/isBCE73rU21RifLn79PMWV,13000,91000.0,los gatos,Bmw,328I,2015,11
2015 Mercedes Ml350 4Matic W/58K Miles !!! Very Loaded,https://www.craigslist.org/view/d/union-city-2015-mercedes-ml350-4matic/1u7SNJBzSbtq6dCVTgD6rZ,18000,58000.0,fremont,Mercedes,Ml350,2015,11
2009 Toyota Sienna Xle- Clean Title (177K Miles),https://www.craigslist.org/view/d/soquel-2009-toyota-sienna-xle-clean/fUWb8AmfhmB7BsLEdHf95E,5800,178000.0,soquel,Toyota,Sienna,2009,17
Ford Truck F350 Sd 4X4 2008,https://www.craigslist.org/view/d/santa-rosa-ford-truck-f350-sd-4x4-2008/9UuQYuhj2aRykhUnvjwrR2,16000,133000.0,sonoma,Ford,F350,2008,18
Gmc 2009 Acadia,https://www.craigslist.org/view/d/fremont-gmc-2009-acadia/rrzJUDPf6wCw9SmFPbx6NQ,3900,106000.0,fremont,Gmc,Acadia,2009,17
2016 Ford F250 Xl 120K Miles,https://www.craigslist.org/view/d/concord-2016-ford-f250-xl-120k-miles/sQkhtP2pz4iGsHMTqd3qPy,11900,120000.0,concord,Ford,F250,2016,10
2008 Ford Edge Sel * Only 155K Miles * Nice Suv,https://www.craigslist.org/view/d/vallejo-2008-ford-edge-sel-only-155k/kU5VHNP8jwdQUEj2UMhHpe,3450,155000.0,vallejo,Ford,Edge,2008,18
2013 Mazda Cx-5 Touring Awd Exellent Condition,https://www.craigslist.org/view/d/san-jose-2013-mazda-cx-touring-awd/aKsacUgSYjmHzcC6fdFGYn,6500,177000.0,willow glen,Mazda,Cx5,2013,13
2007 Lexus Ls460 Luxury Sedan,https://www.craigslist.org/view/d/vallejo-2007-lexus-ls460-luxury-sedan/tZ9HCVuJ9Hc5auPunY379L,3750,270000.0,vallejo,Lexus,Ls,2007,19
2008 Lexus Is250 Sports Sedan * Backup Camera * Navigation,https://www.craigslist.org/view/d/vallejo-2008-lexus-is250-sports-sedan/jzqn3aGhfqjUEfFn9jDtpf,3950,190000.0,vallejo,Lexus,Is,2008,18
2009 Vw Jetta Tdi Diesel Clean Car Runs But Needs Work,https://www.craigslist.org/view/d/hayward-2009-vw-jetta-tdi-diesel-clean/6jNunYGZGduRBkgJRJU6EF,1500,190000.0,hayward,Vw,Jetta,2009,17
2007 Lexus Is250 Sedan * Nice Car,https://www.craigslist.org/view/d/vallejo-2007-lexus-is250-sedan-nice-car/6n5Vrs1Wr7sF99c2FfdCfN,3950,227000.0,vallejo,Lexus,Is,2007,19
2006 Chrysler 300 Touring * Sedan,https://www.craigslist.org/view/d/vallejo-2006-chrysler-300-touring-sedan/4uLwB371NzgvpwM72cGYv4,2250,155000.0,vallejo,Chrysler,300,2006,20
2008 Subaru Impreza Wrx Very Clean 125K Miles New Clutch,https://www.craigslist.org/view/d/hayward-2008-subaru-impreza-wrx-very/t3TEtvcVSeieXZ4zVUGjhA,5000,125000.0,hayward,Subaru,Impreza,2008,18
1999 Subaru Forester 101K Miles $3500 Obo,https://www.craigslist.org/view/d/fremont-1999-subaru-forester-101k-miles/mxHusi3aQ6rbYcXKvnxDLm,3500,101000.0,fremont,Subaru,Forester,1999,27
2012 Ford E350 Cutaway Paratransit Shuttle Bus * 5.4L V8,https://www.craigslist.org/view/d/vallejo-2012-ford-e350-cutaway/g3ho2cjW6e7XqMU7mdRjWi,7950,225000.0,vallejo,Ford,Transit,2012,14
2008 Subaru Legacy Gt 134K Miles Motor Runs Smooth,https://www.craigslist.org/view/d/hayward-2008-subaru-legacy-gt-134k/gZcHi4RckVhvoKgbvdTxox,1500,134000.0,hayward,Subaru,Legacy,2008,18
2010 Toyota Camry Le * Gas Saver,https://www.craigslist.org/view/d/vallejo-2010-toyota-camry-le-gas-saver/dpHf8cA1RURz343E1ttzX6,4250,228000.0,vallejo,Toyota,Camry,2010,16
2012 Toyota Sienna Le,https://www.craigslist.org/view/d/fairfax-2012-toyota-sienna-le/awyGK8tfzkj7xs4cDr99q5,8200,125000.0,fairfax,Toyota,Sienna,2012,14
2011 Mercedes Glk350 Shiny And Clean,https://www.craigslist.org/view/d/gilroy-2011-mercedes-glk350-shiny-and/bWqh7RRKKg5jh6ggZNKeGR,6500,138000.0,gilroy,Mercedes,Glk350,2011,15
2016 Hyundai Accent,https://www.craigslist.org/view/d/san-leandro-2016-hyundai-accent/bQzAgXHWCwiCVox9nM8bzu,4300,174000.0,san leandro,Hyundai,Accent,2016,10
"2009 Porsche 911 Carerra S Convertible,One Family Owned, Rare Color",https://www.craigslist.org/view/d/pleasanton-2009-porsche-911-carerra/eGv8nMWLVgKobfG3UwtmMX,48900,91000.0,dublin,Porsche,911,2009,17
"2014 Hyundai Sonata Limited 2.0T-Moonroof, Leather",https://www.craigslist.org/view/d/san-francisco-2014-hyundai-sonata/9R5zMxcFDDpXBPBWXhqpAG,6900,101000.0,soma,Hyundai,Sonata,2014,12
2007 Toyota Camry Xle * Sunroof  * Leather,https://www.craigslist.org/view/d/vallejo-2007-toyota-camry-xle-sunroof/2mk7VKbnKQM4JrWfz74acs,4750,209000.0,vallejo,Toyota,Camry,2007,19
2003 Ford Ranger Manual Transmission 4X4,https://www.craigslist.org/view/d/rohnert-park-2003-ford-ranger-manual/nFMAG4makeDx78Vz8eViLi,11900,145000.0,rohnert pk,Ford,Ranger,2003,23
2004 Mercedes Benz Ml350 * Awd Suv,https://www.craigslist.org/view/d/vallejo-2004-mercedes-benz-ml350-awd-suv/6qkTTHHM7AL1fuTS35f4sW,2450,178000.0,vallejo,Mercedes,Ml350,2004,22
2013 Toyota Tacoma V6 4Wd,https://www.craigslist.org/view/d/vallejo-2013-toyota-tacoma-v6-4wd/odXQiUv1YsEbmcA8t51ePj,13500,230000.0,vallejo,Toyota,Tacoma,2013,13
Honda Cr-V Exl  2007,https://www.craigslist.org/view/d/vacaville-honda-cr-exl-2007/2a97xWJdR1sxXM1JKYbi8T,7900,98000.0,fairfield,Honda,Crv,2007,19
Bmw 335I Twin-Turbo Convertible 2009,https://www.craigslist.org/view/d/san-jose-bmw-335i-twin-turbo/8na8ZYHZfAL7CNqAZuWA1J,9900,88000.0,san jose east,Bmw,335I,2009,17
2020 Awd Dodge Charger Pursuit / Police 5.7L V8 Hemi (Same As Rt),https://www.craigslist.org/view/d/san-jose-2020-awd-dodge-charger-pursuit/7ebbTZbcgePvV5D6qoGwrB,13000,102000.0,san jose west,Dodge,Charger,2020,6
1999 Subaru Impreza Outback Wagon * Awd * Rare Find,https://www.craigslist.org/view/d/vallejo-1999-subaru-impreza-outback/nEJJSkDYAQDANjg5P5oDYW,2950,190000.0,vallejo,Subaru,Outback,1999,27
2014 Ford F150 Fx4 Clean Title 4Wd,https://www.craigslist.org/view/d/daly-city-2014-ford-f150-fx4-clean/wmsN1oyjEsQH6AV9uvSrcp,17900,52000.0,daly city,Ford,F150,2014,12
2004 Acura Mdx Mechanic Special,https://www.craigslist.org/view/d/santa-rosa-2004-acura-mdx-mechanic/piftxeNbBAznTT53JjpWin,1000,259000.0,santa rosa,Acura,Mdx,2004,22
2016 Kia Optima Lx Turbo,https://www.craigslist.org/view/d/vallejo-2016-kia-optima-lx-turbo/8Vd4hKxFP2nvnZ6ZeHyyUs,3450,230000.0,vallejo,Kia,Optima,2016,10
"Selling Gas Not Hybrid 2019 Lexus Ux 200 16,500 Miles, Like New Condition",https://www.craigslist.org/view/d/san-jose-selling-gas-not-hybrid-2019/6P4fb6RNbFkVbo1Q2Sc2a5,27000,17000.0,san jose south,Lexus,Es,2019,7
2015 Honda Odyssey · Ex-L Minivan 4D,https://www.craigslist.org/view/d/concord-2015-honda-odyssey-ex-minivan-4d/fr6tsQTbDHn4BgYuzRaNjY,10600,164000.0,walnut creek,Honda,Odyssey,2015,11
2002 Honda Odyssey Ex-L * 164K Miles * 7 Passengers,https://www.craigslist.org/view/d/vallejo-2002-honda-odyssey-ex-164k/8naP6R1Zzf7mspJPKSdVWq,3250,164000.0,vallejo,Honda,Odyssey,2002,24
2018 Toyota Corolla Le,https://www.craigslist.org/view/d/santa-clara-2018-toyota-corolla-le/tcKR81xhd5GVJQ9CPt3wJW,13500,82000.0,santa clara,Toyota,Corolla,2018,8
1994 Ford Explorer Xlt,https://www.craigslist.org/view/d/vallejo-1994-ford-explorer-xlt/tMdSRWR9gXiguNjktdXcZo,1795,250000.0,vallejo,Ford,Explorer,1994,32
2011 Bmw 328I 3 Series,https://www.craigslist.org/view/d/mount-hermon-2011-bmw-328i-series/monW4ePXcrnMtnVH4aHaVP,7999,113000.0,scotts valley,Bmw,328I,2011,15
2002 Lexus Rx 300 Pearl White All-Wheel-Drive,https://www.craigslist.org/view/d/alameda-2002-lexus-rx-300-pearl-white/cPXASB8kosGXSQhxLmYxsi,3180,172000.0,east bay area,Lexus,Rx,2002,24
"2024 Ford F150 Hybrid 4 X 4 Only 21,000 Miles",https://www.craigslist.org/view/d/san-francisco-2024-ford-f150-hybrid-x/gJRhFACZ8S66HAUD2ECdkF,34750,21000.0,soma,Ford,F150,2024,2
2022 Audi Q5 Sportback S Line 45 Tfsi Quattro - Premium Plus,https://www.craigslist.org/view/d/napa-2022-audi-q5-sportback-line-45/1uzXttv52XBumdPovURhLX,38500,11000.0,napa county,Audi,Q5,2022,4
2011 Toyota Sienna Xle – One Owner – 122K Miles – Excellent Condition,https://www.craigslist.org/view/d/cupertino-2011-toyota-sienna-xle-one/7b9rPnSxZRzsf7JUrf8BTA,11200,122000.0,cupertino,Toyota,Sienna,2011,15
2022 Chevrolet Silverado Crew Cab Trail Boss Z71 4X4 Custom 5.3L V8,https://www.craigslist.org/view/d/san-francisco-2022-chevrolet-silverado/wh2bsaCP1Yj2TQAZUGieQ4,27995,60000.0,sfbay,Chevrolet,Silverado,2022,4
2016 Porsche Cayman,https://www.craigslist.org/view/d/monterey-2016-porsche-cayman/mvWnKbiRKhzn8mMLUVPVoL,42300,41000.0,monterey,Porsche,Cayman,2016,10
2001 Subaru Outback Wagon,https://www.craigslist.org/view/d/santa-cruz-2001-subaru-outback-wagon/4J6wNUJfb6DJMVpC2zWPgt,2500,192000.0,santa cruz,Subaru,Outback,2001,25
2016 Ford Fusion Hybrid 31000 Miles Only,https://www.craigslist.org/view/d/santa-clara-2016-ford-fusion-hybrid/rYNz9g9vcEuyk9f6javMow,16800,31000.0,santa clara,Ford,Fusion,2016,10
2007 Toyota Yaris Clean Carfax  Low Miles Gas Saver!,https://www.craigslist.org/view/d/vacaville-2007-toyota-yaris-clean/uP7iJ5MaiiUrEL2ZZ4BXJc,8000,88000.0,fairfield,Toyota,Yaris,2007,19
2003 Honda Civic Ex Coupe Low Miles Gas Saver!,https://www.craigslist.org/view/d/fairfield-2003-honda-civic-ex-coupe-low/5VxQthEubrLbPFbChYbDhW,6000,133000.0,fairfield,Honda,Civic,2003,23
2015 Jeep Wrangler Unlimited Sahara,https://www.craigslist.org/view/d/sunnyvale-2015-jeep-wrangler-unlimited/dB5HMjib5m2nieZ6BvDWR1,12000,115000.0,sunnyvale,Jeep,Wrangler,2015,11
1968 Chevrolet Camaro Z28 Restomod Cars And Bids,https://www.craigslist.org/view/d/sunnyvale-1968-chevrolet-camaro-z28/m6tbkjLLSCGqQZ2kfVCY52,25000,4082.0,sunnyvale,Chevrolet,Camaro,1968,58
2014 Mercedes Benz E350 4Matic,https://www.craigslist.org/view/d/san-francisco-2014-mercedes-benz-e350/jfE8589WiJhFuxuoTxV5DJ,10800,108000.0,inner sunset,Mercedes,E350,2014,12
2014 Honda Accord Lx Gas Saver!!,https://www.craigslist.org/view/d/fairfield-2014-honda-accord-lx-gas-saver/2B6UMy1G9wNe5ALh4JP2rh,8000,179000.0,fairfield,Honda,Accord,2014,12
2009 Toyota Prius Touring!,https://www.craigslist.org/view/d/fairfield-2009-toyota-prius-touring/cVtkJvJcobvP8V3esgGVys,6500,179000.0,fairfield,Toyota,Prius,2009,17
1998 Toyota Tacoma,https://www.craigslist.org/view/d/windsor-1998-toyota-tacoma/sBQNM3t7ipd7FHJsngwS8i,7900,170000.0,healdsburg,Toyota,Tacoma,1998,28
"2001 Toyota Camry Le. 200K, Néw Smog. All Power Opts. Clean. 29 Mpg.",https://www.craigslist.org/view/d/san-jose-2001-toyota-camry-le-200k-nw/6uaM4ZGkJ9YQ26UkiMz6rA,3250,200000.0,san jose south,Toyota,Camry,2001,25
2007 Jeep Wrangler Unlimited,https://www.craigslist.org/view/d/san-mateo-2007-jeep-wrangler-unlimited/32LKj7XDBzwYTDAm1xnXep,6500,164000.0,san mateo,Jeep,Wrangler,2007,19
2000 Toyota Tundra Sr5,https://www.craigslist.org/view/d/santa-rosa-2000-toyota-tundra-sr5/rNoVkyEgLtxZfzpPTcJ8f3,4400,276000.0,santa rosa,Toyota,Tundra,2000,26
2017 Nissan Rogue,https://www.craigslist.org/view/d/san-jose-2017-nissan-rogue/m95MUdJHCFCLnf57tN36j2,9400,86000.0,santa clara,Nissan,Rogue,2017,9
Nissan Leaf Ev 2012,https://www.craigslist.org/view/d/fremont-nissan-leaf-ev-2012/ggQubNvC3Kgb6XPBwTs9mb,1700,85000.0,fremont,Nissan,Leaf,2012,14
2001 Nissan Frontier S/C Supercharged Crew Crab 4Doors,https://www.craigslist.org/view/d/dublin-2001-nissan-frontier-c/62Lm3nPkNJegraktkrLypu,5500,158000.0,dublin,Nissan,Frontier,2001,25
2012 Hyundai Sonata Sedan (2.4L 4-Cyl),https://www.craigslist.org/view/d/palo-alto-2012-hyundai-sonata-sedan-24l/nzFFiuYDFFKZoRCvjCvyCH,3900,154000.0,palo alto,Hyundai,Sonata,2012,14
2000 Ford F-250,https://www.craigslist.org/view/d/san-jose-2000-ford-250/gsqCf8tCgfUxt96Dt2FFfw,9000,205000.0,san jose,Ford,F250,2000,26
2018 Ford Transit Connect Xl,https://www.craigslist.org/view/d/cupertino-2018-ford-transit-connect-xl/jrNC9G3TNNY8VtbLzsRN87,9500,166000.0,san jose west,Ford,Transit,2018,8
2015 Jeep Wrangler Unlimited Rubicon,https://www.craigslist.org/view/d/fremont-2015-jeep-wrangler-unlimited/49NXwofnQqRy1zvvfwmgcJ,13850,169000.0,fremont,Jeep,Wrangler,2015,11
2009 Hyundai Sonata Gls Sedan 4D,https://www.craigslist.org/view/d/fremont-2009-hyundai-sonata-gls-sedan-4d/ksLBK3fkudDCGzNTShtVW8,4500,141000.0,fremont,Hyundai,Sonata,2009,17
2013 Mini Cooper S Convertible,https://www.craigslist.org/view/d/concord-2013-mini-cooper-convertible/3XQ2Eu9Dv7R9kJcqLvupXu,7000,120000.0,concord,Mini,Cooper,2013,13
2005 Dodge Grand Caravan - Camper Setup,https://www.craigslist.org/view/d/oakland-2005-dodge-grand-caravan-camper/qRgoaYnGutG4xJs6QnYG17,3500,126000.0,oakland,Dodge,Grand Caravan,2005,21
"2015 Audi A4, One Owner Excellent Condition",https://www.craigslist.org/view/d/fremont-2015-audi-a4-one-owner/fFacpHR7m7xPbDbQZeVsg5,9000,116000.0,fremont,Audi,A4,2015,11
Honda Pilot Awd 2017,https://www.craigslist.org/view/d/belmont-honda-pilot-awd-2017/3X2JChrKp5eNgDoc9GtW4h,23500,48000.0,belmont,Honda,Pilot,2017,9
"2013 Vw Golf, 4 Door, Excellent Condition 91,000 Miles",https://www.craigslist.org/view/d/oakland-2013-vw-golf-door-excellent/pbtWKZ62BeWCnPMawjSnPJ,6750,91000.0,oakland hills,Vw,Golf,2013,13
2016 Toyota Camry Le Sedan 4D,https://www.craigslist.org/view/d/mountain-view-2016-toyota-camry-le/o7TC4mW469NGN74pCgMuYU,11999,124000.0,mountain view,Toyota,Camry,2016,10
2016 Ford F350 Super Duty Lariat Fx4 Off Road 6.7L Diesel,https://www.craigslist.org/view/d/campbell-2016-ford-f350-super-duty/beV9m4g5PLMsk2Ssq1oG5Y,38700,51000.0,campbell,Ford,F350,2016,10
1962 Chrysler 300H Letter Car Rare And 62 Newport Convertible,https://www.craigslist.org/view/d/san-francisco-1962-chrysler-300h-letter/6ighg6EzQptjRb3hVhXexV,10000,11000.0,bayview,Chrysler,300,1962,64
"2003 Toyota Camry Le – $4,500 Obo",https://www.craigslist.org/view/d/pittsburg-2003-toyota-camry-le-obo/g7rx4zz4jSEPTxmhwtQojH,4500,125000.0,pittsburg,Toyota,Camry,2003,23
2006 Lexus Rx 400H,https://www.craigslist.org/view/d/hercules-2006-lexus-rx-400h/f98DkDX2GVyfsqswuR41Wj,3500,252000.0,"hercules, pinole, san pablo, el sob",Lexus,Rx,2006,20
2018 Ford Fusion Hybrid,https://www.craigslist.org/view/d/santa-clara-2018-ford-fusion-hybrid/gUEYP2TNYJnS4V3rQvt76J,7900,160000.0,santa clara,Ford,Fusion,2018,8
2012 Nissan Altima,https://www.craigslist.org/view/d/san-jose-2012-nissan-altima/sK2Po81Wrgr14ka4bZmiXn,3800,180000.0,san jose north,Nissan,Altima,2012,14
2006 Subaru Impreza Wrx Limited Awd,https://www.craigslist.org/view/d/santa-cruz-2006-subaru-impreza-wrx/7bXkVp899bv4FfSiztr5Yd,4500,154000.0,santa cruz,Subaru,Impreza,2006,20
2015 Toyota Corolla Le Eco,https://www.craigslist.org/view/d/pittsburg-2015-toyota-corolla-le-eco/dxsoKh5KCRrQr1HkCwYYAy,7800,174000.0,concord,Toyota,Corolla,2015,11
2015 Ford F-150 Xlt Crew Cab,https://www.craigslist.org/view/d/sunnyvale-2015-ford-150-xlt-crew-cab/ciAaGLndwUSsbDQ6QFQzq4,12500,210000.0,south bay area,Ford,F150,2015,11
2007 Nissan Altima Smog 190K Miles,https://www.craigslist.org/view/d/oakland-2007-nissan-altima-smog-190k/idQAfgpLqocztp3iQzjUz8,1300,190000.0,berkeley,Nissan,Altima,2007,19
Toyota Highlander 2007 Awd,https://www.craigslist.org/view/d/san-mateo-toyota-highlander-2007-awd/4EbQG3MtUGeQLHsVMUeaGp,5500,168000.0,foster city,Toyota,Highlander,2007,19
"2017 Lexus Nx 200T – Good Condition – $21,000",https://www.craigslist.org/view/d/san-francisco-2017-lexus-nx-200t-good/xzdAV6tjxeWPgDdr19Zzec,21000,87000.0,san francisco,Lexus,Nx,2017,9
Toyota Camry Hybrid 2010,https://www.craigslist.org/view/d/daly-city-toyota-camry-hybrid-2010/kkbWpQtnwhVWW5xJpsB7xu,3700,251000.0,daly city,Toyota,Camry,2010,16
2003 Toyota Corolla S,https://www.craigslist.org/view/d/montara-2003-toyota-corolla/s4YvJnuoptHSCE6aBHSF6R,5000,176000.0,montara,Toyota,Corolla,2003,23
🚗🚗🚙🚙2012 Honda Fit Sport  Gas Saver No Mechanical Problems,https://www.craigslist.org/view/d/san-mateo-2012-honda-fit-sport-gas/uNcr7WMvcerU3bsADg53rp,3700,170000.0,san mateo foster city,Honda,Fit,2012,14
"2009 Toyota Camry Le, 156K Miles",https://www.craigslist.org/view/d/san-jose-2009-toyota-camry-le-156k-miles/i5cBJdBFdpRB4aVbZjgMEx,5100,156000.0,san jose south,Toyota,Camry,2009,17
2012 Lexus Gx 460 Premium Pkg,https://www.craigslist.org/view/d/santa-clara-2012-lexus-gx-460-premium/5D1NJcYLAsGKgoGQJ9rBk2,18200,136000.0,south bay area,Lexus,Gx,2012,14
2013 Toyota Sienna Le “1 Original Owner Low Miles”,https://www.craigslist.org/view/d/berkeley-2013-toyota-sienna-le-original/j1XzZa6Nq9c8P4Bohc59su,14000,100000.0,berkeley,Toyota,Sienna,2013,13
2007 Acura Mdx Sports And Entertainment Package,https://www.craigslist.org/view/d/san-leandro-2007-acura-mdx-sports-and/5cop52D96Hri8yAr3JTtwH,5500,207000.0,san leandro,Acura,Mdx,2007,19
"2002 Toyota Camry Solara Convertible A/T, A/C, 165K Miles,  Exc. Cond.",https://www.craigslist.org/view/d/burlingame-2002-toyota-camry-solara/sR8mVvfvgWhxVLpBWwtdNr,4800,165000.0,burlingame,Toyota,Camry,2002,24
2003 Jeep Wrangler Rubicon Tj,https://www.craigslist.org/view/d/sunnyvale-2003-jeep-wrangler-rubicon-tj/pLQPZnMmb38dNFrp3BvEmV,11000,101000.0,sunnyvale,Jeep,Wrangler,2003,23
2013 Toyota Sienna,https://www.craigslist.org/view/d/san-jose-2013-toyota-sienna/1nkYa8P5bvvopgAEj1Gp7t,14000,100000.0,san jose downtown,Toyota,Sienna,2013,13
2006 Porsche Cayenne S Titanium,https://www.craigslist.org/view/d/brookdale-2006-porsche-cayenne-titanium/6ZkrLA6HLkkXJkbieaPAgQ,6975,127000.0,scotts valley,Porsche,Cayenne,2006,20
2001 Mercedes-Benz E320 • Clean Carfax • Low Miles • Luxury Sedan,https://www.craigslist.org/view/d/san-jose-2001-mercedes-benz-e320-clean/4L9SErbjSbntP75XgSVCYQ,3999,122000.0,san jose downtown,Mercedes,E320,2001,25
2002 Nissan Frontier Sc (Supercharged),https://www.craigslist.org/view/d/hayward-2002-nissan-frontier-sc/qZACXVyWh3GAoyN3aDs2cJ,8000,174000.0,hayward,Nissan,Frontier,2002,24
1997 Ford F150 Xl Step Side Pickup Low Miles,https://www.craigslist.org/view/d/san-jose-1997-ford-f150-xl-step-side/4PgZj52ohQzPghf2xB512q,3100,140000.0,san jose south,Ford,F150,1997,29
2008 Land Rover Lr3 Hse Sport,https://www.craigslist.org/view/d/santa-clara-2008-land-rover-lr3-hse/mg6Az6rMvWhfLD4sgCvdPo,3000,240000.0,santa clara,Land Rover,Lr3,2008,18
Audi A4 2005 Quattro Cabriolet 3.0 - Black - Mechanics Special,https://www.craigslist.org/view/d/san-mateo-audi-quattro-cabriolet-30/pKLsJBXzuJGiBD4xirAHx7,1599,81000.0,san mateo,Audi,A4,2005,21
2010 Toyota Sienna Le  8 Passenger,https://www.craigslist.org/view/d/san-jose-2010-toyota-sienna-le-passenger/oXzHNWmYEPjys5NkPecj7H,5600,193000.0,san jose south,Toyota,Sienna,2010,16
2010 Audi A4 • 2.0T Avant Quattro Premium Wagon 4D,https://www.craigslist.org/view/d/santa-rosa-2010-audi-a4-20t-avant/1UE9xoXsAzvQETuxBvNgTV,3900,148000.0,santa rosa,Audi,A4,2010,16
2007 Toyota Tacoma Prerunner V6 4.0 Manual. 1 Owner. One Of A Kind,https://www.craigslist.org/view/d/walnut-creek-2007-toyota-tacoma/qUNMPREVgi4BrUNvYigkHZ,18900,150000.0,walnut creek,Toyota,Tacoma,2007,19
2009 Chevrolet Silverado 5.3 Litre V8 Registered Clean Title In Hand,https://www.craigslist.org/view/d/san-jose-2009-chevrolet-silverado-53/7ByWosUf9bZFzkf3nQ2xbJ,7000,168000.0,san jose downtown,Chevrolet,Silverado,2009,17
2008 328I Bmw,https://www.craigslist.org/view/d/fremont-bmw/hQmKfJyyR4SMQrtuopGttH,2000,259000.0,fremont,Bmw,328I,2008,18
2007 Pontiac G6,https://www.craigslist.org/view/d/san-rafael-2007-pontiac-g6/9DzfHYt5ud7BvzZoKq4h8p,1500,161000.0,san rafael,Pontiac,G6,2007,19
Lexus Es330 2004,https://www.craigslist.org/view/d/redwood-city-lexus-es/aYHXLEdmtMyfrhSsDu55Wg,2999,241000.0,redwood city,Lexus,Es,2004,22
Immaculate 2001 Ford F250 7.3 4X4 White Diesel Long Bed,https://www.craigslist.org/view/d/novato-immaculate-2001-ford-x4-white/pkLbKQtP1oSW9FQ66oikVQ,19500,210000.0,petaluma,Ford,F250,2001,25
2015 Acura Mdx Technology Package – Under 92K Miles – 3-Row Suv,https://www.craigslist.org/view/d/cupertino-2015-acura-mdx-technology/wMjAMZ22YiagwsTbrqF8vE,16500,92000.0,cupertino,Acura,Mdx,2015,11
2005 Lexus Ls430 Clean Title,https://www.craigslist.org/view/d/san-jose-2005-lexus-ls430-clean-title/3ueccGDBrTRGsK1pi6wFk8,8500,184000.0,san jose south,Lexus,Ls,2005,21
Toyota Prius For Sale 2005,https://www.craigslist.org/view/d/concord-toyota-prius-for-sale-2005/914c6QjrP5D4JDcDrRK2dA,3800,130000.0,concord,Toyota,Prius,2005,21
2021 Bmw X3 Xdrive30I - Well Maintained - Awd/Sunroof,https://www.craigslist.org/view/d/palo-alto-2021-bmw-x3-xdrive30i-well/4PcEUGMbP7CngHGCfnUqbT,22000,64000.0,palo alto,Bmw,X3,2021,5
2012 Acura Tl,https://www.craigslist.org/view/d/hayward-2012-acura-tl/fbKVTihWbY6JKLomGaXxQV,8400,139000.0,alameda,Acura,Tl,2012,14
2020 Jeep Gladiator Jt,https://www.craigslist.org/view/d/santa-rosa-2020-jeep-gladiator-jt/bRFYKFoKdcVRdRRJwifULM,30000,52000.0,santa rosa,Jeep,Gladiator,2020,6
2005 Honda Element Lx 4Wd - Low Miles!!!,https://www.craigslist.org/view/d/el-cerrito-2005-honda-element-lx-4wd/tUz65CNx4DiGHKqUY3GsU2,6000,160000.0,richmond,Honda,Element,2005,21
"2016 Vw Jetta Hybrid Sel Premium - Reliable Daily Driver - $8,985",https://www.craigslist.org/view/d/travis-afb-2016-vw-jetta-hybrid-sel/skubb1iHChu4wvDSXY1Z89,8985,97000.0,fairfield,Vw,Jetta,2016,10
2015 Mini Cooper,https://www.craigslist.org/view/d/san-jose-2015-mini-cooper/hi8ZpYZ8bKXN8aWaHoATzh,7450,87000.0,san jose,Mini,Cooper,2015,11
2013 Toyota Camry Se,https://www.craigslist.org/view/d/campbell-2013-toyota-camry-se/w9rfSLh2jkAvgzBafaiY1m,6800,140000.0,campbell,Toyota,Camry,2013,13
2012 Vw Jetta Gli. Stick,https://www.craigslist.org/view/d/pittsburg-2012-vw-jetta-gli-stick/jasYj9iNJreiwqQxpSxDe2,7500,141000.0,albany,Vw,Jetta,2012,14
"2009 Mercedes C300 ~ 87K Miles, Excellent Cond ,1 Owner From 2010",https://www.craigslist.org/view/d/fremont-2009-mercedes-k-miles-excellent/qPQnvBf8MQGaRbJuFxv5Y1,6880,87000.0,fremont,Mercedes,C300,2009,17
"2003 Chevrolet Tahoe, One Owner",https://www.craigslist.org/view/d/livermore-2003-chevrolet-tahoe-one-owner/mpWgaiWQBGXCMyq4etyc85,5500,193000.0,dublin,Chevrolet,Tahoe,2003,23
"2021 Mini Cooper S 2-Door  Automatic, 1-Owner Full Electric",https://www.craigslist.org/view/d/fremont-2021-mini-cooper-2-door/vc1rX1zfQG65WapCY8AwcH,3800,195000.0,fremont,Mini,Cooper,2021,5
2006 Mini Cooper,https://www.craigslist.org/view/d/sebastopol-2006-mini-cooper/2xmukwMmyonViXo2q8GXk2,4700,131000.0,sebastopol,Mini,Cooper,2006,20
2020 Porsche Macan S | Premium Plus | Acc | Surround View | Ppf | Clea,https://www.craigslist.org/view/d/san-mateo-2020-porsche-macan-premium/23Y1urpGanu43rBg4gotnb,38900,52000.0,san mateo,Porsche,Macan,2020,6
2000 Toyota Camry With Blown Engine - 138K Miles,https://www.craigslist.org/view/d/santa-clara-2000-toyota-camry-with/ivxUpp7eiP8ezVfLY8rxua,1200,138000.0,santa clara,Toyota,Camry,2000,26
2013 Honda Fit  Auto  4 Door  ***One Owner And Low Miles***Clean Title,https://www.craigslist.org/view/d/san-jose-2013-honda-fit-auto-door-one/bbwTdaq4nysRnWjhU7uBpC,9800,93000.0,san jose south,Honda,Fit,2013,13
2017 Dodge Durango Sxt Clean Title 1 Owner,https://www.craigslist.org/view/d/vallejo-2017-dodge-durango-sxt-clean/dZmC7dMjz7Vp7NRag7gFZi,8500,110000.0,fairfield,Dodge,Durango,2017,9
2008 Chevrolet Silverado Z71 Off Road Pack With 4Wheel Pop Up Camper,https://www.craigslist.org/view/d/santa-rosa-2008-chevrolet-silverado-z71/qK2omp1dBxfbUJcYvqFik4,20000,235000.0,santa rosa,Chevrolet,Silverado,2008,18
2023 Toyota Tacoma Double Cab Trd Sport Pickup 4D 5Ft,https://www.craigslist.org/view/d/redwood-city-2023-toyota-tacoma-double/hTuwBbK9D5LUsbWqjSG17a,37995,31000.0,redwood city,Toyota,Tacoma,2023,3
"Volkswagen Jetta Se Tsi Beautiful!! 82, 575 Miles 2017 Powerful!!!",https://www.craigslist.org/view/d/san-rafael-volkswagen-jetta-se-tsi/apyimExSCzKWKMaQr57VuH,8800,83000.0,san rafael,Volkswagen,Jetta,2017,9
1991 Toyota 4Runner,https://www.craigslist.org/view/d/morgan-hill-1991-toyota-4runner/33JVvjEPj8J6zRs3bFkZXw,3600,276000.0,morgan hill,Toyota,4Runner,1991,35
2010 Bmw 335Xi Dinan F 90 Pack.E M5 Exp 95K Garaged  Like New!,https://www.craigslist.org/view/d/angwin-2010-bmw-335xi-dinan-90-packe-m5/1Vq7rcXCFK3EEv1ro7FS26,9550,95000.0,sf ca,Bmw,M5,2010,16
"2015 Bmw M4 F82 Austin Yellow 44,000 Miles",https://www.craigslist.org/view/d/knightsen-2015-bmw-m4-f82-austin-yellow/w2M9KNmGTccdFfCQcGCiJc,44000,44000.0,oakley,Bmw,M4,2015,11
2003 Ford Expedition El Eddie Bower Edition,https://www.craigslist.org/view/d/santa-cruz-2003-ford-expedition-el/5tjHU6YNnVLLDpvFiARAHW,4000,201000.0,santa cruz,Ford,Expedition,2003,23
2012 Nissan Juke Awd Low Mileage Smog Excellent Condition,https://www.craigslist.org/view/d/san-jose-2012-nissan-juke-awd-low/p1VtTHYePvvDDdoUsrSbaf,4950,126000.0,san jose south,Nissan,Juke,2012,14
2012 Cadillac Cts-V Sedan,https://www.craigslist.org/view/d/hollister-2012-cadillac-cts-sedan/a5WAwoJh5R1nf3SRf9TmW4,45000,28000.0,hollister,Cadillac,Cts,2012,14
2003 Honda Odyssey Ex-L Automatic Very Good Cond 178K,https://www.craigslist.org/view/d/pleasanton-2003-honda-odyssey-ex/6HwP1dhVwB5rEuizHx7Lcz,3800,178000.0,dublin,Honda,Odyssey,2003,23
2003 Jeep Wrangler,https://www.craigslist.org/view/d/hayward-2003-jeep-wrangler/teNHSnzuq3A3mocVXDvo23,6500,147000.0,hayward,Jeep,Wrangler,2003,23
1999 Jeep Wrangler Sport,https://www.craigslist.org/view/d/concord-1999-jeep-wrangler-sport/jMnTcSGn1P9PQGNGEPwd9W,6500,164000.0,concord,Jeep,Wrangler,1999,27
Toyota Corolla 2016 Sport,https://www.craigslist.org/view/d/hayward-toyota-corolla-2016-sport/3BhNRYaCsX4QGpEenfJPRJ,8300,129000.0,hayward,Toyota,Corolla,2016,10
2009 Mercedes-Benz C300 Luxury Sedan W Modern Backup Camera Technology,https://www.craigslist.org/view/d/millbrae-2009-mercedes-benz-c300-luxury/neZjE1eDzM5hWRcsSP7NUf,6850,120000.0,millbrae,Mercedes,C300,2009,17
2023 Ford F-250 Lariat Loaded Diesel 4X4,https://www.craigslist.org/view/d/santa-rosa-2023-ford-250-lariat-loaded/fDL1R1Up4991jWe4xtQGGc,72000,34000.0,north bay,Ford,F250,2023,3
Toyota 4Runner 1998 One Owner,https://www.craigslist.org/view/d/san-jose-toyota-4runner-1998-one-owner/bFwRGjuJNckDLsSvPPrwpH,8800,260000.0,san jose east,Toyota,4Runner,1998,28
2015 Audi A3 Quattro Premium Plus / 2.0 Turbo / 68K Miles,https://www.craigslist.org/view/d/hayward-2015-audi-a3-quattro-premium/gmPZwHCTKz9r1hDNENxBvv,11400,68000.0,hayward,Audi,A3,2015,11
2005 Jeep Grand Cherokee 4X4 Runs Great,https://www.craigslist.org/view/d/fremont-2005-jeep-grand-cherokee-4x4/xtzU5h8THaz5KG2iYNAxdx,3800,150000.0,fremont,Jeep,Grand Cherokee,2005,21
"2014 Land Rover Range Rover Sport Supercharged - Loaded, Gps, Camera",https://www.craigslist.org/view/d/san-jose-2014-land-rover-range-rover/33hypDHQDW1isiMbfuF4DF,13995,82000.0,san jose,Land Rover,Range Rover,2014,12
2005 Mini Cooper S – 6-Speed Manual,https://www.craigslist.org/view/d/san-jose-2005-mini-cooper-speed-manual/g37r5NVGgvwU1z9a3Chnkw,2500,178000.0,campbell,Mini,Cooper,2005,21
2016 Audi Q5 Quattro Premium Plus Suv Mustsee 2015 2017 X3 Q3,https://www.craigslist.org/view/d/san-jose-2016-audi-q5-quattro-premium/kugXVvjYqZmexZRy54hsx3,9999,101000.0,san jose west,Audi,Q5,2016,10
Pre-Owned 2006 Honda Civic Ex Coupe,https://www.craigslist.org/view/d/san-francisco-pre-owned-2006-honda/nMNqVH2tfWZrTbhDudCzzk,4999,163000.0,san francisco,Honda,Civic,2006,20
2012 Honda Cr-V Ex-L Awd Suv 1 Owner Records 2013 2014 2015 Touring,https://www.craigslist.org/view/d/san-jose-2012-honda-cr-ex-awd-suv-owner/gqMqVLEJnvsiRZjG4XyJdX,10998,148000.0,san jose west,Honda,Crv,2012,14
2001 Toyota Tacoma,https://www.craigslist.org/view/d/san-francisco-2001-toyota-tacoma/6twK8Jwo6RZFZv6sh7wmJr,9000,198000.0,sunset,Toyota,Tacoma,2001,25
"2015 Bmw 528I - 1 Owner, No Accidents, Gps, Bluetooth, Rear Camera",https://www.craigslist.org/view/d/san-jose-2015-bmw-528i-owner-no/7BtPCrTr1p1Qzz3RmXDGUu,9900,135000.0,san jose,Bmw,528I,2015,11
Pristine! 2008 Toyota Tundra Dbl Cab 6.5Ft Bed Low Miles! Carfax{Clean,https://www.craigslist.org/view/d/sacramento-pristine-2008-toyota-tundra/efwAbBGeemcMtJb5HevFSQ,13900,142000.0,sacramento,Toyota,Tundra,2008,18
2013 Nissan Altima,https://www.craigslist.org/view/d/sacramento-2013-nissan-altima/6edayM4v3AbWaR2tzfMEm5,4000,250000.0,sacramento,Nissan,Altima,2013,13
2017 Ford F250 4X4 Service Body,https://www.craigslist.org/view/d/scotts-valley-2017-ford-f250-4x4/hnHqv9rscLcv2fxbYtD5T6,35000,90000.0,scotts valley,Ford,F250,2017,9
2017 Kia Sedona – Reliable & Well Maintained – 114K Miles,https://www.craigslist.org/view/d/moraga-2017-kia-sedona-reliable-well/mzyodv7EWnSf5WHNSYCLQK,10500,114000.0,lafayette,Kia,Sedona,2017,9
2014 Chevrolet Volt Hybrid Clean Low Mileage,https://www.craigslist.org/view/d/hayward-2014-chevrolet-volt-hybrid/oTY5TXkTamRSmecbjYn3rt,6499,107000.0,hayward,Chevrolet,Volt,2014,12
2005 Ford Ranger Regular Cab,https://www.craigslist.org/view/d/hayward-2005-ford-ranger-regular-cab/nkYHSy2ipBKwQm9iTSt9cW,7500,101000.0,hayward,Ford,Ranger,2005,21
2006 Toyota Sienna Le Good Running Condition - Clean Title,https://www.craigslist.org/view/d/san-ramon-2006-toyota-sienna-le-good/7PQpzvRSG17MapFfVJ7tzt,3850,184000.0,danville,Toyota,Sienna,2006,20
2015 Kia Optima Hybrid 38Mpg 164K. Clean Title. Excellent.,https://www.craigslist.org/view/d/newark-2015-kia-optima-hybrid-38mpg/9iqvaJmGrUSBjYdFLaF9sz,5500,164000.0,fremont,Kia,Optima,2015,11
2014 Dodge Journey Se. A Well Loved Family Car,https://www.craigslist.org/view/d/fairfield-2014-dodge-journey-se-well/eP19EFhmafbXW9C7h3wQMT,3800,159000.0,fairfield,Dodge,Journey,2014,12
1998 Volkswagen Beetle,https://www.craigslist.org/view/d/santa-rosa-1998-volkswagen-beetle/npCRXRh2FbAQQWAq5NCAyo,3950,74000.0,santa rosa,Volkswagen,Beetle,1998,28
1974 Ford F-250 Classic Truck,https://www.craigslist.org/view/d/milpitas-1974-ford-250-classic-truck/5UCkygp7fNrzb43jKJ98MB,5000,63000.0,milpitas,Ford,F250,1974,52
Infiniti G35 Coupe 2007,https://www.craigslist.org/view/d/san-jose-infiniti-g35-coupe-2007/hTxuhkqsVQjx1ZW45JCcpw,9875,115000.0,san jose south,Infiniti,G35,2007,19
"2006 Nissan Frontier V6 Nismo 69K Miles, 6 Spd Manual",https://www.craigslist.org/view/d/san-francisco-2006-nissan-frontier-v6/rbxCz6Rq4qGHFrwWDZ3D8w,17000,69000.0,glen park,Nissan,Frontier,2006,20
2002 Nissan Pathfinder,https://www.craigslist.org/view/d/forestville-2002-nissan-pathfinder/9eti2Pe3mEpWchR5Lnyu5z,2999,212000.0,russian river,Nissan,Pathfinder,2002,24
2006 Toyota Sienna Good Condition Clean Title ..,https://www.craigslist.org/view/d/san-jose-2006-toyota-sienna-good/dTDYZfgd5CKgx2z2cdxV7c,4100,190000.0,san jose downtown,Toyota,Sienna,2006,20
2008 Toyota Prius Clean Title Good Condition,https://www.craigslist.org/view/d/san-jose-2008-toyota-prius-clean-title/9aQb4gPQv13dLjojqWB4a4,3900,220000.0,san jose downtown,Toyota,Prius,2008,18
1998 Cadillac Deville,https://www.craigslist.org/view/d/novato-1998-cadillac-deville/nnZtaHfPVCHtJUgTodWFxw,3500,12000.0,novato,Cadillac,Deville,1998,28
2025 Ford F-150 5.0 V8 Super Cab Short Bed 2Wd Lowered On 22” Clean!,https://www.craigslist.org/view/d/pleasanton-2025-ford-v8-super-cab-short/3rx64JraS6MGMvLm7r9W1D,49000,8000.0,dublin,Ford,F150,2025,1
2006 Toyota Avalon Limited Super Clean Inside Out Clean Title,https://www.craigslist.org/view/d/santa-clara-2006-toyota-avalon-limited/uEoC6r9FPjAgu9osYCsBo5,3990,210000.0,santa clara,Toyota,Avalon,2006,20
Jaguar 1987 Xjsc V 12,https://www.craigslist.org/view/d/cloverdale-jaguar-1987-xjsc-12/dCHNSKpZybtuFqEh7BHyMU,10500,103000.0,healdsburg,Jaguar,Xj,1987,39
"2020 Mazda Cx-9 Grand Touring Awd | 1-Owner | Clean Title | 56,888 Mi",https://www.craigslist.org/view/d/san-jose-2020-mazda-cx-grand-touring/kn4jHSxJGnSwKvXoLcdQ1G,22500,57000.0,los gatos,Mazda,Cx9,2020,6
2007 Toyota Tacoma Prerunner,https://www.craigslist.org/view/d/salinas-2007-toyota-tacoma-prerunner/12YiVVFA7RYs9i4bn8PTpu,15900,236000.0,watsonville,Toyota,Tacoma,2007,19
"2022 Mercedes-Benz Glc300 4Matic Sport Utility 4D (15,400 Mi.)",https://www.craigslist.org/view/d/berkeley-2022-mercedes-benz-glc300/6vG76KFoXYf5hSD26iJqnB,32000,15000.0,berkeley,Mercedes,C300,2022,4
1999 Ford F350,https://www.craigslist.org/view/d/tracy-1999-ford-f350/goSD2EX6wngfkwHnSQUY7G,17500,220000.0,dublin,Ford,F350,1999,27
Sale!!! 2002 Honda Cr-V Ex • 1-Owner Awd • Moonroof • Clean Title,https://www.craigslist.org/view/d/san-jose-sale-2002-honda-cr-ex-owner/tGfFV9ESaj2Ce3AXMVqZPN,2999,230000.0,san jose downtown,Honda,Crv,2002,24
"2019 Mercedes-Benz Sprinter 2500 Passenger · High Roof W/170"" Wb Van 3",https://www.craigslist.org/view/d/daly-city-2019-mercedes-benz-sprinter/fPAQjtMct7HAan3cx7QSU4,42500,77000.0,city of san francisco,Mercedes,Sprinter,2019,7
2020 Ram 2500 Laramie,https://www.craigslist.org/view/d/brentwood-2020-ram-2500-laramie/dVePmoeztrm9XmNWsZUMMd,35500,161000.0,brentwood,Ram,2500,2020,6
2023 Toyota Rav4 Hybrid Woodland Edition Awd 1Owner 2024,https://www.craigslist.org/view/d/san-jose-2023-toyota-rav4-hybrid/h2AEZmdyajk8DFz78tE2XC,33988,42000.0,san jose west,Toyota,Rav4,2023,3
2008 Ford F250 Super Duty 4X4,https://www.craigslist.org/view/d/morgan-hill-2008-ford-f250-super-duty/fGUacqoJrb3qWaoc7ouwdc,12500,250000.0,morgan hill,Ford,F250,2008,18
2002 Lexus Rx300,https://www.craigslist.org/view/d/martinez-2002-lexus-rx300/hxuUy4iFu2vqZVRFGiY7gC,3500,184000.0,concord,Lexus,Rx,2002,24
2002 Ford Explorer Sport - Black 4.0L V6 Rwd,https://www.craigslist.org/view/d/hayward-2002-ford-explorer-sport-black/7hCVssUFhzLgebAxyamdqz,2200,265000.0,hayward,Ford,Explorer,2002,24
2012 Ford Escape Flex Fuel (Gas Saver),https://www.craigslist.org/view/d/port-costa-2012-ford-escape-flex-fuel/4KWUukPAuGh1QHiZKBRURB,5000,150000.0,concord,Ford,Escape,2012,14
2014 Nissan Versa 4 Cylinder Gas Saver,https://www.craigslist.org/view/d/martinez-2014-nissan-versa-cylinder-gas/sGt1vwj2xzCKNmtXkbLpbA,3999,151000.0,concord,Nissan,Versa,2014,12
Jaguar 1987 Xjsc V 12,https://www.craigslist.org/view/d/cloverdale-jaguar-1987-xjsc-12/19aWpZJpxtWj2RK77Cs4St,10500,103000.0,healdsburg,Jaguar,Xj,1987,39
2017 Toyota Tacoma,https://www.craigslist.org/view/d/san-jose-2017-toyota-tacoma/vWsEDLfxqizrhnjxGiQSf2,24000,52000.0,san jose east,Toyota,Tacoma,2017,9
2005 Ford F250,https://www.craigslist.org/view/d/walnut-creek-2005-ford-f250/516aHFzbpu468QJMe3jy1e,22500,175000.0,walnut creek,Ford,F250,2005,21
2018 Nissan Leaf Sv – Upgraded With A 2025 Battery,https://www.craigslist.org/view/d/petaluma-2018-nissan-leaf-sv-upgraded/6uhRnbbfzR1kHPgsx9JAZK,12500,120000.0,petaluma,Nissan,Leaf,2018,8
"2019 Subaru Legacy 2.5I Premium, Clean Title",https://www.craigslist.org/view/d/santa-clara-2019-subaru-legacy-25i/cLGrkby5tVb4xgZuyBHAuU,11600,133000.0,santa clara,Subaru,Legacy,2019,7
"2017 Toyota Prius – Silver – 38,000 Miles – Fully Repaired – $16,500",https://www.craigslist.org/view/d/redwood-city-2017-toyota-prius-silver/vLFqaXNwJbmCkV6J5FoEYz,16500,38000.0,redwood city,Toyota,Prius,2017,9
"2016 Jaguar F-Type Coupe – Silver With Red Interior – 54,000 Miles - $27,000",https://www.craigslist.org/view/d/redwood-city-2016-jaguar-type-coupe/oBG11Z8Kx9BjBakwpF88NY,27000,54000.0,redwood city,Jaguar,Ftype,2016,10
"2023 Volvo Xc60 B5 Plus Bright, Sport Utility, Clean Title (49,950 Mi)",https://www.craigslist.org/view/d/los-gatos-2023-volvo-xc60-b5-plus/pcQmmLJjUH9Yw2HNX9D2Xe,29550,50000.0,los gatos,Volvo,Xc60,2023,3
2007 Lexus Rx 350,https://www.craigslist.org/view/d/santa-cruz-2007-lexus-rx-350/6iffsH9aNkaNokSxWrUqe3,7200,121000.0,santa cruz,Lexus,Rx,2007,19
2013 Mini Cooper - Clean Title - No Issues - Smog,https://www.craigslist.org/view/d/boulder-creek-2013-mini-cooper-clean/eSp3uqi4NQdAA6ueuguU5h,3500,148000.0,boulder creek,Mini,Cooper,2013,13
"2004 Jaguar Xj-R Sedan, Rare Supercharged-V8, Liquidation Sale",https://www.craigslist.org/view/d/dublin-2004-jaguar-xj-sedan-rare/7mVN15M4vJoGmCUtUxzFCV,6900,125000.0,dublin,Jaguar,Xj,2004,22
2015 Ford Taurus Police Interceptor - Clean Title - New Water Pump,https://www.craigslist.org/view/d/novato-2015-ford-taurus-police/1SDfZHpLGs27rKQzpnJhkZ,5900,112000.0,novato,Ford,Taurus,2015,11
2024 Mazda Cx-50 2.5 S Awd – Low Miles – Excellent Condition,https://www.craigslist.org/view/d/sunnyvale-2024-mazda-cx-awd-low-miles/idPPGr9JVznGLGbKm7tNBo,26500,23000.0,sunnyvale,Mazda,Cx5,2024,2
2011 Toyota Sienna Le 8-Passenger,https://www.craigslist.org/view/d/livermore-2011-toyota-sienna-le/dnMojdMUqC42zM66RpknEu,7000,142000.0,dublin,Toyota,Sienna,2011,15
"2018 Subaru Outback 140,000 - Adventure Setup (Solar, Fridge, Etc)",https://www.craigslist.org/view/d/redwood-city-2018-subaru-outback/5zCqFUoySz9LVpRrx6Ynph,9000,140000.0,redwood city,Subaru,Outback,2018,8
2017 Hyundai Accent,https://www.craigslist.org/view/d/brentwood-2017-hyundai-accent/a9pwxJHUTZ5WkDbS7k7Us6,6250,95000.0,brentwood,Hyundai,Accent,2017,9
2016 Audi Q3 Quattro 75K+ Miles,https://www.craigslist.org/view/d/redwood-city-2016-audi-q3-quattro-75k/bWr7NV81GeD4BUY3XPBvDB,14990,75000.0,redwood city,Audi,Tt,2016,10
2001 Nissan Sentra. Smogged & Registered $1800,https://www.craigslist.org/view/d/antioch-2001-nissan-sentra-smogged/hZ1WUhhzCLJHA9mu9njJHf,1800,200000.0,pittsburg,Nissan,Sentra,2001,25
2006 Audi A3 2.0 Sport Hatchback Automatic,https://www.craigslist.org/view/d/san-francisco-2006-audi-a3-20-sport/v23pkvvxfE67hUDPhvtsMH,5500,146000.0,san francisco,Audi,A3,2006,20
2005 Chevrolet Malibu Ls V6,https://www.craigslist.org/view/d/san-jose-2005-chevrolet-malibu-ls-v6/8Tg5ZVcpAV9RLg8YYvnr2h,3000,202000.0,san jose,Chevrolet,Malibu,2005,21
1970 Pontiac Grand Prix,https://www.craigslist.org/view/d/concord-1970-pontiac-grand-prix/sXtigu2aRdn9XyFUsxd3Su,9800,70000.0,concord,Pontiac,Grand Prix,1970,56
2011 Audi A3 S Line Hatchback,https://www.craigslist.org/view/d/santa-rosa-2011-audi-a3-line-hatchback/astdNy2BJREwuB5bU3WHPu,3995,96000.0,santa rosa,Audi,A3,2011,15
"1996 Ford F-150 Xl, Original Condition",https://www.craigslist.org/view/d/santa-rosa-1996-ford-150-xl-original/3LbYHFMCAg9UeP2yN71Hmt,22500,89000.0,santa rosa,Ford,F150,1996,30
2014 Jeep Wrangler Jk Unlimited - 125K Miles Clean Title,https://www.craigslist.org/view/d/san-ramon-2014-jeep-wrangler-jk/sjrRA7MzBGt9mLSmg1wdbM,13000,125000.0,danville,Jeep,Wrangler,2014,12
2019 Kia Optima,https://www.craigslist.org/view/d/hayward-2019-kia-optima/rRPSvExgWFkk1SfKSHU8Kb,7500,122000.0,hayward,Kia,Optima,2019,7
2007 Nissan Pathfinder Le 152K Miles,https://www.craigslist.org/view/d/vallejo-2007-nissan-pathfinder-le-152k/c7x6S89ZTgjK2EYQ2EFVjw,3250,152000.0,vallejo,Nissan,Pathfinder,2007,19
"2015 Lexus Rx 450H Awd, Clean Title",https://www.craigslist.org/view/d/cupertino-2015-lexus-rx-450h-awd-clean/8rerEtfEqTbTYnBS7Zeuhd,23500,48000.0,cupertino,Lexus,Rx,2015,11
2006 Audio A4,https://www.craigslist.org/view/d/pacifica-2006-audio-a4/fnoa2hQ4sbEwdWD1tPgpRT,3350,122000.0,pacifica,Audi,A4,2006,20
2023 Hyundai Santa Fe Sel 4Wd/Awd,https://www.craigslist.org/view/d/san-jose-2023-hyundai-santa-fe-sel-4wd/ezgDQFGjce6aE1dBsJHCn4,19500,77000.0,san jose west,Hyundai,Santa Fe,2023,3
2014 Ford Fusion Se,https://www.craigslist.org/view/d/santa-rosa-2014-ford-fusion-se/qPnoidqsVfFAR3RBPXWmjL,5400,177000.0,santa rosa,Ford,Fusion,2014,12
2004 Toyota Corolla,https://www.craigslist.org/view/d/knightsen-2004-toyota-corolla/8wow9QM1dFtXwJ3AdC4sWG,3500,180000.0,brentwood,Toyota,Corolla,2004,22
2006 Toyota Camry,https://www.craigslist.org/view/d/knightsen-2006-toyota-camry/gCpK4mG4oYXwBGRqH31Hmp,3800,180000.0,brentwood,Toyota,Camry,2006,20
2007 Lexus Rx350 Awd,https://www.craigslist.org/view/d/hayward-2007-lexus-rx350-awd/eaPKF289hRz2TGcRYAir9J,8400,136000.0,hayward,Lexus,Rx,2007,19
2010 Honda Pilot Exl,https://www.craigslist.org/view/d/san-jose-2010-honda-pilot-exl/j1AJzQStHpGSVa36UgJgW8,7800,154000.0,san jose west,Honda,Pilot,2010,16
Ford F150 Limited 2013 For Sale Or Trade,https://www.craigslist.org/view/d/santa-rosa-ford-f150-limited-2013-for/3mKZPW3Tp3VaKGwHv2i9wc,8000,162000.0,santa rosa,Ford,F150,2013,13
2012 Honda Odyssey Exl 133K Miles,https://www.craigslist.org/view/d/union-city-2012-honda-odyssey-exl-133k/9jRMEW3qThxF5JALWniUQT,9000,133000.0,fremont,Honda,Odyssey,2012,14
2009 Infiniti M35,https://www.craigslist.org/view/d/brentwood-2009-infiniti-m35/jvK1RhLKABMk6icTtGKKfo,3800,176000.0,brentwood,Infiniti,M35,2009,17
2018 Audi Q5 Premium Plus 45 Tfsi Suv  Quattro 1Owner 2019 2020 Q3,https://www.craigslist.org/view/d/san-jose-2018-audi-q5-premium-plus-45/v6CdFv8MCuB3dC3V3MQCu8,13985,100000.0,san jose west,Audi,Q5,2018,8
2010 Ford F-150 Xlt Supercab,https://www.craigslist.org/view/d/fremont-2010-ford-150-xlt-supercab/mAJE9Vr7qQbdxhbG7EE2uB,8400,169000.0,fremont,Ford,F150,2010,16
2017 Honda Ridgeline Rt Clean Title Awd Automatic Tacoma Tundra,https://www.craigslist.org/view/d/hayward-2017-honda-ridgeline-rt-clean/67WWH2Ttta3bmM6C6b7dBz,11800,145000.0,hayward,Honda,Ridgeline,2017,9
2015 Bmw 328Xi Low Miles Backup Camera Black/Black 328I,https://www.craigslist.org/view/d/hayward-2015-bmw-328xi-low-miles-backup/m7Jq7S97YXTvma24mPJh13,9800,81000.0,hayward,Bmw,328I,2015,11
2023 Nissan Rogue Sv Clean Title One Owner Gas Saver Low Miles,https://www.craigslist.org/view/d/hayward-2023-nissan-rogue-sv-clean/hygGC5u1FtgvQvVJ938dyd,19800,19000.0,hayward,Nissan,Rogue,2023,3
2007 Subaru Outback Wagon,https://www.craigslist.org/view/d/knightsen-2007-subaru-outback-wagon/998N72QoxTxyJmpb5QYS1z,1700,188000.0,brentwood,Subaru,Outback,2007,19
"2008 Toyota Prius Hybrid+ Only 180,000 Miles+ Clean Title +40Mpg",https://www.craigslist.org/view/d/santa-rosa-2008-toyota-prius-hybrid/6mDdtisayC8T1745zC1DHS,4500,180000.0,santa rosa,Toyota,Prius,2008,18
2012 Bmw M3 Competition Coupe 2Dr 2013 E92,https://www.craigslist.org/view/d/san-jose-2012-bmw-m3-competition-coupe/ePnHVT3Kq4dvvnkJJAztR9,32995,120000.0,san jose west,Bmw,M3,2012,14
"2012 Toyota Prius Hybrid Iv - Low Miles , Original Owner",https://www.craigslist.org/view/d/campbell-2012-toyota-prius-hybrid-iv/wjpUsk7jgadWZh9YoZ5668,8000,148000.0,santa clara,Toyota,Prius,2012,14
"**2015 Toyota Tacoma 4X4 Access Cab – Clean Title – $11,750 Obo**",https://www.craigslist.org/view/d/soquel-2015-toyota-tacoma-4x4-access/f8utvWyfGHW75M72id8sBq,11750,174000.0,santa cruz,Toyota,Tacoma,2015,11
2013 Hyundai Sonata Hybrid,https://www.craigslist.org/view/d/vallejo-2013-hyundai-sonata-hybrid/pcxF1kSZmLAgTxaZ5z5izn,5000,98000.0,vallejo,Hyundai,Sonata,2013,13
2015 Audi Q3 Prestige,https://www.craigslist.org/view/d/concord-2015-audi-q3-prestige/q4aMewWYSsxHzZASqojWH1,8900,97000.0,concord,Audi,Q3,2015,11
2003 Acura Tl-Stype,https://www.craigslist.org/view/d/san-jose-2003-acura-tl-stype/gsu5X1PYd5YVRKo2pfpbbL,1200,240000.0,san jose,Acura,Tl,2003,23
2020 Tesla Model 3 Standard Range Plus Rear-Wheel Drive Low Mileage,https://www.craigslist.org/view/d/scotts-valley-2020-tesla-model-standard/m5zXctkNK5qXzwTbmaJXHx,21500,49000.0,scotts valley,Tesla,Model 3,2020,6
2006 Porsche Cayman S,https://www.craigslist.org/view/d/scotts-valley-2006-porsche-cayman/3zV9ZTMgm7A4KVQDB5CaWj,23000,121000.0,scotts valley,Porsche,Cayman,2006,20
2007 Ford Taurus Sel 4Dr Sedan Green Low Miles Sunroof Fwd,https://www.craigslist.org/view/d/cupertino-2007-ford-taurus-sel-4dr/iCVpKKcY3EPmweeEp9pdsQ,3295,80000.0,cupertino,Ford,Taurus,2007,19
2009 Toyota Highlander Hybrid Limited,https://www.craigslist.org/view/d/alameda-2009-toyota-highlander-hybrid/bGDRegUpUNS83jLHKwzvLu,7000,145000.0,alameda,Toyota,Highlander,2009,17
(San Jose Ca 95111 ) 2013 Hyundai Santa Fe,https://www.craigslist.org/view/d/san-jose-san-jose-ca-hyundai-santa-fe/iPttiKTtZf6m4vG4WKtwLs,7800,110000.0,san jose,Hyundai,Santa Fe,2013,13
"Tesla Model 3 - 2018 - Long Range, Low Miles",https://www.craigslist.org/view/d/fairfax-tesla-model-long-range-low-miles/79eHXkmHCJAoLBoL8WCF2D,22000,38000.0,fairfax,Tesla,Model 3,2018,8
2019 Kia Optima Lx,https://www.craigslist.org/view/d/sunnyvale-2019-kia-optima-lx/fVFqfUW5kcm2Mq6yjbyuVP,7900,155000.0,sunnyvale,Kia,Optima,2019,7
2006 Honda Pilot,https://www.craigslist.org/view/d/hayward-2006-honda-pilot/uH4taiEytTxVCigSj9JAm4,2300,200000.0,hayward,Honda,Pilot,2006,20
"2001 Ford Mustang, V6, Only 152Kmiles And Manual Transmission",https://www.craigslist.org/view/d/san-jose-2001-ford-mustang-v6-only/omAhqCEYZBdzqz5GUE1yj8,2500,152000.0,san jose downtown,Ford,Mustang,2001,25
2018 Dodge Grand Caravan Se,https://www.craigslist.org/view/d/san-leandro-2018-dodge-grand-caravan-se/d8Kh45Fb18NjNrtvnpXN4q,7900,102000.0,san leandro,Dodge,Grand Caravan,2018,8
2015 Gmc Sierra 1500 Slt Crew Cab 4X4 – 68K Miles – Tow Package & Upgr,https://www.craigslist.org/view/d/petaluma-2015-gmc-sierra-1500-slt-crew/rPi58keH7i6GTmhPSDjycU,32000,68000.0,petaluma,Gmc,Sierra,2015,11
2023 Subaru Outback Limited Wagon 4D,https://www.craigslist.org/view/d/burlingame-2023-subaru-outback-limited/grAhGJo8u2BENEmGmLwx3M,29000,21000.0,burlingame,Subaru,Outback,2023,3
1996 Honda Odyssey,https://www.craigslist.org/view/d/san-jose-1996-honda-odyssey/gvqXZPz3qLtmZeaPByQNdu,800,248000.0,milpitas,Honda,Odyssey,1996,30
2012 Bmw X3 Xdrive28I,https://www.craigslist.org/view/d/oakland-2012-bmw-x3-xdrive28i/6Awmk1KzjNDktz12fe5upX,6200,112000.0,oakland downtown,Bmw,X3,2012,14
2023 Lexus Nx 350 F Sport — Ultrasonic Blue / Black Interior,https://www.craigslist.org/view/d/alameda-2023-lexus-nx-350-sport/38RDcKwRJiFeMkB87KTFzx,42000,35000.0,alameda,Lexus,Nx,2023,3
2018 Nissan Sentra Sv,https://www.craigslist.org/view/d/pinole-2018-nissan-sentra-sv/5uhcZh8tA6Vcsvt2FUvUDD,8800,77000.0,pinole,Nissan,Sentra,2018,8
2019 Ford Transit 350 Cutaway Reading Box Plumbers Electricians Van,https://www.craigslist.org/view/d/novato-2019-ford-transit-350-cutaway/9xTnsuHEsN2YeYvHVmqtuj,38000,106000.0,novato,Ford,Transit,2019,7
2005 Toyota Corolla Ce,https://www.craigslist.org/view/d/san-jose-2005-toyota-corolla-ce/1CJ6RoCooAQP78LyxoEhPQ,5400,126000.0,san jose south,Toyota,Corolla,2005,21
2007 Acura Tl Type-S,https://www.craigslist.org/view/d/san-mateo-2007-acura-tl-type/petK8uJBxG4SZ1orJYiSQt,5000,146000.0,san mateo,Acura,Tl,2007,19
"2013 Toyota Corolla Le - Fresh Paint, 97K Miles, Many Extras",https://www.craigslist.org/view/d/san-jose-2013-toyota-corolla-le-fresh/nFrQgujTne8MnEYK1WxBM2,9600,97000.0,berkeley north,Toyota,Corolla,2013,13
2018 Toyota Rav4 Le,https://www.craigslist.org/view/d/fremont-2018-toyota-rav4-le/i35NSTBBZm1YbsU5EfLuBb,18500,82000.0,fremont,Toyota,Rav4,2018,8
1998 Toyota Tacoma Truck,https://www.craigslist.org/view/d/san-jose-1998-toyota-tacoma-truck/f8HvMwR3z6hz4YN9Bev9Si,6000,133.0,san jose,Toyota,Tacoma,1998,28
2019 Ford Mustang Ecoboost Premium Convertible,https://www.craigslist.org/view/d/berkeley-2019-ford-mustang-ecoboost/a1NRpKgmAy2UVXe6f7eQEp,17000,80000.0,berkeley,Ford,Mustang,2019,7
2014 Jeep Grand Cherokee Limited,https://www.craigslist.org/view/d/san-jose-2014-jeep-grand-cherokee/qRgqLSmQyT5u6UyNbc3Nrq,6900,184000.0,san jose,Jeep,Grand Cherokee,2014,12
2017 Bmw X1 Xdrive Awd,https://www.craigslist.org/view/d/daly-city-2017-bmw-x1-xdrive-awd/vvUnV3C8t1gotyFmjdtPek,21000,27000.0,daly city,Bmw,X1,2017,9
2019 Toyota Tacoma Sr5 Double Cab 3.5L 4X4 Truck (Clean Title),https://www.craigslist.org/view/d/citrus-heights-2019-toyota-tacoma-sr5/itVnr4WujFugXWhbZ6Jiin,31000,72000.0,fairfield,Toyota,Tacoma,2019,7
2017 Kia Optima,https://www.craigslist.org/view/d/san-jose-2017-kia-optima/sY1FSqWGnvLYYh5Pft9Qte,4000,160000.0,san jose south,Kia,Optima,2017,9
2024 Gmc Sierra 2500Hd Denali Diesel,https://www.craigslist.org/view/d/burlingame-2024-gmc-sierra-2500hd/oz6WFcEE89M9n1irBQDWHG,79500,23000.0,santa cruz,Gmc,Sierra,2024,2
2017 Ford Fusion Se,https://www.craigslist.org/view/d/san-leandro-2017-ford-fusion-se/9ncr6EiS9zSfERgocLguiQ,5800,93000.0,san leandro,Ford,Fusion,2017,9
2005 Subaru Outback Awd,https://www.craigslist.org/view/d/berkeley-2005-subaru-outback-awd/kKmA9mXwACtzzJ5VdrUJfV,2850,221000.0,berkeley north,Subaru,Outback,2005,21
"Bmw 528I, Low Miles, 2008,Low Miles Clean This",https://www.craigslist.org/view/d/san-francisco-bmw-528i-low-miles/1JKHTmZs2vWgWeA3o6wWLA,3800,117000.0,ingleside,Bmw,528I,2008,18
2011 Honda Odyssey Ex-L,https://www.craigslist.org/view/d/san-leandro-2011-honda-odyssey-ex/i7BQK8Eem8kQzRJLUBofks,6650,185000.0,san leandro,Honda,Odyssey,2011,15
2010 Honda Accord,https://www.craigslist.org/view/d/livermore-2010-honda-accord/w1WU1Hn2e7iw9c4LB4iYQ3,2500,132000.0,livermore,Honda,Accord,2010,16
2007 Toyota Corolla Type S  Clean Title,https://www.craigslist.org/view/d/san-jose-2007-toyota-corolla-type-clean/exVsWWhUrGnyCFwvdYpBay,5000,195000.0,san jose south,Toyota,Corolla,2007,19
2010 Honda Accord,https://www.craigslist.org/view/d/livermore-2010-honda-accord/wtWB44DZfXqLY6oH7Co6Bo,2500,132000.0,livermore,Honda,Accord,2010,16
2011 Subaru Outback 2.5I 6Mt • 1 Owner • Clean Title •,https://www.craigslist.org/view/d/san-francisco-2011-subaru-outback-25i/4yszdEdFkmbLf4D4BjXduC,2900,203000.0,san francisco,Subaru,Outback,2011,15
2018 Hyundai Elantra Sel,https://www.craigslist.org/view/d/san-leandro-2018-hyundai-elantra-sel/n7TT9feCGyQj7WB29MQwQw,6800,141000.0,san leandro,Hyundai,Elantra,2018,8
2002 Ford F350 Lariat 7.3 Turbo Diesel Powerstroke Crewcab Dually Super Duty Lon,https://www.craigslist.org/view/d/mountain-view-2002-ford-f350-lariat-73/a1BPfWkwsE1UXhBCEhhEfT,13500,250000.0,mountain view,Ford,F350,2002,24
2018 Honda Cr-V Ex-L 2019 Crv Exl Rav4 2020 Touring,https://www.craigslist.org/view/d/san-jose-2018-honda-cr-ex-2019-crv-exl/1UWExCV4KHdFNagbbcrmBf,16500,130000.0,san jose west,Honda,Crv,2018,8
2019 Ford F-250 Platinum - Charcoal Grey - Under 11K Miles - Flatbed +,https://www.craigslist.org/view/d/danville-2019-ford-250-platinum/n72Qwhi7a21EwTZhYU2Kma,100000,11000.0,danville,Ford,F250,2019,7
Ford Escape Se 2013,https://www.craigslist.org/view/d/santa-rosa-ford-escape-se-2013/9Z4egtbgw8rNSg8KMxtT4z,3500,148000.0,santa rosa,Ford,Escape,2013,13
2020 Toyota Corolla Se,https://www.craigslist.org/view/d/san-jose-2020-toyota-corolla-se/oT6owUqA1vyaDQ2hyezSrx,11995,173000.0,san jose south,Toyota,Corolla,2020,6
2013 Volkswagen Gti Wolfsburg Edition,https://www.craigslist.org/view/d/los-gatos-2013-volkswagen-gti-wolfsburg/qm8wgWrM5J429JtsXjJxMw,12400,60000.0,los gatos,Volkswagen,Gti,2013,13
"2015 Toyota Sienna Xle Prem 8 Passenger • 1 Owner • Only 86,000 Miles",https://www.craigslist.org/view/d/danville-2015-toyota-sienna-xle-prem/cpkSBgw87g6JQWjU5bwtqJ,17495,86000.0,danville,Toyota,Sienna,2015,11
2013 Jeep Wrangler Sahara One Family Owner All Records-Nice!,https://www.craigslist.org/view/d/san-jose-2013-jeep-wrangler-sahara-one/iM9dM8NjFcLfYS6NCJFMG1,16500,109000.0,willow glen,Jeep,Wrangler,2013,13
2011 Honda Insight Ex W/Navigation (Civic/Prius),https://www.craigslist.org/view/d/fremont-2011-honda-insight-ex/mA2WTJn4Qt92RZJ9rWcfmP,7500,96000.0,fremont,Honda,Civic,2011,15
"2017 Ford Fusion Se, Make Offer, Like New Cond",https://www.craigslist.org/view/d/san-jose-2017-ford-fusion-se-make-offer/vVYNGUH1PrFMQ1EW3AYRUP,12500,73000.0,san jose south,Ford,Fusion,2017,9
2013 Toyota Tacoma Access Cab,https://www.craigslist.org/view/d/fremont-2013-toyota-tacoma-access-cab/9CrSxsXitATAaCvZtmYoWu,16250,129000.0,fremont,Toyota,Tacoma,2013,13
2012 Toyota Camry Le,https://www.craigslist.org/view/d/san-leandro-2012-toyota-camry-le/fKBMxhNCpyieqW9csstLSd,6900,115000.0,san leandro,Toyota,Camry,2012,14
2017 Hyundai Sonata Se,https://www.craigslist.org/view/d/suisun-city-2017-hyundai-sonata-se/kR7G5mHpAuAqTeta7puMcG,7000,103000.0,vallejo,Hyundai,Sonata,2017,9
2011 Honda Cr-V Special Edition,https://www.craigslist.org/view/d/fremont-2011-honda-cr-special-edition/hegQ7qvQUpGR7HKPWV8VmJ,9850,113000.0,fremont,Honda,Crv,2011,15
2011 Toyota Sienna Le 8-Passanger,https://www.craigslist.org/view/d/fremont-2011-toyota-sienna-le-passanger/xaFFwQQ681osnFGwrU7gNE,6950,195000.0,fremont,Toyota,Sienna,2011,15
2016 Chevrolet Tahoe Ltz,https://www.craigslist.org/view/d/oakland-2016-chevrolet-tahoe-ltz/wb2WzGhme5zNc3mXfDDCoE,14000,184000.0,berkeley north,Chevrolet,Tahoe,2016,10
2017 Volkswagen Golf R 4D Hatchback 6-Speed 57Kmiles 2018 2019 S3,https://www.craigslist.org/view/d/san-jose-2017-volkswagen-golf-4d/7UCXpgT96kyqJoa9ruzMEe,28800,57000.0,san jose west,Volkswagen,Golf,2017,9
2009 Hyundai Sonata Gls Low Miles 35K,https://www.craigslist.org/view/d/san-leandro-2009-hyundai-sonata-gls-low/bSUG1ANmcuCMWXLoz3RcTC,7900,35000.0,san leandro,Hyundai,Sonata,2009,17
2014 Honda Crv,https://www.craigslist.org/view/d/sebastopol-2014-honda-crv/jUxxFWDpvu3DXE1BT8QYiu,8800,150000.0,sebastopol,Honda,Crv,2014,12
2022 Toyota 4Runner Trd Off Road Premium,https://www.craigslist.org/view/d/petaluma-2022-toyota-4runner-trd-off/34Nq7h1s2WhjJG3ef4NmNS,46000,62000.0,petaluma,Toyota,4Runner,2022,4
2019 Toyota Prius Le,https://www.craigslist.org/view/d/palo-alto-2019-toyota-prius-le/pzhe23jCt9CxfSdjEsDwdt,16200,130000.0,palo alto,Toyota,Prius,2019,7
*** 2017 Toyota Camry Se Special Edition Sedan 4D - 33 Mpg ***,https://www.craigslist.org/view/d/vallejo-toyota-camry-se-special-edition/6KEyGNUPmif3GyzKZh5BgG,9750,174000.0,vallejo,Toyota,Camry,2017,9
2006 Mini Cooper S Jcw,https://www.craigslist.org/view/d/san-mateo-2006-mini-cooper-jcw/6ZkpumqUb45vWx5RhVZuvF,9995,113000.0,san mateo,Mini,Cooper,2006,20
2008 Nissan Versa Sl,https://www.craigslist.org/view/d/knightsen-2008-nissan-versa-sl/3wXdb8mgoYaZQSkudNMyUg,2800,122000.0,brentwood,Nissan,Versa,2008,18
2014 Ford Explorer Police Intercepter,https://www.craigslist.org/view/d/san-leandro-2014-ford-explorer-police/8Fj9ESHtkUE7rnqDJeyrRY,5400,81000.0,san leandro,Ford,Explorer,2014,12
2001 Jeep Cherokee Xj Classic – The Suv Legend! 4X4,https://www.craigslist.org/view/d/pleasanton-2001-jeep-cherokee-xj/9qEHxMXeH8VnGWK8uP2Zdq,17950,95000.0,dublin,Jeep,Cherokee,2001,25
2001 Lexus Ls 430 Low Miles 148K,https://www.craigslist.org/view/d/san-carlos-2001-lexus-ls-430-low-miles/6wEK4k522YXyKynzxerbwh,5600,148000.0,san carlos,Lexus,Es,2001,25
2017 Ford F-150 Xlt Sport 4Wd 4X4 — Max Trailer Tow Package,https://www.craigslist.org/view/d/mountain-view-2017-ford-150-xlt-sport/4JtpLpsx8nBVSHR9PaQT67,26000,99000.0,mountain view,Ford,F150,2017,9
Price Drop 2012 Nissan Sentra Se. As Is Sale,https://www.craigslist.org/view/d/san-jose-price-drop-2012-nissan-sentra/qusr49Eos6KyKwAA9QNSiu,2900,133000.0,san jose,Nissan,Sentra,2012,14
2012 Nissan Versa,https://www.craigslist.org/view/d/emeryville-2012-nissan-versa/sLemW66FDMCY42uHzCtE9z,2850,116000.0,emeryville,Nissan,Versa,2012,14
1968 Cadillac Deville Convertible,https://www.craigslist.org/view/d/san-leandro-1968-cadillac-deville/nAoYEandsCiUq3vT3WHHsy,18900,54000.0,san leandro,Cadillac,Deville,1968,58
2010 Buick Enclave Cxl,https://www.craigslist.org/view/d/san-leandro-2010-buick-enclave-cxl/ukGhxriR8SjPNpMSLpYLUy,4900,180000.0,san leandro,Buick,Enclave,2010,16
"Toyota Rav4, 2015 Limited",https://www.craigslist.org/view/d/aptos-toyota-rav-limited/8h6SQxGiMc6mtJasaKWg82,16500,119000.0,aptos,Toyota,Rav4,2015,11
1969 Chevrolet Camaro- Black,https://www.craigslist.org/view/d/gardnerville-1969-chevrolet-camaro-black/sYgXcvkDrerTfzhreokAh6,1234,78000.0,southlake tahoe,Chevrolet,Camaro,1969,57
2022 Hyundai Santa Fe Sel Plug-In Hybrid Awd • Price Reduced,https://www.craigslist.org/view/d/cotati-2022-hyundai-santa-fe-sel-plug/uFbMKv84wSWj46wgapePHC,23000,54000.0,santa rosa,Hyundai,Santa Fe,2022,4
2018 Ford Fusion 1 Owner !!,https://www.craigslist.org/view/d/walnut-creek-2018-ford-fusion-owner/cLeLhzaav6TjJc8CuTnJ5t,8799,128000.0,walnut creek,Ford,Fusion,2018,8
2016 Toyota Camry Xle,https://www.craigslist.org/view/d/walnut-creek-2016-toyota-camry-xle/r8Pfpc6hnfjh7CDcnpnDxn,13000,138000.0,walnut creek,Toyota,Camry,2016,10
2015 Honda Accord First Owner Ex-L Model Price Reduced L,https://www.craigslist.org/view/d/holt-2015-honda-accord-first-owner-ex/jU9YCrSFQp7qDgCTtSSPdC,9000,181000.0,hayward,Honda,Accord,2015,11
1968 Chevrolet Camaro,https://www.craigslist.org/view/d/gardnerville-1968-chevrolet-camaro/5qiTYbz4gmGMsKftFsYZTf,37000,77000.0,southlake tahoe,Chevrolet,Camaro,1968,58
2018 Hyundai Santa Fe Sport In Great Condition!!,https://www.craigslist.org/view/d/san-jose-2018-hyundai-santa-fe-sport-in/71TvKHjq9SA72FDvJ9aWaE,12600,132000.0,campbell,Hyundai,Santa Fe,2018,8
2018 Honda Civic Ex Reliable & Great Mpg,https://www.craigslist.org/view/d/richmond-2018-honda-civic-ex-reliable/kbkSjVZ2SGw9gyS78F7v8U,14950,120000.0,el cerrito,Honda,Civic,2018,8
2013 Ford Fusion Runs Great,https://www.craigslist.org/view/d/richmond-2013-ford-fusion-runs-great/nsfPgPBMi59sc8K4BxPndB,2700,181000.0,richmond,Ford,Fusion,2013,13
2006 Jaguar Xj8L,https://www.craigslist.org/view/d/union-city-2006-jaguar-xj8l/a8ieuvNissAYbUHWe7V6nM,2500,101000.0,union city,Jaguar,Xj,2006,20
2016 Acura Mdx W/Tech Awd,https://www.craigslist.org/view/d/san-jose-2016-acura-mdx-tech-awd/mHsR5r5EYhc2c7fW68i93h,10500,90000.0,san jose east,Acura,Mdx,2016,10
2003 Toyota 4Runner Limited 4X4 V8,https://www.craigslist.org/view/d/santa-cruz-2003-toyota-4runner-limited/2vJQmLwhR25MepzdddgnEP,9900,240000.0,santa cruz,Toyota,4Runner,2003,23
2009 Toyota Camry Hybrid. 128K Orig. Needs Bodywork.,https://www.craigslist.org/view/d/san-jose-2009-toyota-camry-hybrid-128k/aJR6XYS5MewC3BrcrmWs9x,1750,128000.0,san jose south,Toyota,Camry,2009,17
2009 Acura Mdx For Sale,https://www.craigslist.org/view/d/san-jose-2009-acura-mdx-for-sale/dCq7XBwrXU9JL3rMzm1edJ,5400,179000.0,los gatos,Acura,Mdx,2009,17
2003 Ford F250 6.0 Diesel 4X4 Clean Title,https://www.craigslist.org/view/d/fairfield-2003-ford-diesel-4x4-clean/dLZXYpuaSyiHktHzkaVois,6900,298000.0,fairfield,Ford,F250,2003,23
2014 Bmw X1 Drive 28I,https://www.craigslist.org/view/d/petaluma-2014-bmw-x1-drive-28i/sebcatMpAYJ5Khdr1RHHgp,6550,137000.0,petaluma,Bmw,X1,2014,12
2014 Ford Fusion *Clean Title,https://www.craigslist.org/view/d/rohnert-park-2014-ford-fusion-clean/6HCMt1nzWbVWRiXhaqWqr2,4000,199000.0,santa rosa,Ford,Fusion,2014,12
2014 Dodge Challenger Sxt Coupe,https://www.craigslist.org/view/d/dublin-2014-dodge-challenger-sxt-coupe/657btzfXLVD3h4ZjWrMLxs,9000,115000.0,dublin,Dodge,Challenger,2014,12
2011 Bmw 328I Convertible,https://www.craigslist.org/view/d/san-jose-2011-bmw-328i-convertible/3NZpTSTuwKbaPAcoD4Xw2E,2800,86000.0,south bay area,Bmw,328I,2011,15
2017 Mercedes C63 Amg Biturbo V8 Clean,https://www.craigslist.org/view/d/san-jose-2017-mercedes-c63-amg-biturbo/oMVXU1n96VQfNdZhaVFxtk,32500,85000.0,san jose south,Mercedes,C63,2017,9
2003 Mercedes Slk 32 Amg Hard Top Convertible With Rare Ssr Wheels,https://www.craigslist.org/view/d/san-jose-2003-mercedes-slk-32-amg-hard/kuGZrgGjF5edH9t944UEfE,6500,130000.0,san jose south,Mercedes,Amg,2003,23
Nissan Juke Nismo 2014,https://www.craigslist.org/view/d/san-jose-nissan-juke-nismo-2014/h2e6UT3GnoGk4gVp3S7nZC,5900,75000.0,san jose north,Nissan,Juke,2014,12
1998 Honda Accord Sold 2100.00,https://www.craigslist.org/view/d/santa-rosa-1998-honda-accord-sold/t4fKx82w2YtqwYHtvW3Cun,2500,170000.0,novato,Honda,Accord,1998,28
2014 Hyundai Elantra,https://www.craigslist.org/view/d/millbrae-2014-hyundai-elantra/uwTceBJb6nRJ5nRYGFRDjd,7500,109000.0,millbrae,Hyundai,Elantra,2014,12
2005 Toyota Corolla,https://www.craigslist.org/view/d/san-jose-2005-toyota-corolla/uuiLUMFzLcVnNXLtthHnQm,5300,126000.0,san jose south,Toyota,Corolla,2005,21
"2019 Toyota Camry Se ~48,000 Miles",https://www.craigslist.org/view/d/san-francisco-2019-toyota-camry-se-miles/gtVFWsCoGjLxsaKL73ZBuW,22400,48000.0,inner sunset,Toyota,Camry,2019,7
2011 Nissan Leaf / Short Commuter Ev,https://www.craigslist.org/view/d/los-gatos-2011-nissan-leaf-short/gwxVkPvQ5wrkHat4gxUHFM,1900,82000.0,los gatos,Nissan,Leaf,2011,15
2014 Ram 2500 Big Horn 4Wd Diesel,https://www.craigslist.org/view/d/santa-rosa-2014-ram-2500-big-horn-4wd/uNEzWXWWyM9AS8auvDNL7x,26000,155000.0,lake county,Ram,2500,2014,12
2015 Honda Accord Exl,https://www.craigslist.org/view/d/fremont-2015-honda-accord-exl/qFXK38TeP6JqmwZyRCMDUG,14500,52000.0,fremont,Honda,Accord,2015,11
2013 Toyota Venza Awd Great Condition!,https://www.craigslist.org/view/d/hayward-2013-toyota-venza-awd-great/isT9Gh4cHh4Tv9tPiit7kD,7400,159000.0,hayward,Toyota,Venza,2013,13
"Blue 2010 Toyota Prius 4. 116K Low Miles! 52 Mpg! Moonroof, Leather",https://www.craigslist.org/view/d/petaluma-blue-2010-toyota-prius-116k/hun95R7LqiHNhDJr6QSBG2,5900,116000.0,petaluma,Toyota,Prius,2010,16
2013 Jeep Wrangler Sahara 9400 Miles,https://www.craigslist.org/view/d/santa-rosa-2013-jeep-wrangler-sahara/wdyUq5VFzmQ4FXqpLG6Uz2,29990,9405.0,santa rosa,Jeep,Wrangler,2013,13
