name,url,price,mileage,location
2015 Buick Regal Premium Ii Turbo - Only 52K Miles!,https://www.craigslist.org/view/d/san-bruno-2015-buick-regal-premium-ii/jQ5FCB8aemz54gTaSiWCE3,9975,52000.0,sanbruno
2012 Vw Gti,https://www.craigslist.org/view/d/watsonville-2012-vw-gti/o3Rv2Epj9yCtAF3TSGtyqv,6000,150000.0,watsonville
Volvo,https://www.craigslist.org/view/d/forestville-volvo/h4CeAKnswPKrg1WE7fawNM,21500,78000.0,russianriver
2014 Audi A7 Prestige Quattro S Line | 3.0T Supercharged | Clean Title,https://www.craigslist.org/view/d/brentwood-2014-audi-a7-prestige-quattro/tr929B9Lvkux6QCebKuJoP,8900,189000.0,Brentwood
Modified 2011 Toyota Tacoma Trd Sport Double Cab,https://www.craigslist.org/view/d/san-rafael-modified-2011-toyota-tacoma/ks2fKhNmbnVAVsJXkSuPyR,25000,98000.0,sanrafael
"2019 Range Rover Sport Hse, Engine Disassembled Mechanic Special",https://www.craigslist.org/view/d/menlo-park-2019-range-rover-sport-hse/mNcmpxvaat8SVVKdnUSTAg,20000,68000.0,menlopark
Hummer H3,https://www.craigslist.org/view/d/alameda-hummer-h3/8XgYaa8rbnHW4c3uGB6GcS,6800,112000.0,alameda
2019 Nissan Rogue Sport Awd,https://www.craigslist.org/view/d/lafayette-2019-nissan-rogue-sport-awd/uXkABsG24tb3XzQMt1FMiv,14000,75000.0,concord/pleasanthill/martinez
2024 Tesla Model 3 Long Range Awd Highland Refresh - Quicksilver,https://www.craigslist.org/view/d/pleasanton-2024-tesla-model-long-range/pLQYucDyeTQh24pZcYL18S,36995,35000.0,danville/sanramon
2007 Chrysler Pacifica Touring,https://www.craigslist.org/view/d/san-leandro-2007-chrysler-pacifica/6G9fufDNsUAAzAcZp4Mv26,4000,73000.0,SanLeandro
1996 Toyota Camry Le V6 Time-Capsule,https://www.craigslist.org/view/d/napa-1996-toyota-camry-le-v6-time/b5EgibjtrbhZrY8oBG1hAM,7900,82000.0,napacounty
"2022 Ford F150 Super Cab Long Bed With 98,500 Miles (1 Owner) F-150",https://www.craigslist.org/view/d/walnut-creek-2022-ford-f150-super-cab/ufhsqxSut56QbRoYUv8h5Y,19900,99000.0,walnutcreek
2005 Volvo S40 – 117K Miles,https://www.craigslist.org/view/d/oakland-2005-volvo-k-miles/wRqqCF2fDNg6Yfmktt4McM,3900,118000.0,Alameda
Rambler Wagon,https://www.craigslist.org/view/d/san-leandro-rambler-wagon/kiPJfKc5nbNDnEJnPvDzjt,6000,10000.0,sanleandro
2011 Toyota Camry Hybrid,https://www.craigslist.org/view/d/hollister-2011-toyota-camry-hybrid/bPfPe8M4rX6A9qevBwEm93,6000,197000.0,Hollister
2008 Subaru Impreza Wagon Awd (Honda Civic/Toyota Corolla),https://www.craigslist.org/view/d/fremont-2008-subaru-impreza-wagon-awd/nUbv9jb5KaTkXKzHfr2Ej8,6500,96000.0,milpitas
2003 Honda S2000,https://www.craigslist.org/view/d/hayward-2003-honda-s2000/qtP3kJvzGQT89oV94gP2GU,37000,46000.0,hayward/castrovalley
1974 Cadillac Eldorado,https://www.craigslist.org/view/d/napa-1974-cadillac-eldorado/1eDa2VBJ6vKKaJntD29pcH,9000,110000.0,napacounty
2006 Toyota Sienna Xle • Leather • Dvd Entertainment • Clean Title,https://www.craigslist.org/view/d/pleasanton-2006-toyota-sienna-xle/iVxbbKe7fzPZWNcyM56hL5,4900,182000.0,dublin/pleasanton/livermore
1999 Toyota Tacoma 2.4L 5-Speed Manual - 163K Miles,https://www.craigslist.org/view/d/san-jose-1999-toyota-tacoma-24l-speed/m7FyTdPsajNB9qeuv2sPXF,7200,167000.0,santaclara
2006 Honda Accord Ex V-6 4 Door Sedan (3.0 L 6Cyl 5A),https://www.craigslist.org/view/d/san-francisco-2006-honda-accord-ex-6/e1Sg5qFSiy3Qcpo22Lwz8d,8000,79000.0,sunset/parkside
2007 Honda Civic Manual 5Speed,https://www.craigslist.org/view/d/san-jose-2007-honda-civic-manual-5speed/vwCcSJfHPA8pDyY65SDFeC,3500,150000.0,sanjosenorth
Honda Avalon,https://www.craigslist.org/view/d/santa-cruz-honda-avalon/mEAjyQEzavcy2dXqJTUfE4,2500,6.0,SantaCruz
Jeep Wrangler Unlimited Rubicon - 2022,https://www.craigslist.org/view/d/rohnert-park-jeep-wrangler-unlimited/ambDcMU4UXMSmDf1wy41gu,33995,40000.0,rohnertpk/cotati
"2005 Honda Accord Ex-L Coupe Sport 2D, Excellent Shape, 4 New Tires",https://www.craigslist.org/view/d/san-jose-2005-honda-accord-ex-coupe/61xtiVDRkxA4hqrd1pofEp,6800,175000.0,sanjosewest
2008 Mercury Grand Marquis Ls - $5800,https://www.craigslist.org/view/d/pleasanton-2008-mercury-grand-marquis/nAJofBRJDSgN7vERQx78tw,5800,150000.0,dublin/pleasanton/livermore
For Sale 1967 Amc Rambler,https://www.craigslist.org/view/d/santa-cruz-for-sale-1967-amc-rambler/d59p1k3YZSodYtjtUFhWcc,1500,200000.0,santacruz
2021 Audi I Q5 Plug-In Hybrid,https://www.craigslist.org/view/d/orinda-2021-audi-q5-plug-in-hybrid/jpLznw9hLrDCgfHkmcMkLF,28800,67000.0,lafayette/orinda/moraga
2014 Mercedes E63S Amg,https://www.craigslist.org/view/d/san-jose-2014-mercedes-e63s-amg/naaTvr9sWBaPJJNstVhyKp,28000,92000.0,SanJose
2016 Ford Explorer Excellent,https://www.craigslist.org/view/d/riverbank-2016-ford-explorer-excellent/jCNjvg2PDgbAs1EeP9NLSr,14750,34000.0,cityofsanfrancisco
2018 Infiniti G50 Luxury,https://www.craigslist.org/view/d/fairfield-2018-infiniti-g50-luxury/6j5HD1wo58ucnJ8z2krZzw,8900,110000.0,fairfield/vacaville
"2005 Toyota Prius (Gen 2) 196K Miles 4Dr Hatchback - $4,000 (Milpitas)",https://www.craigslist.org/view/d/milpitas-2005-toyota-prius-gen-196k/aGrypMUnXTLrrYAfD8fi9C,4000,197000.0,milpitas
2024 Mercedes-Benz Sprinter 2500- Arctic_White,https://www.craigslist.org/view/d/penngrove-2024-mercedes-benz-sprinter/n4fAN5HEPknZjLk6UphN4W,45000,49000.0,petaluma
1998 Land Rover Discovery 1 50Th Anniversary Edition,https://www.craigslist.org/view/d/san-jose-1998-land-rover-discovery-50th/mNTZBmWTKwtNgst8L1uXYQ,13000,152000.0,sanjosedowntown
🔥 2022 Toyota Rav4 Le • 87K Miles • Clean Title • Well Maintained 🔥,https://www.craigslist.org/view/d/fremont-toyota-rav4-le-87k-miles-clean/1YN35J134vh1icdnojNVPW,21800,87000.0,fremont/unioncity/newark
2001 Mitsubishi Montero,https://www.craigslist.org/view/d/pittsburg-2001-mitsubishi-montero/8pmrfQbM52x7ZQkvbxhhrX,1000,250000.0,concord/pleasanthill/martinez
2008 Acura Tl,https://www.craigslist.org/view/d/concord-2008-acura-tl/c18MgT9NEzJ8z6wvFt6XGY,1400,230000.0,Concord
"2002 Lexus Is 300 – 180,000 Miles",https://www.craigslist.org/view/d/milpitas-2002-lexus-is-miles/oRkTDWLkqHotjqMYuriXto,3700,180000.0,milpitas
2014 Bmw 535 D X Drive Awd Diesel 40 Mpg,https://www.craigslist.org/view/d/watsonville-2014-bmw-535-x-drive-awd/jbvA87Q3EStoBi4uQErZ1e,14000,196000.0,laselvabeach
"2006 Toyota Sienna Le For Sale 278K, Not Running. Transmission",https://www.craigslist.org/view/d/concord-2006-toyota-sienna-le-for-sale/1uu8mh1QZVJ9dzMpB8Pk5i,1450,279000.0,concord/pleasanthill/martinez
1997 Ford F150 Xl Step Side Pickup Low Miles,https://www.craigslist.org/view/d/san-jose-1997-ford-f150-xl-step-side/73U6sZwiU2Y72PB2o5rrRD,3100,140000.0,sanjosewest
2005 Chrysler Crossfire Limited Coupe. 108K Miles. Excellent Condition,https://www.craigslist.org/view/d/santa-rosa-2005-chrysler-crossfire/93QCFHKemrFaZHZzbB9dTQ,6000,109000.0,santarosa
2007 Nissam Frontier Xe,https://www.craigslist.org/view/d/cupertino-2007-nissam-frontier-xe/qKbaryEaagGxBQg51kkV5V,2950,225000.0,cupertino
2000 Toyota Mr2 Spyder Manual Transmission,https://www.craigslist.org/view/d/walnut-creek-2000-toyota-mr2-spyder/qS3QS6WKciAsMyu4h8hg9v,6000,111000.0,walnutcreek
"2000 Nissan Quest Gle Minivan (Well Serviced) 156,000 Mile_ 7 Seater",https://www.craigslist.org/view/d/san-jose-2000-nissan-quest-gle-minivan/mbzZfQzRSeWrtnj9KtaU7i,2800,156000.0,sanjosewest
98 Honda Civic,https://www.craigslist.org/view/d/san-pablo-98-honda-civic/tTZv8dQ5BUQdQWYvUsUoeK,2500,205000.0,"hercules,pinole,sanpablo,elsob"
1967 Citroen Diane,https://www.craigslist.org/view/d/walnut-creek-1967-citroen-diane/ryjRDhrTcV75dCpSE5QSJV,25000,2000.0,walnutcreek
2013 2.0 Tsi Turbo Volkswagen Cc,https://www.craigslist.org/view/d/oakland-tsi-turbo-volkswagen-cc/8XX8c85kVXNX6ueaFw4xkf,4200,164000.0,oaklandrockridge/claremont
2019 Chevrolet Silverado 1500 4X4 Ld Work Truck 52K Miles Clean Title,https://www.craigslist.org/view/d/pleasant-hill-2019-chevrolet-silverado/dHUWdmw39iQ4qCKYqjf2TV,19900,52000.0,PleasantHill
2016 Chevrolet Colorado 48K Miles,https://www.craigslist.org/view/d/holt-2016-chevrolet-colorado-48k-miles/uY7v4u2thfURMks6PYwu2T,21500,48000.0,southbayarea
1971 Chevy Monte Carlo -  83K Original Miles !!!,https://www.craigslist.org/view/d/richmond-1971-chevy-monte-carlo-83k/k5jn126aubcj5cAySofNnr,13500,83000.0,"hercules,pinole,sanpablo,elsob"
1987 El Camino,https://www.craigslist.org/view/d/concord-1987-el-camino/cdFahcoXwx69jpQZzRdWN7,13500,50000.0,concord/pleasanthill/martinez
2015 Toyota Sienna Awd Limited 1 Owner 51K Miles,https://www.craigslist.org/view/d/redwood-city-2015-toyota-sienna-awd/wWpUV6bDrejRp1brUNVTea,24800,51000.0,redwoodcity
2015 Nissan Rogue Select,https://www.craigslist.org/view/d/san-leandro-2015-nissan-rogue-select/6qm5zWC7n34ivazw49Jxwf,3950,160000.0,SanLeandro
2008 Honda Civic,https://www.craigslist.org/view/d/emeryville-2008-honda-civic/nDvYxdrJqu267jYXUtSz39,8000,30000.0,eastbayarea
1998 Gmc Savana G3500 Sle  Heavy-Duty 1-Ton Excellent Cargo Van,https://www.craigslist.org/view/d/san-jose-1998-gmc-savana-g3500-sle/kLP5ZfmE11raNgywGCNfGv,7800,171000.0,sanjosewest
1997 Bmw Z3 Mechanics Special,https://www.craigslist.org/view/d/redwood-estates-1997-bmw-z3-mechanics/jHkCh53ATLXEpuuwQbLRk1,500,290000.0,santacruz
2007 Chevrolet Silverado 1500,https://www.craigslist.org/view/d/redwood-city-2007-chevrolet-silverado/hTCBNWReip7crGKZYgnHym,3000,287000.0,RedwoodCity
2020 Ford Ecosport Se Like New Only 25K Miles Must See 12K Obo!,https://www.craigslist.org/view/d/napa-2020-ford-ecosport-se-like-new/qLacuZao8h7DVUg1SaYw5H,12000,26000.0,napacounty
2011 Toyota 4Runner,https://www.craigslist.org/view/d/san-jose-2011-toyota-4runner/kVV5X1LHq87qDdFB27Gqbw,11200,132000.0,SanJose
2003 Toyota Matrix Xr5 Package 4X4 Awd Gas Saver 1Owner Low Miles,https://www.craigslist.org/view/d/san-francisco-2003-toyota-matrix-xr5/w5nNj6tp4o4wygo4cg7AXF,3500,160000.0,SanFrancisco
Toyota Tacoma 2005 4X4,https://www.craigslist.org/view/d/san-jose-toyota-tacoma-x4/qc8aERjit49o24aN5SS13u,11500,138000.0,SanJose
2005 Chrysler 300C Hemi,https://www.craigslist.org/view/d/vallejo-2005-chrysler-300c-hemi/vkv2Jvfcxo2TVfCATtoin3,6500,90000.0,vallejo/benicia
1999 Ford F-150 Clean Title,https://www.craigslist.org/view/d/concord-1999-ford-150-clean-title/5aR6UdfUS9ZbXFPKZfBLLc,4200,192000.0,concord/pleasanthill/martinez
2005 Toyota Corolla,https://www.craigslist.org/view/d/santa-cruz-2005-toyota-corolla/fsCa413vX7YbxuuZ3p32Wr,1,188000.0,santacruz
2013 Audi Q5,https://www.craigslist.org/view/d/san-rafael-2013-audi-q5/1Z9CTMRVvH3hTrxsjdoZUM,6700,99000.0,sanrafael
2007 Toyota Prius,https://www.craigslist.org/view/d/vallejo-2007-toyota-prius/rWBr9jCEdQX1WC5rRcVE5y,2900,160000.0,vallejo/benicia
2007 Lexus Is 250,https://www.craigslist.org/view/d/san-francisco-2007-lexus-is-250/omhfQVJe1C1ZLJUaRbr6ym,3800,2012.0,bayview
2002 Saturn L300,https://www.craigslist.org/view/d/oakland-2002-saturn-l300/2ayuoMeQS1pHRDbq3MW7EE,2600,137000.0,berkeley
2007 Honda Civic Hybrid,https://www.craigslist.org/view/d/alameda-2007-honda-civic-hybrid/goMELEWoL9BvA7pSctrWrx,5500,150000.0,alameda
Ford F150 Eco Boost 2016,https://www.craigslist.org/view/d/san-jose-ford-f150-eco-boost-2016/7B4rJneGATJ3io8HmXMqFF,11000,115000.0,SanJose
Toyota Camry 2012,https://www.craigslist.org/view/d/san-jose-toyota-camry-2012/7EhfmC3mWzPkB1PAUEXwrh,5800,153000.0,SanJose
2011 Lexus Lx570 Suv *Fully Loaded* 158K - Like Toyota Land Cruiser,https://www.craigslist.org/view/d/novato-2011-lexus-lx570-suv-fully/qm6a1sroHVVBYh5oEFeytV,17800,159000.0,novato
2016 Honda Pilot Elite (62000 Miles),https://www.craigslist.org/view/d/san-jose-2016-honda-pilot-elite-miles/ssMFUgDAduh6ojRiqQvexc,18500,62000.0,SanJose
2013 Honda Fit,https://www.craigslist.org/view/d/san-francisco-2013-honda-fit/3AZyXfqA7rfjMaM4z9kzoy,1500,230000.0,marina/cowhollow
2007 Es350 Lexus,https://www.craigslist.org/view/d/cloverdale-2007-es350-lexus/cHs6sr533CkHism7gAs27K,5800,214000.0,sonoma
1998 Honda Accord,https://www.craigslist.org/view/d/santa-rosa-1998-honda-accord/t4fKx82w2YtqwYHtvW3Cun,2500,170000.0,novato
2015 Toyota Prius,https://www.craigslist.org/view/d/san-francisco-2015-toyota-prius/vTRkz1zSL1QZ5ti7wttmm1,5000,200000.0,castro/uppermarket
"2021 Ford Transit Connect Xlt Cargo Van With Only 86,500 Miles",https://www.craigslist.org/view/d/walnut-creek-2021-ford-transit-connect/w6gPgJMVaFbPFFTzbJtGBp,15900,87000.0,walnutcreek
2008 Honda Fit,https://www.craigslist.org/view/d/millbrae-2008-honda-fit/8RrZfYz5xkG3xAnm28HpHR,2300,197000.0,millbrae
1995 Chevy Silverado,https://www.craigslist.org/view/d/hayward-1995-chevy-silverado/jCaAcaBy5hK825m944Qi4q,10000,96000.0,hayward/castrovalley
2015 Ford Transit 250 Van Low Roof W/Sliding Side Door,https://www.craigslist.org/view/d/vineburg-2015-ford-transit-250-van-low/uUVH4RiFLnBFjrP98hus4n,7500,209000.0,sonoma
"1994 Toyota 4Runner Sr5. ...$1,600..Mechanic Special.",https://www.craigslist.org/view/d/san-jose-1994-toyota-4runner-sr5/qqwUdkeEFPNi4xtyBP9ZYA,1600,264000.0,SanJose
2005 Chevrolet Suburban Z71 2Wd,https://www.craigslist.org/view/d/scotts-valley-2005-chevrolet-suburban/gujJrwuH9mAMwBwCzP23fp,6500,219000.0,scottsvalley
Stock Acura Rsx Rims + Tires,https://www.craigslist.org/view/d/concord-stock-acura-rsx-rims-tires/qt74EaMaA8dRAyf1UxTfUW,600,10000.0,Concord
2008 Toyota Rav4,https://www.craigslist.org/view/d/pleasanton-2008-toyota-rav4/mTy4Q5fymF7qn8gbBHxQ4C,4999,144000.0,dublin/pleasanton/livermore
2011 Nissan Leaf Sl – Commuter Special,https://www.craigslist.org/view/d/los-altos-2011-nissan-leaf-sl-commuter/pU1wE4TfTGpFaFXsdYewtE,2200,51000.0,cupertino
Gmc  G3500 97' Box Truck,https://www.craigslist.org/view/d/santa-cruz-gmc-box-truck/hUi5Wa8N4NoVv49oZZfvcD,4200,129000.0,santacruz
2009 Nissan Xterra Se Sport Utility 4 By 4,https://www.craigslist.org/view/d/burlingame-2009-nissan-xterra-se-sport/433ZWyE6bbcUCcGREEU7on,12500,66000.0,sanmateo
2011 Infiniti G37S,https://www.craigslist.org/view/d/burlingame-2011-infiniti-g37s/jpXGKaARAQ14nX3prL5yE5,9500,98000.0,sanmateo
2021 Jeep Gladiator California Edition. Like New Condition,https://www.craigslist.org/view/d/napa-2021-jeep-gladiator-california/t1b5bQUBXfM6qCuEnn2Ed6,29888,30000.0,Napa
2016 Gmc Sierra Hd 2500,https://www.craigslist.org/view/d/concord-2016-gmc-sierra-hd-2500/xownjUigiU4aHNqavWuUUx,16500,125000.0,Concord
2004 Nissan. 350Z,https://www.craigslist.org/view/d/burlingame-2004-nissan-350z/kJcSRS5yUBYJ1p8xTn9pgw,5500,168000.0,burlingame
"1996 Jeep Grand Cherokee Laredo, White",https://www.craigslist.org/view/d/palo-alto-1996-jeep-grand-cherokee/aiVp6Svne12bBBbQ7WQSm8,2995,327000.0,paloalto
"Toyota Tundra Sr5 Stepside 4X4 Trd Off Road - Low Mileage, Clean Title",https://www.craigslist.org/view/d/campbell-toyota-tundra-sr5-stepside-4x4/1iAGCfSTpv26FUrvGHtBhG,15700,148000.0,campbell
2013 Honda Civic Lx Sedan 4D,https://www.craigslist.org/view/d/castro-valley-2013-honda-civic-lx-sedan/tmr5LUxxzx9QiXA1ErZPUr,7000,219000.0,oaklandhills/mills
2006 Ford E 150 Econoline For Sale,https://www.craigslist.org/view/d/pacifica-2006-ford-150-econoline-for/8up5YryE6LgB1xEBTPXVaA,5500,265000.0,pacifica
2020 Chevrolet Spark [51000 Miles],https://www.craigslist.org/view/d/santa-clara-2020-chevrolet-spark-miles/qZay7kmqhsVE28pYYfauQT,12000,51000.0,sanjosenorth
Acura Tl,https://www.craigslist.org/view/d/san-jose-acura-tl/sYCYvoy7N6GGxF8TtMhwgx,4650,172000.0,sanjosesouth
1991 Chevrolet S10 Pickup,https://www.craigslist.org/view/d/san-jose-1991-chevrolet-s10-pickup/hNRuJEBQKdsyk96cKx9ZvX,650,104000.0,SanJose
2005 Mercedes-Benz E320 Cdi Turbo Diesel – Clean Title – Well Maintain,https://www.craigslist.org/view/d/hayward-2005-mercedes-benz-e320-cdi/oKkFSqsRgcuAQgBC7tdsP3,7300,240000.0,alameda
"Tesla Model S Long Range  - Like New W/ 38,795 Miles",https://www.craigslist.org/view/d/san-ramon-tesla-model-long-range-like/gTcaoP6B6F2rbUVZj8DMsF,42900,39000.0,danville/sanramon
2014 Hyundai Elantra,https://www.craigslist.org/view/d/modesto-2014-hyundai-elantra/uwTceBJb6nRJ5nRYGFRDjd,7500,109000.0,Modesto
"2009 Ford E150 Van- $13,500 Obo",https://www.craigslist.org/view/d/petaluma-2009-ford-e150-van-obo/vRdtEN8Hoicr4hZ2ahEnBW,11500,68000.0,sanrafael
2008 Lexus Ls 460 Clean Title Only 125K Miles Automatic Ls460,https://www.craigslist.org/view/d/hayward-2008-lexus-ls-460-clean-title/jWxD79h812Azch7Ebw9FFn,6950,125000.0,hayward/castrovalley
2019 Ford Fusion Hybrid Se Clean Title Gas Saver Automatic Prius,https://www.craigslist.org/view/d/hayward-2019-ford-fusion-hybrid-se/waBn86R1QRxryAgbg6Y3vw,8500,128000.0,hayward/castrovalley
2018 Bmw X1 Xdrive28I Clean Title Awd Gas Saver Automatic X3,https://www.craigslist.org/view/d/hayward-2018-bmw-x1-xdrive28i-clean/4F5fp9LiXYXaxLByUbb2ZY,8900,126000.0,hayward/castrovalley
2011 Mazda Suv,https://www.craigslist.org/view/d/san-pablo-2011-mazda-suv/bE9q1iGFZxEV4FTfdGggcj,3500,180000.0,"hercules,pinole,sanpablo,elsob"
2002 Ford F-150 Supercrew Cab Xlt - Clean Title - Passed Smog,https://www.craigslist.org/view/d/oakland-2002-ford-150-supercrew-cab-xlt/rySKwXvnkBmBPaJSjin52z,4900,203000.0,concord/pleasanthill/martinez
2015 Toyota Yaris For Sale,https://www.craigslist.org/view/d/walnut-creek-2015-toyota-yaris-for-sale/3k4Swyw7ji2cvcHzvZsJYH,9800,73000.0,WalnutCreek
Chevy Savannah,https://www.craigslist.org/view/d/vallejo-chevy-savannah/3n1Uzv2L8RWnsZLsS1dwJG,6000,140000.0,eastbayarea
2018 Nissan Sentra Sv,https://www.craigslist.org/view/d/santa-rosa-2018-nissan-sentra-sv/dXAHPuQdJVtN2GranuHrLk,7500,60000.0,SantaRosa
1998 Toyota T-100 Xtracab Sr5,https://www.craigslist.org/view/d/novato-1998-toyota-100-xtracab-sr5/gqTRadYzyTdhEYYDhZ6kzR,9900,210000.0,novato
2005 Ford Expedition,https://www.craigslist.org/view/d/oakland-2005-ford-expedition/rW2N7qYLJ21MpMFzcsB4W8,2900,248000.0,oaklandnorth/temescal
1996 Dodge Ram 1 Owner,https://www.craigslist.org/view/d/castro-valley-1996-dodge-ram-owner/kmkUpnES4BQMgUQXEdBR9v,7500,80000.0,Hayward
2002 Lexus Is300 Factory Manual,https://www.craigslist.org/view/d/oakland-2002-lexus-is300-factory-manual/wjg5LQJQVYocq7W5GP7d7Z,7000,190000.0,Oakland
Bmw Car,https://www.craigslist.org/view/d/hayward-bmw-car/mfhYkhqTBQKVNSuYf6aKvh,8500,120000.0,Hayward
Lexus Es 330,https://www.craigslist.org/view/d/san-jose-lexus-es-330/39jbjX1WCyGsTty1VtPXt4,5495,176000.0,sanjosenorth
2007 Chevrolet Silverado 1500 Crew Cab Lt - Clean Title,https://www.craigslist.org/view/d/oakland-2007-chevrolet-silverado-1500/mmjdxC3DGvryKu2z9eubGE,8000,216000.0,concord/pleasanthill/martinez
1990 Ford F-250 Xlt Lariat Extra Cab 7.3 Diesel 5 Speed Manual 4X4,https://www.craigslist.org/view/d/antioch-1990-ford-250-xlt-lariat-extra/xfH38VVWEMTASLizu1kcNr,5800,149000.0,pittsburg/antioch
Selling My 2018 Toyota Tundra Truck In Great Condition,https://www.craigslist.org/view/d/san-jose-selling-my-2018-toyota-tundra/pJ8s3SsMKmZ81FTiSfe7gQ,15800,110000.0,southbayarea
2001 Mercedes Benz S500,https://www.craigslist.org/view/d/half-moon-bay-2001-mercedes-benz-s500/sJ7yoF8V3ziuE8aFH3BaHz,7800,140000.0,halfmoonbay
2014 Honda Crv Lx Sport Utility 2D,https://www.craigslist.org/view/d/berkeley-2014-honda-crv-lx-sport/sgfqNKtmS9Pnv8Q2jqbxWJ,7999,185000.0,berkeley
"2007 Toyota Camry Hybrid Sedan, 40 Mpg Great Commuter, Clean Title",https://www.craigslist.org/view/d/san-jose-2007-toyota-camry-hybrid-sedan/ucPazV3bexQJh6UdiTH4gg,6800,168000.0,sanjosewest
2021 Honda Civic Lx,https://www.craigslist.org/view/d/san-francisco-2021-honda-civic-lx/uJhuqRocKJjbeRh5iJR4yM,15500,39000.0,visitacionvalley
2011 Bmw X3  Honda Toyota Lexus Infiniti Chevy Nissan,https://www.craigslist.org/view/d/san-leandro-2011-bmw-x3-honda-toyota/x6u7dpDyd6qLn3yJi8ksqu,4600,153000.0,sanleandro
Hyundai Ioniq 9 2026 Sel Awd,https://www.craigslist.org/view/d/mountain-view-hyundai-ioniq-sel-awd/m7b8QugyoqJ5owuQJ1oHho,54000,4500.0,mountainview
2011 Ford Edge Sel,https://www.craigslist.org/view/d/pleasanton-2011-ford-edge-sel/fM9mqgnTwmTaeNN4yVrpXh,6900,118000.0,Pleasanton
2006 Pontiac Vibe Gt,https://www.craigslist.org/view/d/pleasanton-2006-pontiac-vibe-gt/wD1YtarFD4n8393Cg4B68N,3000,198000.0,Pleasanton
2005 Volkswagen Gti For Parts/Project,https://www.craigslist.org/view/d/vallejo-2005-volkswagen-gti-for-parts/i56qYviTCEBtQbvJLf5Sp8,2500,231000.0,vallejo/benicia
2021 Volkswagen Passat R-Line,https://www.craigslist.org/view/d/berkeley-2021-volkswagen-passat-line/15wL1zw5jHvdjWw7RLNMvA,10000,107000.0,Berkeley
1995 Mazda Miata,https://www.craigslist.org/view/d/san-carlos-1995-mazda-miata/wPK8DRx7v2bRAXQiye6PBk,7800,129000.0,sancarlos
"2005 Honda Accord, Runs Great",https://www.craigslist.org/view/d/campbell-2005-honda-accord-runs-great/7KZGK37h18FJfbtpewQjtt,3700,206000.0,sanjosewest
"2013 Land Rover Range Rover Hse | 48K Miles, Extended Warranty",https://www.craigslist.org/view/d/santa-rosa-2013-land-rover-range-rover/nK6F26QB8UqMQpduSXMD5Z,32000,49000.0,santarosa
Dodge Ram 1500,https://www.craigslist.org/view/d/santa-rosa-dodge-ram-1500/hQMBQdsR9W1vXHpGX9p5Rm,4800,172000.0,santarosa
"2003 Nissan Xterra 4X4 ""Runs Great! Current Tags And Smog!""",https://www.craigslist.org/view/d/berkeley-2003-nissan-xterra-4x4-runs/dfn3NaVB169xL17yehHYCJ,2999,242000.0,Berkeley
Toyota Corolla Le 2010,https://www.craigslist.org/view/d/san-francisco-toyota-corolla-le-2010/kLwTyY7Nvsq8csQehhk49u,5000,216000.0,SanFrancisco
"2005 Toyota Solara Convertible, Good Condition",https://www.craigslist.org/view/d/san-francisco-2005-toyota-solara/9c6GBx5QHj3FTNeHk8wTe3,5700,196000.0,lowerpachts
💪 ( Saleen Mustang Gt Convertible),https://www.craigslist.org/view/d/atherton-saleen-mustang-gt-convertible/6wbuTy3FDks9UeY48VWVFw,9900,59000.0,Atherton
2015 Mercedes Benz Gla 250 4Matic Awd,https://www.craigslist.org/view/d/los-altos-2015-mercedes-benz-gla-250/kKxWJsk5YzWHRX5RUsr4BU,12500,86000.0,LosAltos
Toyota Solara,https://www.craigslist.org/view/d/hayward-toyota-solara/eMzUG9aNhptpd2FXnr7sgL,3000,135000.0,Hayward
2004 4Runner,https://www.craigslist.org/view/d/fremont-runner/87BEEK2weHgGN74Rqg4q2d,5000,279000.0,Fremont
1930 Model A Sedan Very Cool Car,https://www.craigslist.org/view/d/port-costa-1930-model-sedan-very-cool/kuWa2ZCvKFCQgDuuLgRC6N,14000,4.0,vallejo/benicia
2005 Infiniti G35*****Look******,https://www.craigslist.org/view/d/novato-2005-infiniti-g35look/iFax6qrm9tTuSpDZdNZWjS,2500,259000.0,novato
Miata 1995 Manual 5 Speed,https://www.craigslist.org/view/d/south-san-francisco-miata-1995-manual/bxwEGt7ATnbEPvy5Kas4we,4800,198000.0,southbayarea
2013 Nissan Pathfinder,https://www.craigslist.org/view/d/livermore-2013-nissan-pathfinder/oWePDwjKBwQzP2aFMjm7wH,6500,128000.0,dublin/pleasanton/livermore
2009 Ford F-250 Xl With Hydraulic Dump Bed,https://www.craigslist.org/view/d/san-anselmo-2009-ford-250-xl-with/dEF2b8eVzzWA8QWqbBBW8Z,17500,60000.0,SanAnselmo
2007 Acura Rdx Sh-Awd Turbo,https://www.craigslist.org/view/d/moraga-2007-acura-rdx-sh-awd-turbo/a6UMu6RMrt9BbVSWBxTgvi,6888,106000.0,lafayette/orinda/moraga
Rv - Forest River Sunseeker 2021,https://www.craigslist.org/view/d/gilroy-rv-forest-river-sunseeker-2021/wco9peUA6E1kc2KUNQypP7,65000,16000.0,gilroy
2005 Acura Mdx For Sale,https://www.craigslist.org/view/d/martinez-2005-acura-mdx-for-sale/akHa4B3C5mc7FWroNMS34z,2000,156000.0,Martinez/Concord
"2015 Hyundai Elantra Se;74K Miles, 'Mechanic Special' -Drives, 2027Reg",https://www.craigslist.org/view/d/san-bruno-2015-hyundai-elantra-se74k/bBhuXkjixt5qiSJc1QM5Fd,6850,74000.0,burlingame
2015 Toyota Corolla Le Eco,https://www.craigslist.org/view/d/sunnyvale-2015-toyota-corolla-le-eco/3SMvkUT9GZgHR4Jx5KnJS3,11800,74000.0,sunnyvale
2006 Subaru Legacy Awd,https://www.craigslist.org/view/d/moraga-2006-subaru-legacy-awd/joLyv4CNViPxyQXkUEXAor,4100,115000.0,lafayette/orinda/moraga
2018 Chevrolet Tahoe 4X4 - Low Mileage,https://www.craigslist.org/view/d/sunnyvale-2018-chevrolet-tahoe-4x4-low/6mGuV8mq1BKtVGyG745kNq,14700,129000.0,sunnyvale
2017 Bmw 330I Sport Package Clean Title,https://www.craigslist.org/view/d/mountain-view-2017-bmw-330i-sport/pbAtZxqzWgrnoWgHLJTL1u,5500,150000.0,mountainview
"2008,Bmw 328,I,Clean Title,Current Reg,Smog,Miles,142,K",https://www.craigslist.org/view/d/hercules-2008bmw-328iclean-titlecurrent/6uaTmC1uhva8FiMNWxfadg,3450,142000.0,Hercules
2005 Toyota 4Runner Sr5 4Wd,https://www.craigslist.org/view/d/sunnyvale-2005-toyota-4runner-sr5-4wd/eeRJx7zYhj2waVZ1nr8o6f,8800,238000.0,santaclara
2008 Toyota Prius,https://www.craigslist.org/view/d/san-jose-2008-toyota-prius/c1tWrUVwRE7QDQLLCkdocu,300,281000.0,SanJose
2013 Porsche 911 Carerra Cabriolet (Convertible),https://www.craigslist.org/view/d/san-mateo-2013-porsche-911-carerra/gi1UhSHT6Tw7b263fgGetR,54500,83000.0,fostercity
2001 Jeep Cherokee Xj,https://www.craigslist.org/view/d/martinez-2001-jeep-cherokee-xj/66ZmDnai4icshx2GgLcJV7,8000,127000.0,concord/pleasanthill/martinez
2007 Gmc Sierra,https://www.craigslist.org/view/d/mountain-view-2007-gmc-sierra/8mNNpEp8K3Pvd1QYvi3ShW,7500,182000.0,mountainview
2004 Acura Mdx Awd Suv,https://www.craigslist.org/view/d/burlingame-2004-acura-mdx-awd-suv/oJVLLsss4k2yFyeqzo4Hvy,2700,213000.0,burlingame
2000 7.3 F250 4X4,https://www.craigslist.org/view/d/gerber-f250-4x4/4UaVumqHkyFruRfxpZ57Ln,8700,307000.0,campbell
2013 528 Xdrive,https://www.craigslist.org/view/d/mountain-view-xdrive/otE6s3qecDaUK1L882VDTy,8500,88000.0,mountainview
2016 Mazda Cx-5 Sport Awd Automatic 4 Door Very Good Cond 144K,https://www.craigslist.org/view/d/pleasanton-2016-mazda-cx-sport-awd/2997RojrytXGi6SDJ52sMh,8500,144000.0,dublin/pleasanton/livermore
2016 Land Rover Hse Td6,https://www.craigslist.org/view/d/sunnyvale-2016-land-rover-hse-td6/bZ3MneEkduQvag5H9XzeCU,11000,140000.0,sunnyvale
Flexible Monthly Vehicle Lease Available As Low As $650 Per Month,https://www.craigslist.org/view/d/stanford-flexible-monthly-vehicle-lease/wq7uw5n7xyuAGRxHxCvbjk,650,40000.0,mountainview
2011 Volvo C30,https://www.craigslist.org/view/d/pacifica-2011-volvo-c30/kVpkqNJSqhgPp1sRdhwrFu,7300,66000.0,pacifica
2012 Range Rover Sport Hse,https://www.craigslist.org/view/d/mount-hermon-2012-range-rover-sport-hse/6AeCavTcqVJVLwT8G6Bg77,8500,97000.0,scottsvalley
2007 Chevrolet Avalanche Ltz 4X4 – Well Maintained & Smog Passed,https://www.craigslist.org/view/d/campbell-2007-chevrolet-avalanche-ltz/6kv5ADP4tvcnZ5z4NxM1gJ,8800,150000.0,campbell
2014 Mercedes-Benz E350 Sport Sedan Clean Title Low Very Miles,https://www.craigslist.org/view/d/campbell-2014-mercedes-benz-e350-sport/2rF9y9esmqd95Jw9cK3LE3,12400,60000.0,losgatos
2002 Toyota Sequoia Sr5 - Strong & Reliable Suv Clean Title,https://www.craigslist.org/view/d/campbell-2002-toyota-sequoia-sr5-strong/3kYEu2tCL5YrmpJfEZGi13,6100,159000.0,campbell
"🔥 2017 Lexus Ct 200H Hybrid – Only 46,624 Miles 🔥Clean Title",https://www.craigslist.org/view/d/campbell-lexus-ct-200h-hybrid-only/pVhHVxZ5Z6JMFRkNdaPkME,19300,46000.0,campbell
2005 Toyota Tundra Sr5 Extended Cab Pickup Clean Title,https://www.craigslist.org/view/d/campbell-2005-toyota-tundra-sr5/3QejrNWKUN73YgL8XghU9m,10900,141000.0,campbell
"2008 Ford F-150 Stx Regular Cab – 5-Speed Manual – Only 70,214 Origina",https://www.craigslist.org/view/d/campbell-2008-ford-150-stx-regular-cab/sfgJCM2n6piPbn9aXPKNEt,8200,70000.0,campbell
2005 Lexus Is 300 Smog Passed Clean Title,https://www.craigslist.org/view/d/campbell-2005-lexus-is-300-smog-passed/qT3WMMkwWrRnLckE9tS6N2,7800,169000.0,campbell
2004 Chevrolet Avalanche 1500 Clean Title Smog Passed,https://www.craigslist.org/view/d/los-gatos-2004-chevrolet-avalanche-1500/7cGicEmkRMn69STmc2s6zh,5900,172000.0,campbell
2009 Lexus Is 250 – Clean Title – Only 106K Miles,https://www.craigslist.org/view/d/campbell-2009-lexus-is-250-clean-title/kZ52PTcqFnQgVRh3ZNT1La,10300,106000.0,campbell
2008 Toyota Tacoma Prerunner V6 – Reliable Daily Driver – Runs Great,https://www.craigslist.org/view/d/los-gatos-2008-toyota-tacoma-prerunner/2cdViKsxbhJKU9VhpY6qPB,10300,205000.0,losgatos
2005 Toyota Tundra Sr5 – Clean Title,https://www.craigslist.org/view/d/campbell-2005-toyota-tundra-sr5-clean/pmCVYh4rQL3kurXi8T99fS,9300,176000.0,Campbell
2004 V70R 235K. S60R And M66 Also Included. Manual Swap,https://www.craigslist.org/view/d/los-gatos-2004-v70r-235k-s60r-and-m66/6BGgYAGPQ1bSgpNnpBEDvT,3950,235000.0,losgatos
2009 Toyota Highlander Limited Awd – Reliable V6 – Family Suv,https://www.craigslist.org/view/d/san-jose-2009-toyota-highlander-limited/6BjDpL1feRbeK1SeN6pusy,9700,156000.0,SanJose
2020 Metris Getaway Van,https://www.craigslist.org/view/d/walnut-creek-2020-metris-getaway-van/8SZBy4pHyD2X8ABDax3od9,65000,25000.0,walnutcreek
2010 Kia Forte Ex - 119K Miles - Clean Title - New Tires/Battery,https://www.craigslist.org/view/d/fremont-2010-kia-forte-ex-119k-miles/25zHWKYbqNrAAw9swQS71W,4900,119000.0,fremont/unioncity/newark
1995 Chevrolet 1500 W/T Silverado,https://www.craigslist.org/view/d/san-anselmo-1995-chevrolet-1500-t/bSoJ7mAUzGpvd3wYu7Wncu,4500,65000.0,sananselmo
2017 Ford Fusion Se  Awd,https://www.craigslist.org/view/d/pleasant-hill-2017-ford-fusion-se-awd/rLbUYB86uGJ4y9sF7VogGJ,8700,109000.0,pittsburg/antioch
"For Sale: Exceptional 2024 Jaguar F-Pace Turbo Sport, Awd, Low Miles",https://www.craigslist.org/view/d/kentfield-for-sale-exceptional-2024/wMxZK7bnkLxn7vBpWHbF58,49000,11000.0,sanrafael
Mercury Monterey,https://www.craigslist.org/view/d/daly-city-mercury-monterey/e1CrvdMtb9JLKsP377bvKi,8600,36000.0,dalycity
2008 Hyundai Accent 103K,https://www.craigslist.org/view/d/fremont-2008-hyundai-accent-103k/7CxNa3ypChYBQkqsmgwqWi,3500,103000.0,fremont/unioncity/newark
2010 Ford Expedition Eddie Bauer 4X4,https://www.craigslist.org/view/d/san-lorenzo-2010-ford-expedition-eddie/1M8o7eNMbBCZ56EqL3iwjJ,5800,169000.0,sanleandro
2010 Volvo S40 2.4I,https://www.craigslist.org/view/d/fremont-2010-volvo-s40-24i/ffwPzTGLqhHc5dLexTXPh2,2900,149000.0,fremont/unioncity/newark
2011 Mercedes Benz C300 Sports-Sedan W/Clean Title - Runs Excellent!!,https://www.craigslist.org/view/d/brentwood-2011-mercedes-benz-c300/miGVihbFqJzH5mgG3AxPzV,2900,219000.0,brentwood/oakley
2010 Toyota Rav4,https://www.craigslist.org/view/d/pinole-2010-toyota-rav4/pn6LRq4jGNmcGEk5F1bREb,8750,134000.0,"hercules,pinole,sanpablo,elsob"
2006 Toyota Corolla S,https://www.craigslist.org/view/d/pinole-2006-toyota-corolla/5wNg3efrrReMs767HUJ69C,3750,195000.0,"hercules,pinole,sanpablo,elsob"
2013 Volskwagen Jetta Sportwagon Tdi,https://www.craigslist.org/view/d/santa-cruz-2013-volskwagen-jetta/aLbd2DkJj1tsP14jkX21sD,5250,165000.0,SantaCruz
1999 Land Rover Discovery Ii,https://www.craigslist.org/view/d/san-jose-1999-land-rover-discovery-ii/3EkiVzVGZVDgRbP8qYvhSB,9800,150000.0,SanJose
2004 Gmc Yukon Denali Awd,https://www.craigslist.org/view/d/san-jose-2004-gmc-yukon-denali-awd/6fUWhFQXeGXt8WHzPeKNrZ,7950,155000.0,sanjosewest
2013 Honda Accord V6 Ex-L,https://www.craigslist.org/view/d/san-jose-2013-honda-accord-v6-ex/uuiLUMFzLcVnNXLtthHnQm,16000,97000.0,sanjosesouth
2010 Nissan Armada 2Wd,https://www.craigslist.org/view/d/antioch-2010-nissan-armada-2wd/qnv4wVr6oqGBRcMDBMrJRx,2300,225000.0,Antioch
2013 Bmw X1 - 87K Miles - (X-Drive35I) 6-Cylinder - (Turbo-Charged),https://www.craigslist.org/view/d/brentwood-2013-bmw-x1-87k-miles/1f93ppF5kEFmtUsZtw6zW6,4900,87000.0,brentwood/oakley
2012 Ford Focus For Sale,https://www.craigslist.org/view/d/san-francisco-2012-ford-focus-for-sale/jqKhocSuQALMW1imUZVSYk,5000,83000.0,castro/uppermarket
Bmw 2014 X1 4 Cylinders,https://www.craigslist.org/view/d/san-leandro-bmw-2014-x1-cylinders/91MrSTQc6rjzpqJMfBzRaQ,5500,183000.0,sanleandro
2007 Acura Tsx,https://www.craigslist.org/view/d/redwood-city-2007-acura-tsx/uWnQC9yzquh5FRNDFN96Gs,3850,207000.0,redwoodcity
2013 Ford Edge Sel- Great Condition!,https://www.craigslist.org/view/d/san-jose-2013-ford-edge-sel-great/pkCBiLkhJnjb8ibwBbMbd6,6100,178000.0,willowglen/cambrian
2013 Mercedes Sprinter,https://www.craigslist.org/view/d/pittsburg-2013-mercedes-sprinter/kA5mwz9D2ZnBTVUVdDL4uX,38500,113000.0,concord/pleasanthill/martinez
2003 Honda Civic Hybrid,https://www.craigslist.org/view/d/santa-rosa-2003-honda-civic-hybrid/poDQ58U3ZinmGWvR3PMDCn,2800,384000.0,SantaRosa
2007 Gmc Yukon Flex Fuel,https://www.craigslist.org/view/d/brentwood-2007-gmc-yukon-flex-fuel/cAeKcZwQGCgWqpkCMV3BD5,2000,231000.0,Brentwood
2008 Mitsubishi Eclipse Clean Title Grate Condition Pass Smog,https://www.craigslist.org/view/d/san-jose-2008-mitsubishi-eclipse-clean/79eno45EogY6htgf1isAdb,4295,144000.0,sanjosewest
1995 Dodge Viper,https://www.craigslist.org/view/d/concord-1995-dodge-viper/eA53nHxqwsY1VNUvXVBwHR,37500,30000.0,walnutcreek
"2001 Audi Tt Quattro Roadster – 6-Speed Manual – Rare Green – 97,400 M",https://www.craigslist.org/view/d/san-francisco-2001-audi-tt-quattro/oEDL4eX6wJ49AoAo8oUvhH,8400,97000.0,castro/uppermarket
2015 Nissan Altima,https://www.craigslist.org/view/d/santa-clara-2015-nissan-altima/gnURZWXk7hKxqzjZdN8vvG,2400,150000.0,SantaClara
Ed P.,https://www.craigslist.org/view/d/santa-cruz-ed/9fxv9UAKsWiA9PT7j9iZnA,5900,115000.0,santacruz
2020 Toyota Corolla Le Low Miles Clean Title Smog Passed,https://www.craigslist.org/view/d/los-gatos-2020-toyota-corolla-le-low/6sdSfCgXospRs7dishJbtr,16500,66000.0,LosGatos
2013 Jeep Wrangler Unlimited Sahara 4X4 Hard Top,https://www.craigslist.org/view/d/campbell-2013-jeep-wrangler-unlimited/ukRhdoxX9H3fCfGgvv87CA,13500,120000.0,campbell
2006 Infiniti G35 Coupe Low Miles Clean Title One Owner Smog Passed,https://www.craigslist.org/view/d/los-gatos-2006-infiniti-g35-coupe-low/orfos9zmxsitx54r5awpcF,9500,70000.0,LosGatos
2020 Nissan Frontier Sv ( Very Low Mile  50K ),https://www.craigslist.org/view/d/campbell-2020-nissan-frontier-sv-very/2B98Wz55mX6QTahBf64xH7,18500,50000.0,campbell
2018 Audi Q5 Premium (64000 Miles),https://www.craigslist.org/view/d/san-jose-2018-audi-q5-premium-miles/uFRoEkdCwH8mHh7tCRwFeu,16500,64000.0,SanJose
"2017 Honda Civic Ex With Start/Stop, 62K Low Mileage",https://www.craigslist.org/view/d/hayward-2017-honda-civic-ex-with-start/7wugPFWCWWJHDees8PUHi7,17300,63000.0,hayward/castrovalley
"2015 Mazda Cx5 Touring, 95K Low Mileage",https://www.craigslist.org/view/d/hayward-2015-mazda-cx5-touring-95k-low/pdc2Tm18o1QACKaUm2MBwS,11900,96000.0,hayward/castrovalley
2018 Honda Civic Sport  4 Door Hatchback,https://www.craigslist.org/view/d/campbell-2018-honda-civic-sport-door/rYuLzPVPBtvKTbTyc6aPQY,12400,126000.0,campbell
"2013 Chevrolet Cruze 1Ls, Clean Title",https://www.craigslist.org/view/d/hayward-2013-chevrolet-cruze-1ls-clean/dkx19tgpFzdjptSfmWSeXN,3800,160000.0,hayward/castrovalley
2008 Honda Cr-V Ex-L  ( 1 - Owner) 4X4 93K,https://www.craigslist.org/view/d/campbell-2008-honda-cr-ex-owner-4x4-93k/ra6WnMFebRPqJDbYjB7VPK,9300,93000.0,campbell
Toyota Rav4 Beautiful Condition Low Miles,https://www.craigslist.org/view/d/san-rafael-toyota-rav4-beautiful/ia5BaW7gvtpY3ygWMY9vQ4,9200,143000.0,sanrafael
"2009 Honda Civic Ex - 93K Miles, 1 Owner",https://www.craigslist.org/view/d/santa-clara-2009-honda-civic-ex-93k/avuaJTszuBi6W2eUbeHpcC,9500,93000.0,santaclara
2026 Volvo Ex40 - Private Party Discount,https://www.craigslist.org/view/d/santa-cruz-2026-volvo-ex40-private/w5DuRDYsfkiXV193Ddc3XC,44000,8500.0,santacruz
Super Clean 2009 Landcruiser For Sale,https://www.craigslist.org/view/d/greenbrae-super-clean-2009-landcruiser/ngbQ3CtuD3FXZPuY3EpjHJ,21950,247000.0,Greenbrae
2015 Mustang Ecoboost,https://www.craigslist.org/view/d/pleasant-hill-2015-mustang-ecoboost/xjRxUvNN4dpw2ur81M2D9F,8500,140000.0,concord/pleasanthill/martinez
2003 Honda Crv,https://www.craigslist.org/view/d/santa-cruz-2003-honda-crv/gd9umziKnTyJcJRkG4maZu,1400,180000.0,santacruz
2002 Bmw 7 Series 745Li -  Low Mileage / 90K,https://www.craigslist.org/view/d/hayward-2002-bmw-series-745li-low/sYERvw8hcULU4tTg2wFabV,6400,90000.0,hayward/castrovalley
2010 Nissan Frontier Se,https://www.craigslist.org/view/d/santa-rosa-2010-nissan-frontier-se/9kb9xT3f7CoutPgWDevYZc,8800,192000.0,santarosa
"$1,500 Down Payment — No Games, No Stress. Walk In, Get Approved, Drive Today",https://www.craigslist.org/view/d/san-jose-1500-down-payment-no-games-no/tusQ5dUsTea78Rj3ckiyZx,1500,50000.0,All
Wanted Classic/Muscle Car,https://www.craigslist.org/view/d/san-jose-wanted-classic-muscle-car/jbksXqB4EYKkm6PKuKqBev,20000,69000.0,willowglen/cambrian
2009 Chev. Express Southern Comfort Conversion Van,https://www.craigslist.org/view/d/capitola-2009-chev-express-southern/gjd1iVz6aL1rY3vL58eNsq,20000,101000.0,santacruz
1987 Vw Vanagon,https://www.craigslist.org/view/d/south-san-francisco-1987-vw-vanagon/sXEbYvpqvTz9Aj4MjvF7xo,8888,100000.0,SouthSanFrancisco
Wanted 1965-1970 Ford Mustang,https://www.craigslist.org/view/d/san-jose-wanted-ford-mustang/hsYc7WCiugU6wiupkqieVi,15000,66000.0,willowglen/cambrian
2012 Honda Accord Coupe V6 Auto New Smog Runs Good Needs Tires,https://www.craigslist.org/view/d/san-jose-2012-honda-accord-coupe-v6/aXfWBCMzrvLxtNNp98FC5x,3500,237000.0,SanJose
2003 Bmw M5 (E39),https://www.craigslist.org/view/d/san-jose-2003-bmw-m5-e39/fNqc8pDuCe7wDkQaB1t19G,35000,123000.0,sanjosewest
1997 Chevy Tahoe 4X4,https://www.craigslist.org/view/d/hayward-1997-chevy-tahoe-4x4/wKd45duT3Ko2dsTJuBcqWp,12500,130000.0,danville/sanramon
1974 Super Beetle,https://www.craigslist.org/view/d/talmage-1974-super-beetle/dE4Te8E2gSuTb4UDHUJ7PK,2500,61000.0,Ukiah
2003 Gmc Yukon Slt 4X4,https://www.craigslist.org/view/d/hayward-2003-gmc-yukon-slt-4x4/oh2N1wEDJrSTPCh82inpHe,9800,130000.0,danville/sanramon
"2007 Toyota Camry Se - 1 Owner, 94K Miles, Clean Title",https://www.craigslist.org/view/d/san-francisco-2007-toyota-camry-se/syW3RBgwwUtVub575xH5tT,9850,95000.0,pacificheights
1994 Dodge Ram 2500 Cummins 5 Speed,https://www.craigslist.org/view/d/hayward-1994-dodge-ram-2500-cummins/4WFyomF1pUvxRLt4tZFqRy,17500,179000.0,danville/sanramon
2009 Mini Cooper S 62K Miles Excellent Cond. No Accidents Clean Title,https://www.craigslist.org/view/d/corte-madera-2009-mini-cooper-62k-miles/2cNiu6kz3WkSS633JuwoDN,8995,62000.0,northbay/marin
2013 Dodge Dart - $3500,https://www.craigslist.org/view/d/santa-rosa-2013-dodge-dart/kwqN7VRzRfYBiTXYUtUnXZ,3500,99000.0,santarosa
2013 Mazda Cx-5 Touring Awd Exellent Condition,https://www.craigslist.org/view/d/san-jose-2013-mazda-cx-touring-awd/vwZV9XWwsNRojGjPPSsKy4,6500,177000.0,willowglen/cambrian
2006 Honda Accord Ex Coupe Only 8500 Miles Not Thousand 8500 Miles! Brand New,https://www.craigslist.org/view/d/san-jose-2006-honda-accord-ex-coupe/3eYHPxibcGUir74xEBxyf1,13500,8500.0,SanJose
2001 Toyota Tacoma V6 Extracab Prerunner Trd With Rear Lockers New Smog!,https://www.craigslist.org/view/d/san-jose-2001-toyota-tacoma-v6-extracab/ocpNztgdn3Ua6kp3wR9F22,6500,80000.0,SanJose
1994 Chevy Suburban K1500,https://www.craigslist.org/view/d/richmond-1994-chevy-suburban-k1500/8SZmNxigtLRK4LeGSosZBS,3300,130000.0,richmond/point/annex
1999 Dodge Ram 2500 Cummins Turbo Diesel 167K Miles,https://www.craigslist.org/view/d/hayward-1999-dodge-ram-2500-cummins/2bbhSeEDBfnoJDLvCpFX8Z,16500,167000.0,danville/sanramon
"2008,Lexus Rx400,H. Hybrid,Clean Title,Current Reg,Smog,Miles,196,K",https://www.craigslist.org/view/d/hercules-2008lexus-rx400h-hybridclean/4qs9H1tXGTzXBb2sHNguc7,5450,196000.0,Hercules
1923 Ford T Bucket Hot Rod,https://www.craigslist.org/view/d/dixon-1923-ford-bucket-hot-rod/aMredVBLKQbTT6RCNSpZpK,12500,100000.0,alamosquare/nopa
2016 Subaru Outback 2.5I Premium,https://www.craigslist.org/view/d/san-mateo-2016-subaru-outback-25i/jnsLZzrZHpMf8RH4Hyenq8,8300,140000.0,fostercity
2000 Nissan Maxima Gle Sedan 4 Door - $3950,https://www.craigslist.org/view/d/aptos-2000-nissan-maxima-gle-sedan-door/mkoHgzXPNdXQwVMFBgutw4,3950,123000.0,aptos
"2002 Honda Accord Ex Low Miles (60,013)",https://www.craigslist.org/view/d/san-rafael-2002-honda-accord-ex-low/a8NFkBhxoMziE6cP9FWZgf,7500,60000.0,sanrafael
2013 Subaru Outback,https://www.craigslist.org/view/d/hayward-2013-subaru-outback/76MQotTU3bifzLHjgiyMr5,5199,180000.0,hayward/castrovalley
2021 Genesis G70 2.0T,https://www.craigslist.org/view/d/berkeley-2021-genesis-g70-20t/p7d7RxiSsnzZiop6nhNJW1,24500,45000.0,berkeley
2012 Subaru Impreza,https://www.craigslist.org/view/d/hayward-2012-subaru-impreza/8TbMHC93FaJqZkcyzeeTNB,6500,117000.0,hayward/castrovalley
Pontiac Grand Am Se,https://www.craigslist.org/view/d/moss-beach-pontiac-grand-am-se/w9jVjh5Nu8CVMu5gFUgFjA,2100,110000.0,SanFrancisco
"2013,Mini Cooper,S,Turbo,Clean Title,Current Reg,Smog,Miles,151,K",https://www.craigslist.org/view/d/hercules-2013mini-coopersturboclean/8g3eiXMEtwrwK1g9oP9gv9,4250,151000.0,Hercules
Honda Odyssey Ex,https://www.craigslist.org/view/d/hayward-honda-odyssey-ex/pMphtARnLYQh1TewUgB2N7,4599,174000.0,hayward/castrovalley
Bmw X5 Xdrive35I,https://www.craigslist.org/view/d/hayward-bmw-x5-xdrive35i/q5TjZeNEBXFSQHQVHyBqB7,6500,142000.0,hayward/castrovalley
Honda Pilot,https://www.craigslist.org/view/d/hayward-honda-pilot/rWge52WMKd3TAHT4FsvU1p,4600,180000.0,hayward/castrovalley
Chevrolet Cruze,https://www.craigslist.org/view/d/hayward-chevrolet-cruze/otpgHGwZM4UrdFHAFdBgJe,5999,77000.0,hayward/castrovalley
Volvo- 2017 S90 T^ Inscription Sedan 4D,https://www.craigslist.org/view/d/healdsburg-volvo-s90-in-ion-sedan-4d/q8kqYoGjgMiPMFUieuhgp2,29500,75000.0,Healdsburg
2014 Ford F250 Pickup,https://www.craigslist.org/view/d/hayward-2014-ford-f250-pickup/mamvVtesKtdVvZDqrH6fG1,6000,313000.0,dublin/pleasanton/livermore
1005 Chevy K1500 Z71,https://www.craigslist.org/view/d/san-jose-1005-chevy-k1500-z71/bZ4KXtTXyNFTUjt46GyNrg,14500,150000.0,Fresno
2005 Cadillac Escalade 154K Miles,https://www.craigslist.org/view/d/santa-clara-2005-cadillac-escalade-154k/h77Uy48XUSGswD8wtE4c3f,4900,154000.0,santaclara
5Spd 4X4 Isuzu Rodeo New Timing Belt Water Pump Smog Completed,https://www.craigslist.org/view/d/alameda-5spd-4x4-isuzu-rodeo-new-timing/kwZ9chcYQavpUi4idvNZ22,6400,195000.0,alameda
2013 Vw Jetta - 34 Mpg Hwy 24 Mpg City,https://www.craigslist.org/view/d/alameda-2013-vw-jetta-34-mpg-hwy-24-mpg/wJJqV2XM8gF5UnF4k27fxM,5900,151000.0,alameda
2000 Bmw 330Ci Convertible $1500 Obo,https://www.craigslist.org/view/d/calistoga-2000-bmw-330ci-convertible/96UB43FmkcXF3FzwW5Zoj1,1500,123000.0,Calistoga
"2003 Bmw 330I Zhp 6 Speed  $10,500 Obo",https://www.craigslist.org/view/d/hayward-2003-bmw-330i-zhp-speed-obo/7ink2JLCXtZK5e8tvb3YLG,10500,162000.0,hayward/castrovalley
2006 Honda Accord,https://www.craigslist.org/view/d/vallejo-2006-honda-accord/oETAKZfhLR1w2gYByJ77Bw,4500,185000.0,vallejo/benicia
2011 Ford E-350 Super Duty Flex Fuel Refrigerated Van,https://www.craigslist.org/view/d/san-francisco-2011-ford-350-super-duty/hC16aMgVM3PHQAJt4j13La,13500,189000.0,bayview
Toyota Fj Cruiser 4X4 - Low Miles - Manual Transmission,https://www.craigslist.org/view/d/santa-clara-toyota-fj-cruiser-4x4-low/b8ZDHbaq4YtXQJzfMbpp5N,17900,139000.0,santaclara
"2014 Subaru Outback 2.5I Wagon ""Fully Loaded & 76K Low Mileage",https://www.craigslist.org/view/d/hayward-2014-subaru-outback-25i-wagon/bvF3r7JZTgGqz7dK2FKCtJ,11200,77000.0,hayward/castrovalley
"2013 Hyundai Sonata Gls ""Clean Title""",https://www.craigslist.org/view/d/hayward-2013-hyundai-sonata-gls-clean/f8nXWFdUFKyFQ54xqtbBkk,4700,142000.0,hayward/castrovalley
2003 Audi A4..  Needs An Alternator,https://www.craigslist.org/view/d/san-jose-2003-audi-a4-needs-an/x1Q1Rm4rEmYn9eTQPHLfZY,550,125000.0,SanJose
1972 Westfalia Vw Bus,https://www.craigslist.org/view/d/livermore-1972-westfalia-vw-bus/7hqLjFZH9Zg6AydmKQmCML,35000,56000.0,dublin/pleasanton/livermore
2001 Sierra 1500,https://www.craigslist.org/view/d/manteca-2001-sierra-1500/cvkryR6yyVgC6DJE4FvEHH,2200,175000.0,eastbayarea
✅ 2007 Mercedes Benz S550,https://www.craigslist.org/view/d/san-jose-mercedes-benz-s550/ptWWZYUBPRowCLGvBQuX2h,7000,86000.0,southbayarea
2014 Ford Mustang Gt 5.0 Low Miles,https://www.craigslist.org/view/d/hayward-2014-ford-mustang-gt-50-low/mutojTC4UE2XYfEXmnfrfZ,22500,56000.0,hayward/castrovalley
Power Lift Tail Gate For Power Scoters Like New Must See!!,https://www.craigslist.org/view/d/napa-power-lift-tail-gate-for-power/s9dwARpeA2BJ6FMwNCeXnB,500,100.0,napacounty
2015 Ford Fusion Se,https://www.craigslist.org/view/d/newark-2015-ford-fusion-se/9mxYWiNKkE78v1gu3Yy9Wp,6900,159000.0,fremont/unioncity/newark
"2004 Lexus Rx 330, Needs Work",https://www.craigslist.org/view/d/mill-valley-2004-lexus-rx-330-needs-work/bzfvWAD5ZLhPnsb7emyHfX,3500,175000.0,millvalley
2012 Toyota Camry Xle  Hybrid,https://www.craigslist.org/view/d/mountain-view-2012-toyota-camry-xle/hLAPFyRHDLaSb8KXArVPou,14500,56000.0,mountainview
1973 Vw Supper Beatle,https://www.craigslist.org/view/d/sebastopol-1973-vw-supper-beatle/2bVuNtLjmA9yzB139vVS9x,10000,112000.0,santarosa
2006 Ford E350 Xlt Sd 12-Passanger Van,https://www.craigslist.org/view/d/fremont-2006-ford-e350-xlt-sd-12/22SGJ3NC7zD4N45yCPw4aZ,8650,78000.0,fremont/unioncity/newark
"Low Mi 4X4 Toyota Tacoma 4Wd Xt-Cab 6-Cyl. Garaged,Like New A.C.",https://www.craigslist.org/view/d/sacramento-low-mi-4x4-toyota-tacoma-4wd/braFhLzNJbDqGo7ar9gR5j,17600,141000.0,SacramentoCALI.
Excellent Condition Range Rover Sport 2018,https://www.craigslist.org/view/d/orinda-excellent-condition-range-rover/peVSooRoVroiRroTxQcdi9,29500,60000.0,oaklandpiedmont/montclair
2008 Acura Tsx,https://www.craigslist.org/view/d/newark-2008-acura-tsx/pyeeknxB2r9eHtwhXziQXM,4900,175000.0,fremont/unioncity/newark
2015 Honda Cr-V Lx,https://www.craigslist.org/view/d/campbell-2015-honda-cr-lx/nmeBeRrJ3rwQV2btzsvz97,12300,122000.0,campbell
1940 Mercury Coupe *Must Go Make Offer,https://www.craigslist.org/view/d/aromas-1940-mercury-coupe-must-go-make/5f2bQqwXaj1UNYv2BDVi3W,98000,50000.0,southbayarea
2016 Toyota Avalon Xle,https://www.craigslist.org/view/d/campbell-2016-toyota-avalon-xle/8mLMMUX3DsK4YsqjYD9F6b,10700,122000.0,sanjosenorth
2007 Lexes Es350 Great Condition Smogged Really Nice Car  Well Kept,https://www.craigslist.org/view/d/san-leandro-2007-lexes-es350-great/2V7DXqniemKGZXhD4uxXPn,4300,210000.0,fremont/unioncity/newark
2007 Mercedes-Benz Sl 550,https://www.craigslist.org/view/d/sunnyvale-2007-mercedes-benz-sl-550/6WR74KE7TR7bMqcJEMoEoV,13200,62000.0,sunnyvale
2011 Bmw 328I 3 Series Coupe,https://www.craigslist.org/view/d/scotts-valley-2011-bmw-328i-series-coupe/jZ5cMWZS4dXSjM8SADuSCj,9900,82000.0,scottsvalley
1999 Toyota 4Runner Sr5,https://www.craigslist.org/view/d/santa-rosa-1999-toyota-4runner-sr5/x7eYGA7M1MZtJVwhkZhYFr,8900,316000.0,santarosa
2004 Mercedes-Benz Sl 500 - Red Interor,https://www.craigslist.org/view/d/mountain-view-2004-mercedes-benz-sl-red/uuhQ27RKsQCJd4WGS6ZABG,11500,84000.0,mountainview
"2010 Infiniti G37 Convertible, 109 K Low Mileage",https://www.craigslist.org/view/d/hayward-2010-infiniti-g37-convertible/3oQ1EiwktxMM7TJbi369Q4,8500,110000.0,hayward/castrovalley
2005 Toyota Sequoia 3Rd Row Seating Great Shape Runs Great,https://www.craigslist.org/view/d/san-mateo-2005-toyota-sequoia-3rd-row/kLggfQxdVEPKkgv8qpWvaS,5200,182000.0,sanmateo
2003 Toyota Sequoia Sr5 Excellent Condition Well Maintained,https://www.craigslist.org/view/d/san-mateo-2003-toyota-sequoia-sr5/dEnspcutW4nW5vwPJUnBHa,5200,224000.0,sanmateo
"2012 Toyota Camry Se, 67K Low Mileage & Clean Title",https://www.craigslist.org/view/d/hayward-2012-toyota-camry-se-67k-low/pZv4JkCtp5ERAmoCqGwR3x,12800,67000.0,hayward/castrovalley
2007 Acura Mdx 4Wd Seats 7 Clean Title 2027 Reg. Well-Kept Quiet,https://www.craigslist.org/view/d/berkeley-2007-acura-mdx-4wd-seats-clean/2gjGYN4hT8qSqjRxtZY2pr,3800,194000.0,Berkeleyarea
"2011 Honda Cr-V Lx, 110 K Low Mile & Clean Title",https://www.craigslist.org/view/d/hayward-2011-honda-cr-lx-110-low-mile/tr3ZBan8sPa8XLA2B29fkw,8600,111000.0,hayward/castrovalley
"Chrysler 300S All Wheel Drive 3.6L $7,500 Obo",https://www.craigslist.org/view/d/san-jose-chrysler-300s-all-wheel-drive/d1nnVyoQUMy7g2N3Ux8smG,7500,122000.0,sanjosedowntown
2019 Honda Civic Sport Hatchback,https://www.craigslist.org/view/d/sunnyvale-2019-honda-civic-sport/4Z1h8qh1jDm9MYMiz5tNCY,17200,100000.0,sunnyvale
2006 Honda Accord Ex Low Mileage,https://www.craigslist.org/view/d/union-city-2006-honda-accord-ex-low/3NAzaVrJTPVUeEePSu6HRX,5900,131000.0,UnionCity
2016 Kia Optima Hybrid,https://www.craigslist.org/view/d/vallejo-2016-kia-optima-hybrid/khMzEoRaxCr7Tju7YzuSG8,7300,86000.0,vallejo/benicia
2016 Porsche Cayenne S E-Hybrid,https://www.craigslist.org/view/d/sunnyvale-2016-porsche-cayenne-e-hybrid/kCdpK1ojXcpXhfKDkT3M79,14800,121000.0,sunnyvale
1940 Mercury Kustom (George Barris) *Must Go,https://www.craigslist.org/view/d/aromas-1940-mercury-kustom-george/2JHGH235Sy5uHUPaRMNcT8,98000,150.0,southbayarea
2018 Audi Sq5 3.0T Quattro Premium Plus S Line,https://www.craigslist.org/view/d/sunnyvale-2018-audi-sq5-30t-quattro/7meoNvFXmnmxhuvU5jcuj5,20900,68000.0,sunnyvale
2007 Gmc Sierra Lbz Duramax Diesel 6.6 4 Wheel Drive,https://www.craigslist.org/view/d/dublin-2007-gmc-sierra-lbz-duramax/hyGdavyCrGXrhxxLZdNKPK,25000,98000.0,dublin/pleasanton/livermore
2006 Ford F350 Super Duty Flat Bed In Great Condition.,https://www.craigslist.org/view/d/benicia-2006-ford-f350-super-duty-flat/6R52GtiMUkobecnG3yvHvf,8950,100000.0,"Placerville,Ca95619"
2013 Toyota Prius Three – Clean Title – 177K Miles,https://www.craigslist.org/view/d/sunnyvale-2013-toyota-prius-three-clean/a2Jw3rQX3x5AqCC2MJgAKP,6200,177000.0,sunnyvale
2001 Corvette,https://www.craigslist.org/view/d/santa-rosa-2001-corvette/3tfbAUTmp8rYag4cT78FZi,17000,33000.0,santarosa
Must Go Asap Dirt Cheap Fixer Upper,https://www.craigslist.org/view/d/petaluma-must-go-asap-dirt-cheap-fixer/8CKTFJrhLV3AemnkZhsnoz,200,180000.0,petaluma
2017 Porsche Macan Awd,https://www.craigslist.org/view/d/sunnyvale-2017-porsche-macan-awd/aSCfXmAuFZMVaYGkaM2s99,14600,102000.0,sunnyvale
"2016 Hyundai Elantra Se, 32K Low Mileage",https://www.craigslist.org/view/d/hayward-2016-hyundai-elantra-se-32k-low/gAhSXUgsGidi7kvAvBJrYJ,10200,32000.0,hayward/castrovalley
"2009 Lexus Rx350, Smog , Runs Great, 198 K Miles,  Clean Title",https://www.craigslist.org/view/d/vallejo-2009-lexus-rx350-smog-runs/dHBhQcN1o5oscqF1QZSzrU,6800,199000.0,vallejo/benicia
2013 Ford Focus,https://www.craigslist.org/view/d/napa-2013-ford-focus/anD31YUqksnryr3kuNZySS,3500,170000.0,napacounty
2011 Toyota Corolla Le Low Mileage All Service Done!,https://www.craigslist.org/view/d/san-mateo-2011-toyota-corolla-le-low/n7vtiY2d7HYJKBgwPJbHH4,7400,90000.0,fostercity
2004 Land Rover Discovery Se – Exceptionally Clean | Only 92K Miles,https://www.craigslist.org/view/d/mountain-view-2004-land-rover-discovery/sD4NNgt1d2RmLJrd7Z4oh8,16500,92000.0,mountainview
2020 Toyota Tundra Trd Off Road Limited Double Cab Truck,https://www.craigslist.org/view/d/santa-rosa-2020-toyota-tundra-trd-off/tVmqD9DUqSbdAQTJBXcS2e,43500,113000.0,santarosa
"2009 Lexus Rx350, Smog , Runs Great, 198 K Miles,  Clean Title",https://www.craigslist.org/view/d/vallejo-2009-lexus-rx350-smog-runs/6Hqp9cRCLUtr2g9DGQT7eV,6800,199000.0,vallejo/benicia
"2003 Toyota Corolla , Smog , Runs Perfect , I Finance  No Credit Check",https://www.craigslist.org/view/d/vallejo-2003-toyota-corolla-smog-runs/9N8ZtgR95qamGVXqbXHEc3,4500,200000.0,vallejo/benicia
"2000 Toyota Camry, Smog , Runs Perfect , I Finance  No Credit Check",https://www.craigslist.org/view/d/vallejo-2000-toyota-camry-smog-runs/nCwupr78YW5FyMnJsfZUPK,4500,208000.0,vallejo/benicia
"2011 Toyota Prius Iv, 135K Low Mileage & Clean Title",https://www.craigslist.org/view/d/hayward-2011-toyota-prius-iv-135k-low/rEjU2wUKgsWRnMiAUE2xog,7800,136000.0,hayward/castrovalley
1984 Chevy Silverado,https://www.craigslist.org/view/d/richmond-1984-chevy-silverado/vBZFnky7mPwWC1VHu7DNir,2200,196000.0,richmond/point/annex
"2010 Toyota Corolla Le  ""Clean Title""",https://www.craigslist.org/view/d/hayward-2010-toyota-corolla-le-clean/oLtdpZYextaQerNNQdT3d1,4500,208000.0,hayward/castrovalley
2012 Honda Accord Se,https://www.craigslist.org/view/d/newark-2012-honda-accord-se/1tGYBmaJtaL5PQq8d2rw7D,6900,160000.0,fremont/unioncity/newark
84 Grumman P30,https://www.craigslist.org/view/d/santa-rosa-84-grumman-p30/f4yfdgEWghJDbLEmkp5zUg,7000,300000.0,santarosa
2012 Volvo S60 T5,https://www.craigslist.org/view/d/oakland-2012-volvo-s60-t5/53jExVgWhTPY6YRLGs3zcH,5000,164000.0,oaklandpiedmont/montclair
2022 Toyota Corolla Se Nightshade Edition,https://www.craigslist.org/view/d/campbell-2022-toyota-corolla-se/hqEfPLWyRMtNQAzZjKv8ba,20499,63000.0,campbell
2020 Mercedes S560 Wtee,https://www.craigslist.org/view/d/belvedere-tiburon-2020-mercedes-s560/6ibvsGo1nZQuBiDuFAPz2C,50000,30000.0,BelvedereTiburon
2015 Honda Odyssey Ex,https://www.craigslist.org/view/d/mountain-view-2015-honda-odyssey-ex/kzC8nh2rUwGr9vXs95snfq,10500,123000.0,southbayarea
2009 Volkswagen Gti 6Speed Manual,https://www.craigslist.org/view/d/santa-rosa-2009-volkswagen-gti-6speed/5Gfemh7kN4kPpzR85XmGPg,4300,152000.0,SantaRosa
2011 Vw Volkswagen Golf Tdi,https://www.craigslist.org/view/d/redwood-city-2011-vw-volkswagen-golf-tdi/9QYkDUAgJgiJUnCqJUyyq1,12000,55000.0,redwoodcity
Chevy Camaro,https://www.craigslist.org/view/d/san-rafael-chevy-camaro/rGvJMPiR4oPWzHVx3H7oB9,17000,89000.0,sanrafael
2025 Toyota Prius Prime Se Plug-In Hybrid 11K Miles Must See This 1,https://www.craigslist.org/view/d/rancho-cordova-2025-toyota-prius-prime/nNW5H1rCYgamFiW1h93XV5,23900,12000.0,cityofsanfrancisco
2002 Chrysler Town & Country,https://www.craigslist.org/view/d/emeryville-2002-chrysler-town-country/x66EHmUEUypXv7YeZ3Jars,1500,164000.0,oaklandnorth/temescal
👑 The One You Want! 2011 Acura Mdx - Tech-Leather -3Rd Row Seating🙏,https://www.craigslist.org/view/d/san-francisco-the-one-you-want-2011/2J46k1UXrDGDj8xBKxTskp,1200,79000.0,cityofsanfrancisco
"2013,Mini Cooper,Countryman,Clean Title,Fresh Smog,Low Miles,106,K",https://www.craigslist.org/view/d/hercules-2013mini-coopercountrymanclean/pvM1hKbk4ToC6RWXijQZY3,4950,106000.0,Hercules
Mitsubishi Evo X,https://www.craigslist.org/view/d/knightsen-mitsubishi-evo/6awNwq5NVkD5uhjkKZq5B6,22000,131000.0,Oakely
2012 Ford F450 Super Duty Diesel Low Miles,https://www.craigslist.org/view/d/walnut-creek-2012-ford-f450-super-duty/vSfoVuF6cARwQSHNhNQvLB,17900,95000.0,concord/pleasanthill/martinez
2021 Range Rover Sport Hse Silver,https://www.craigslist.org/view/d/scotts-valley-2021-range-rover-sport/ommqPLmsn622Lto4YAZUst,39000,43000.0,scottsvalley
Toyota Fj55 Land Cruiser,https://www.craigslist.org/view/d/san-jose-toyota-fj55-land-cruiser/wbbUGc45JCaf6giepYbRtX,22000,86000.0,SanJose
Reduced - 2012 Jeep Wrangler Sport Unlimited,https://www.craigslist.org/view/d/pittsburg-reduced-jeep-wrangler-sport/3wYwfoqFJfUK3cT47pu54A,21999,66000.0,pittsburg/antioch
"2018 Ford Edge Titanium Awd, Clean Title, 109K, Nice!",https://www.craigslist.org/view/d/walnut-creek-2018-ford-edge-titanium/5gQ1Tahbajx7yGdhueJTfz,9900,109000.0,walnutcreek
2007 Is-250 127K Clean Title Sunroof Leather Smog Pass Fully Loaded Ac,https://www.craigslist.org/view/d/hayward-2007-is-clean-title-sunroof/owgyjtsfkmCNrAV2hiy6Hc,8000,128000.0,hayward/castrovalley
2019 Chevrolet Equinox Lt 62K Miles Suv. Or Best Offer,https://www.craigslist.org/view/d/san-francisco-2019-chevrolet-equinox-lt/w81rd9X7pykY5XCDipswFq,8750,62000.0,SanFrancisco
2013 Bmw X5 Twin Turbo 3.0 V6 Awd Premium Package,https://www.craigslist.org/view/d/dublin-2013-bmw-x5-twin-turbo-30-v6-awd/dbSg2EHWdMfaEhKtwXfeoF,6800,115000.0,dublin/pleasanton/livermore
2011 Mercedes-Benz C300 Sport - Clean Title - Excellent Condition,https://www.craigslist.org/view/d/san-leandro-2011-mercedes-benz-c300/2YJ8wRWWFsaUUEKzUzaGBo,6450,144000.0,sanleandro
2016 Toyota Corolla Le,https://www.craigslist.org/view/d/pittsburg-2016-toyota-corolla-le/pVyEzh5zC7xjoU4fMPacxX,6500,202000.0,pittsburg/antioch
2015 Mitsubishi Mirage Gas Saver 45Mpg Carplay Reverse Camera,https://www.craigslist.org/view/d/san-francisco-2015-mitsubishi-mirage/6umjmhBASTC7pyTn5gmUYd,4500,123000.0,ingleside/SFSU/CCSF
2001 Bmw 740Il E38,https://www.craigslist.org/view/d/antioch-2001-bmw-740il-e38/cGJftdVE6N661ZUtSW9YT9,6500,204000.0,Antioch
1992 Toyota Pickup,https://www.craigslist.org/view/d/martinez-1992-toyota-pickup/o8SUACvwRZ73j8QrBg9izD,4500,229000.0,concord/pleasanthill/martinez
1999 Dodge Ram Cummings 24 Valve Low Miles,https://www.craigslist.org/view/d/lathrop-1999-dodge-ram-cummings-24/j7U7WTMZwwudq4vP4RHfmL,10500,164000.0,dublin/pleasanton/livermore
2011 Bmw 750I,https://www.craigslist.org/view/d/hayward-2011-bmw-750i/tRwEqALXfXNrx63RYUyxGS,7000,108000.0,hayward/castrovalley
Legacy G.T.,https://www.craigslist.org/view/d/oakland-legacy-gt/rEuaypXwDnHgwwzKqE11oP,3000,123.0,Oakland
2014 Honda Accord · Ex-L Coupe 2D,https://www.craigslist.org/view/d/rohnert-park-2014-honda-accord-ex-coupe/fyauuSrU9F9ybRwXhhFEDu,5000,117000.0,rohnertpk/cotati
1986 Gmc Pickup,https://www.craigslist.org/view/d/south-san-francisco-1986-gmc-pickup/tgRJmriFscnDe7SEPzazpY,5000,1.0,Ssf
2011 Chevy Silverado 1500 2Wd,https://www.craigslist.org/view/d/windsor-2011-chevy-silverado-wd/mYYGHWuX74kYuME9Y7ttdR,9200,114000.0,santarosa
2020 Ford Transit T250,https://www.craigslist.org/view/d/santa-clara-2020-ford-transit-t250/frrkjxC9Zmaje8bgw6UN9G,18900,97000.0,SantaClara
2005 Toyota Avalon,https://www.craigslist.org/view/d/campbell-2005-toyota-avalon/qZXTz4pbC3kov8fHJ15Zt5,9500,67000.0,campbell
Toyota Highlander For Sale,https://www.craigslist.org/view/d/concord-toyota-highlander-for-sale/a6Pn9XbFzvKp8cirsijouB,3000,274000.0,Concord
2005 Nissan 350Z,https://www.craigslist.org/view/d/oakland-2005-nissan-350z/aBHjfV154fv2mdnLDBvdW2,8900,94000.0,oaklandpiedmont/montclair
2020 Acura Mdx Hybrid Sport Sh Awd,https://www.craigslist.org/view/d/mill-valley-2020-acura-mdx-hybrid-sport/1VC4eL8nssM8ZBxbbNvSeX,24800,86000.0,millvalley
2007 Mercedes Cls 550 Sedan For Sale,https://www.craigslist.org/view/d/walnut-creek-2007-mercedes-cls-550/pHqHcd7CypkTL8MqNpzSbs,9900,73000.0,lafayette/orinda/moraga
2004 Chevy Colorado 4X4,https://www.craigslist.org/view/d/cotati-2004-chevy-colorado-4x4/gGP3pzyfsUZg1rAUYce8ak,2000,144000.0,petaluma
2018 Toyota Tacoma Trd Off-Road – Single Owner,https://www.craigslist.org/view/d/mill-valley-2018-toyota-tacoma-trd-off/os5q1abqtCou3LfaNxX7dA,27500,137000.0,millvalley
2018 Bmw I3 94Ah Range Extender (Rex) – Tera World – Fully Loaded,https://www.craigslist.org/view/d/hayward-2018-bmw-i3-94ah-range-extender/rsSMSjosm34wDyqqYsSbUq,14950,45000.0,hayward/castrovalley
2011 Subaru Forester,https://www.craigslist.org/view/d/san-jose-2011-subaru-forester/nvsEdgPD6nkmqgG7Wu3Fxh,5800,118000.0,SantaClara
2010 Vw Volkswagen Golf  2-Door 2.5 4-Cylinder Automatic 100.000Mi,https://www.craigslist.org/view/d/fremont-2010-vw-volkswagen-golf-door-25/sN2ycSFVBNGXvTAvuAjQKi,4700,100000.0,fremont/unioncity/newark
"2012 Toyota Prius Hybrid, Hatchback, White, Great On Gas, 179K Miles",https://www.craigslist.org/view/d/newark-2012-toyota-prius-hybrid/8VMFKpKkwAKUwET1Ho7U2T,6450,179000.0,fremont/unioncity/newark
2017 Mazda Mx-5 Miata Club Nd - Manual - Suspension Upgrades,https://www.craigslist.org/view/d/san-jose-2017-mazda-mx-miata-club-nd/t4h44nXBPQ92DVvaMkfByY,20000,23000.0,sanjosesouth
1990 Chevrolet Corvette Convertible Red Needs Tlc,https://www.craigslist.org/view/d/san-francisco-1990-chevrolet-corvette/9KAnBjtdJK2CN8tLK5tj81,4200,116000.0,berkeley
2007 Chevy Tahoe,https://www.craigslist.org/view/d/knightsen-2007-chevy-tahoe/p1ptKfC7jroDBdKP5Sgmim,6500,194000.0,Oakley
2015 Chev,https://www.craigslist.org/view/d/concord-2015-chev/5TKEFhEPZZ8eVE2gPygs1z,5300,88000.0,concord/pleasanthill/martinez
2015 Bentley Continental Gt W12,https://www.craigslist.org/view/d/san-jose-2015-bentley-continental-gt-w12/tMdcWzbAnTZaZRwkByoCwM,78500,12000.0,saratoga
2015 Toyota Camry Se,https://www.craigslist.org/view/d/burlingame-2015-toyota-camry-se/58rqTAQzbDHWUt5zYHdT16,10350,196000.0,burlingame
2015 Mercedes Benz E63 Amg S-Model - Only 43K Miles – Excellent Condit,https://www.craigslist.org/view/d/clayton-2015-mercedes-benz-e63-amg/ec6AySHCvLZthWsuUJkbnU,41000,44000.0,walnutcreek
2015 Audi A3,https://www.craigslist.org/view/d/san-jose-2015-audi-a3/di72L9nqHQ369Gv21sS335,8000,100000.0,sanjoseeast
2015 Nissan Nv200 Company Van,https://www.craigslist.org/view/d/vallejo-2015-nissan-nv200-company-van/fNGrZUQ1QNeiu6AWPkQJ9a,6200,161000.0,fairfield/vacaville
2017 Volkswagen Jetta,https://www.craigslist.org/view/d/san-jose-2017-volkswagen-jetta/i25t2szvZFEYANWZ9hdZLa,6500,124000.0,sanjoseeast
2016 Volkswagen Passat,https://www.craigslist.org/view/d/san-jose-2016-volkswagen-passat/vw5NvjpSd7tPHbG5LU9waU,5000,157000.0,sanjoseeast
Mercedes S550 For Sale,https://www.craigslist.org/view/d/los-gatos-mercedes-s550-for-sale/cJzxfmPW8KpBEgHW6TvnpG,4900,124000.0,losgatos
2017 Lexus Es 300H,https://www.craigslist.org/view/d/san-jose-2017-lexus-es-300h/v8DNhEkkBHCdaT5UXZ6S1Q,8500,246000.0,sanjoseeast
2016 Chevrolet 2500,https://www.craigslist.org/view/d/el-verano-2016-chevrolet-2500/sB2JFuXCsxRyLrfAmLGDoP,16500,142000.0,sonoma
2005 Dodge Sprinter 2500 High Roof Diesel,https://www.craigslist.org/view/d/windsor-2005-dodge-sprinter-2500-high/3Aow64VvyPCfCs558C8Sq9,10500,300000.0,healdsburg/windsor
2016 Volkswagen Passat,https://www.craigslist.org/view/d/san-jose-2016-volkswagen-passat/1MaX27V9XkxoPLTE6rJUqm,8000,72000.0,sanjoseeast
Chevrolet Tahoe,https://www.craigslist.org/view/d/alamo-chevrolet-tahoe/boXezAvuXiTmnnT69Tt7eS,10000,187000.0,Alamo
Mazda Cx-9,https://www.craigslist.org/view/d/palo-alto-mazda-cx/ovU82CjmT8vnLdT6dZcNco,5000,192000.0,paloalto
2016 Volkswagen Jetta,https://www.craigslist.org/view/d/san-jose-2016-volkswagen-jetta/2znJhsabMmMUTgHM2r3PLD,7500,92000.0,sanjoseeast
2011 Mazda Rx-8 Sport – 6-Speed Manual – 101K Miles,https://www.craigslist.org/view/d/pleasanton-2011-mazda-rx-sport-speed/qRfEDvYy54WM8Rxmhe7C7E,9600,101000.0,dublin/pleasanton/livermore
2018 Volkswagen Tiguan,https://www.craigslist.org/view/d/san-jose-2018-volkswagen-tiguan/g5bnGdEa1ULFcjuDHDaEVF,11500,103000.0,sanjoseeast
2012 Toyota Prius V,https://www.craigslist.org/view/d/hayward-2012-toyota-prius/te6Pzew8iizWS7M5N4t1fp,8000,122000.0,Hayward
70'S Ford 350 Flat Bed,https://www.craigslist.org/view/d/tracy-70s-ford-350-flat-bed/mYyYTxQSHsSPqmqxESGBr8,1500,150000.0,hayward/castrovalley
2015 Volkswagen Gti,https://www.craigslist.org/view/d/san-jose-2015-volkswagen-gti/1eqDJKySFbtbGZikMt9wQJ,9000,157000.0,sanjoseeast
Clean 1998 Bmw E36 M3 Sedan – 5 Speed Manual,https://www.craigslist.org/view/d/pleasanton-clean-1998-bmw-e36-m3-sedan/knyMGTsctL8oZxELmi17ZS,15500,215000.0,dublin/pleasanton/livermore
2017 Volkswagen Jetta,https://www.craigslist.org/view/d/san-jose-2017-volkswagen-jetta/mg6avEGVGQCBUZyxedQ2kY,8500,86000.0,sanjoseeast
Truck  Ford F450,https://www.craigslist.org/view/d/tracy-truck-ford-f450/5dc2UWKG4KeirpvqQLf56C,5000,170000.0,hayward/castrovalley
2015 Audi A3,https://www.craigslist.org/view/d/san-jose-2015-audi-a3/1YYYoqfqZgrvrjEZXDAzb5,7999,90000.0,sanjoseeast
Chevrolet Silverado 1500 Extended Cab Long Bed,https://www.craigslist.org/view/d/san-jose-chevrolet-silverado-1500/uFitdatpcTqAF6dEvZfuDs,4500,199000.0,sanjosedowntown
2007 Toyota Avalon,https://www.craigslist.org/view/d/vallejo-2007-toyota-avalon/oa6BQZ9fdXvsmZHe7nMQsD,3999,165000.0,Vallejo
2018 Lexus Ls 500 Ls500 Fully Loaded 50K,https://www.craigslist.org/view/d/port-costa-2018-lexus-ls-500-ls500/1iYwXCw49JkpQrkqxYs81x,39900,51000.0,vallejo/benicia
2020 Bmw 3 Series 330I,https://www.craigslist.org/view/d/san-francisco-2020-bmw-series-330i/cv7Y9BSANQ6mAfoQJqHtbB,23900,76000.0,richmond/seacliff
2012 Kia Soul,https://www.craigslist.org/view/d/san-francisco-2012-kia-soul/mXDAQeUaydCRfBnr1GyPzz,4000,140000.0,missiondistrict
2020 Chevrolet Suburban,https://www.craigslist.org/view/d/hercules-2020-chevrolet-suburban/xpVCJZ1SobAHT5YCTzNFRe,17000,120000.0,"hercules,pinole,sanpablo,elsob"
"2019 Camry Se ~48,000 Miles",https://www.craigslist.org/view/d/san-francisco-2019-camry-se-miles/gtVFWsCoGjLxsaKL73ZBuW,22400,48000.0,innersunset/UCSF
Toyota Tacoma Access Cab 2007,https://www.craigslist.org/view/d/milpitas-toyota-tacoma-access-cab-2007/oKMCFXP7d8n2dfsgTsHi6X,7500,125000.0,Milpitas
1998 Ford E-350 Super Club Wagon Extended. 60K Original Miles,https://www.craigslist.org/view/d/san-jose-1998-ford-350-super-club-wagon/3JzNu7GecLXQHvwEPwH96y,5750,60000.0,willowglen/cambrian
"2013 Bmw X3 (F25) — 96,760 Miles — As-Is / Mechanic'S Special",https://www.craigslist.org/view/d/alameda-2013-bmw-x3-miles-as-is/iUEpBacSSBDTawPQv9XgRU,5800,97000.0,alameda
"2008 Toyota Scion Tc, Clean Title, 103K Miles, Automatic Transmission",https://www.craigslist.org/view/d/san-francisco-2008-toyota-scion-tc/1WPoWp5kztXWszNjhJ3ZdQ,5200,103000.0,sunset/parkside
2014 Ford Focus Se Flexfuel,https://www.craigslist.org/view/d/brentwood-2014-ford-focus-se-flexfuel/3V71TojupnnAt2YazoahF5,1600,185000.0,Brentwood
1968 Ford Mustang Convertible,https://www.craigslist.org/view/d/oakland-1968-ford-mustang-convertible/fsaBUqNbN9bRCzFd9iLnx6,45000,1000.0,oaklandeast
2012 Honda Civic 66K Miles Runs Great,https://www.craigslist.org/view/d/san-mateo-2012-honda-civic-66k-miles/4Jd82mbfDBBBDAN8Z4htwU,4500,66000.0,sanmateo
2007 Toyota Sienna,https://www.craigslist.org/view/d/san-mateo-2007-toyota-sienna/3ZzwGkuupzmHMizhMq7MVH,4500,138000.0,SanMateo
14’ C63 Amg Edition 507,https://www.craigslist.org/view/d/santa-rosa-14-c63-amg-edition-507/ukRMX11WmbSuCsvE5Y9mKb,45000,36000.0,santarosa
2018 Honda Civic Ex Reliable & Great Mpg,https://www.craigslist.org/view/d/richmond-2018-honda-civic-ex-reliable/63RaiquB5183WJti2iJ63N,15450,120000.0,ElCerrito
2002 Toyota Tacoma,https://www.craigslist.org/view/d/brentwood-2002-toyota-tacoma/mjiRwSkguV1vbF5kN4DUqv,4600,276000.0,Brentwood
2004 Toyota Rav4,https://www.craigslist.org/view/d/brentwood-2004-toyota-rav4/3f62QdWrh5z3UUKiTuv7WP,4500,204000.0,Brentwood
2001 Lexus Rx300 Vsc Pkg (Awd) Pass Smog Runs Amazing Beautiful,https://www.craigslist.org/view/d/union-city-2001-lexus-rx300-vsc-pkg-awd/7MrsvWk3WCAtX9g95SPmGY,3000,170000.0,fremont/unioncity/newark
2014 Bmw I3 Rex – Clean Title – 59K Miles – Range Extender- $8100 -Obo,https://www.craigslist.org/view/d/pacifica-2014-bmw-i3-rex-clean-title/r37hQQy6wtHP9D8sozQ86G,8100,59000.0,pacifica
2013 Bmw 328I,https://www.craigslist.org/view/d/half-moon-bay-2013-bmw-328i/4huvM68H4KYAPmTZqU5rDP,4999,147000.0,halfmoonbay
2007 Gmc Sierra Lbz Duramax Diesel Crew Cab,https://www.craigslist.org/view/d/brentwood-2007-gmc-sierra-lbz-duramax/pBfd3aRkPkpCF6LH3w7ttu,25000,98000.0,brentwood/oakley
2013 Toyota Tacoma Trd Access Cab Prerunner-2Wd,https://www.craigslist.org/view/d/brookdale-2013-toyota-tacoma-trd-access/wDZVgAo4qwzvpYmK7zN8z4,21000,76000.0,santacruz
2010 Mercedes Gl450 Gl 450 ...Needs Work,https://www.craigslist.org/view/d/san-rafael-2010-mercedes-gl450-gl-450/tNVWXMMN7ajaqd64xmjfg8,5000,140000.0,sanrafael
2008 Ford F350 Super Duty King Ranch,https://www.craigslist.org/view/d/cupertino-2008-ford-f350-super-duty/pgju6dZqAyUougWTpqNDbc,28000,91000.0,cupertino
"1967 Mercury Park Lane, 410 V8, 2 Door Vinyl Hardtop",https://www.craigslist.org/view/d/fremont-1967-mercury-park-lane-410-v8/7nsWGGyJBBZBFkVtFuWyZY,21800,71000.0,fremont/unioncity/newark
2019 Mini Cooper S- Turbo-Automatic-Black Leather-Clean Title-,https://www.craigslist.org/view/d/pleasanton-2019-mini-cooper-turbo/uG1gsJEEDb3RMSmi1A6fMY,12495,84000.0,Pleasanton
Rare 1986 Honda (Civic) Crx 2Dr Hatchback / Coupe. Smogd. Clean Title,https://www.craigslist.org/view/d/pittsburg-rare-1986-honda-civic-crx-2dr/hCPDBWVBVhqAB2fj5Fb3Pt,4500,151000.0,concord/pleasanthill/martinez
Mobility Scooter Like New!! Was $2564.,https://www.craigslist.org/view/d/cotati-mobility-scooter-like-new-was/4XbkV1MgQC2huLN6VnCwHC,1200,2.0,rohnertpk/cotati
2023 Honda Accord,https://www.craigslist.org/view/d/antioch-2023-honda-accord/aKEg5HXxHxJiQqnmi8yTyH,15950,19000.0,Antioch
2002 Ford Excursion 4X4 7.3 Powerstroke Diesel Limited,https://www.craigslist.org/view/d/santa-clara-2002-ford-excursion-4x4-73/bXfGmNzD5HtBaCovaiiw2L,18500,193000.0,santaclara
2017 Mercedes Gls 450 Low Miles Ex Condition,https://www.craigslist.org/view/d/danville-2017-mercedes-gls-450-low/4NeXLWhtmsY4tQvcn1Eoe8,16999,107000.0,danville/sanramon
2010 Toyota 4Runner Limited,https://www.craigslist.org/view/d/novato-2010-toyota-4runner-limited/fAz8JNjBkNkuM8V1phHc8w,12700,200000.0,novato
"Audi Q5 2012 Quattro Pp - Gray - 70K Miles, Meticulous Records",https://www.craigslist.org/view/d/san-francisco-audi-quattro-pp-gray-70k/1KiqTHegvDEtEniBrGPHzj,7500,70000.0,innerrichmond
"2013 Honda Civic Lx Sedan – One Owner, Well Maintained – 101,2K Miles",https://www.craigslist.org/view/d/san-jose-2013-honda-civic-lx-sedan-one/jM9doDNu2LGiCyhoBD4D1h,9500,101000.0,sanjosesouth
2020 Ford Ecosport Se Like New Only 25K Miles Must See 12K Obo!,https://www.craigslist.org/view/d/napa-2020-ford-ecosport-se-like-new/eMNaH5TGD1Sqh7kRVR1U8W,12000,26000.0,napacounty
2013 Honda Crv Ex Sport Awd Clean Title,https://www.craigslist.org/view/d/forestville-2013-honda-crv-ex-sport-awd/1g6QJm9QiNibJvpjiZ4nFt,16400,78000.0,Forestville
Gmc Yukon Xl 1500 2013,https://www.craigslist.org/view/d/santa-clara-gmc-yukon-xl/b6vczvQxQraXbSxUKYMbKf,8200,144000.0,SantaClara
2012 Hyundai Genesis Sedan - 108K Miles - Tan Interior,https://www.craigslist.org/view/d/oakland-2012-hyundai-genesis-sedan-108k/vXx2V2f9ZjWJJDGLPW3wTL,9500,108000.0,oaklandpiedmont/montclair
Ford F150 6 Cyclinder,https://www.craigslist.org/view/d/milpitas-ford-f150-cyclinder/pvJjCwd8kwpLSEfyKAxWoB,2400,209000.0,milpitas
2015 Lexus Rc350Fsport,https://www.craigslist.org/view/d/pleasant-hill-2015-lexus-rc350fsport/2nKPPQwYCQwLBbEA3PeQDX,12999,121000.0,PleasantHill
1982 Chevy  G10 Van,https://www.craigslist.org/view/d/san-jose-1982-chevy-g10-van/mJa66eNR8jUjtHZ8p147iU,3400,99000.0,SanJose
Toyota Sienna Xle,https://www.craigslist.org/view/d/santa-rosa-toyota-sienna-xle/bhqrbLhqDtqXw83zbpfZD3,5800,150000.0,SantaRosa
2009 Mazda 3 Hatchback,https://www.craigslist.org/view/d/san-jose-2009-mazda-hatchback/hUiGSqEHKkWM7zWnyfgisE,4500,140000.0,sanjosesouth
"2015 Honda Cr-V Ex-L Awd - 105,000 Miles - Pending",https://www.craigslist.org/view/d/oakland-2015-honda-cr-ex-awd-miles/6gxwAr7xPE4fJy4vmm4zpa,13000,105000.0,oaklandpiedmont/montclair
2011 Nissan Leaf Sv – 82K Miles – Great Local Town Car / Commuter,https://www.craigslist.org/view/d/campbell-2011-nissan-leaf-sv-82k-miles/gwxVkPvQ5wrkHat4gxUHFM,1900,82000.0,losgatos
2005 Chevy Astro Cargo Van,https://www.craigslist.org/view/d/brisbane-2005-chevy-astro-cargo-van/83UU3828egfZoPh5BvUPBL,7500,190000.0,brisbane
1991 Toyota Corolla,https://www.craigslist.org/view/d/san-jose-1991-toyota-corolla/5bRYWYQUbVoLpE96hVn58u,4800,228000.0,sanjoseeast
"Bmw X3 – 128,820 Miles – Grey – Good Condition",https://www.craigslist.org/view/d/santa-clara-bmw-miles-grey-good/capfnTdaxr7s25X7Tw1GoT,3000,129000.0,santaclara
2019 Ram 1500 Slt Quad Cab Clean Title,https://www.craigslist.org/view/d/sacramento-2019-ram-1500-slt-quad-cab/2XDz94DoSYrgHmoDsyfu94,11900,149000.0,Sacramento
2011 Infinity Ex35,https://www.craigslist.org/view/d/san-rafael-2011-infinity-ex35/uDVKx1X8eQFegtcsfDhd85,7800,155000.0,sanrafael
2003 Honda Odyssey Won'T Smog Needs Work,https://www.craigslist.org/view/d/san-jose-2003-honda-odyssey-wont-smog/bvuZELkpEFTo5aeo9fvJQ4,1400,274000.0,SanJose
"1955 Chevy 2 Door 210 Del Ray, Onyx Black, 4 Speed, American Graffiti",https://www.craigslist.org/view/d/belmont-1955-chevy-door-210-del-ray/nQDuQFz3ZezytreD5Gg4TN,22500,100000.0,peninsula
"2002 Bmw M3 Convertible, Carbon Black/Black, Ca Car",https://www.craigslist.org/view/d/richmond-2002-bmw-m3-convertible-carbon/fJij2NdafyG2NcFz3zBJzE,14500,133000.0,richmond/point/annex
2011 Yukon Slt 4X4 (Tahoe),https://www.craigslist.org/view/d/santa-rosa-2011-yukon-slt-4x4-tahoe/bF7mSsn8D8h2HcCPBYeQWN,8000,220000.0,santarosa
2014 F-250 For Sale,https://www.craigslist.org/view/d/walnut-creek-2014-250-for-sale/kZewE7AJFzvmUSCAxRr15J,20000,155000.0,danville/sanramon
2006 Honda Accord,https://www.craigslist.org/view/d/hayward-2006-honda-accord/qo9AowLLZqt3iRqsh2FAyf,2200,200000.0,Hayward
2022 Tundra 4X4 Sr5 Double Cab 6.5,https://www.craigslist.org/view/d/san-jose-2022-tundra-4x4-sr5-double-cab/i9sqS2ceJBJu8gqKH5Smhp,42000,11000.0,sanjoseeast
Gmc Savana 3500 Box Truck 10Ft,https://www.craigslist.org/view/d/hayward-gmc-savana-3500-box-truck-10ft/sA1TXdgF7kKddKa6SaVbVp,9999,139000.0,mountainview
06 Nissan Murano Awd,https://www.craigslist.org/view/d/morgan-hill-06-nissan-murano-awd/4rxEHPiPixKw4adr32cnZx,3950,142000.0,MorganHill
1968 Bronco,https://www.craigslist.org/view/d/petaluma-1968-bronco/phdYqbqwCX31CumF12RgeT,75000,300.0,petaluma
2014 Ram 2500 Big Horn 4Wd Diesel,https://www.craigslist.org/view/d/finley-2014-ram-2500-big-horn-4wd-diesel/uNEzWXWWyM9AS8auvDNL7x,31500,143000.0,lakecounty
84 Elcamino Conquista,https://www.craigslist.org/view/d/millville-84-elcamino-conquista/be8Eoyb9X7FsagVBW5SX7v,3500,1.0,mountainview
2006 Ford E350 Econoline Cargo Van White,https://www.craigslist.org/view/d/walnut-creek-2006-ford-e350-econoline/1V5ecf1x7WZ4Qg8gyv3LTE,1600,350000.0,walnutcreek
2025 Honda Accord Hybrid · Touring Sedan 4D,https://www.craigslist.org/view/d/fremont-2025-honda-accord-hybrid/fsWpJu3DYT5Hi3ySbJZx5z,28500,12000.0,Fremont
2024 Honda Accord Hybrid Ex-L,https://www.craigslist.org/view/d/fremont-2024-honda-accord-hybrid-ex/idrFphcJpDjxfgffd5uYWQ,24800,9805.0,Fremont
2015 Hyundai Santa Fe  Awd,https://www.craigslist.org/view/d/pleasant-hill-2015-hyundai-santa-fe-awd/aq2wnD3u8tJQJ3aDhAuVb3,7500,131000.0,concord/pleasanthill/martinez
2018 Chevrolet Silverado • 1500,https://www.craigslist.org/view/d/fremont-2018-chevrolet-silverado-1500/gH8JVysSQK7R49Z513WKJ5,17800,121000.0,Fremont
2023 Honda Accord Hybrid Turing,https://www.craigslist.org/view/d/fremont-2023-honda-accord-hybrid-turing/vMqKrDd8VLmuqfFYHGLax6,22800,40000.0,Fremont
2022 Ford F-250 Stx 4X4 90K Miles,https://www.craigslist.org/view/d/pleasanton-2022-ford-250-stx-4x4-90k/pW1ayTiDpv4SVdcoYMPtTa,33900,90000.0,dublin/pleasanton/livermore
2011 Toyota Camry,https://www.craigslist.org/view/d/redwood-city-2011-toyota-camry/oVjMQCcVnnZUg3yjQz451G,6950,132000.0,redwoodcity
"08' Mitsubishi Eclipse Low Miles, Manual Transmission",https://www.craigslist.org/view/d/south-san-francisco-08-mitsubishi/mLCPXo11grv3rQ7c73iBaY,2000,113.0,SouthSanFrancisco
"Family 8-Seat Toyota Sienna Xle, 2012, 159K Miles",https://www.craigslist.org/view/d/port-costa-family-seat-toyota-sienna/8L53t3FbLyNeuKSBNig2Y1,8400,158000.0,Benicia
"2015 Lexus Is 250, Clean Title",https://www.craigslist.org/view/d/santa-clara-2015-lexus-is-250-clean/jauEG6vuNxZJE6ZagKzBCf,15700,137000.0,SantaClara
2010 F250 Crew Cab 4X4 Diesel,https://www.craigslist.org/view/d/dublin-2010-f250-crew-cab-4x4-diesel/kj4uH7tK7EA7oPQ8migbwz,3200,260000.0,dublin/pleasanton/livermore
1998 Mustang Gt Low Miles,https://www.craigslist.org/view/d/dublin-1998-mustang-gt-low-miles/h2uTWfWcDh1b1LyutfdMm6,4200,107000.0,dublin/pleasanton/livermore
2015 Mercedes Benz S550 4-Matic,https://www.craigslist.org/view/d/concord-2015-mercedes-benz-s550-matic/6evNArRyi3v1EQ8VYwuv6H,27500,130000.0,concord/pleasanthill/martinez
1973 Mercedes-Benz 280Sel 4.5 – V8 Classic – Blue,https://www.craigslist.org/view/d/san-mateo-1973-mercedes-benz-280sel-45/6vJT241RJQTa7hPS1FM6Du,10500,95000.0,sanmateo
2020 Ford Transit T250,https://www.craigslist.org/view/d/san-jose-2020-ford-transit-t250/fg5PqvhgptLMh1HSAHAMAJ,18900,90000.0,SanJose
2015 Lexus Rc 350,https://www.craigslist.org/view/d/san-jose-2015-lexus-rc-350/5fJoNSeJokGozGLXNr6BzL,17000,109000.0,SanJose
2014 Toyota Tacoma V6 Sr5 4X4,https://www.craigslist.org/view/d/san-jose-2014-toyota-tacoma-v6-sr5-4x4/hafv3E3ZX26tYJ9bHQwd6X,26500,48000.0,willowglen/cambrian
Ford Mustang Gt Performance Package 2,https://www.craigslist.org/view/d/oakland-ford-mustang-gt-performance/mCAtSrULUB73vk6AaGnJkA,14500,123000.0,Castrovalley
"2006 Scion Xa (5-Speed Manual, Gas Saver!)",https://www.craigslist.org/view/d/oakland-2006-scion-xa-speed-manual-gas/m9RE7YbuoMZPmz1kHbFPrU,3000,178000.0,Oakland
For Sale: 2000 Saab 9-3 Convertible,https://www.craigslist.org/view/d/mountain-view-for-sale-2000-saab-3/rVnadzgCpfXMbTpmscmoRV,2950,149000.0,mountainview
2021 Tesla Model Y Long Range With Fsd,https://www.craigslist.org/view/d/danville-2021-tesla-model-long-range/9eCFK8pEppZZCnFnwNtMjs,28600,46000.0,danville/sanramon
Audi Q7 Quattro,https://www.craigslist.org/view/d/concord-audi-q7-quattro/noLkkur3gk3hsjQTWUDocv,18787,138000.0,concord/pleasanthill/martinez
2019 Hyundai Ioniq Hybrid 171K 58Mpg,https://www.craigslist.org/view/d/newark-2019-hyundai-ioniq-hybrid-171k/21JLDSZQ4hDrC155w6WRE7,7600,171000.0,fremont/unioncity/newark
2004 Mazda 3,https://www.craigslist.org/view/d/santa-cruz-2004-mazda/mvv6oF1mm3uw88RAnpMZEB,4500,96000.0,santacruz
2012 Mini Cooper Hardtop 2-Door – Rare Ice Blue – Well Maintained,https://www.craigslist.org/view/d/san-jose-2012-mini-cooper-hardtop-door/xAe3YH1zENgcMMerqCkW3H,7000,89000.0,sanjosewest
2014 Freightliner Cascadia (Single Axle/Day Cab),https://www.craigslist.org/view/d/oakland-2014-freightliner-cascadia/b6koWDXKcjRCJJBPPiQD9b,18000,522000.0,Oakland
2008 Toyota Prius,https://www.craigslist.org/view/d/sebastopol-2008-toyota-prius/awMr1ZT9GcGnFEiKRo9pA4,8500,182000.0,sebastopol
2014 Bmw 328I,https://www.craigslist.org/view/d/san-jose-2014-bmw-328i/siyRbhupL7bjZbui9xHoBd,10800,88000.0,Saratoga
2017 Jeep Compass Latitude,https://www.craigslist.org/view/d/san-lorenzo-2017-jeep-compass-latitude/oHXQHi5uxHMmjK24QXDkAJ,9800,77000.0,mountainview
1999 Toyota Corolla,https://www.craigslist.org/view/d/santa-rosa-1999-toyota-corolla/15AGeTgafYdKufSUJpZXx5,3500,133000.0,santarosa
2006 Lexus Sc 430,https://www.craigslist.org/view/d/belvedere-tiburon-2006-lexus-sc-430/d4U7z3NYCqPV9ZvHgkUYg7,24500,43000.0,tiburon/belvedere
Austin Healey,https://www.craigslist.org/view/d/san-francisco-austin-healey/aqHpTToVS7fQST5eZkedg7,6500,1.0,SanFrancisco
2008 Subaru Outback Awd – Clean Title – 138K Miles,https://www.craigslist.org/view/d/san-francisco-2008-subaru-outback-awd/iAz1PDGm9qvHWETFtfWWvi,2950,138000.0,ingleside/SFSU/CCSF
2007 Chevy Cobalt Low Miles 124K!!,https://www.craigslist.org/view/d/hayward-2007-chevy-cobalt-low-miles-124k/sgzvqQgSAgLwRSEx8qUjyo,1700,124000.0,Hayward
1998 Nissan Pathfinder,https://www.craigslist.org/view/d/antioch-1998-nissan-pathfinder/phyKz3UqAR9MHSsXeC2pRm,1600,200000.0,Antioch
Like New 2022 Honda Pilot Touring,https://www.craigslist.org/view/d/oakland-like-new-2022-honda-pilot/3oEtugZaGk5GTH77ntDFqP,15800,32000.0,cityofsanfrancisco
2007 Honda Odyssey Touring. 1 Owner. Smogd.  Clean Title & Carfax,https://www.craigslist.org/view/d/concord-2007-honda-odyssey-touring/x4neZtXnzHC5GnpV1ayJHR,3900,222000.0,concord/pleasanthill/martinez
69' Dodge  Brothers D200,https://www.craigslist.org/view/d/walnut-creek-69-dodge-brothers-d200/3DkG3of94JMJaQSKZtk6mD,6200,5000.0,SanFrancisco
2003 Dodge Caravan Cv Cargo Van Mechanics Special,https://www.craigslist.org/view/d/santa-cruz-2003-dodge-caravan-cv-cargo/5gEM1E69e8pfYjq1MVokj1,4000,55000.0,santacruz
1965 Cadillac Coupe Deville Convertible W/40K,https://www.craigslist.org/view/d/lodi-1965-cadillac-coupe-deville/nQfgVuYWkmELpJXNHHAiHe,12500,40000.0,danville/sanramon
2001 Toyota Camry Le Sedan Passed-Smog,https://www.craigslist.org/view/d/san-francisco-2001-toyota-camry-le/rnNgWT8PB9edCAsnS8byD8,3500,170000.0,lowerpachts
1964 Mercury Comet Caliente,https://www.craigslist.org/view/d/dublin-1964-mercury-comet-caliente/humJip4xTGucRPWzzGkXH4,10450,1000000.0,fremont/unioncity/newark
2019 Mini Cooper Sport Excellent Condition,https://www.craigslist.org/view/d/santa-rosa-2019-mini-cooper-sport/81KikodPcjKiK9VdSgL9av,14999,58000.0,santarosa
1997 Mercedes Sl500 40Th Anniversary Roadster,https://www.craigslist.org/view/d/san-jose-1997-mercedes-sl500-40th/jZjCPYgCMcGmuZuR6YfgfW,21500,52000.0,sanjosewest
"Honday Odyssey Low Mileage, One Owner",https://www.craigslist.org/view/d/cupertino-honday-odyssey-low-mileage/jUdKF8kUA4NP6GfY6RzY3R,4900,104000.0,cupertino
2018 Freightliner Cascadia,https://www.craigslist.org/view/d/union-city-2018-freightliner-cascadia/u3a4XEsoUZTMnPXggHgMHb,1,716000.0,fremont/unioncity/newark
Bmw 330I 2017,https://www.craigslist.org/view/d/dublin-bmw-330i-2017/qdp5fRQyRFY3bGUDnDj7Jr,17800,86000.0,dublin/pleasanton/livermore
2015 Nissan Leaf (S Trim) Electric Vehicle,https://www.craigslist.org/view/d/san-jose-2015-nissan-leaf-trim-electric/79DrRqQorWbYx3W1b2VJ16,4999,73000.0,willowglen/cambrian
"2002 Lexus Is300 Hatchback, Rare Sport Car",https://www.craigslist.org/view/d/stanford-2002-lexus-is300-hatchback/wq1QGUgTMw7S2x8Cih3pRy,8800,131000.0,PaloAlto
2018 Acura Mdx Ah-Awd,https://www.craigslist.org/view/d/hayward-2018-acura-mdx-ah-awd/mnqpRQxAydV4VgLDYDZ8P5,12800,150000.0,eastbayarea
2014 Subaru Impreza 2.0I Sport Premium,https://www.craigslist.org/view/d/danville-2014-subaru-impreza-20i-sport/14VyEAxpDqAG4Zo5vG9iAE,8900,63000.0,danville/sanramon
2005 Mercedes Benz Clk 500,https://www.craigslist.org/view/d/saratoga-2005-mercedes-benz-clk-500/47ZxTAPfR3EMRCTo7axgSL,4900,114000.0,WestSanJose
"2000 Toyota Camry Le For Sale - 139,000 Miles",https://www.craigslist.org/view/d/pleasant-hill-2000-toyota-camry-le-for/qhGgC4EUx5vjXKafVnNKpn,4250,139000.0,concord/pleasanthill/martinez
"2008 Jeep Wrangler Unlimited 90K Miles, Good Condition",https://www.craigslist.org/view/d/bolinas-2008-jeep-wrangler-unlimited/i8sT6Ci6wte3KnPtfqUFSF,9500,90000.0,westmarin
2004 Bmw 330Ci 85K Miles,https://www.craigslist.org/view/d/pleasant-hill-2004-bmw-330ci-85k-miles/n8heoBcRVib21qT4UPqDFN,6500,85000.0,concord/pleasanthill/martinez
Pontiac Grand Am Se,https://www.craigslist.org/view/d/moss-beach-pontiac-grand-am-se/h2N5nuigtjtUF55ipUR8KH,2200,110000.0,SanFrancisco
"2003 Subaru Forester 2.5X Awd With 82,000 Miles Original",https://www.craigslist.org/view/d/daly-city-2003-subaru-forester-25x-awd/7pbChMEa5zdgvcfkuaobWg,2300,82000.0,innersunset/UCSF
2006 Toyota Sienna Xle / One Owner / 87K Miles,https://www.craigslist.org/view/d/berkeley-2006-toyota-sienna-xle-one/5PUmtZFqjvHyyrq24agHdZ,9900,87000.0,berkeley
2003 Toyota Tacoma Crew Cab Pickup,https://www.craigslist.org/view/d/san-jose-2003-toyota-tacoma-crew-cab/uyVDqK6AZuiKwmtVJjkuhu,11900,184000.0,sanjosesouth
2020  Gmc Sierra 1500 Slt Clean Title Automatic,https://www.craigslist.org/view/d/san-jose-2020-gmc-sierra-1500-slt-clean/86BJngg5yL78nZtMdfEWfh,15900,40000.0,sanjosesouth
1995 Chevy K2500 5.7L With Rare Dana 60,https://www.craigslist.org/view/d/soquel-1995-chevy-l-with-rare-dana-60/oHPVgxxcgLPRtLQTYnMZj4,4500,160000.0,soquel
2005 Toyota Sienna Le,https://www.craigslist.org/view/d/vallejo-2005-toyota-sienna-le/uLrhZXuQ5qjrT9eugnNdvg,4300,212000.0,vallejo/benicia
2013 Volvo S60 Sedan,https://www.craigslist.org/view/d/half-moon-bay-2013-volvo-s60-sedan/6M3E2Y6GxAwjKMTC7V5Yoa,7300,136000.0,HalfMoonBay
2013 Audi A3 Premium Plus Diesel Wagon,https://www.craigslist.org/view/d/san-jose-2013-audi-a3-premium-plus/wcbjbgT2MweqQjZ2beByzM,7900,100000.0,sanjosedowntown
2011 Gmc Yukon Xl Denali Awd,https://www.craigslist.org/view/d/san-jose-2011-gmc-yukon-xl-denali-awd/9yVeJ1dnzPNfCDnkBNfzuT,18300,54000.0,sanjosenorth
2001 Chevrolet Suburban Z71,https://www.craigslist.org/view/d/knightsen-2001-chevrolet-suburban-z71/2JGWqBW8LE7MmiJyYAXp98,3800,259000.0,Oakley
2003 Toyota Matrix Xr,https://www.craigslist.org/view/d/pleasanton-2003-toyota-matrix-xr/q2DuhiLhuUMZZEmh8djTJs,4700,159000.0,Pleasanton
2006 Toyota Avalon,https://www.craigslist.org/view/d/antioch-2006-toyota-avalon/14ePN4y8noXGr8tDc8vdhZ,3000,171000.0,pittsburg/antioch
2025 Honda Hrv Sport Pearl White,https://www.craigslist.org/view/d/hayward-2025-honda-hrv-sport-pearl-white/91esZ8esABoUy2bgAGBbL5,15450,42000.0,eastbayarea
2017 Kia Forte Lx Sedan 4D,https://www.craigslist.org/view/d/pittsburg-2017-kia-forte-lx-sedan-4d/46gzCM6LPoCUdtJk5hsPxJ,7000,94000.0,pittsburg/antioch
2009 Bmw 328,https://www.craigslist.org/view/d/concord-2009-bmw-328/ajagYe9tzN4vB3VVM4a24e,4850,151000.0,concord/pleasanthill/martinez
1992 Toyota Previa,https://www.craigslist.org/view/d/san-francisco-1992-toyota-previa/6CsRUwvfiYgBfCFK8v9fMe,8500,101000.0,russianhill
Ford Escape Se Ecoboost $5900 Obo,https://www.craigslist.org/view/d/san-mateo-ford-escape-se-ecoboost-5900/xybNTURXeWbfsunyaEkxvh,5900,96000.0,fostercity
1972 Oldsmobile Cutlass,https://www.craigslist.org/view/d/hayward-1972-oldsmobile-cutlass/m4BFcNfXWU64oHKUYZe6FM,20000,24000.0,eastbayarea
Bmw 323I 2000 4 Door,https://www.craigslist.org/view/d/santa-rosa-bmw-323i-door/3Qbpeqkn2k829ATTjZgPi1,2799,188000.0,santarosa
2014 Ford F150 Fx4,https://www.craigslist.org/view/d/clayton-2014-ford-f150-fx4/nueb4AqKW1r4RmBzBW9tcK,11500,170000.0,concord/pleasanthill/martinez
2015 Honda Accord Sport,https://www.craigslist.org/view/d/fairfield-2015-honda-accord-sport/wV8zsYBxP5fUqTvw264Q68,8300,135000.0,fairfield/vacaville
Subaru Forester Awd,https://www.craigslist.org/view/d/san-francisco-subaru-forester-awd/om54b9vNh1cKehs71ytZcB,4200,177000.0,sunset/parkside
2002 Acura Tl S-Type Fully Loaded Great Shape Runs Great,https://www.craigslist.org/view/d/san-mateo-2002-acura-tl-type-fully/q4ANBeUF4Dep3KhCkDzpTR,3500,204000.0,sanmateo
1964 Chevy Impala,https://www.craigslist.org/view/d/hayward-1964-chevy-impala/cECnJUNdEBbKMz2xp1UBMd,40000,111000.0,eastbayarea
2008 Honda Odyssey Ex-L,https://www.craigslist.org/view/d/san-jose-2008-honda-odyssey-ex/rMpAT9RNZEbLoV3pVeFqhe,3600,174000.0,sanjosedowntown
Mini Countryman Cooper S - 2013,https://www.craigslist.org/view/d/pleasant-hill-mini-countryman-cooper/mVGFo8WivTzJMkUmDCF1xF,8000,93000.0,PleasantHill
2005 Acura Tl Clean Title,https://www.craigslist.org/view/d/union-city-2005-acura-tl-clean-title/14dSvoinsvamThQs254eVk,3900,196000.0,UnionCity
2012 Acura Tsx Sport Wagon,https://www.craigslist.org/view/d/corte-madera-2012-acura-tsx-sport-wagon/wxF5n4ayGyJjndKLZFoLh9,9950,136000.0,cortemadera
2020 Chevrolet Silverado 1500 4X4 Crew Cab 4 Doors Great Condition,https://www.craigslist.org/view/d/newark-2020-chevrolet-silverado-x4-crew/cH5shioa5rWMmWdSStVBr9,18700,130000.0,peninsula
2013 Subaru Impreza 2.0I Limited Wagon,https://www.craigslist.org/view/d/belmont-2013-subaru-impreza-20i-limited/kBcZufJWHmoeBLBQrdJaGX,5700,153000.0,belmont
2007 Nissan Altima,https://www.craigslist.org/view/d/antioch-2007-nissan-altima/cLGmwQtjj8UBk8sSNSDb3E,3800,157000.0,concord/pleasanthill/martinez
2005 Honda Pilot Exl For Sale,https://www.craigslist.org/view/d/daly-city-2005-honda-pilot-exl-for-sale/fSdp4CNru3iSUVtPnREkop,2500,221000.0,dalycity
2020  Corvette Z51,https://www.craigslist.org/view/d/manteca-2020-corvette-z51/h5bqvhiXrgRwX1jCNBGuvV,67000,13000.0,Manteca
2006 Dodge Ram 1500 Slt 4X4 4 Door Truck,https://www.craigslist.org/view/d/san-mateo-2006-dodge-ram-1500-slt-4x4/cZXsbPDaMqY3ebuZcDxhHY,3950,155000.0,burlingame
2000 Toyota Rav4,https://www.craigslist.org/view/d/san-jose-2000-toyota-rav4/r2aSvC2YvKcw7LbWHryT5M,3900,221000.0,sanjoseeast
2001 Bmw 325I - ***Best Value Vehicle***,https://www.craigslist.org/view/d/windsor-2001-bmw-325i-best-value-vehicle/rSz1CUperwsauGGHyo8oc3,1788,210000.0,santarosa
Very Low Mileage Great Condition Camry Hybrid,https://www.craigslist.org/view/d/san-carlos-very-low-mileage-great/cUffc85fZxPGz6A2KYRTxU,17750,73000.0,SanCarlos
2004 Mercedes Freightliner Sprinter Van Custom Wood Cabinets,https://www.craigslist.org/view/d/cloverdale-2004-mercedes-freightliner/rfC2prvw9EbeUUpTEnGdCg,8500,245000.0,santarosa
2014 Lexus Gx460 1 Owner/ Clean Title,https://www.craigslist.org/view/d/cupertino-2014-lexus-gx460-owner-clean/tBMLHQWGDUahAbYpSxTcGS,25400,50000.0,cupertino
2011 Mazda 3 Low Miles Clean Title Smog,https://www.craigslist.org/view/d/san-jose-2011-mazda-low-miles-clean/woAP3AF74kVtmNET4JmdFG,5850,114000.0,sanjosesouth
2008 Smart Car Passion Coupe - Low Miles!,https://www.craigslist.org/view/d/napa-2008-smart-car-passion-coupe-low/gAUxpxEQV9akyKPqjF9FdS,5200,18000.0,napacounty
1998 Ford F150,https://www.craigslist.org/view/d/emeryville-1998-ford-f150/cSXwPtExixaJ5NrL8AUxa1,2100,191000.0,oaklandnorth/temescal
2002 Vw Golf Tdi,https://www.craigslist.org/view/d/berkeley-2002-vw-golf-tdi/nQdVYX9NGGaEydEAhMjvMs,3500,175000.0,oaklandhills/mills
2006 Chevrolet Express 2500,https://www.craigslist.org/view/d/newark-2006-chevrolet-express-2500/hdMRci9FELA3UeKRoRMtdH,4000,155000.0,fremont/unioncity/newark
2005 Gmc Safari Van 4X4,https://www.craigslist.org/view/d/windsor-2005-gmc-safari-van-4x4/ptpcBj3N5EA6Afj9JYL8ji,1799,262000.0,santarosa
1998 Toyota Camry V6,https://www.craigslist.org/view/d/fremont-1998-toyota-camry-v6/1nXsixiNGXyzN1SsKWvuc1,6000,101000.0,fremont/unioncity/newark
2006 Ford E350 Cutaway 7.3L Diesel Super Low Miles,https://www.craigslist.org/view/d/south-san-francisco-2006-ford-e350/m96kXGZsap9yGj8tnYDnqD,5000,87000.0,SouthSanFrancisco
2008 Honda Cr-V,https://www.craigslist.org/view/d/half-moon-bay-2008-honda-cr/c5gtiG2BK7yNiJNgGb3iKf,8500,120000.0,HalfMoonBay
1995 Jeep Wrangler Yj (Automatic),https://www.craigslist.org/view/d/fairfield-1995-jeep-wrangler-yj/7mCANR8KvH4qE4zzQqd1kq,4500,200000.0,fairfield/vacaville
Rv Gillig,https://www.craigslist.org/view/d/sunnyvale-rv-gillig/7uhG7VTQP2sLjDPDnEVKcT,14000,,Sunnyvale
Bmw Sedan 2011 528I,https://www.craigslist.org/view/d/san-francisco-bmw-sedan/tbGiXP2uqnLAHxRcTgRN2m,6400,180000.0,Marin/SanFrancisco
70' Convertible,https://www.craigslist.org/view/d/belvedere-tiburon-70-convertible/h5dNAisdaKebdZp12FTrvM,25000,6400.0,SanFrancisco
2009 Mini Cooper S 62K Miles Excellent Cond. No Accidents Clean Title,https://www.craigslist.org/view/d/corte-madera-2009-mini-cooper-62k-miles/oo45vJKZ32UsdDL2fuyAvj,8995,62000.0,northbay/marin
"08' Mitsubishi Eclipse Low Miles, Manual Transmission",https://www.craigslist.org/view/d/south-san-francisco-08-mitsubishi/9Bi1zpK9aP3DUNKNi5mRsS,2000,113.0,SouthSanFrancisco
2011 Mercedes Benz R350 V6.   Low Miles . Runs New,https://www.craigslist.org/view/d/roseville-2011-mercedes-benz-r350-v6/51YAC7aACRuHkf3CD24Jz3,4900,162000.0,Rosevilleca
2000 Toyota Tundra Sr5,https://www.craigslist.org/view/d/santa-rosa-2000-toyota-tundra-sr5/oxdW3dgWS5fAwoJqwvGfbv,4400,276000.0,santarosa
2018 Mazda 3 Grand Touring,https://www.craigslist.org/view/d/el-cerrito-2018-mazda-grand-touring/jX7EGGXxGz3yWyzJK3W5X9,18000,46000.0,albany/elcerrito
2003 Honda Civic Ex Coupe Low Miles Gas Saver!,https://www.craigslist.org/view/d/fairfield-2003-honda-civic-ex-coupe-low/pNqH1qCkShz5ejLzBQE6RK,6000,133000.0,fairfield/vacaville
2007 Toyota Camry One Owner,https://www.craigslist.org/view/d/santa-rosa-2007-toyota-camry-one-owner/7kmd9NSFNbxuaJBE3QhFrH,5900,178000.0,santarosa
Manual 2011 Mazda 3 Sedan Grand Touring,https://www.craigslist.org/view/d/petaluma-manual-2011-mazda-sedan-grand/funZrsDZm19QfzNjV1WStn,5000,103000.0,petaluma
2006 F350 6.0,https://www.craigslist.org/view/d/san-jose-2006-f350-60/oxrMb8UJyjkSi8sfwsZTPJ,3000,200.0,sanjosesouth
C32Amg Mercedes,https://www.craigslist.org/view/d/san-jose-c32amg-mercedes/grEGdRyyWHscDzYajKdEdL,6999,249000.0,Newark
2005 Lexus Gx470 4Wd - 227K Miles | Full Service Receipts | Mom'S Car,https://www.craigslist.org/view/d/lafayette-2005-lexus-gx470-4wd-227k/oNhZH2NdmGKv6xGn3h3i3z,9500,227000.0,lafayette/orinda/moraga
2018 Dodge Grand Caravan Se,https://www.craigslist.org/view/d/san-francisco-2018-dodge-grand-caravan/psT58mu13M9AWxSmcSqPSa,8800,102000.0,downtown/civic/vanness
2019 Subaru Outback Limited Awd – 46.8K Miles – Clean Title,https://www.craigslist.org/view/d/fremont-2019-subaru-outback-limited-awd/ijFdceEkCTxxsBUkgwdpfb,21800,47000.0,fremont/unioncity/newark
2013 Mercedes C250 Sport Design,https://www.craigslist.org/view/d/san-jose-2013-mercedes-c250-sport-design/3pdrVFJxJDb8ML3q2e9p1D,5700,102000.0,campbell
2018 Mercedes-Benz Glc-300 4Matic,https://www.craigslist.org/view/d/san-francisco-2018-mercedes-benz-glc/iVbfATwHjuYxc1Pc542Psp,14500,76000.0,noevalley
2004 F-250 6.0 Diesel,https://www.craigslist.org/view/d/sunnyvale-2004-diesel/5Dw1hSYRwKdmYJpHCfuCWX,16000,140000.0,Sunnyvale
2001 Porsche Boxster S,https://www.craigslist.org/view/d/mill-valley-2001-porsche-boxster/1AvoH9XAoMs3XXdS9ubUTj,11000,94000.0,millvalley
Sport Bike Vfr800 Great Bike,https://www.craigslist.org/view/d/fremont-sport-bike-vfr800-great-bike/b5qwEddPketASvZMNhUXYu,3900,45000.0,cityofsanfrancisco
2012 Range Rover Hse,https://www.craigslist.org/view/d/los-gatos-2012-range-rover-hse/aGYBkrccLXbnWaKCb6wt3s,7800,164000.0,losgatos
"2011Kia Optima Hybrid $6,000 (Obo). 132K Mi.",https://www.craigslist.org/view/d/hayward-2011kia-optima-hybrid-6000-obo/8XGQKQHSSxzhdSkDwGm8Qj,6000,132000.0,hayward/castrovalley
2005 Toyota Corolla,https://www.craigslist.org/view/d/redwood-city-2005-toyota-corolla/eTzm9DcshqNny2FU9xFNzo,1500,235000.0,redwoodcity
2007 Acura Mdx Sh-Awd W/Tech 7-Seater Clean Title Smog Done 2027,https://www.craigslist.org/view/d/berkeley-2007-acura-mdx-sh-awd-tech/ihAVy3DePzRsP2a8zyXM8z,3900,194000.0,Berkeley/NorthOakland
"2019 Honda Civic Type R Fk8 — 2,100 Miles — Extensive Mugen Build",https://www.craigslist.org/view/d/los-gatos-2019-honda-civic-type-fk/cNpo839UBcVArGJhLFYCMb,49999,2550.0,losgatos
2019 Honda Accord,https://www.craigslist.org/view/d/berkeley-2019-honda-accord/bj4FCZY7WFaQCaSYpg7U8h,5,50000.0,SfBaytoL.A.
🔥 2014 Toyota Camry Le • 86K Miles • Major Tune Up • Clean Title 🔥,https://www.craigslist.org/view/d/fremont-toyota-camry-le-86k-miles-major/sFNGCzy6RrctyLdm1SL8Qd,14950,87000.0,fremont/unioncity/newark
2022 Toyota Rav4 Le • 87K Miles • Clean Title • Well Maintained,https://www.craigslist.org/view/d/fremont-2022-toyota-rav4-le-87k-miles/1pDi5nA7HzcBvcHnFR3uwy,21800,87000.0,fremont/unioncity/newark
Honda Prelude (Or Acura Integra),https://www.craigslist.org/view/d/calistoga-honda-prelude-or-acura-integra/iBGy1kawrNFkhjYttF3N28,12000,50000.0,napacounty
2015 Honda Accord Ex-L Very Low Miles,https://www.craigslist.org/view/d/fremont-2015-honda-accord-ex-very-low/kuMM9k3GFTK1CZyUhzvR7B,14500,52000.0,Fremont
2012 Honda Civic Hf,https://www.craigslist.org/view/d/fremont-2012-honda-civic-hf/qFXK38TeP6JqmwZyRCMDUG,10500,44000.0,Fremont
2005 Ford Thunderbird 2Dr Convertible. 99K. Smogd. Clean Titl & Carfax,https://www.craigslist.org/view/d/concord-2005-ford-thunderbird-2dr/5XySgUa3u3j82azkEecah2,6999,99000.0,concord/pleasanthill/martinez
2016 Ram 1500 Limited Ecodiesel,https://www.craigslist.org/view/d/larkspur-2016-ram-1500-limited-ecodiesel/3QmURx6eaTvivWQFC3ohrD,16000,150000.0,Larkspur
2013 Volkswagen Golf 2D - Low Miles,https://www.craigslist.org/view/d/hayward-2013-volkswagen-golf-2d-low/isT9Gh4cHh4Tv9tPiit7kD,5600,85000.0,hayward/castrovalley
2015 Bmw 328I Xdrive Awd – Under 50K Miles – Dealer Maintained – Clean,https://www.craigslist.org/view/d/belmont-2015-bmw-328i-xdrive-awd-under/mNABTiDERJj4QJ2senGqWm,14000,50000.0,belmont
2019 Dodge Journey Se Sport,https://www.craigslist.org/view/d/antioch-2019-dodge-journey-se-sport/wwF5KDyCh8QFThJzwHkqu7,11900,77000.0,concord/pleasanthill/martinez
2015 Acura Rdx Sport,https://www.craigslist.org/view/d/pleasant-hill-2015-acura-rdx-sport/4EaqpjLs4ehB25w1kdBpV3,9950,97000.0,concord/pleasanthill/martinez
2014 Hyundai Sonata Limited,https://www.craigslist.org/view/d/antioch-2014-hyundai-sonata-limited/oxM8n1yNQsTP8TmCrhnPHv,6950,91000.0,concord/pleasanthill/martinez
"2007 Kia Rio , 4 Door Sedan , Low 110 K""  Miles , Smogged ,  4 Cyl",https://www.craigslist.org/view/d/millbrae-2007-kia-rio-door-sedan-low/gbuY7dmv6zgqAx4WVhMceE,2900,110000.0,millbrae
2011 Honda Pilot  Exl  8 Passenger,https://www.craigslist.org/view/d/pleasant-hill-2011-honda-pilot-exl/fxzETNPNorWC4pMUx4NiaC,5950,180000.0,concord/pleasanthill/martinez
"2007 Kia Rio , 4 Door Sedan , Low 110 K""  Miles , Smogged ,  4 Cyl",https://www.craigslist.org/view/d/millbrae-2007-kia-rio-door-sedan-low/fmE9KYDstTzW8asi18Yq9h,2900,110000.0,millbrae
2012 Tesla Model S P85,https://www.craigslist.org/view/d/pleasant-hill-2012-tesla-model-p85/7jD3FatdFAWJKWb9m2W77R,13900,73000.0,concord/pleasanthill/martinez
2022 Hyundai Ioniq Hybrid Blue,https://www.craigslist.org/view/d/antioch-2022-hyundai-ioniq-hybrid-blue/fZays3bXfEJ5Fvn9vHSgLA,13900,34000.0,concord/pleasanthill/martinez
2018 Hyundai Santa Fe Awd Sport,https://www.craigslist.org/view/d/antioch-2018-hyundai-santa-fe-awd-sport/tvqyT22LPvug5rZyMm5pSm,8950,103000.0,concord/pleasanthill/martinez
Toyota Prius - 156K Miles - Runs & Drives Great,https://www.craigslist.org/view/d/oakland-toyota-prius-156k-miles-runs/4yyYLDA7h3ZLpcpPYoHAEu,5500,156000.0,Alameda
2007 Mazda 5,https://www.craigslist.org/view/d/berkeley-2007-mazda/bqZg97uZeHBmcht1o4cekA,3500,128000.0,emeryville
2021 Ram 1500 Crow Cab Classic Hemi 5.7 L 4X4,https://www.craigslist.org/view/d/antioch-2021-ram-1500-crow-cab-classic/kT23w8CoEui6PJPJDdUC3B,20900,92000.0,brentwood/oakley
2018 Ram Quad Cab 1500 Slt 4X4,https://www.craigslist.org/view/d/pleasant-hill-2018-ram-quad-cab-1500/pFzZz5GidHp6xsFYYaPmNL,16900,33000.0,brentwood/oakley
2017 Ford Fusion Se  Awd,https://www.craigslist.org/view/d/pleasant-hill-2017-ford-fusion-se-awd/kkCG9RpKWfkANGdeWCKuSq,8700,109000.0,pittsburg/antioch
2024 Chevrolet Trax Rs,https://www.craigslist.org/view/d/pleasant-hill-2024-chevrolet-trax-rs/45yq7SYnbGnWD7BBqK1BBd,16900,29000.0,concord/pleasanthill/martinez
2015 Volvo V60 T5 Drive E,https://www.craigslist.org/view/d/walnut-creek-2015-volvo-v60-t5-drive/cj4HefB2k9z8wdTbHcp8cc,7900,100000.0,WalnutCreek
1995 Honda Accord,https://www.craigslist.org/view/d/antioch-1995-honda-accord/kgQgNpNMXSzuxMbwrN8AfP,1500,190000.0,Antioch
2006 Mercedes Benz Ml350 4Matic Clean Title 100K Miles Runs Excellent,https://www.craigslist.org/view/d/antioch-2006-mercedes-benz-ml350-4matic/5oPRqoEkVYYNt62u1RgzpP,4900,100000.0,pittsburg/antioch
2014 Chevy Sonic Lt – Runs & Drives – Clean Title – Smogged,https://www.craigslist.org/view/d/san-francisco-2014-chevy-sonic-lt-runs/exhMNmaaExotSbV1BJiB3i,2800,183000.0,pacificheights
2016 Mercedes E350,https://www.craigslist.org/view/d/brisbane-2016-mercedes-e350/6Yq95GHKZdobCpcYYDqKxY,11000,109000.0,SanCarlos
2003 Gmc Sierra 2500Hd Slt 4X4 6.6 Liter Duramax 300 Hp Diesel,https://www.craigslist.org/view/d/cupertino-2003-gmc-sierra-2500hd-slt/ewo3CLdgQHruFXpzifA52V,15500,146000.0,cupertino
2014 Audi A4 2.0T Premium,https://www.craigslist.org/view/d/clayton-2014-audi-a4-20t-premium/fK9K6hJchpfbD4q2pCgXTm,9000,114000.0,concord/pleasanthill/martinez
Nineteen Sixty Six Two  Door Plymouth Fury,https://www.craigslist.org/view/d/concord-nineteen-sixty-six-two-door/iWwKzoifxyaLcKhpSkedKj,2500,30000.0,concord/pleasanthill/martinez
1963 Volkswagen Vw Pick Up Project......Restoration Special,https://www.craigslist.org/view/d/san-rafael-1963-volkswagen-vw-pick-up/aXYVZSVDyjG2E1EHv7wHeW,5000,100000.0,sanrafael
2020 Nissan Pathfinder Sl 2Wd/4Wd Option,https://www.craigslist.org/view/d/concord-2020-nissan-pathfinder-sl-2wd/aV8oWUdSTxAwGqbzZocXJ4,12550,108000.0,concord/pleasanthill/martinez
2010 Subaru Forester 2.5X Limited Awd– Only 61K Miles,https://www.craigslist.org/view/d/concord-2010-subaru-forester-25x/tyDq1w5FW7QNFk1z6ThSyV,8980,61000.0,concord/pleasanthill/martinez
"2016 Scion Tc Release Series 10.0 ($12,500 Obo)",https://www.craigslist.org/view/d/south-san-francisco-2016-scion-tc/4jdYzfNznKdT1bFiLHgjpB,12500,67000.0,southsanfrancisco
Jaguar Xjr,https://www.craigslist.org/view/d/tracy-jaguar-xjr/gQ46QcyMFyYHT3RaZP1WFV,3000,124000.0,dublin/pleasanton/livermore
1970 Pontiac Catalina Convertible,https://www.craigslist.org/view/d/fulton-1970-pontiac-catalina-convertible/bNx2UgfdnHckVSHrrXY1LN,16000,75000.0,santarosa
2002 Hyundai Tucson,https://www.craigslist.org/view/d/santa-rosa-2002-hyundai-tucson/7wfcjSJUzxeejjxrxChhNR,5000,68000.0,santarosa
1993 Sr5 Toyota 4Runner,https://www.craigslist.org/view/d/guerneville-1993-sr5-toyota-4runner/aCUAPmRfbpLc8r1Mu3GJYJ,12500,172000.0,Guerneville
2004 Honda Civic Hybrid,https://www.craigslist.org/view/d/vallejo-2004-honda-civic-hybrid/c97VTgQ6V55C6TW7XJqFWX,1200,180000.0,vallejo/benicia
Chevy Express,https://www.craigslist.org/view/d/petaluma-chevy-express/fMAsBtUJLeMEsPyA1bByoJ,2000,619000.0,Petaluma
2006 Honda Odyssey Minivan Low Miles One Owner,https://www.craigslist.org/view/d/san-jose-2006-honda-odyssey-minivan-low/6MQk485SQHPm7ReKYZMW85,4100,140000.0,SanJose
"1995 Bmw 750Il, 12 Cylinder Very Clean",https://www.craigslist.org/view/d/sausalito-1995-bmw-750il-12-cylinder/jHaL2KftG1Q1PhSjwGmKjc,14900,88000.0,Sausalito
2002 Trailblazer 4X4,https://www.craigslist.org/view/d/santa-rosa-2002-trailblazer-4x4/tarw9RyNpKqsQBHnoWujiA,3000,187000.0,santarosa
Super Clean 1981 Mercedes 300Sd 109K Miles,https://www.craigslist.org/view/d/sausalito-super-clean-1981-mercedes/7GTRuMQmWzQ3GyfdmLQHrr,9900,109000.0,Sausalito
"2009 Honda Civic Lx Sedan, Automatic, One Owner Since 2016, Fresh Smog",https://www.craigslist.org/view/d/albany-2009-honda-civic-lx-sedan/a7MVtnxBnvvWahgevjBwqm,4900,166000.0,albany/elcerrito
2019 Toyota Corolla Le,https://www.craigslist.org/view/d/san-ramon-2019-toyota-corolla-le/2FvD2wdc3qns8g7juR5Jen,13900,90000.0,dublin/pleasanton/livermore
2018 Honda Hr-V Ex-L 58K Miles,https://www.craigslist.org/view/d/san-francisco-2018-honda-hr-ex-58k-miles/iA3fK3r5E9a3pfB1xDCgKi,17900,58000.0,cityofsanfrancisco
1998 Bmw 328I,https://www.craigslist.org/view/d/richmond-1998-bmw-328i/8vLV6wVd8Qm8KFHSTsym1j,5000,332000.0,"hercules,pinole,sanpablo,elsob"
2011 Nissan Rogue Awd,https://www.craigslist.org/view/d/santa-rosa-2011-nissan-rogue-awd/sBe9HLaJTGCR1A3hFBmLrr,5800,92000.0,santarosa
2024 Cx-5 2.5 Se Awd,https://www.craigslist.org/view/d/san-jose-2024-cx-25-se-awd/m7n9eqwnRckxb6z7mmqAge,25000,21000.0,sanjosenorth
1997 Ford F150 Xl Step Side Pickup Low Miles,https://www.craigslist.org/view/d/san-jose-1997-ford-f150-xl-step-side/5EuDxaDGbbf6kUZGJgpqhu,3400,140000.0,SanJose
2009 Toyota Prius Hybrid New Tires Runs Great,https://www.craigslist.org/view/d/alameda-2009-toyota-prius-hybrid-new/4xViczH2vypHvEvHZm6fWc,3900,203000.0,alameda
Sport Bike Vfr800 Great Bike,https://www.craigslist.org/view/d/fremont-sport-bike-vfr800-great-bike/aze9iw5rHSKLA81C4JDf3L,3900,45000.0,cityofsanfrancisco
Bmw X5 M Sport Great Deal Trade With Motorcycle,https://www.craigslist.org/view/d/fremont-bmw-x5-sport-great-deal-trade/gc16ywP6W5UvwkihCeyTdq,5900,145000.0,eastbayarea
2006 Toyota Camry,https://www.craigslist.org/view/d/brentwood-2006-toyota-camry/vZG7yVNaQVdBNLx4tW1hFp,4200,180000.0,brentwood/oakley
2002 Dodge Ram Disel 2500,https://www.craigslist.org/view/d/santa-rosa-2002-dodge-ram-disel-2500/2SULjUgebb2qcMV6cZPyP3,18500,2000000.0,santarosa
2020 Metris Getaway Van,https://www.craigslist.org/view/d/walnut-creek-2020-metris-getaway-van/v2z2Cu6vzyFgNfKYxGaFDX,65000,26000.0,walnutcreek
2018 Volvo S90 Awd T6 Inscription One Owner Clean Title Low Miles,https://www.craigslist.org/view/d/hayward-2018-volvo-s90-awd-t6-in-ion/uT9hBjatfY9fCp3Uoojd2L,15800,69000.0,hayward/castrovalley
"2015 Ford Edge Sel, One Owner, Clean Title, 140K Miles",https://www.craigslist.org/view/d/greenbrae-2015-ford-edge-sel-one-owner/rqFQRz5sZdczdXNAzACULR,8500,140000.0,kentfield/ross
2016 Mercedes-Benz Gle 350 Clean Title Low Miles Automatic Gle350,https://www.craigslist.org/view/d/hayward-2016-mercedes-benz-gle-350/vcjVjiZNWD5kSetPFaBavG,12900,99000.0,hayward/castrovalley
2023 Nissan Rogue Sv Clean Title One Owner Gas Saver Low Miles,https://www.craigslist.org/view/d/hayward-2023-nissan-rogue-sv-clean/3b6ZbNXL5CrbG9wVKdZKgg,19800,19000.0,hayward/castrovalley
2011 Chevrolet Express 2500 Cargo Van Clean Title Only 65K Miles,https://www.craigslist.org/view/d/hayward-2011-chevrolet-express-2500/bvBTw3yXqrKLHMLt7m5cvM,11800,65000.0,hayward/castrovalley
Mini Clubman S Fwd Jcw Style,https://www.craigslist.org/view/d/oakland-mini-clubman-fwd-jcw-style/adH2ZxHZYJ4tVgREJ7iFj1,16900,75000.0,oaklandlakemerritt/grand
06 Mini/Clean Title/Only 55K Origjnal Miles,https://www.craigslist.org/view/d/santa-rosa-06-mini-clean-title-only-55k/j4D2BbANmeiXy945ZEkp1x,7300,55000.0,SantaRosa
*Rare* 5 Door 2001 Golf Gls 1.8T (Only Made From 2000-2001),https://www.craigslist.org/view/d/oakland-rare-door-2001-golf-gls-18t/gyBBVneZoSgTqqCq8znRFm,3000,150000.0,oaklandnorth/temescal
2010 Honda Civic Lx-S Sport Sedan,https://www.craigslist.org/view/d/fremont-2010-honda-civic-lx-sport-sedan/2RnxJbihrEZimZyM15cNZF,8250,138000.0,fremont/unioncity/newark
2011 Chevy Camaro Ss Auto Original Owner 120K Miles All Stock,https://www.craigslist.org/view/d/san-jose-2011-chevy-camaro-ss-auto/1EAQ5v5obt7vag1vx7xLDM,13900,121000.0,sanjosenorth
2004 Honda Accord Coupe. Smogged & Registered $2400 Obo,https://www.craigslist.org/view/d/antioch-2004-honda-accord-coupe-smogged/r6VupdvMnBAy9XtTYeJSJY,2400,200000.0,pittsburg/antioch
2015 Honda Accord Sport $6000 Obo,https://www.craigslist.org/view/d/danville-2015-honda-accord-sport-6000/v41GSr1zSBJnAUrLsgqaAa,6000,307000.0,danville/sanramon
2001 Nissan Sentra.  Smogged & Registered  $1800,https://www.craigslist.org/view/d/antioch-2001-nissan-sentra-smogged/cdR7R5w2LLrcCp9RQFtcWr,1800,200000.0,pittsburg/antioch
Porsche Panamera,https://www.craigslist.org/view/d/san-francisco-porsche-panamera/wABjTMQmHeC2V9DmknDdp7,12200,86000.0,sunset/parkside
2024 Chevy Equinox Ls,https://www.craigslist.org/view/d/windsor-2024-chevy-equinox-ls/3zUXjWbz2jWAH8A3kV1PNH,21000,44000.0,healdsburg/windsor
1940 Packard 110  4-Door Sedan,https://www.craigslist.org/view/d/redwood-city-1940-packard-door-sedan/nceYgsQNaV9Vgt4rZXAF6b,26000,6938.0,redwoodcity
2005 Ford Freestyle Limited,https://www.craigslist.org/view/d/san-leandro-2005-ford-freestyle-limited/gM8uzrRafTeroDWBc5iPB4,2950,144000.0,SanLeandro
Honda Accord 2012,https://www.craigslist.org/view/d/oakland-honda-accord-2012/rh94uA3pWCoZ6zQJrZr7GQ,9300,72000.0,oaklandeast
1994 Buick Roadmaster Estate Wagon,https://www.craigslist.org/view/d/san-jose-1994-buick-roadmaster-estate/wiSPfm3z5qtdujXw3XfczY,9000,153000.0,sanjosenorth
Chevrolet Silverado Lt 4X4 2013,https://www.craigslist.org/view/d/hayward-chevrolet-silverado-lt-4x4-2013/mNszheSbYFWPQxZdDVerZ2,15900,61000.0,lafayette/orinda/moraga
2017 Audi Q5 2.0T Awd,https://www.craigslist.org/view/d/santa-rosa-2017-audi-q5-20t-awd/7agaoSrYv4kpSxK8D72wAT,5995,137000.0,SantaRosa
2019 Tesla Model 3 - Standard Range Plus Rear-Wheel Drive,https://www.craigslist.org/view/d/menlo-park-2019-tesla-model-standard/4eTdB6jxYik8ZKCTY7enhy,21280,61000.0,menlopark
Bmw X6M Hamann Tycoon Evo Widebody Extremely Rare,https://www.craigslist.org/view/d/napa-bmw-x6m-hamann-tycoon-evo-widebody/aLwXy84mUJ7ueU2345MrrR,28950,91000.0,Napa
"Volkswagen Jetta Se Tsi Beautiful!! 82, 575 Miles 2017 Powerful!!!",https://www.craigslist.org/view/d/san-rafael-volkswagen-jetta-se-tsi/te8eYLxYhoGNSXqvKHtuHv,8800,83000.0,sanrafael
2015 Mercedes-Benz Gla 250 4Matic Awd Clean Title Low Miles Gla250,https://www.craigslist.org/view/d/hayward-2015-mercedes-benz-gla-250/4zYC1QCcWLNZsvsJGnN87y,8800,92000.0,hayward/castrovalley
"2020 Ford Fusion – Well Maintained, 71,922 Miles",https://www.craigslist.org/view/d/berkeley-2020-ford-fusion-well/hVDBzrsH9bmumeoqXW2GMC,11700,72000.0,berkeley
2012 Bmw X3,https://www.craigslist.org/view/d/san-leandro-2012-bmw-x3/8sE2CvhJrWV6pdChs7o5EY,4200,176000.0,SanLeandro
1975 Buick Century Grand Sport $6800.00,https://www.craigslist.org/view/d/sacramento-1975-buick-century-grand/5e7Zc3jtUFGoXE1VfyTUnv,6800,119000.0,sanjosedowntown
1995 Lexus Sc400,https://www.craigslist.org/view/d/fremont-1995-lexus-sc400/cWzjp2smttRoHHjFq5amF8,11000,109000.0,Fremont
1973 Mustang Convertible,https://www.craigslist.org/view/d/richmond-1973-mustang-convertible/soChNM6bzmqrHehKmk8LhQ,25,60000.0,richmond/point/annex
2018 Subaru Impreza,https://www.craigslist.org/view/d/santa-clara-2018-subaru-impreza/sDw9WBAuGDTtWv9GtMrpRM,7900,100000.0,SantaClara
1999 Gmc Suburban 4X4,https://www.craigslist.org/view/d/san-leandro-1999-gmc-suburban-4x4/x4wUQauXr7qy4MLfoDBvD2,3650,5000.0,SanLeandro
Toyota Rav4 Beautiful Condition Low Miles,https://www.craigslist.org/view/d/san-rafael-toyota-rav4-beautiful/2pRXwZPtHpDTnU6NQNj2zs,9200,143000.0,sanrafael
2014 Hyundai Elantra,https://www.craigslist.org/view/d/santa-rosa-2014-hyundai-elantra/69MXMBezDaQQirkK9QNqx5,4000,107000.0,santarosa
"1954 Austin Healey 100-4 Project, Must Sell!!",https://www.craigslist.org/view/d/san-jose-1954-austin-healey-project/uraHhqgAMAt46TrYsSQkj1,7500,100000.0,SanJose
2017 Ford Explorer Sport 4Wd,https://www.craigslist.org/view/d/san-ramon-2017-ford-explorer-sport-4wd/bDVhNkEXzX5Z5prJ2nQzyU,14500,110000.0,danville/sanramon
2019 Subaru Outback 2.5I Awd Clean Title Low Miles Gas Saver Forester,https://www.craigslist.org/view/d/hayward-2019-subaru-outback-25i-awd/rzYcNhhCmWMtu7SsjZvJ18,13800,88000.0,hayward/castrovalley
1972 Cheyenne,https://www.craigslist.org/view/d/san-mateo-1972-cheyenne/cGVKhmSuPkNjvf9PofsRqH,35000,115000.0,sanmateo
2014 Audi S4 Prestige,https://www.craigslist.org/view/d/cupertino-2014-audi-s4-prestige/gWQpUNT9efk88oxwUnMtEY,14000,119000.0,Cupertino
2021 Gmc Sierra 1500 Elevation X31 Off-Road 4X4 Duramax Diesel,https://www.craigslist.org/view/d/campbell-2021-gmc-sierra-1500-elevation/cFVaHFSa22wgJiCdW9kjbH,30700,32000.0,campbell
2005 Toyota 4Runner Sr5 4Wd,https://www.craigslist.org/view/d/sunnyvale-2005-toyota-4runner-sr5-4wd/jbmS27rM6v1eYj5HFKQex9,8800,238000.0,santaclara
2002 Bmw 323 Convertible 5 Speed!,https://www.craigslist.org/view/d/hayward-2002-bmw-323-convertible-speed/8yerktTVpUZo9oksw9KrxJ,2200,180000.0,Hayward
2015 Chevy Captiva Sport Ls Low Miles Runs Excellent Four-Cylinder,https://www.craigslist.org/view/d/fremont-2015-chevy-captiva-sport-ls-low/9oMVsJeXpibbNWqznNHp5v,4200,125000.0,fremont/unioncity/newark
2015 Bmw X3 Xdrive28I (Clean Title/ Excellent Condition),https://www.craigslist.org/view/d/newark-2015-bmw-x3-xdrive28i-clean/91a8NW1pAE415YoNWP9dnv,10688,81000.0,fremont/unioncity/newark
1960 Ford F-100 Pickup – Great Runner,https://www.craigslist.org/view/d/san-mateo-1960-ford-100-pickup-great/6xt3KQ8hDe5bv2SRfoBD9j,6950,117000.0,sanmateo
1967 Ford F100 (Original Drive Train - Rebuilt 352 Engine),https://www.craigslist.org/view/d/santa-rosa-1967-ford-f100-original/3bCFdeDkBT5NKJLF82FEEt,19000,2000.0,santarosa
2013 Audi S4 | 6Sp Manual | Sport Diff | Apr Stage 1 | Premium Plus,https://www.craigslist.org/view/d/san-francisco-2013-audi-s4-6sp-manual/nXp6qZv7etgPbEcgU5bUHA,12000,134000.0,innerrichmond
2021 F150,https://www.craigslist.org/view/d/livermore-2021-f150/8JcQEtwzKRhirKnz29zv5y,36999,33000.0,Livermore
2015 Honda Civic Exl - One Owner,https://www.craigslist.org/view/d/livermore-2015-honda-civic-exl-one-owner/9tPDK4VRA4j6T8mtszRZaj,13000,108000.0,dublin/pleasanton/livermore
2012 Nissan Altima  96K Miles,https://www.craigslist.org/view/d/union-city-2012-nissan-altima-96k-miles/3jjKFDEdVP21nzAzMxQhGD,5700,96000.0,fremont/unioncity/newark
White 2014 Mitsubishi Outlander 1 Driver 101K Miles,https://www.craigslist.org/view/d/san-francisco-white-2014-mitsubishi/pWmkykH9ysaj2a9vdLkRxL,7950,102000.0,laurelhts/presidio
2019 Toyota Prius Le,https://www.craigslist.org/view/d/pacifica-2019-toyota-prius-le/p94YvSJkyM9MVTTuwGzStV,11500,266.0,Pacifica
Jaguar Xk8,https://www.craigslist.org/view/d/calistoga-jaguar-xk8/jozfAVKR52PauX33iqCDbU,8500,113000.0,napacounty
1984 Chevy C10 Pickup (Fleetside),https://www.craigslist.org/view/d/san-jose-1984-chevy-c10-pickup-fleetside/qQ5WimVP9ffAyB82puq12M,10000,5.0,sanjosesouth
Lexus 2015 Rc 350 F Sport,https://www.craigslist.org/view/d/el-cerrito-lexus-2015-rc-350-sport/3JrkXBNfFSnvvaSPrqKPAH,21000,100000.0,albany/elcerrito
Sharp 2014 Chevrolet Camaro V6 – Mechanically Perfect – Priced To Sell,https://www.craigslist.org/view/d/napa-sharp-2014-chevrolet-camaro-v6/qkPwgphWsehnrT7p2Fgv24,13800,64000.0,napacounty
2012 Hyundai Equus Signature:,https://www.craigslist.org/view/d/yountville-2012-hyundai-equus-signature/fbi5jbgmK8vrTPKsvqXSWk,9500,87000.0,napacounty
Honda Salvage Car,https://www.craigslist.org/view/d/petaluma-honda-salvage-car/o9AgGewFeWDStr1vak6g8k,6800,121000.0,Petaluma
2013 Nissan Rogue,https://www.craigslist.org/view/d/el-cerrito-2013-nissan-rogue/ske7obrUBrB4dE6cRXeioN,2000,173000.0,albany/elcerrito
2002 Honda Civic Lx Sedan - 172K Miles - Reliable Daily Driver,https://www.craigslist.org/view/d/san-francisco-2002-honda-civic-lx-sedan/7Zf9HfDQZKjxfgmtAK4hex,3500,172000.0,potrerohill
2022 Ford Transit Connect Lwb,https://www.craigslist.org/view/d/hayward-2022-ford-transit-connect-lwb/jers194RdVs3fAv3WrPTwf,16000,31000.0,hayward/castrovalley
2022 Ford Transit Connect - Lwb,https://www.craigslist.org/view/d/hayward-2022-ford-transit-connect-lwb/7fRcwyZHcwbjFuA9PF9o1C,16000,31000.0,hayward/castrovalley
"2010 Subaru Impreza Outback Sport Wagon, Awd, Automatic",https://www.craigslist.org/view/d/oakland-2010-subaru-impreza-outback/5grvajQqxio2r8mNpeBHYC,4400,179000.0,berkeley
Volkswagen Cc 2012,https://www.craigslist.org/view/d/san-francisco-volkswagen-cc-2012/9Yjmcj74moESdPJuMYKQN4,3500,160000.0,SanFrancisco
2010 Bmw 328I Xdrive – Awd Luxury Sedan,https://www.craigslist.org/view/d/richmond-2010-bmw-328i-xdrive-awd/ksL8jqd2Wf7k8L7r9WM5Qz,3850,146000.0,albany/elcerrito
2002 H-2 For Sale,https://www.craigslist.org/view/d/san-jose-2002-2-for-sale/bcZJygEpvjcKP3wKdbnkTa,14440,103000.0,SanJose
2012 Reliable Honda Accord Se,https://www.craigslist.org/view/d/alameda-2012-reliable-honda-accord-se/aMs1khoxtZeK9DLoSebLrZ,7000,122000.0,alameda
Lexus 2006 Gs 300,https://www.craigslist.org/view/d/san-jose-lexus-2006-gs-300/7urMnkHi6GUj3D2Dt1pt7S,2500,268000.0,sanjoseeast
1990 Mazda Rx-7 Convertible,https://www.craigslist.org/view/d/santa-rosa-1990-mazda-rx-convertible/ueC2aYZZpJLPHJpfFQxwqw,16000,28000.0,santarosa
1971 Toyota Fj40 Land Cruiser 350 V8,https://www.craigslist.org/view/d/santa-rosa-1971-toyota-fj40-land/p7ARawARJq7VWAEYBWWLgs,40000,12000.0,santarosa
2005 Mustang Gt Deluxe Coupe,https://www.craigslist.org/view/d/danville-2005-mustang-gt-deluxe-coupe/n2gNFDWw5ioevBaJ7gE8vS,14000,77000.0,Danville
1948 Chevy Fleetmaster,https://www.craigslist.org/view/d/vallejo-1948-chevy-fleetmaster/9b7dPoEW4UJTjTJtDqhA7F,8900,100000.0,vallejo/benicia
2015 Audi A4 2.0T Quattro Premium Plus S-Line,https://www.craigslist.org/view/d/san-jose-2015-audi-a4-20t-quattro/hDLrV2TFZVMqgtw9PzUaqF,11500,89000.0,sanjosesouth
2019 Ford F250 4X4 Crew Cab Lariat,https://www.craigslist.org/view/d/san-jose-2019-ford-f250-4x4-crew-cab/kgTd9jXmZfEpUsz3cnxLxH,65000,25000.0,sanjosesouth
2007 Mercedes Gl450 // Rare Verde Brook Exterior + Fully Loaded!,https://www.craigslist.org/view/d/lafayette-2007-mercedes-gl450-rare/uSvWjb6gygyHcruGP1gtYX,8000,132000.0,lafayette/orinda/moraga
Mercedes 350 R 2008,https://www.craigslist.org/view/d/capitola-mercedes-350-2008/bSk8uvvsVTQFb9Ykq86BUE,5100,146000.0,losgatos
2017 Chevy Tahoe Lt - For Sale By Owner,https://www.craigslist.org/view/d/martinez-2017-chevy-tahoe-lt-for-sale/36yshF9KAVwPrr7J4quLkB,8997,136000.0,concord/pleasanthill/martinez
2014 Cla 250 For Sale,https://www.craigslist.org/view/d/san-jose-2014-cla-250-for-sale/5vi2tZQnPvnWzQRrMdHC9p,15440,83000.0,SanJose
1991 Toyota Pickup 4X4,https://www.craigslist.org/view/d/holy-city-1991-toyota-pickup-4x4/qESGiJjoYxidVUgZnkFPPP,9000,323000.0,soquel
T-Bird 2002,https://www.craigslist.org/view/d/los-gatos-bird-2002/gPSJrBwF9YKwAwN5vnFbb8,14000,69000.0,losgatos
2003 Mercedes Benz E 320,https://www.craigslist.org/view/d/campbell-2003-mercedes-benz-320/qUZCXUnBRPhoCMkK4WjjML,6200,162000.0,Campbell
2007 Mini Cooper Convertible! 104K Miles Ready For Summer!,https://www.craigslist.org/view/d/daly-city-2007-mini-cooper-convertible/oBRZsrV97RbTBtg3VFsBnJ,5000,104000.0,DalyCity
Lexus Es 350,https://www.craigslist.org/view/d/san-rafael-lexus-es-350/b9u7dDceQQBnHK8ucXCuFS,14000,82000.0,sanrafael
2011 Toyota Sienna Le 8-Passanger,https://www.craigslist.org/view/d/fremont-2011-toyota-sienna-le-passanger/p1cJ4uaQEppSN1bXhHHvy5,7250,195000.0,fremont/unioncity/newark
2019 Mercedes Benz Glc 300,https://www.craigslist.org/view/d/lafayette-2019-mercedes-benz-glc-300/gxbtnE23ezJRrVvXMfaxeJ,17000,38000.0,Lafayette
"2009 Honda Civic Lx, 4D Sedan",https://www.craigslist.org/view/d/daly-city-2009-honda-civic-lx-4d-sedan/dMcjTq3uJmHp4mcsvzur9p,5800,161000.0,southsanfrancisco
2019 Infinti Qx 50 For Sale,https://www.craigslist.org/view/d/san-jose-2019-infinti-qx-50-for-sale/kJf7TLDhY64htbpGiG5C53,16500,66000.0,sanjosewest
2002 Subaru Outback *Mechanic’S Special*,https://www.craigslist.org/view/d/el-verano-2002-subaru-outback-mechanics/ptwXNATtsmmGwbEPx7ei4M,2200,236000.0,sonoma
"2014 Subaru Outback Limited Awd – Single Owner, Leather",https://www.craigslist.org/view/d/san-jose-2014-subaru-outback-limited/6nLgSDTzjWnWqqiDFr9FPe,5200,193000.0,willowglen/cambrian
"2008 Toyota Matrix – Reliable, Recently Serviced, Runs Great",https://www.craigslist.org/view/d/san-jose-2008-toyota-matrix-reliable/8UoooPGfzmmZjJ1pF8hqJz,5000,165000.0,SanJose
Nissan,https://www.craigslist.org/view/d/san-francisco-nissan/rY8FncMkA8H5Rxap21HTeQ,3200,169000.0,cityofsanfrancisco
2006 Toyota Tundra Crew Cab 4Wd 4.7 V8,https://www.craigslist.org/view/d/pleasant-hill-2006-toyota-tundra-crew/aRfVCheeJFW1AzKAZug1gU,9000,345000.0,concord/pleasanthill/martinez
2004 Toyota Sienna Xle Runs Great,https://www.craigslist.org/view/d/san-mateo-2004-toyota-sienna-xle-runs/hQRcyxWSjW1zH4c7g2VKXe,2850,162000.0,sanmateo
2008 Subaru Tribeca Limited Sport Utility,https://www.craigslist.org/view/d/santa-cruz-2008-subaru-tribeca-limited/uCTKL29zSLkAU1kDEvkWNX,12500,98000.0,santacruz
1986 Toyota 4Runner 4X4 5 Speed Clean Title,https://www.craigslist.org/view/d/daly-city-1986-toyota-4runner-4x4-speed/vGLkTRGUDdUUJYQxqah4Xb,9000,208000.0,dalycity
2017 Honda Accord Hybrid Good Condition,https://www.craigslist.org/view/d/lafayette-2017-honda-accord-hybrid-good/t1HKcqXimguZg5DyrUdiut,12500,235000.0,Lafayette
Subaru Forester,https://www.craigslist.org/view/d/burlingame-subaru-forester/bDomf21FVQTtrhvAYJ8RQH,1600,2008.0,burlingame
2014 Ford F150 V6 3.7,https://www.craigslist.org/view/d/union-city-2014-ford-f150-v6-37/35S4mBSj8yjxV2ftdQGfFH,10990,158000.0,fremont/unioncity/newark
2014 Ford Escape Se Ecoboost | 2-Owner California Suv | Exceptionally,https://www.craigslist.org/view/d/pleasanton-2014-ford-escape-se-ecoboost/tJXc5eSnQgZac98oGLbUeV,5750,146000.0,fremont/unioncity/newark
"2002 Acura Rsx - Only 40K Miles, 1 Owner",https://www.craigslist.org/view/d/santa-clara-2002-acura-rsx-only-40k/i992fvqKCqSbqtS7nTEdnF,15200,44000.0,santaclara
2001 Ford Excursion 4X4 7.3 Diesel Limited!,https://www.craigslist.org/view/d/dublin-2001-ford-excursion-4x4-73/rWdCviqVbtjJ9XAtdoYiev,19000,288000.0,dublin/pleasanton/livermore
2004 Dodge Ram 1500 Hemi – Only 53K Miles – Bright Yellow Beauty Supe,https://www.craigslist.org/view/d/dublin-2004-dodge-ram-1500-hemi-only/owotFNkcVvKzNNi9e92SEY,11000,53000.0,dublin/pleasanton/livermore
1970 Chevrolet Nova-San Rafael,https://www.craigslist.org/view/d/san-rafael-1970-chevrolet-nova-san/jZWMXmobjfnMB7s3FBd8ps,22000,36000.0,eastbayarea
"Like New Honda Fit, Clean Title And Very Low Miles! 9696",https://www.craigslist.org/view/d/san-francisco-like-new-honda-fit-clean/auFQxNhju27AwWwygqHQbF,25990,9696.0,ingleside/SFSU/CCSF
2002 Dodge Ram 2500 Slt Cummins Turbo Diesel,https://www.craigslist.org/view/d/hayward-2002-dodge-ram-2500-slt-cummins/fcC84TWGrYtfzofJFZRErw,6500,400000.0,hayward/castrovalley
Clean 2017 Nissan Altima 2.5L,https://www.craigslist.org/view/d/san-jose-clean-2017-nissan-altima-25l/ihFfZKJy4Kbfs6KwJqmYrF,9900,67000.0,sanjoseeast
Honda Accord -Private Owner,https://www.craigslist.org/view/d/knightsen-honda-accord-private-owner/rJkMsUdMXvyX8EmpdUhBmp,2500,242000.0,brentwood/oakley
"2006 Chevy Impala Ls V6 - 131K Miles - Clean Title, Passed Smog",https://www.craigslist.org/view/d/santa-clara-2006-chevy-impala-ls-k/s3Xqc1wHR6JC5eHQPCw7uK,1900,131000.0,santaclara
1968 Mustang 302,https://www.craigslist.org/view/d/pittsburg-1968-mustang-302/jCaascjAjmJGA53GKVryqX,26500,76000.0,concord/pleasanthill/martinez
2019 Fiat 500E,https://www.craigslist.org/view/d/albany-2019-fiat-500e/kMg41JEH49bVHdgawChwv5,12000,42000.0,Albany
"2006 Subaru Outback 2.5I Awd - Clean Title - Heated Seats - $2,600",https://www.craigslist.org/view/d/lafayette-2006-subaru-outback-25i-awd/3hEMf4jhCPGhBPxXgJ1KWJ,2600,177000.0,lafayette/orinda/moraga
2012 Bmw 550 Low Miles 93K!!,https://www.craigslist.org/view/d/hayward-2012-bmw-550-low-miles-93k/61kwN1AvrVkwZjDyMY4aRi,3200,93000.0,Hayward
2018 Ford Explorer,https://www.craigslist.org/view/d/san-jose-2018-ford-explorer/aZ9sioUY3AV5CwM74R6WcW,13000,154000.0,sanjoseeast
2000 4Runner Limited,https://www.craigslist.org/view/d/san-jose-runner-limited/3tcSDvtWsao719sXJhq7NW,10500,191000.0,willowglen/cambrian
"2016 Hona Pilot Lx,110K",https://www.craigslist.org/view/d/san-jose-2016-hona-pilot-lx110k/bpfWv4f46xMeFyDmJnMD82,11599,110000.0,sanjosewest
2017 Nissan Leaf S (One Owner/80 Miles Range),https://www.craigslist.org/view/d/fremont-2017-nissan-leaf-one-owner-80/mdRVtxfChU1aASdsreJbER,4950,65000.0,fremont/unioncity/newark
1998 Suzuki Sidekick Sport,https://www.craigslist.org/view/d/los-gatos-1998-suzuki-sidekick-sport/2DH3DSNWPhBwEs2RsMtvzs,1900,238000.0,LosGatos
2019 Ford Fusion Se Awd,https://www.craigslist.org/view/d/sunnyvale-2019-ford-fusion-se-awd/pThdNAF4puFkHfFBALBGGz,7600,144000.0,Sunnyvale
2019 Kia Optima Lx,https://www.craigslist.org/view/d/sunnyvale-2019-kia-optima-lx/4xjC9hy6iemTNYXTjACWLg,7900,155000.0,Sunnyvale
2020 Volkswagen Tiguan,https://www.craigslist.org/view/d/petaluma-2020-volkswagen-tiguan/jdxsyr1qmv4biPSr9ieS2w,18200,63000.0,petaluma
2016 Land Rover,https://www.craigslist.org/view/d/san-jose-2016-land-rover/nfFbkdhnrANxWEQdLZ1yZj,12799,47000.0,sanjoseeast
"One Owner, Excellent Condition 1996 Toyota Corolla, Extremely Low Mile",https://www.craigslist.org/view/d/san-jose-one-owner-excellent-condition/pTmfZHYfny1LKKqSnhr1r7,4200,95000.0,sanjoseeast
"2007 Saturn Sky Convertible – Only 28K Miles, Rare G.A.S. Package",https://www.craigslist.org/view/d/san-ramon-2007-saturn-sky-convertible/anXqsE52Q6HGfYsuV9hnBR,12500,29000.0,dublin/pleasanton/livermore
"2016 Toyota Rav4 Xle Awd - Clean Title, 33.000 Miles",https://www.craigslist.org/view/d/campbell-2016-toyota-rav4-xle-awd-clean/9Lt58FMEJoLRsi6tQ9aBwG,21500,33000.0,campbell
1934 Ford Roadster Custom – High-End Street Rod “Street Beast”,https://www.craigslist.org/view/d/san-ramon-1934-ford-roadster-custom/k99n7XVNKqjLEdjMinvMdb,36500,2500.0,dublin/pleasanton/livermore
2018 Chevrolet Silverado 1500 Lt Z71 4X4 6.5' Bed Crew Cab,https://www.craigslist.org/view/d/pleasanton-2018-chevrolet-silverado/i9fUqTMQbD53FBCUYdLDQK,27000,73000.0,dublin/pleasanton/livermore
"2018 Honda Accord Hybrid, One Owner, Clean Title",https://www.craigslist.org/view/d/hayward-2018-honda-accord-hybrid-one/nG9LCt3szcXf3vJJHLxBi7,15990,150000.0,hayward/castrovalley
"Good Condition, 2001 Lexus Is300",https://www.craigslist.org/view/d/san-jose-good-condition-2001-lexus-is300/bSQ2u9FuXgjP5tQDwLA1zL,3999,210000.0,sanjoseeast
Ford F150,https://www.craigslist.org/view/d/santa-rosa-ford-f150/vHEkxgeoAyJEcvwoeMCNMo,5900,170000.0,santarosa
Barn Find 1972 Mustang Mach 1 351 Cleveland,https://www.craigslist.org/view/d/mariposa-barn-find-1972-mustang-mach/noeQrWfbnF1AdsECwpbbBV,16995,103000.0,"mariposa,ca"
F250 2018   (( Only 40.800 Miles )),https://www.craigslist.org/view/d/santa-rosa-only-miles/nyqVPFVxrHEYRCH7rBiuPK,29900,41000.0,SantaRosa
1996 Honda Odyssey Low Miles 134K!!,https://www.craigslist.org/view/d/hayward-1996-honda-odyssey-low-miles/iW3YGWZfrtvz6u2yFjwZXJ,3400,134000.0,Hayward
2016 Honda Crv - Great Condition,https://www.craigslist.org/view/d/san-francisco-2016-honda-crv-great/bjq21wFeXLBhwYsmvptBW7,16400,80000.0,castro/uppermarket
2014 Honda Civic Ex Sedan,https://www.craigslist.org/view/d/concord-2014-honda-civic-ex-sedan/gexzADKSAvdxPRH85zUvkq,3500,128000.0,concord/pleasanthill/martinez
1932 Ford Model Bb Dump Truck,https://www.craigslist.org/view/d/healdsburg-1932-ford-model-bb-dump-truck/vchuVLKBGRAoV4nkyQFYPV,15000,20000.0,healdsburg/windsor
2011 Mercedes-Benz Cl550 4Matic Coupe – 116K Miles – Clean History,https://www.craigslist.org/view/d/walnut-creek-2011-mercedes-benz-cl550/vV7fyJkuFtzuEN81dcpeug,11000,116000.0,WalnutCreek
1977 Chevy C10,https://www.craigslist.org/view/d/redwood-city-1977-chevy-c10/1j4caufGnHSActAooFjpjt,12000,38000.0,redwoodcity
2003 Toyota Corolla Le Sedan 4 Door,https://www.craigslist.org/view/d/san-carlos-2003-toyota-corolla-le-sedan/69qSAUWo7ABU8EYSsQczCH,4200,170000.0,SanCarlos
1958 Continental Mark Iii By Lincoln,https://www.craigslist.org/view/d/healdsburg-1958-continental-mark-iii-by/ki2dgFnMjhCjfbBYkcb2NM,40000,84000.0,healdsburg/windsor
2020 Ford Expedition Max Limited,https://www.craigslist.org/view/d/sunnyvale-2020-ford-expedition-max/8uLtpLMDRfffWPCUcDRMxQ,14400,187000.0,Sunnyvale
2026 Honda Hrv Sport 3100 Miles (Crv.Civic.Accord.Rava4.Corolla),https://www.craigslist.org/view/d/richmond-2026-honda-hrv-sport-3100/fTLVN4icm8dVETWignWp9H,19950,3100.0,richmond/point/annex
Toyota Fj Cruiser 4Wd,https://www.craigslist.org/view/d/mountain-view-toyota-fj-cruiser-4wd/gCVghe1C8HwFzk5gPzX7tL,18000,60000.0,mountainview
2014 Vw Tdi Beetle Convertible -Low Miles-Mint,https://www.craigslist.org/view/d/oakland-2014-vw-tdi-beetle-convertible/ra3QXvoWYvQdSKb5D42Trx,12950,86000.0,oaklandpiedmont/montclair
"2004 Ford Excursion Xlt (67,000 Mile) 8 Passenger Full-Size Suv",https://www.craigslist.org/view/d/san-jose-2004-ford-excursion-xlt-mile/5ANR1VWsjpK71RVbv4Si4q,15800,68000.0,sanjosewest
Toyota Camry Hybrid,https://www.craigslist.org/view/d/san-mateo-toyota-camry-hybrid/r5n1HxS4u4pJiFCkJLtmNr,8900,154000.0,sanmateo
2012 Bmw 750Li,https://www.craigslist.org/view/d/lafayette-2012-bmw-750li/73NkN784MVPov6J4kSrRoN,7900,120000.0,lafayette/orinda/moraga
2008 Nissan Pathfinder,https://www.craigslist.org/view/d/south-san-francisco-2008-nissan/1XmULxc9QY7zVco81GbdBf,6700,127000.0,southsanfrancisco
2016 Chevy Silverado Ltz 3500 Hd Diesel Four-Wheel-Drive,https://www.craigslist.org/view/d/pleasanton-2016-chevy-silverado-ltz/34w4TEcbcBb1iaaxQQjt8Z,24500,180000.0,dublin/pleasanton/livermore
"2010 Chevy Camaro Lt,  Power & Beauty Combo !!!",https://www.craigslist.org/view/d/fremont-2010-chevy-camaro-lt-power/eXTw7HaPuymrKAMp1UbVmX,8400,121000.0,fremont/unioncity/newark
2007 Chevrolet Tahoe Z71 4X4 Just Passed Smog Runs Great,https://www.craigslist.org/view/d/novato-2007-chevrolet-tahoe-z71-4x4/p55g717n32vrVRq9GDMbUR,5000,180000.0,novato
2016 Bmw 320I 4 Door Sedan,https://www.craigslist.org/view/d/santa-rosa-2016-bmw-320i-door-sedan/kbFBqdMrvSWstxHsis4L9K,6450,142000.0,santarosa
2007 Toyota Sienna Xle,https://www.craigslist.org/view/d/san-jose-2007-toyota-sienna-xle/tw2jrZxFkL72n5Ti8ui82g,6000,166000.0,SanJose
04 Tacoma Crew Cab - Best Generation !,https://www.craigslist.org/view/d/burlingame-04-tacoma-crew-cab-best/obv3HVWKGcmv5MbwgxByT5,15000,125000.0,sanmateo
Toyota Land Cruiser Fzj80 = Triple Locked = Fj 80 Uzj100 70 40 60=,https://www.craigslist.org/view/d/albany-toyota-land-cruiser-fzj80-triple/7h5YH4Q5wGRuKbC55JfgKA,14500,300.0,albany/elcerrito
2014 Ford F150 Fx4 Clean Title 4Wd,https://www.craigslist.org/view/d/daly-city-2014-ford-f150-fx4-clean/bThbihKEVAR5NkLAFCnTAo,17900,52000.0,dalycity
"2008 Chevy Express_11,000 Mile_Handicap Uvl Wheelchair Accessible Van",https://www.craigslist.org/view/d/san-jose-2008-chevy-express11000/fQtoXSdYxZ6DUremnfXuL1,47500,11000.0,saratoga
Honda Pilot Awd 2017,https://www.craigslist.org/view/d/belmont-honda-pilot-awd-2017/sMaa2DwzaL1e7n86qokdyz,23800,48000.0,belmont
2007 Bmw 328I For Sale! Runs Great. 180K Miles,https://www.craigslist.org/view/d/napa-2007-bmw-328i-for-sale-runs-great/3PTtWuBfUcBneFiS8wdy8i,3000,180000.0,napacounty
2015 Chevrolet Trax,https://www.craigslist.org/view/d/san-jose-2015-chevrolet-trax/wLbp6cDkhdPMmJTtVxtAuN,4300,154000.0,sanjosenorth
2013 Ford Focus Se Hatchback - Clean Title,https://www.craigslist.org/view/d/san-jose-2013-ford-focus-se-hatchback/8EkGZbkYs3BGWGKjCZadtp,4999,99000.0,sanjosedowntown
2002 Vw Eurovan Mv Camper,https://www.craigslist.org/view/d/soquel-2002-vw-eurovan-mv-camper/gbedjdEYL6HgbJJmKj3ovk,18500,184000.0,soquel
2015 Infiniti Qx60 Hybrid Sport,https://www.craigslist.org/view/d/greenbrae-2015-infiniti-qx60-hybrid/9iejK77fxa7YQcUoNUHSRE,6200,101000.0,larkspur
1965 Mustang,https://www.craigslist.org/view/d/san-leandro-1965-mustang/mAZoRJShXwv7LienjzY2EP,2500,,SanLeandro
2017 Dodge Durango Sxt Clean Title 1 Owner,https://www.craigslist.org/view/d/vallejo-2017-dodge-durango-sxt-clean/hbMpyvDhwpBr4b6ZZzQUv8,8900,110000.0,fairfield/vacaville
2007 Hyundai Entourage Gls Minivan 4D_New Tires_Excellent Driving Van,https://www.craigslist.org/view/d/san-jose-2007-hyundai-entourage-gls/oqJWcBBtz6Db4NcrkaPHaG,3300,218000.0,sanjosewest
2011Buick Enclave 1 Owner 4X4 Awd 7 Passenger Limit Low Miles,https://www.craigslist.org/view/d/san-francisco-2011buick-enclave-owner/whskmepTAcz5Ayg15psMUU,5000,120000.0,SanFrancisco
2003 Acura Mdx Touring Sport,https://www.craigslist.org/view/d/greenbrae-2003-acura-mdx-touring-sport/gmPqbbVuyrMd6YxgeQ5W6V,2000,230000.0,larkspur
Ram 1500 2018 Selling,https://www.craigslist.org/view/d/moraga-ram-selling/6MFahxVM6Af81GrATWEJD2,20000,92000.0,Moraga
2017 Kia Forte5 Ex Hatchback,https://www.craigslist.org/view/d/greenbrae-2017-kia-forte5-ex-hatchback/kPyLUtbr1qT4cvAkr8dgtS,8400,97000.0,larkspur
2007 Honda Element Lx,https://www.craigslist.org/view/d/santa-rosa-2007-honda-element-lx/xpeF5mBeRBJPAkkuRTgyhh,5200,215000.0,santarosa
2011 Acura Mdx Advance Pkg Sh-Awd (Original Owner) 7 Seating Suv,https://www.craigslist.org/view/d/san-jose-2011-acura-mdx-advance-pkg-sh/gTi6JgnYA6yDL7YG69Lrnr,9700,146000.0,sanjosewest
2010 Acura Mdx W/ Tech Package - Clean Title,https://www.craigslist.org/view/d/placerville-2010-acura-mdx-tech-package/apP9Pn2VKNokwZhyfhYWLQ,5300,174000.0,sonoma
1971 Vw New Beetle,https://www.craigslist.org/view/d/pleasanton-1971-vw-new-beetle/2K22zHFRJnRT7ME6WZRcSk,3900,58000.0,dublin/pleasanton/livermore
2012 Toyota Prius Iii Clean Title Carfax Smogged Low Miles 83K,https://www.craigslist.org/view/d/tracy-2012-toyota-prius-iii-clean-title/oPeU54pJQfcVhiicXnQqxV,8800,83000.0,Tracy
Beautiful 1998 Dodge Ram 2500 Diesel,https://www.craigslist.org/view/d/petaluma-beautiful-1998-dodge-ram-2500/td6YCYfZwUmFcf9ZAsb1FL,22000,326000.0,downtown/civic/vanness
2018 Mercedes-Benz C 350E Plug-In Hybrid Clean Title Smogged,https://www.craigslist.org/view/d/tracy-2018-mercedes-benz-350e-plug-in/8VnSnUweJPfA5Y36u1d3Ty,12500,98000.0,Tracy
2019 Ford Transit Connect ! One Owner ! Excellent Conditions,https://www.craigslist.org/view/d/pleasanton-2019-ford-transit-connect/kzGUuzvrJCChtNozTmESE4,13900,120000.0,dublin/pleasanton/livermore
2017 Honda Accord Hybrid,https://www.craigslist.org/view/d/santa-clara-2017-honda-accord-hybrid/scDbCG9yY6tRG7WzFkQXQy,4000,297000.0,southbayarea
2016 Ford Fusion Energi Titanium Plug-In Hybrid Clean Title Smogged!,https://www.craigslist.org/view/d/tracy-2016-ford-fusion-energi-titanium/mNRe3ZibrEjUVRFXT3zZy3,8800,96000.0,Tracy
2007 Ford F-250,https://www.craigslist.org/view/d/port-costa-2007-ford-250/c1g2ize11duQLKJt52ESYM,15000,140000.0,Benicia
2013 Hyundai Sonata Hybrid,https://www.craigslist.org/view/d/newark-2013-hyundai-sonata-hybrid/8eZepG9fyCSjuHkCsSLLMQ,5500,157000.0,fremont/unioncity/newark
2020 Toyota Prius Prime Le Plug In White. Original Owner. Clean Title.,https://www.craigslist.org/view/d/castro-valley-2020-toyota-prius-prime/rPhTcHWtQJF7FDgKY3Cnwa,21000,56000.0,hayward/castrovalley
We Pay Cash On Site In Minutes Any Car,https://www.craigslist.org/view/d/san-mateo-we-pay-cash-on-site-in/xBc3CppQU1BuRLCMcpLQQM,30000,70000.0,sanmateo
Ford Expedition 1998,https://www.craigslist.org/view/d/berkeley-ford-expedition-1998/9q6Ntwuwue91yCozna2T6s,2500,190000.0,berkeley
2007 Honda Odyssey Touring,https://www.craigslist.org/view/d/santa-clara-2007-honda-odyssey-touring/vxMBjLkmhV95CYZERPjD3x,4300,152000.0,SantaClara
2012 Dodge Grand Caravan Minivan,https://www.craigslist.org/view/d/newark-2012-dodge-grand-caravan-minivan/6sVE9HgWyy9RLW4Cwvv2gj,4900,118000.0,fremont/unioncity/newark
F250 2018   (( Only 40.800 Miles )),https://www.craigslist.org/view/d/santa-rosa-only-miles/4FN1h1GYrHQ3ndYeU8usue,29900,41000.0,SantaRosa
2016 Dodge Grand Caravan Se,https://www.craigslist.org/view/d/antioch-2016-dodge-grand-caravan-se/4JZzH8ypcLDQjhqVBuEUfZ,9800,114000.0,pittsburg/antioch
2010 Acura Tl,https://www.craigslist.org/view/d/newark-2010-acura-tl/kXeCyYGFiiDhUygNxojV4g,4900,199000.0,fremont/unioncity/newark
06 Jeep Wrangler,https://www.craigslist.org/view/d/hayward-06-jeep-wrangler/jaaFkE8CGuotEUiK6hYtyJ,8500,163000.0,Hayward
2013 Nissan Rogue,https://www.craigslist.org/view/d/san-jose-2013-nissan-rogue/oab78UfuzVfgUDq9cQHUCD,2900,197000.0,sanjosewest
2018 Acura Mdx Sh-Awd Tech (72000 Miles),https://www.craigslist.org/view/d/san-jose-2018-acura-mdx-sh-awd-tech/nJR7GZFohFjRN7ACaEx3vy,20900,72000.0,SanJose
2006 Jeep Liberty (Renegade),https://www.craigslist.org/view/d/alameda-2006-jeep-liberty-renegade/odocCbFUGNFAtbt3GGVAzn,3000,216000.0,alameda
2011 Subaru Outback 3.6R Limited Awd,https://www.craigslist.org/view/d/newark-2011-subaru-outback-36r-limited/pNf6wfH1wMEYe1XwVcRcbo,5900,145000.0,fremont/unioncity/newark
2002  Gmc Denali,https://www.craigslist.org/view/d/santa-cruz-2002-gmc-denali/vWSEHJzMK8w1VRCAWhxM37,7900,117000.0,santacruz
2000 Toyota Tundra Sr5,https://www.craigslist.org/view/d/santa-rosa-2000-toyota-tundra-sr5/xeuhNneKi2YrUe7t2P49VY,4400,276000.0,santarosa
2011 Toyota Corolla Le Low Mileage All Service Done!,https://www.craigslist.org/view/d/san-mateo-2011-toyota-corolla-le-low/qaczpLUqSeVttrs6QHhgm6,7900,90000.0,fostercity
2015 Volvo S60 T6 Platinum,https://www.craigslist.org/view/d/san-carlos-2015-volvo-s60-t6-platinum/g5nT12hmaL6NYpWBaFNQYY,1200,138000.0,SanCarlos
2017 Ford Fusion Se Ecoboost 1.5L Turbo,https://www.craigslist.org/view/d/newark-2017-ford-fusion-se-ecoboost-15l/npPWKH1aLjBpAaiL49TToq,6900,143000.0,fremont/unioncity/newark
1999 Chevrolet Silverado 3500 Dually Crew Cab 2Wd V8 454 Only 58K Mile,https://www.craigslist.org/view/d/pleasanton-1999-chevrolet-silverado/1UcAGoC7duKgjeadwR6ZqL,18900,58000.0,dublin/pleasanton/livermore
2005 Infinity Qx56 Mechanics Special Parts Car,https://www.craigslist.org/view/d/mill-valley-2005-infinity-qx56/guZa3gLXz1rF5z2CzKGYXG,800,156000.0,millvalley
2012 Nissan Altima 2.5S,https://www.craigslist.org/view/d/newark-2012-nissan-altima-25s/iwztxa7VnA9ceDEaeYKtM6,4900,154000.0,fremont/unioncity/newark
Camioneta,https://www.craigslist.org/view/d/windsor-camioneta/kh9c8GGHt6umVmzc9bW1ju,2500,214000.0,santarosa
2013 Toyota Sienna Le,https://www.craigslist.org/view/d/hayward-2013-toyota-sienna-le/mEN3cSc2EnCbBkt5fpSXaw,8500,176000.0,Hayward
2023 Bmw 228I Grand Coupe 10000 Miles  For Sale,https://www.craigslist.org/view/d/concord-2023-bmw-228i-grand-coupe-miles/8BMgfnSxADW4eqoideFYJE,19950,10000.0,concord/pleasanthill/martinez
2012 Mercedes Benz Cls550  Amg Package,https://www.craigslist.org/view/d/san-jose-2012-mercedes-benz-cls550-amg/gJpPJzX3xxJNKDjPvhEbzZ,5000,140000.0,sanjosesouth
"Dodge Ram V8 5.7L Hemi  - 1 Owner, Very Low Miles",https://www.craigslist.org/view/d/sunnyvale-dodge-ram-v8-57l-hemi-owner/wnEBxLykfsbM9sxFdcpWBi,16200,64000.0,sunnyvale
►◄▓ 1998 Mercedes E 320 E320 Very Low 86K Miles ►◄ Suv Runs Grt. Clean,https://www.craigslist.org/view/d/san-jose-mercedes-320-e320-very-low-86k/tCgJL75Y3eyhiejHcY16XA,6500,86000.0,sanjosenorth
2017 Kia Forte5 Lx,https://www.craigslist.org/view/d/newark-2017-kia-forte5-lx/jnBH3E4onCeTvSriCM4PUb,5900,126000.0,fremont/unioncity/newark
Honda Accord 2008,https://www.craigslist.org/view/d/san-leandro-honda-accord-2008/rjiqWEiRRbxxmq6PLK4LmV,1500,182000.0,sanleandro
70'S Ford 350 Flat Bed,https://www.craigslist.org/view/d/tracy-70s-ford-350-flat-bed/nhGyo3nVWVn7E7dfqaQWJ5,1500,150000.0,fremont/unioncity/newark
Truck  Ford F450,https://www.craigslist.org/view/d/tracy-truck-ford-f450/3pAFJcmmkHHz8EUprj27LQ,5000,170000.0,hayward/castrovalley
Truck  Ford F450,https://www.craigslist.org/view/d/tracy-truck-ford-f450/wShGxaX54JumT9T5kGFpK3,4999,170000.0,hayward/castrovalley
2021 Tesla Model 3 Plus Range 16000 Miles Loaded For Sale,https://www.craigslist.org/view/d/berkeley-2021-tesla-model-plus-range/hJqivC14hpeucdH6mv2ELy,19500,16000.0,concord/pleasanthill/martinez
2013 Jaguar Xjl Portfolio 101K Miles Clean Title,https://www.craigslist.org/view/d/san-jose-2013-jaguar-xjl-portfolio-101k/3CYfZB8twu71vFpoNafdk6,1400,101000.0,sanjosenorth
2018 Audi A5/S5 Convertible 25000 Miles Excellent Condition,https://www.craigslist.org/view/d/concord-2018-audi-a5-s5-convertible/c2MZFbekQQzLg5j4T2tbs3,22950,25000.0,concord/pleasanthill/martinez
2009 Honda Cr-V,https://www.craigslist.org/view/d/orinda-2009-honda-cr/wi6HRTRvmMtAnoNrnmCxir,10500,112000.0,lafayette/orinda/moraga
2021 Mazda Miata Club Convertible Low Miles Loaded,https://www.craigslist.org/view/d/san-francisco-2021-mazda-miata-club/oihVQBpGo84ZtVMwM9GGWR,18950,28000.0,eastbayarea
2016 Ford Fusion Se,https://www.craigslist.org/view/d/newark-2016-ford-fusion-se/xxNU5txmy5SLiX3jSV23ch,6500,114000.0,fremont/unioncity/newark
Mercedes C300 Convertible Low Mile 22000 Excellent Condition,https://www.craigslist.org/view/d/concord-mercedes-c300-convertible-low/jjXqKaVQK2wPGpxgzrwMpT,17950,22000.0,eastbayarea
2004 Acura Mdx Touring Awd,https://www.craigslist.org/view/d/newark-2004-acura-mdx-touring-awd/gfNL12ue9HqBLxygQN8ZGT,3900,207000.0,fremont/unioncity/newark
Ford F350 Turbo Diesel 4X4 Crew Cab Lariat Single Axle,https://www.craigslist.org/view/d/redwood-estates-ford-f350-turbo-diesel/jjCPAxKmEFics2bLLR9ff2,10000,360000.0,scottsvalley
2004 Ford Ranger Xlt,https://www.craigslist.org/view/d/concord-2004-ford-ranger-xlt/jXZeo2vQjEgcDbd81cU1Cj,8900,170000.0,concord/pleasanthill/martinez
"2008 Chrysler Town&County Luxury Minivan,7 Passenger ,Dvd",https://www.craigslist.org/view/d/vallejo-2008-chrysler-towncounty-luxury/qD1JXuMf2DhtkVqyfWCXq9,3500,157000.0,vallejo/benicia
Pontiac Grand Am Se,https://www.craigslist.org/view/d/daly-city-pontiac-grand-am-se/wDcpY5DiEHgefcNtmaScTo,2300,110000.0,dalycity
2007 Honda Civic,https://www.craigslist.org/view/d/port-costa-2007-honda-civic/gZduYpciNQq4CPYErbJsEV,3900,199000.0,eastbayarea
2010 Nissan Alitma Sl,https://www.craigslist.org/view/d/sacramento-2010-nissan-alitma-sl/htEj56E9AeN3LHcWpnmfKn,3200,230000.0,Sacramento
2021 Jeep Wrangler Willys 4X4 2Dr Suv,https://www.craigslist.org/view/d/fremont-2021-jeep-wrangler-willys-4x4/kN5BZAzprPFNWAD7RVgwdY,16550,145000.0,fremont/unioncity/newark
1966 Chevy El Camino Clean Title No Rust Read Entire Ad,https://www.craigslist.org/view/d/san-jose-1966-chevy-el-camino-clean/sDnWt1L12pBBYb663bcW8s,9300,66000.0,sanjoseeast
2000 Honda Accord,https://www.craigslist.org/view/d/port-costa-2000-honda-accord/4kzzWwWX6tBnbkTD9sDUBa,3800,144000.0,eastbayarea
"2001 Ford F150 Xlt  2001 Ford F-150 Supercrew Xlt, 4.6L V8, 215K Miles, Cloth Se",https://www.craigslist.org/view/d/hayward-2001-ford-f150-xlt-2001-ford/aEdHBNxNwkKTPykC8HvF1C,5400,215000.0,CastroValley
1997 Nissan Hardbody 4X4 5 Speed Low Miles Excellent Condition,https://www.craigslist.org/view/d/reno-1997-nissan-hardbody-4x4-speed-low/fLUsj2kJTYgKSat8CzjWnE,8950,150000.0,Reno
2005 Chevrolet Colorado Low Miles!,https://www.craigslist.org/view/d/san-jose-2005-chevrolet-colorado-low/gWrsrZ2Fhb7gHxbbosGY8p,10000,104000.0,sanjoseeast
Boba Truck Already Licensed,https://www.craigslist.org/view/d/san-pablo-boba-truck-already-licensed/nPVP79KvmLDRiv6xzfacbg,8500,220000.0,eastbayarea
06 Nissan Quest Se Running Perfectly Condition Smog Check Ready,https://www.craigslist.org/view/d/san-jose-06-nissan-quest-se-running/tJKfYfYJLZ2EqyiZt1yRHC,2850,186000.0,sanjosedowntown
2017 Audi Q7 Premium,https://www.craigslist.org/view/d/san-pablo-2017-audi-q7-premium/i1QjkSzoXqSrLQaqyR7U32,10500,132000.0,eastbayarea
2016 Lifted White Jeep Wrangler Unlimited Sahara,https://www.craigslist.org/view/d/concord-2016-lifted-white-jeep-wrangler/kCYCFnPYpAw2RGNbHCTTfC,24700,55000.0,concord/pleasanthill/martinez
"2016 Ford Fiesta Se – Only 40,600 Original Miles – Clean Ca Title",https://www.craigslist.org/view/d/san-jose-2016-ford-fiesta-se-only/fg6vknw4Hk3PyWHG12Xn1d,7995,41000.0,sanjosesouth
2009 Mini Cooper S 62K Miles Excellent Cond. No Accidents Clean Title,https://www.craigslist.org/view/d/corte-madera-2009-mini-cooper-62k-miles/wxGx39tEoe1cnoenCaEyxr,8995,62000.0,northbay/marin
2017 Toyota Avalon Touring,https://www.craigslist.org/view/d/san-jose-2017-toyota-avalon-touring/vox2Lf2Eh6gF2tL5argvyN,12900,120000.0,sanjosesouth
2013 Honda Civic,https://www.craigslist.org/view/d/san-jose-2013-honda-civic/wp9w98ymVubWmDquhBgoHT,7900,151000.0,campbell
1995 Sierra Gmc,https://www.craigslist.org/view/d/santa-clara-1995-sierra-gmc/fDM1yfMudi8basvQGVAQkt,7000,100000.0,santaclara
2006 Ford E350 Cargo Van Rustic Camper Conversion,https://www.craigslist.org/view/d/willits-2006-ford-e350-cargo-van-rustic/rezmmkrqXrfDGF6x9AW8MC,500,250000.0,mendocinocounty
2014 Bmw X1 Sdrive28I,https://www.craigslist.org/view/d/cupertino-2014-bmw-x1-sdrive28i/bBx8trdvb7PkVeU57dArYh,7000,111000.0,sanjosewest
2003 Toyota Tacoma 4X4 Trd *170K Miles*,https://www.craigslist.org/view/d/concord-2003-toyota-tacoma-4x4-trd-170k/9Eoicb69d6kpBAE1rHFPj5,13900,170000.0,Concord
2013 Chevrolet Camaro Ls,https://www.craigslist.org/view/d/campbell-2013-chevrolet-camaro-ls/xobq8drMJMg6e7PmWYBimy,13900,65000.0,campbell
2015 Mazda Cx-9 Grand Touring Awd,https://www.craigslist.org/view/d/saratoga-2015-mazda-cx-grand-touring-awd/n9r5ozv5V355nZbEaKTDVV,9000,135000.0,saratoga
2017 Jeep Grand Cherokee Limited,https://www.craigslist.org/view/d/los-gatos-2017-jeep-grand-cherokee/mgP6sLfZ3xRRE58iYNUXcp,14900,79000.0,losgatos
2012 Audi S5 Quattro Premium Plus Coupé,https://www.craigslist.org/view/d/sacramento-2012-audi-s5-quattro-premium/9Z1VvsSj97UW6jPoV4PNem,10900,150000.0,Sacramento
2001 Chevrolet Camaro Ss,https://www.craigslist.org/view/d/windsor-2001-chevrolet-camaro-ss/sfVsV9weqtBZPer5brYbkp,18500,53000.0,healdsburg/windsor
"2017 Subaru Forester 2.5I Awd, 108K, Mint!",https://www.craigslist.org/view/d/walnut-creek-2017-subaru-forester-25i/mDAe9s1QRDzri8ThJMvzwc,12900,108000.0,walnutcreek
Toyota Tacoma,https://www.craigslist.org/view/d/pittsburg-toyota-tacoma/iq8HzNmgz3VPjNeaX2uuC6,6800,154000.0,Pittsburg
1962 Chrysler,https://www.craigslist.org/view/d/napa-1962-chrysler/5YSnZYyi6t3yp5RiZRmRYs,24500,25000.0,napacounty
2011 Toyota Prius Iii,https://www.craigslist.org/view/d/fremont-2011-toyota-prius-iii/63Ubcwaytp2r3Bz26MWeQg,7950,145000.0,fremont/unioncity/newark
2013 Audi A3 Premium Plus Diesel Wagon,https://www.craigslist.org/view/d/san-jose-2013-audi-a3-premium-plus/u4QeWwc9F1yESUbP4Pxgzs,7900,100000.0,sanjosedowntown
2004 Dodge Dakota Truck *Runs Good!!!!,https://www.craigslist.org/view/d/dublin-2004-dodge-dakota-truck-runs-good/o5EYghfY5WTcLbCJ5jTqpP,2899,189000.0,Dublin
"2007 Honda Civic Hybrid 200K.A/C, Smog. Clean, Runs Nice.",https://www.craigslist.org/view/d/san-jose-2007-honda-civic-hybrid-200ka/6sdyHRpMBf6d5zEf1okNYq,2850,200000.0,sanjosesouth
"Volkswagen Jetta Se Tsi Beautiful!! 82, 575 Miles 2017 Powerful!!!",https://www.craigslist.org/view/d/san-rafael-volkswagen-jetta-se-tsi/k43U3xD42SfgAFUgHyx8NL,8800,83000.0,sanrafael
2008 Ford F-150 Xl..Clean Carfax ..Camper Shell..Work Truck…,https://www.craigslist.org/view/d/rocklin-2008-ford-150-xlclean-carfax/fjXyZRNuWFAtEJz69YSLxu,900,334000.0,eastbayarea
2013 Porsche Panamera Platinum Edition,https://www.craigslist.org/view/d/cupertino-2013-porsche-panamera/bjqYujF7pEbXgCPq2W4rvu,18999,84000.0,cupertino
"2014 Honda Accord 4Dr  V6 13,000 Miles Original  Owner",https://www.craigslist.org/view/d/fremont-2014-honda-accord-4dr-miles/fjKQUMexh5dKdTZNZy8p8E,24750,13000.0,Fremont
Clean 2018 Honda Accord Sport 2.0T Black Out Tinting Low Miles,https://www.craigslist.org/view/d/knightsen-clean-2018-honda-accord-sport/ej1iGyLW4aNnbJRYeJSmjP,1,57000.0,richmond/point/annex
2025 Jeep Patriot Altitude Edition – Great Suv – Needs Transmission Wo,https://www.craigslist.org/view/d/hollister-2025-jeep-patriot-altitude/8Zxgmx7a5aeQDFJnvMZDDP,3000,142000.0,hollister
1969 Ford Falcon,https://www.craigslist.org/view/d/watsonville-1969-ford-falcon/ph5YaZBkj6D3ezFRfZF55w,18000,200.0,Watsonville
2008 Chevrolet Malibu Ls Classic ..Clean Title ..,https://www.craigslist.org/view/d/rocklin-2008-chevrolet-malibu-ls/1d4jd31a6iSc4CppuuC42K,2600,200000.0,eastbayarea
2008 Chevrolet Malibu Ls..Clean Title ..Great Condition..,https://www.craigslist.org/view/d/rocklin-2008-chevrolet-malibu-lsclean/4twfpbnGizyT3JL4Nt1sxd,2900,190000.0,eastbayarea
2010 Honda Ridgeline Rtl 4Wd,https://www.craigslist.org/view/d/mountain-view-2010-honda-ridgeline-rtl/cpyxo6bu9K2GxGbv91DYRK,9500,112000.0,sunnyvale
Rare 6 Speed Manual Suv 2005 Bmw X3 (E83) Performance Factory Aero Kit,https://www.craigslist.org/view/d/santa-rosa-rare-speed-manual-suv-2005/3JEZdsSA8NLXPwB63dF91u,4900,253000.0,santarosa
2019 Nissan Nv3500 Sl 12 Seater,https://www.craigslist.org/view/d/brentwood-2019-nissan-nv3500-sl-12/fKYnLHARXZuamY7yYigTrA,26000,162000.0,brentwood/oakley
2014 Toyota Camry Se Sport Sedan,https://www.craigslist.org/view/d/palo-alto-2014-toyota-camry-se-sport/kSt5hWt11nPZu8qWNowMUv,9800,152000.0,paloalto
Escalade 2011 Awd,https://www.craigslist.org/view/d/brentwood-escalade-2011-awd/kmmSqPqNhiiUNMk1NkXXbe,9900,233000.0,brentwood/oakley
2009 Toyota Highlander Hybrid Limited Awd – Exceptional Condition,https://www.craigslist.org/view/d/capitola-2009-toyota-highlander-hybrid/gMqGL3PG8bMXxx1v2Ltdj7,12200,179000.0,capitola
"2018 Mercedes Glc300 Suv, Clean Title, Looks And Runs Exc!",https://www.craigslist.org/view/d/walnut-creek-2018-mercedes-glc300-suv/oHWWXRCK6tD4yKeeD5yKEE,11900,102000.0,walnutcreek
2013 Ford Transit Connect Contractors Cargo Van,https://www.craigslist.org/view/d/san-mateo-2013-ford-transit-connect/mfLCAoecpykNqwzWunht9A,4300,195000.0,sanmateo
"2012 Cadillac Cts Coupe 3.6 Awd — Clean Title, Recently Serviced",https://www.craigslist.org/view/d/antioch-2012-cadillac-cts-coupe-36-awd/arCrnmEAfEr7TP1DAKSNsd,8900,138000.0,Antioch
2001 Nissan Frontier S/C Supercharged Crew Crab 4Doors,https://www.craigslist.org/view/d/dublin-2001-nissan-frontier-c/iJ6pMjUDA2dJCej4h4X3Pv,5900,158000.0,dublin/pleasanton/livermore
2002 Acura Mdx,https://www.craigslist.org/view/d/fremont-2002-acura-mdx/8kw2ttGFoqDyBAxYjQjbCN,2750,209000.0,Fremont
1991 Vw Vanagon *Rare* Automatic,https://www.craigslist.org/view/d/san-rafael-1991-vw-vanagon-rare/mJTZnvU59JpwW75pGuEuxW,8500,183000.0,SanRafael
03 Ford Expedition Eddie Bauer,https://www.craigslist.org/view/d/fremont-03-ford-expedition-eddie-bauer/15ptq4epyLiXKiJ2oFYRsJ,3850,168000.0,Fremont
08 Mercedes-Benz Clk350,https://www.craigslist.org/view/d/fremont-08-mercedes-benz-clk350/k4uKun1123XNJQSVRtmzEA,4500,100000.0,Fremont
2008 Toyota Tacoma Regular Cab,https://www.craigslist.org/view/d/san-ramon-2008-toyota-tacoma-regular-cab/bwJwE2bMic26ZnBJeEDJqC,25000,15000.0,danville/sanramon
1967 Mercedes 250Sl,https://www.craigslist.org/view/d/los-gatos-1967-mercedes-250sl/82rHgAz9zvR8ya6V8Jp88b,62000,141000.0,losgatos
2006 Honda Accord Ex-L V6 (Price Drop),https://www.craigslist.org/view/d/santa-clara-2006-honda-accord-ex-v6/tmAwW3Doasb9V5medM37JG,2900,203000.0,santaclara
70 Cadillac Sedan Deville,https://www.craigslist.org/view/d/san-jose-70-cadillac-sedan-deville/1oL7ap1Y3gUSJCX7w5virX,7500,107000.0,sanjosewest
2019 Honda Civic Coupe,https://www.craigslist.org/view/d/san-jose-2019-honda-civic-coupe/kz1rys22iJFQh9XqBJyfAQ,9970,168000.0,willowglen/cambrian
2005 Toyota Camry Solara Se V6,https://www.craigslist.org/view/d/hayward-2005-toyota-camry-solara-se-v6/aAqzH28oAdgcFfgqgVk8B3,5400,100000.0,hayward/castrovalley
2015 Subaru Impreza 2.Oi Premium Awd - Clean Title,https://www.craigslist.org/view/d/campbell-2015-subaru-impreza-2oi/d8rnSm28Z7cu83aZxZTER8,6700,149000.0,campbell
2015 Subaru Forester 2.5I Awd Touring  Fully Loaded!!!,https://www.craigslist.org/view/d/antioch-2015-subaru-forester-25i-awd/rz2xgSU971frykYz3p3BJv,7200,141000.0,Antioch
"2020 Hyundai Elantra Limited – Black – Fully Loaded, Low Miles",https://www.craigslist.org/view/d/san-juan-bautista-2020-hyundai-elantra/4o8EABV29UjQFLjJe5Gst5,13500,72000.0,hollister
2013 Subaru Outback Winter Package All Service Was Done,https://www.craigslist.org/view/d/daly-city-2013-subaru-outback-winter/6CNBqYLuDEUVzy5vxtWqgW,6200,155000.0,innersunset/UCSF
"New Listing!!Blue 2010 Toyota Prius 4. 116K Low Miles! 52 Mpg! Moonroof, Leather",https://www.craigslist.org/view/d/petaluma-new-listingblue-2010-toyota/hun95R7LqiHNhDJr6QSBG2,5900,116000.0,Petaluma
70 Lac Sedan Deville,https://www.craigslist.org/view/d/san-jose-70-lac-sedan-deville/gdVWjeEK9vZkQ58UycfagL,7500,107000.0,sanjosewest
2009 Bmw 128I Track Prepped//Daily Driver,https://www.craigslist.org/view/d/san-mateo-2009-bmw-128i-track-prepped/q9qoG4Kf7jpMp8SqZB9SvM,13000,165000.0,fostercity
1979 Z28 Chevy Camero,https://www.craigslist.org/view/d/oakland-1979-z28-chevy-camero/2DrFykg3mx56kpkCMAg2NW,15000,500.0,Oakland
Selling Acura Integra,https://www.craigslist.org/view/d/redwood-city-selling-acura-integra/h9ePBsUPcGRp7q43Yes3B6,4250,263000.0,redwoodcity
2006 Ford Ranger,https://www.craigslist.org/view/d/san-francisco-2006-ford-ranger/oEaQaSkJAVx96wX3JWczUU,7500,119000.0,portoladistrict
"2016 Ford F-150 Fx4 4X4 Supercrew 5.0 V8 – $ 28,000.0",https://www.craigslist.org/view/d/el-cerrito-2016-ford-150-fx4-4x4/uZKwx4yFdUjy6U19PUC22F,28000,23000.0,albany/elcerrito
1996 Cummins 5.9 Liter Crashed Ram Truck Good Motor,https://www.craigslist.org/view/d/hollister-1996-cummins-59-liter-crashed/minkFdxamRpKQBsecSozTg,3000,147000.0,sanjosedowntown
2016 Ford Edge Sle /Eco-Boost,https://www.craigslist.org/view/d/santa-rosa-2016-ford-edge-sle-eco-boost/wua3TRn7RsykruDSSvj7RF,7000,114000.0,santarosa
Excellent Condition; 2010 Nissan Frontier Se V6 Kingcab 4X4,https://www.craigslist.org/view/d/san-jose-excellent-condition-2010/rUEZ757hu8sNPbaSyNjqLW,9999,130000.0,sanjosesouth
2018 Ford Fusion Has Saver Commuter Nice Reliable Car,https://www.craigslist.org/view/d/hollister-2018-ford-fusion-has-saver/7zB6cBnZDeXWKc4bnXb141,3900,121000.0,sanjosedowntown
"Extremely Low Miles 2004 Bmw 530I, Very Good Condition",https://www.craigslist.org/view/d/san-jose-extremely-low-miles-2004-bmw/6zyYr6cFQxFUWK4rRWNgPG,8500,55000.0,sanjosesouth
2013 Toyota Sienna Xle - Clean Title - Excellent Condition,https://www.craigslist.org/view/d/fremont-2013-toyota-sienna-xle-clean/kC3ctgn5RcbAbEDgMdcvQu,10500,169000.0,Fremont
2011 Subaru Outback 2.5I Limited Awd,https://www.craigslist.org/view/d/los-gatos-2011-subaru-outback-25i/5izvnQirZciGKLGhjJHVKc,8500,107000.0,campbell
2017 Jeep Wrangler Sport With Only 24K Miles!,https://www.craigslist.org/view/d/rohnert-park-2017-jeep-wrangler-sport/oDhEeL8ES5G47BoGtQ7mGH,23500,24000.0,rohnertpk/cotati
99 Jeep Wrangler Tj,https://www.craigslist.org/view/d/hayward-99-jeep-wrangler-tj/hxcPnhCzASy64bhcQn6A2z,10000,64000.0,Hayward
Honda S2000 (Ap1),https://www.craigslist.org/view/d/san-jose-honda-s2000-ap1/hK8cn3TPSC98odnaQ7W5Gv,20000,53000.0,sanjoseeast
"2014 Lexus Rx350 Awd, Super Clean, Clean Ca Title, Clean Carfax",https://www.craigslist.org/view/d/san-mateo-2014-lexus-rx350-awd-super/wNnwQjob89XupPyjqseVAL,15500,138000.0,sanmateo
"2014 Ford Fusion Se Hybrid, Only 94K Miles, Clean Title, Loaded",https://www.craigslist.org/view/d/san-mateo-2014-ford-fusion-se-hybrid/iPsJj3SNCbtkmPoRfJYHJx,8900,94000.0,fostercity
"2011 Toyota Sienna Le, 8 Passenger, Clean Title, Clean Carfax",https://www.craigslist.org/view/d/san-carlos-2011-toyota-sienna-le/8ZDugB5FUusq3fppqBuzTT,7900,176000.0,sancarlos
2017 Ford F-250 Raptor Premium Upgrades,https://www.craigslist.org/view/d/santa-clara-2017-ford-250-raptor/8kYEk5CndLBvfcs9sgk4uP,40000,90000.0,santaclara
2014 Chevrolet G4500 Ambulance Diesel Duramax California Compliance,https://www.craigslist.org/view/d/lodi-2014-chevrolet-g4500-ambulance/1YtkBvpy3UC5MUqr266atv,14900,147000.0,Lodi
2015 Dodge Ram 1500 Quad Cab St Pickup Truck,https://www.craigslist.org/view/d/lodi-2015-dodge-ram-1500-quad-cab-st/kYikNN7NgShpmAgCB8Hy3U,9900,148000.0,cityofsanfrancisco
26 Lexus Ls500 Heritage Edition 620Miles,https://www.craigslist.org/view/d/san-jose-26-lexus-ls500-heritage/jotZvNzVQbrehv4g41Nf9F,92000,620.0,southbayarea
Mercedes-Benz Clk 320 Coupe,https://www.craigslist.org/view/d/hayward-mercedes-benz-clk-320-coupe/6bAfr2WsGz3Nd73YHEGfVj,4400,122000.0,hayward/castrovalley
2012 Ford F450 Super Duty Bucket Truck Boom Truck,https://www.craigslist.org/view/d/lodi-2012-ford-f450-super-duty-bucket/oZafF818NkFqeK8T6GeEfx,14900,193000.0,cityofsanfrancisco
2011 Ford E350 Super Duty Dually Box Truck,https://www.craigslist.org/view/d/lodi-2011-ford-e350-super-duty-dually/v7834YGFddrTuQXgEyqGwN,8900,183000.0,cityofsanfrancisco
08 Hyundai Sonata Runs Excellent,https://www.craigslist.org/view/d/oakland-08-hyundai-sonata-runs-excellent/hJL1r4U74WCojvVpQ2xCMs,1000,297000.0,eastoakland
"2005 Toyota Camry 163,000 Miles Ac Blows Good",https://www.craigslist.org/view/d/oakland-2005-toyota-camry-miles-ac/qaXv1YixstfPPv6Yq11Cb2,2400,163000.0,oaklandwest
2013 Jeep Sahara 9400 Miles,https://www.craigslist.org/view/d/santa-rosa-2013-jeep-sahara-9400-miles/wdyUq5VFzmQ4FXqpLG6Uz2,29990,9405.0,santarosa
2002 Ford F-450 4X4 Mechanic Service Truck With Crane,https://www.craigslist.org/view/d/lodi-2002-ford-450-4x4-mechanic-service/2qnU9gqzqv8Q2Sx9xqDJbW,13900,159000.0,Lodi
2006 Acura Tl,https://www.craigslist.org/view/d/san-jose-2006-acura-tl/5EUbq9yhkd9fYPvfvergDs,5000,121000.0,sanjosesouth
2020 Jeep Rubicon,https://www.craigslist.org/view/d/portola-valley-2020-jeep-rubicon/3Y4Hd9LoueTm1Y8zqvatQR,1,112000.0,PortolaValley
2013 Honda Cr-V Ex – Clean Title – Excellent Condition,https://www.craigslist.org/view/d/san-jose-2013-honda-cr-ex-clean-title/rXVNADFk4fqjAbUc9Vk9w9,11200,117000.0,saratoga
2012 Honda Odyssey Ex-L Clean Title Low Miles,https://www.craigslist.org/view/d/campbell-2012-honda-odyssey-ex-clean/seDdiYpvEX5J5cpamxCY4A,9900,115000.0,campbell
2017 Chevrolet Silverado 3500Hd Enclosed Service Truck,https://www.craigslist.org/view/d/lodi-2017-chevrolet-silverado-3500hd/1npzNuXaMzziFbcyEBJrAu,14900,111000.0,cityofsanfrancisco
Alfa Romeo,https://www.craigslist.org/view/d/santa-rosa-alfa-romeo/d8nJXSiUaQX2F33uAWVkXR,12500,116000.0,SantaRosa
2016 Lincoln Navigator 3.5 V6 Turbo,https://www.craigslist.org/view/d/santa-rosa-2016-lincoln-navigator-35-v6/a4tiQHCkKfHNHFNoai9hDc,12800,170000.0,santarosa
2014 Jaguar F-Type V6,https://www.craigslist.org/view/d/santa-clara-2014-jaguar-type-v6/meyDA3Azyn2ad6A7g9c3BS,25000,26000.0,santaclara
2015 15 Gray Hyundai Santa Fe Sport 2.4 Clean Title & Carfax 136Mi!,https://www.craigslist.org/view/d/south-san-francisco-gray-hyundai-santa/3oQDsGBtqRfzUkpkoiS67g,6230,136000.0,southsanfrancisco
"2023 Ford F150 Super Cab Xlt With 95,500 Miles (1-Owner) F-150",https://www.craigslist.org/view/d/walnut-creek-2023-ford-f150-super-cab/ffyoZPLrH3FACq5kv75bTs,18900,96000.0,walnutcreek
2008 Chrysler Town And Country Touring (Mechanic Special),https://www.craigslist.org/view/d/san-jose-2008-chrysler-town-and-country/oLZJY3xbccpna3jxWjHxNg,2500,116000.0,sanjosesouth
1998 Toyota Tacoma,https://www.craigslist.org/view/d/windsor-1998-toyota-tacoma/ijCN8rv2SE3oSNjabMUj8E,7900,170000.0,healdsburg/windsor
2021 Tesla Model Y Long Range,https://www.craigslist.org/view/d/san-jose-2021-tesla-model-long-range/g1o3yEhVC67zmKPyNhvdu7,22000,80000.0,sanjoseeast
1998 Mercedes Turbo Diesel 300,https://www.craigslist.org/view/d/aromas-1998-mercedes-turbo-diesel-300/xeW83j3o9wpJeSdmi4JfGv,6500,220000.0,willowglen/cambrian
1997 Nissan Hardbody 4X4 5 Speed Low Miles Excellent Condition,https://www.craigslist.org/view/d/reno-1997-nissan-hardbody-4x4-speed-low/wFdQMoZdia4HFA4KqCYXn8,8950,150000.0,Reno
2017 Toyota Tacoma Offroad 4X4 Trd,https://www.craigslist.org/view/d/san-jose-2017-toyota-tacoma-offroad-4x4/aihP1mgQq547FPcXpzRvJG,26980,63000.0,SanJose
2014 Subaru Brz Premium (Automatic),https://www.craigslist.org/view/d/san-jose-2014-subaru-brz-premium/1u5dAHPMQtNWybvE3NAKSU,15000,100000.0,SantaClara
1968 Gmc Suburban,https://www.craigslist.org/view/d/santa-clara-1968-gmc-suburban/woj29kNe2j76aeuZtpcwUx,35500,57000.0,santaclara
2012 Nissan Sentra,https://www.craigslist.org/view/d/pleasanton-2012-nissan-sentra/cxWC1q3gJEin492GWhKJC3,4900,134000.0,dublin/pleasanton/livermore
2012 Lexus Rx 350,https://www.craigslist.org/view/d/pleasanton-2012-lexus-rx-350/t5ADasC5wJXBQD5Rqveu2t,7400,189000.0,Concord
2017 Toyota Sienna Xle Premium Awd,https://www.craigslist.org/view/d/san-jose-2017-toyota-sienna-xle-premium/7952Zg4W5D224d5MHJCYjN,25500,44000.0,southbayarea
2007 Tundra,https://www.craigslist.org/view/d/santa-rosa-2007-tundra/3GWPrv2QhSxNkwVnjKojyd,16000,94000.0,santarosa
Camaro Z28,https://www.craigslist.org/view/d/gilroy-camaro-z28/qZPHpVqwV1Vo8kVB2FEuZU,10000,174000.0,gilroy
Subaru Outback,https://www.craigslist.org/view/d/gilroy-subaru-outback/dX6yF9Z6T4TtLYdNfXu8ws,4900,160000.0,gilroy
2012 Hyundai Sonata,https://www.craigslist.org/view/d/santa-rosa-2012-hyundai-sonata/nMpGjYjuN8pD48NGmVqVbh,4900,180000.0,santarosa
2016 Mercedes-Benz Glc 300 2Nd Owner Excellent Condition,https://www.craigslist.org/view/d/morgan-hill-2016-mercedes-benz-glc-300/udoru23EMSJ1QM9XnkHhc5,12950,105000.0,morganhill
2012 Nissan Quest S,https://www.craigslist.org/view/d/hayward-2012-nissan-quest/kiyCioLTNi4GVdwT8prf7g,4350,158000.0,hayward/castrovalley
Clean Tittle,https://www.craigslist.org/view/d/mountain-view-clean-tittle/51YiBEC44GgcjxLsJzSago,11400,90000.0,MountainView
2000 Ford Explorer,https://www.craigslist.org/view/d/berkeley-2000-ford-explorer/o8hZ7q7XZT4tcQqn9Z6XRr,1900,145000.0,berkeley
2006 Honda Crv Ex Awd *****105000 Miles****,https://www.craigslist.org/view/d/san-mateo-2006-honda-crv-ex-awd-miles/hPKfu8SVeWuCMLSU1f4KXE,5950,105000.0,sanmateo
"2017 Porsche Macan ,Sport Utility 4D",https://www.craigslist.org/view/d/walnut-creek-2017-porsche-macan-sport/jWB5CfDT7uaa8dP1k59dW9,17200,82000.0,walnutcreek
"2009 Audi A5 S Line, 61K Original Miles, V6",https://www.craigslist.org/view/d/daly-city-2009-audi-a5-line-61k/kt9V8G9yv9qs4qHpanMDUZ,9800,61000.0,DalyCity
2010 Chrysler Town & Country Van,https://www.craigslist.org/view/d/oakland-2010-chrysler-town-country-van/hdAiT6V1GoyCX4SaLyfGsh,1000,238000.0,oaklandpiedmont/montclair
2013 Chrysler Town & Country Limited Only 125K Miles,https://www.craigslist.org/view/d/fremont-2013-chrysler-town-country/8VpekawvtBiGnLk84vfcfZ,8900,125000.0,FREMONT
1999 Dodge Ram 1500 Lowered Price,https://www.craigslist.org/view/d/los-gatos-1999-dodge-ram-1500-lowered/8xsiQiYpd3kLW99DHk1Fe5,3150,214000.0,LosGatos
2014 Audi A4 S-Line 2.0T Premium,https://www.craigslist.org/view/d/san-jose-2014-audi-a4-line-20t-premium/ddUXwThnGwZ2eajaHXB2Dm,9500,105000.0,SanJose
2013 Bmw 550I Sedan M Rare All Original All Stock,https://www.craigslist.org/view/d/san-jose-2013-bmw-550i-sedan-rare-all/97htQRihTGV7JoRkDQkSCj,5800,80000.0,SanJose
"1993 Gmc Suburban- Well-Maintained Classic, Ready For Adventure",https://www.craigslist.org/view/d/sausalito-1993-gmc-suburban-well/6n6qrW3Ymz9mbd97Rye3F7,5400,217000.0,northbay/marin
2005 Es330,https://www.craigslist.org/view/d/richmond-2005-es330/mzk1sbaHD2MoP9S2x2DVYf,1000,200000.0,albany/elcerrito
Outlander 2018 210K Miles With Hitch,https://www.craigslist.org/view/d/san-jose-outlander-miles-with-hitch/nRs1vvrjptyNMCzMNSf8FZ,3900,210000.0,southbayarea
Honda Odyssey 2008',https://www.craigslist.org/view/d/vallejo-honda-odyssey-2008/6Bu4GNLu91sigcRyxtQFwh,600,287000.0,vallejo/benicia
Outlander Suv 2018 210K Miles With Hitch For U-Haul,https://www.craigslist.org/view/d/berkeley-outlander-suv-miles-with-hitch/gG9qKCdQzem9PichBoVd9h,3900,210000.0,berkeley
2009 Honda Odyssey Ex-L,https://www.craigslist.org/view/d/santa-rosa-2009-honda-odyssey-ex/agYPepjU5XGABnFw56oZKw,3495,203000.0,SantaRosa
1974 Jensen Healey 5 Spd W/Metal Bumpers & Dellorto 45S,https://www.craigslist.org/view/d/kent-1974-jensen-healey-spd-metal/eciWLpLYhuUqGUxkNMuxbT,5250,123000.0,Kent
2010 Ford Escape Xls Sport Utility 4D,https://www.craigslist.org/view/d/santa-cruz-2010-ford-escape-xls-sport/ijtW4XMP7oH7JhoJ3u8fgn,3400,207000.0,santacruz
1961 Pontiac Catalina Safari Wagon,https://www.craigslist.org/view/d/antioch-1961-pontiac-catalina-safari/vDrT7v1HMSnWwiEW83L89s,3,100000.0,Antioch
Excellent 2006 Bmw 325I 6 Speeed,https://www.craigslist.org/view/d/berkeley-excellent-2006-bmw-325i-speeed/i5mc5UMqFNCkdZJCDLm5cC,6500,96000.0,berkeley
2006 Camry  Le 4 Cyl,https://www.craigslist.org/view/d/oakland-2006-camry-le-cyl/pVpUEKLmFATYFLoX7LAVQY,3100,193000.0,oaklandlakemerritt/grand
2017 Hyundai Sonata Se,https://www.craigslist.org/view/d/suisun-city-2017-hyundai-sonata-se/b6a8yyv483ystYcSpEiR3B,7999,103000.0,vallejo/benicia
Bmw X5 In Pristine Condition.,https://www.craigslist.org/view/d/santa-clara-bmw-x5-in-pristine-condition/mTqHDJECRWZLF1cgLKNg8S,12000,199000.0,SantaClara
2018  Fully Loaded Honda Accord Sport 2.0T Low Miles,https://www.craigslist.org/view/d/knightsen-2018-fully-loaded-honda/k6sGkA8Zo7sc6HTsE3cDvm,1,57000.0,pittsburg/antioch
1989 Dodge Ram Wagon (Van),https://www.craigslist.org/view/d/graton-1989-dodge-ram-wagon-van/meHBWqwKxK8mhBGCNLG3Po,3950,157000.0,sebastopol
2013 Bmw X5 Xdrive50I,https://www.craigslist.org/view/d/milpitas-2013-bmw-x5-xdrive50i/6yA4YFkRg2FJSaHFQmqr1r,6800,116000.0,Milpitas
"2002 4Runner     104,000 Miles",https://www.craigslist.org/view/d/martinez-runner-miles/qcHJpaFyDq5KpNtNmydg8N,16000,104000.0,concord/pleasanthill/martinez
Toyota Corolla 2006 Runs Great,https://www.craigslist.org/view/d/san-mateo-toyota-corolla-2006-runs-great/2XYSq1fZgmXBDdrY9irYFT,3999,187000.0,sanmateo
Toyota Rav4,https://www.craigslist.org/view/d/los-gatos-toyota-rav4/jh5nm4XZ7tF5xpJdKKK2dk,9600,112000.0,losgatos
Bmw X5 In Pristine Condition.,https://www.craigslist.org/view/d/santa-clara-bmw-x5-in-pristine-condition/7Uknp3F6iZ5PYKZQyioWaF,12000,199000.0,SantaClara
2012 Honda Civic Lx    88K Miles,https://www.craigslist.org/view/d/union-city-2012-honda-civic-lx-88k-miles/gHv1ZYCU9D91tENjMjPu1j,6950,87000.0,fremont/unioncity/newark
2004 Toyota Camry Le V6,https://www.craigslist.org/view/d/san-jose-2004-toyota-camry-le-v6/s5PN1vQaHwtsoygpGLuQus,2799,189000.0,sanjosedowntown
"2011 Ford Escape Smog Done, Registered, Clean Title",https://www.craigslist.org/view/d/san-jose-2011-ford-escape-smog-done/kwHChHN82ABz25sgXF3gNq,4300,190000.0,sanjosewest
2016 Volvo Xc90 T6 Inscription 57K Miles,https://www.craigslist.org/view/d/san-rafael-2016-volvo-xc90-t6-in-ion/ieRJZhdpBjAB1FjhFAvx8Z,15000,57000.0,sanrafael
2008 Super Duty Truck F250 Xl,https://www.craigslist.org/view/d/richmond-2008-super-duty-truck-f250-xl/rf1JsntaeNCYrvv4s2AHxX,4500,200000.0,albany/elcerrito
2000 Ram1500 V8 4X4 4-Door Quad Cab,https://www.craigslist.org/view/d/union-city-2000-ram1500-v8-4x4-door/eoLZwoX9EgXgkptoySBh94,3450,173000.0,fremont/unioncity/newark
"2003 Mercedes-Benz S500 – Clean Title – Only 81,Xxx Miles",https://www.craigslist.org/view/d/san-jose-2003-mercedes-benz-s500-clean/qegFAjaULdGgcRDCb6PZBY,6999,82000.0,sanjosedowntown
Low Miles! 2013 Hyundai Sonata Gls • Bluetooth • 35 Mpg Hwy,https://www.craigslist.org/view/d/san-jose-low-miles-2013-hyundai-sonata/w3ftxMPPSiRJzDFp97B3br,4500,110000.0,sanjosedowntown
2010 Mercedes-Benz Glk 350 4Matic Suv,https://www.craigslist.org/view/d/san-jose-2010-mercedes-benz-glk-350/4YWrxDBncTg1GFr4MaAuVb,4999,149000.0,sanjosedowntown
2022 Volkswagen Tiguan Se,https://www.craigslist.org/view/d/san-francisco-2022-volkswagen-tiguan-se/cXNjvtb9sdHeiZ5sd5GuN7,22500,43000.0,laurelhts/presidio
2026 Yukon Elevation 4Wd,https://www.craigslist.org/view/d/san-ramon-2026-yukon-elevation-4wd/mwJ6XS315KZVm4wdJ12527,69000,5900.0,danville/sanramon
2007 Chevy Silverado Runs Excellent,https://www.craigslist.org/view/d/san-jose-2007-chevy-silverado-runs/npuiFTSP29XKbjVtMJ3Cqm,5400,210000.0,sanjoseeast
2005 Honda Civic Sedan Clean Title,https://www.craigslist.org/view/d/fairfield-2005-honda-civic-sedan-clean/ueMGXGyU6uhzae2Nzy1LZ3,5900,158000.0,fairfield/vacaville
2004 Dodge Ram 1500 Hemi – Only 53K Miles – Bright Yellow Beauty Supe,https://www.craigslist.org/view/d/dublin-2004-dodge-ram-1500-hemi-only/mSQBsVu1qkaAqncDaWEPnV,11000,53000.0,dublin/pleasanton/livermore
1999 Honda Civic Ex Clean Title,https://www.craigslist.org/view/d/fairfield-1999-honda-civic-ex-clean/8HnL5QymYc8m1pWW5GUvoK,3900,193000.0,fairfield/vacaville
1966 Triumph Tr4A,https://www.craigslist.org/view/d/petaluma-1966-triumph-tr4a/5K1DRG5QmKAUccMV1BrGzA,4999,61000.0,petaluma
2001 Ford Excursion 4X4 7.3 Diesel Limited!,https://www.craigslist.org/view/d/dublin-2001-ford-excursion-4x4-73/uCGuuGvgPKBwj4Q7WUyUyW,19000,288000.0,dublin/pleasanton/livermore
2013  Volkswagen  130 Kmiles,https://www.craigslist.org/view/d/oakland-2013-volkswagen-130-kmiles/79tp69Y2iieXK6MMPHkTrD,4500,130.0,berkeley
2007 Nissan Altima Smog 190K Miles,https://www.craigslist.org/view/d/oakland-2007-nissan-altima-smog-190k/qz3Qwozi1YhyGPwvUDfGw8,1500,190000.0,berkeley
2000 Porsche 911 Cabriolet,https://www.craigslist.org/view/d/san-francisco-2000-porsche-911-cabriolet/cz8BxYHDvqR1Tm7gdq38GW,32000,155000.0,SanFrancisco
2018 Nissan Versa,https://www.craigslist.org/view/d/pittsburg-2018-nissan-versa/9i5bNxu3ZvJqfpZPJxSDdt,5500,97000.0,pittsburg/antioch
2021 Nissan Sentra Sv,https://www.craigslist.org/view/d/gonzales-2021-nissan-sentra-sv/9hrSjNCy9pVP3Gx156YHmy,12400,83000.0,morganhill
"Rare Find: 1-Owner 2007 Mercedes-Benz Ml350 4Matic Only 36,500 Miles",https://www.craigslist.org/view/d/san-jose-rare-find-owner-2007-mercedes/66dQWitV4TqXWAbX8RuAyG,14900,36000.0,sanjosesouth
2017 Ram 1500 Crewcab Ecodiesel 4X4 Laramie 122K Miles Clean Title,https://www.craigslist.org/view/d/pleasant-hill-2017-ram-1500-crewcab/m9D58W8ZSJSSoEiW8LA538,17000,122000.0,PleasantHill
2003 Honda Accord,https://www.craigslist.org/view/d/vallejo-2003-honda-accord/mzFqfP9mb8G7Jex7Y6WU2i,2500,146000.0,vallejo/benicia
2014 Kia Optima,https://www.craigslist.org/view/d/richmond-2014-kia-optima/gDRFWAoX3YEEj1Mhqr4hjH,5500,200000.0,richmond/point/annex
2003 Toyota Mr2 Spyder,https://www.craigslist.org/view/d/san-jose-2003-toyota-mr2-spyder/chSVEmhqzv8z2iQ6q7oBLT,7300,77000.0,willowglen/cambrian
2010 Toyota Prius,https://www.craigslist.org/view/d/san-jose-2010-toyota-prius/hfJ6zFts9zUyNtQAudT39o,5500,175000.0,sanjosenorth
2011 Toyota Highlander Se Suv,https://www.craigslist.org/view/d/san-jose-2011-toyota-highlander-se-suv/b6hFRmMKwg6YymY89nQRxf,8900,140000.0,willowglen/cambrian
2003 Subaru Outback Ll Bean H6 75K Miles – Excellent Condition,https://www.craigslist.org/view/d/berkeley-2003-subaru-outback-ll-bean-h6/7p1feeKZhLsw1APMKLLqgD,10500,75000.0,berkeley
"2023 Bmw Ix Xdrive50, Excellent Care, Clean Carfax, Like New",https://www.craigslist.org/view/d/pacifica-2023-bmw-ix-xdrive50-excellent/aNQv2c6S6R7hVi8dic4kQi,52500,39000.0,pacifica
2014 Chevrolet Volt – Clean Title,https://www.craigslist.org/view/d/san-jose-2014-chevrolet-volt-clean-title/bXq8KcndKsp38whvZtK9vL,4599,179000.0,sanjosedowntown
Bmw X5 M Sport Great Deal Trade With Motorcycle,https://www.craigslist.org/view/d/fremont-bmw-x5-sport-great-deal-trade/quP1YMAdarUnLWy5NwCHYW,5900,145000.0,eastbayarea
"2023 Mercedes Benz Eqs 450+, 12K Miles! One Owner, Clean Title, Warran",https://www.craigslist.org/view/d/walnut-creek-2023-mercedes-benz-eqs/1fJVpySoUr2T4keBLWDL8k,42900,13000.0,walnutcreek
2015 Ford Explorer,https://www.craigslist.org/view/d/fairfield-2015-ford-explorer/1nBBnJP3gcG7L6BzGPPCeS,6800,174000.0,Fairfield
"2010 Mercedes-Benz S550 Luxury Sedan Fully Loaded, One Owner",https://www.craigslist.org/view/d/san-jose-2010-mercedes-benz-s550-luxury/2nupAGXup9ScRVLYs8FC6Q,8800,144000.0,southbayarea
"2020 Bmw X1 Xdrive28I Sport Utility 4D - Sebastopol, Ca",https://www.craigslist.org/view/d/sebastopol-2020-bmw-x1-xdrive28i-sport/aJaAnCWdRNmCF9qBZ4yZYa,17900,56000.0,sebastopol
2006 Hyundai Tiburon Gt,https://www.craigslist.org/view/d/el-verano-2006-hyundai-tiburon-gt/aJ5jXdmUh1zJLniP27wxER,4200,115000.0,sonoma
2015 Chevrolet Ss/Maloo Ute,https://www.craigslist.org/view/d/santa-clara-2015-chevrolet-ss-maloo-ute/sDRRt3Jjg8H58NRCPr5BYL,89000,16000.0,santaclara
Chevy Camaro Ss,https://www.craigslist.org/view/d/san-ramon-chevy-camaro-ss/6iR1Px6Jg1jfukWrPPeiKn,10000,85000.0,eastbayarea
2020 Chevrolet Suburban Lt,https://www.craigslist.org/view/d/sunnyvale-2020-chevrolet-suburban-lt/gHWcHDwSE6oj5E83Dvq3AM,14400,220000.0,Sunnyvale
06 Mini/Clean Title/Only 55K Origjnal Miles,https://www.craigslist.org/view/d/santa-rosa-06-mini-clean-title-only-55k/iCdr84CMtchWuSBwuJ8X4G,7300,55000.0,SantaRosa
2018 Honda Odyssey Elite,https://www.craigslist.org/view/d/san-jose-2018-honda-odyssey-elite/2PPzyTVk4dGL8B2GeLDQbq,27900,35000.0,sanjosesouth
2016 Acura Mdx - Mechanic Special,https://www.craigslist.org/view/d/el-sobrante-2016-acura-mdx-mechanic/8tBLhe42qysdvJJ3QDrFkb,5000,98000.0,albany/elcerrito
Ram Promaster High Roof Camper Van Conversion Vanlife Ready,https://www.craigslist.org/view/d/san-jose-ram-promaster-high-roof-camper/5EXhn9Cj1xtGe8sBorWcj6,36000,64000.0,sanjosenorth
2020 Subaru Impreza In Great Condition,https://www.craigslist.org/view/d/san-ramon-2020-subaru-impreza-in-great/sLxTARi21AJD2VKcuA1p6A,17500,58000.0,danville/sanramon
🇺🇸🇲🇽🔧Chevy Express 1500 *Mechanics Special* (🇪🇸🇲🇽Habl,https://www.craigslist.org/view/d/dublin-chevy-express-1500-mechanics/b7yHqoXPrWYyPiVWMvCDpS,600,270000.0,Dublin
200 Gem Cart Golf Cart,https://www.craigslist.org/view/d/calistoga-200-gem-cart-golf-cart/9YGrJwdmVvx2Zj9qWPKqDj,8500,6500.0,napacounty
"2011 Acura Mdx Tech Package, Clean Title",https://www.craigslist.org/view/d/mountain-view-2011-acura-mdx-tech/sHLsLGcSkXcnpam763KGLw,10800,125000.0,MountainView
"2015 Kia Optima, Clean Title, 99K Miles",https://www.craigslist.org/view/d/mountain-view-2015-kia-optima-clean/k8pUMSd9413xR6ba7jx2ZU,6850,99000.0,MountainView
"2015 Honda Civic Si, Clean Title, 91K Miles",https://www.craigslist.org/view/d/mountain-view-2015-honda-civic-si-clean/3AL8QpnnBasHBDtfZB9A7x,14300,91000.0,MountainView
2001 Vw Jetta Tdi,https://www.craigslist.org/view/d/berkeley-2001-vw-jetta-tdi/2B7KD2vpWk7P7sz4pJw76G,1,287000.0,emeryville
2003 Silverado Z71,https://www.craigslist.org/view/d/redwood-city-2003-silverado-z71/m6gpP6XjbW4BBXiHB21vdU,15000,108000.0,redwoodcity
"1999 Vw Eurovan Winnebago Poptop Camper...$18,500...(124,000 Miles)",https://www.craigslist.org/view/d/santa-cruz-1999-vw-eurovan-winnebago/d3W352LtPbzSk5otdhEvn4,18500,124000.0,santacruz
2007 Gmc Yukon 5.3 V8 142K Miles,https://www.craigslist.org/view/d/vallejo-2007-gmc-yukon-53-v8-142k-miles/2KiV8gRgZiEbPPdBD2Sx8F,3200,142000.0,vallejo/benicia
2008 Toyota Sienna Xle,https://www.craigslist.org/view/d/saratoga-2008-toyota-sienna-xle/4jtR3AxjPbeYJxyU6qW1oy,8900,164000.0,saratoga
"2002 Honda Accord Ex, Original Owner, 151312 Miles Transmission Issue",https://www.craigslist.org/view/d/campbell-2002-honda-accord-ex-original/k8BkNmuQbNgQPyjaNdsD97,1500,151000.0,campbell
Bmw 2008 535I Turbo Sedan,https://www.craigslist.org/view/d/san-bruno-bmw-turbo-sedan/p9zr5AsD7y1AwQYvEn9bUE,4000,245000.0,SanBruno
2016 Ford Fusion Se,https://www.craigslist.org/view/d/san-mateo-2016-ford-fusion-se/7ZfEE1hXLevJUkk8aTEW6L,7500,103000.0,sanmateo
1984 Chevy K-10 4X4 Diesel,https://www.craigslist.org/view/d/pleasanton-1984-chevy-10-4x4-diesel/6vC6Ary1GN5tHXWyRtLN7L,15000,122000.0,dublin/pleasanton/livermore
"2007 Chevrolet Avalanche Ls 1500, Clean Title",https://www.craigslist.org/view/d/santa-clara-2007-chevrolet-avalanche-ls/d4fScPTdBS2Dnmc1YHkeYK,7700,136000.0,SantaClara
1984 Bmw 633Csi E24,https://www.craigslist.org/view/d/pleasanton-1984-bmw-633csi-e24/76BvCZ7sKohcXZViZB67BL,8500,212000.0,dublin/pleasanton/livermore
"2015 Audi A3, 90K Miles, Clean Title",https://www.craigslist.org/view/d/santa-clara-2015-audi-a3-90k-miles/bGGeWTLECLM65UHt87fSP6,8800,90000.0,SantaClara
2012 Toyota Prius C Hybrid Gas Saver Clean Title Automatic,https://www.craigslist.org/view/d/hayward-2012-toyota-prius-hybrid-gas/njAWESwmsAmhrANmyX3tio,8800,141000.0,hayward/castrovalley
2008 Toyota Camry (Mechanic Special) Sold As Is,https://www.craigslist.org/view/d/san-jose-2008-toyota-camry-mechanic/uNmZfLV9QiPZvsjzATehtA,3200,141000.0,sanjosedowntown
1966 Ford F100,https://www.craigslist.org/view/d/antioch-1966-ford-f100/ppvKWY88Fwr7DHYjMSY3dB,10000,41000.0,pittsburg/antioch
2009 Audi Avant A4 Quattro,https://www.craigslist.org/view/d/saratoga-2009-audi-avant-a4-quattro/974LqpxnpJMmA5veZVwyJq,3000,78000.0,saratoga
2011 Ford F-350 Xl Super Duty Utility Service Truck,https://www.craigslist.org/view/d/pittsburg-2011-ford-350-xl-super-duty/bJD1c5LybeHAWXwWJZuKtc,17500,238000.0,pittsburg/antioch
Clean Title,https://www.craigslist.org/view/d/san-francisco-clean-title/bHZ641NRGUQFNLEHv6XL9B,10995,243000.0,SanFrancisco
2014 Chevrolet Equinox Ltz Sport Utility Records Excellent 2015 Gmc,https://www.craigslist.org/view/d/san-jose-2014-chevrolet-equinox-ltz/mJ5fNFhUKaJzVLLwkBJ38B,5900,188000.0,sanjosewest
1999 Toyota  Solara Sle,https://www.craigslist.org/view/d/sacramento-1999-toyota-solara-sle/oXbNYTFjLhEXiGjMPQtccn,2500,250000.0,Sacramento
2011 Honda Insight Hybrid – Well Maintained – Runs Perfectly,https://www.craigslist.org/view/d/emeryville-2011-honda-insight-hybrid/dw7SSjShTcNyXTT5dnfLC9,4700,190000.0,alameda
2011 Ford F-350 Xl Crew Cab Utility Service Truck,https://www.craigslist.org/view/d/pittsburg-2011-ford-350-xl-crew-cab/eWKcHRiRotg3FFriCLjuea,17500,312000.0,pittsburg/antioch
2012 Freightliner M2 106V Diesel Comm Truck - 26' Box Truck W/Liftgate,https://www.craigslist.org/view/d/benicia-2012-freightliner-m2-106v/vsqH1sjsGXmTJjX295sdNt,22900,169000.0,vallejo/benicia
1929 Ford Model A 4 Door Sedan,https://www.craigslist.org/view/d/antioch-1929-ford-model-4-door-sedan/rMPQPjDYeWJCUpqNezeLQE,14900,93000.0,brentwood/oakley
"2016 Volkswagen Golf Sportwagen, Clean Title",https://www.craigslist.org/view/d/hayward-2016-volkswagen-golf-sportwagen/d3uDHWyMNAntzGYqzcuDe5,8990,111000.0,hayward/castrovalley
2011 Kia Soul Base Manual,https://www.craigslist.org/view/d/mount-hermon-2011-kia-soul-base-manual/2Zzij5MQpYwrPwxhLpFs55,6500,98000.0,scottsvalley
2014 Freightliner M2 26' Box Truck – Liftgate – Carb Compliant – Ready,https://www.craigslist.org/view/d/pittsburg-2014-freightliner-m2-26-box/enKKi8F54fsZ7VPpqbV8bU,35900,200000.0,pittsburg/antioch
"2013 Toyota Sienna, Clean Title, Low Mileage",https://www.craigslist.org/view/d/hayward-2013-toyota-sienna-clean-title/s7kSsfb6uw9iXSNAMEqtUf,18990,80000.0,hayward/castrovalley
"2021 Toyota Corolla, Clean Title, No Accident",https://www.craigslist.org/view/d/hayward-2021-toyota-corolla-clean-title/p9hcUMnnHZG25chuSFi9Gh,14990,122000.0,hayward/castrovalley
"2010 Audi Q7 Vr6 Natural Aspirated Porshe Engine, Within 2 Years Of Production O",https://www.craigslist.org/view/d/lafayette-2010-audi-q7-vr6-natural/cKG35ABKyr31SpQjnbegmH,6500,160000.0,Lafayette
2008 Bmw 750I,https://www.craigslist.org/view/d/lafayette-2008-bmw-750i/5o5QdndokxhButBnAkTvgE,6500,114000.0,Lafayette
"2013 Lincoln Mkz Hybrid, Clean Title, Fully Loaded",https://www.craigslist.org/view/d/hayward-2013-lincoln-mkz-hybrid-clean/mH3V5bopoc7PVjGKMPuUiA,8490,133000.0,hayward/castrovalley
2016 Honda Fit,https://www.craigslist.org/view/d/burlingame-2016-honda-fit/887qFyW12dtyQSLdGbNxTf,9500,106000.0,Burlingame
2016 Gmc Sierra,https://www.craigslist.org/view/d/menlo-park-2016-gmc-sierra/2pNBgddQDiAhsJ5x42M8Uv,14590,173000.0,redwoodcity
"2022 Honda Accord Sport Hybrid, Clean Title, No Accident",https://www.craigslist.org/view/d/hayward-2022-honda-accord-sport-hybrid/bVH8dDCa11P6s4MrARKyTB,17990,148000.0,hayward/castrovalley
"2019 Honda Odyssey, Clean Title, One Owner",https://www.craigslist.org/view/d/hayward-2019-honda-odyssey-clean-title/hz2ejiAWKkiLhwoYt5peRC,16990,154000.0,hayward/castrovalley
2007 Honda Civic Hybrid,https://www.craigslist.org/view/d/san-jose-2007-honda-civic-hybrid/8LF69Q6gBAENUj5JQCAHj7,4300,130000.0,sanjosedowntown
2011 Subaru Outback,https://www.craigslist.org/view/d/san-jose-2011-subaru-outback/sGB8NfLzM9TtcwgVC7v2Wu,4500,180000.0,sanjosedowntown
"2014 Ford Escape, Clean Title, Excellent Condition",https://www.craigslist.org/view/d/hayward-2014-ford-escape-clean-title/f8UkRYqtM98fUtY76fXzPL,6990,122000.0,hayward/castrovalley
1974 Porsche 914 2.0 – Project Car  Sold,https://www.craigslist.org/view/d/san-jose-1974-porsche-project-car-sold/7NAMWRMtw8qup9mtKRS9ng,2500,54000.0,SanJose
"Cargo Transit Vans – Clean, Reliable, Ready For Business - For Sale",https://www.craigslist.org/view/d/san-lorenzo-cargo-transit-vans-clean/2Gtsng2QTqvrbb5zwiyTUQ,28000,30000.0,hayward/castrovalley
"2013 Acura Mdx Awd, Clean Title, Excellent Condition",https://www.craigslist.org/view/d/hayward-2013-acura-mdx-awd-clean-title/e64KDuPnwEe6Sp8KWtBVDJ,10990,129000.0,hayward/castrovalley
Pristine! 2008 Toyota Tundra Dbl Cab 6.5Ft Bed Low Miles! Carfax{Clean,https://www.craigslist.org/view/d/sacramento-pristine-2008-toyota-tundra/dfCK4daJPk4QQ687sUxesb,14300,142000.0,Sacramento//California}}
1989 International Water Truck,https://www.craigslist.org/view/d/rio-vista-1989-international-water-truck/nY8wx1XUB8TNv8DkfbtaHU,8900,62000.0,RioVista
Very Low Mileage Great Condition Camry Hybrid,https://www.craigslist.org/view/d/san-carlos-very-low-mileage-great/sCVyFXwdELXrEd3UFTccva,17750,73000.0,SanCarlos
"2017 Honda Fit Ex-L – Clean Title – 87,202 Miles",https://www.craigslist.org/view/d/novato-2017-honda-fit-ex-clean-title/o6aTQdYp4bxK9kE1fjK96J,14600,87000.0,novato
2022 Subaru Impreza Awd Wagon,https://www.craigslist.org/view/d/berkeley-2022-subaru-impreza-awd-wagon/9yHtUJirW2zan71vtahvEd,17800,35000.0,berkeleynorth/hills
2012 Mazda 2,https://www.craigslist.org/view/d/healdsburg-2012-mazda/5CK2Z6cgK2BftR5q54urEL,3500,112000.0,healdsburg/windsor
Gmc Canyon 2016 Sle,https://www.craigslist.org/view/d/morgan-hill-gmc-canyon-2016-sle/9fp9By7Vo4kkwLHKdFHnZf,12800,134000.0,morganhill
"2016 Porsche Boxster – Metallic White – 41,397 Miles – One Owner",https://www.craigslist.org/view/d/san-francisco-2016-porsche-boxster/4HQpNaetw4qBQ7uZRsckTT,42000,41000.0,SOMA/southbeach
"2009 Toyota Camry Le, Excellent Condition",https://www.craigslist.org/view/d/san-jose-2009-toyota-camry-le-excellent/4Za6EDcUbghA2Yyg2HRJme,6100,146000.0,sanjosewest
2003 Dodge Ram Only 70K Miles 4X4,https://www.craigslist.org/view/d/sacramento-2003-dodge-ram-only-70k/5QRpATu8EWhnksQM87xYmZ,9600,70000.0,eastbayarea
2007 Lexus Es 350,https://www.craigslist.org/view/d/san-jose-2007-lexus-es-350/mo849P7PbuwZotWaKE6SZc,5500,199000.0,sanjosewest
1933 Ford Hot Rod,https://www.craigslist.org/view/d/penngrove-1933-ford-hot-rod/qo4yuvpxRTPAB3mtXpFSR2,41500,17000.0,petaluma
"2016 Acura Mdx ,Advance / Sh-Awd W/Res",https://www.craigslist.org/view/d/san-jose-2016-acura-mdx-advance-sh-awd/kyFG7nnjpPCdAG71SCbSik,11999,146000.0,sanjosewest
1999 Bmw 323Ci Convertible,https://www.craigslist.org/view/d/san-jose-1999-bmw-323ci-convertible/gRHsmdq9uL5n2EpvP3aEDe,6299,111000.0,sanjosewest
"2010 Toyota Rav4, 4Wd, Limited, Excellent Condition",https://www.craigslist.org/view/d/san-jose-2010-toyota-rav4-4wd-limited/39KmLbf6HPLLq2JnXWB8Ea,7199,186000.0,sanjosewest
2010 Honda Cr-V Exl 4Wd,https://www.craigslist.org/view/d/san-jose-2010-honda-cr-exl-4wd/jsYA6qGjfeVyiUDNSjMSAd,8999,117000.0,sanjosewest
2000 Toyota Camry,https://www.craigslist.org/view/d/oakland-2000-toyota-camry/8xUhhr9GvXJt5hGR5ZmTpd,2295,137000.0,oaklandrockridge/claremont
2006 Toyota Scion Clean Registration Good Smogged Clean Title,https://www.craigslist.org/view/d/suisun-city-2006-toyota-scion-clean/9iFP1YnaWNoT9DHHQUaXnT,2650,178000.0,fairfield/vacaville
"2014 Mercedes E350 Coupe - 38,000 Orginal Miles",https://www.craigslist.org/view/d/santa-rosa-2014-mercedes-e350-coupe/f8cPvvyq1XuD1h1SvPggCw,16900,38000.0,santarosa
$$$$$ Mercedes Benz 2016 Gla 250,https://www.craigslist.org/view/d/walnut-creek-mercedes-benz-2016-gla-250/roTHByMDDR4p8GPEwBuZj9,12500,73000.0,concord/pleasanthill/martinez
Sport Bike Vfr800 Great Bike,https://www.craigslist.org/view/d/fremont-sport-bike-vfr800-great-bike/uHzxGPEbYrE1koS1WQcvgS,3900,45000.0,cityofsanfrancisco
2008 Toyota Prius- Leather- Backup Cam - New Tires- Clean Title!,https://www.craigslist.org/view/d/san-rafael-2008-toyota-prius-leather/rMwcJ31qBF9KztYsJW8qjZ,5700,162000.0,sanrafael
2016 Subaru Crosstrek - Clean Title - Well Maintained,https://www.craigslist.org/view/d/pleasant-hill-2016-subaru-crosstrek/x1to2iF7yepQEFiT2jaYR4,8000,121000.0,concord/pleasanthill/martinez
"Immac! 4Wd Toyota Tundra Trd 4X4 Reg Service, Low Mlle-S",https://www.craigslist.org/view/d/west-sacramento-immac-4wd-toyota-tundra/r7uJVNeoa5yWKz1nCgfDQi,13300,184000.0,SacramentoCaLii
2013 Ford Cmax Hybrid Runs Good Automatic Reg 2026 Just Smogged!,https://www.craigslist.org/view/d/hayward-2013-ford-cmax-hybrid-runs-good/wG5QiAriJuHGwKHswibdJA,2650,200000.0,hayward/castrovalley
2011 Toyota Sienna Limited Awd 4X4 7 Passengers Black.,https://www.craigslist.org/view/d/san-mateo-2011-toyota-sienna-limited/pQia9uu8UumjfE45zNJhSr,9900,94000.0,peninsula
1965 Rambler Marlin Big Fish V8 Ac Original Survivor,https://www.craigslist.org/view/d/finley-1965-rambler-marlin-big-fish-v8/jYJQwpJf6mVWMbzf6Py8h7,19900,106000.0,lakecounty
2017 Chevy Colorado Extended Cab,https://www.craigslist.org/view/d/pleasanton-2017-chevy-colorado-extended/odfd5SwKbyCtsoG6KJwJEW,10000,92000.0,eastbayarea
2018 Hyundai Tucson Sel Plus,https://www.craigslist.org/view/d/livermore-2018-hyundai-tucson-sel-plus/xkoxZtsztZkVM13afg4sun,9500,113000.0,Livermore
2001 Camry Xle,https://www.craigslist.org/view/d/hayward-2001-camry-xle/oNSzwixpbEyepUb1GxSdh5,3000,122000.0,Hayward
Toyota Forerunner 4 X 4,https://www.craigslist.org/view/d/santa-rosa-toyota-forerunner-x/drCpHTc32r6msxEWpBynKe,18000,171000.0,santarosa
"2011 Toyota Tacoma, Clean Title, Runs Excellent",https://www.craigslist.org/view/d/oakland-2011-toyota-tacoma-clean-title/aaFmeb7MxhXHnszWJERa9f,12500,182000.0,oaklandhills/mills
2004 Mercury Mountaineer Suv Runs And Drives Good! 3Rd Row Seats! V6,https://www.craigslist.org/view/d/hayward-2004-mercury-mountaineer-suv/jHtnt91nN3jq9Hmw2azA4Z,1500,200000.0,hayward/castrovalley
"1989 Ford Ranger - Clean, Original Truck",https://www.craigslist.org/view/d/beebe-1989-ford-ranger-clean-original/uPSJkMBMJiLTJybr4iuPgF,7300,106000.0,SanFrancisco
Rare Landrover Series Iia 1970 Fully Restored,https://www.craigslist.org/view/d/redwood-city-rare-landrover-series-iia/bhYn1BLMzyeHH7YHCRmvYt,32950,84000.0,MenloPark
For Sale - 2016 Mercedes-Benz C300,https://www.craigslist.org/view/d/hayward-for-sale-mercedes-benz-c300/59Dp7n5oacVScftrTDBLrE,23000,55000.0,hayward/castrovalley
1978 Datsun 280 Z,https://www.craigslist.org/view/d/el-verano-1978-datsun-280/91myyUDChUy9yHgeupvjCt,14000,58000.0,Sonoma
2016 Audi A5 Low Mileage,https://www.craigslist.org/view/d/richmond-2016-audi-a5-low-mileage/aJSmRKrhZB3BWYgWjCobJC,13390,72000.0,richmond/point/annex
2013 Bmw 328I 3 Series,https://www.craigslist.org/view/d/scotts-valley-2013-bmw-328i-series/kDiP9tnJmExubEN8sEbdNL,9999,133000.0,scottsvalley
2016 Toyota Rav4 Se Sport Package,https://www.craigslist.org/view/d/union-city-2016-toyota-rav4-se-sport/uaRXZk5QE9g7FWF3Uf3Re3,9600,195000.0,fremont/unioncity/newark
1987 Porsche 924S,https://www.craigslist.org/view/d/brisbane-1987-porsche-924s/rK1zdD5nc8hB1SAwgNYStW,9999,125000.0,brisbane
1983 Toyota Tercel Sr5 4Wd - Manual,https://www.craigslist.org/view/d/pleasanton-1983-toyota-tercel-sr5-4wd/hRGsxiqV6NFNAy8ADz7Vod,10000,180000.0,dublin/pleasanton/livermore
Nc Turbo Miata 2006 Track,https://www.craigslist.org/view/d/san-jose-nc-turbo-miata-2006-track/d8iuPqA4qvUGsstHgwDbC6,12000,15000.0,sanjoseeast
2019 Jaguar F-Pace,https://www.craigslist.org/view/d/hayward-2019-jaguar-pace/nwM6cgeuHigVdZkMbhrw7A,15000,77000.0,hayward/castrovalley
2005 Chevy Silverado (Work Truck),https://www.craigslist.org/view/d/martinez-2005-chevy-silverado-work-truck/aSd72S4eYHjeFhFbYh2cCe,5999,127000.0,concord/pleasanthill/martinez
"1965 Ford F250 Custom Patina Truck ($ Lowered, Must Sell)",https://www.craigslist.org/view/d/alameda-1965-ford-f250-custom-patina/3btM887yugPoRXG9D2MCHd,12450,15000.0,alameda
2020 Chevrolet Silverado Ltz One Owner Low Mileage,https://www.craigslist.org/view/d/sacramento-2020-chevrolet-silverado-ltz/njKTRm2m6UUrkLGRxMU7SQ,32500,53000.0,Sacramento
1975 Bmw 2002 E10 5Spd,https://www.craigslist.org/view/d/daly-city-1975-bmw-2002-e10-5spd/dAf5TtFDriXLFJZhnjRnhM,15000,33000.0,dalycity
2016 Infiniti Q50 3.7 Awd W/65K Orig Miles. 1 Owner. Smogd. Cln Title,https://www.craigslist.org/view/d/concord-2016-infiniti-q50-37-awd-65k/2inxhYgqqs5rk8UkSTYLPJ,13500,65000.0,concord/pleasanthill/martinez
2012 Toyota Prius V (One Owner/ Low Mileage),https://www.craigslist.org/view/d/fremont-2012-toyota-prius-one-owner-low/ofgexPuZPEUL7vwr96LJ2T,12250,105000.0,fremont/unioncity/newark
2002 Lexus Rx300,https://www.craigslist.org/view/d/martinez-2002-lexus-rx300/mmCxchkgYTaQ1kNB1LgJGX,3500,184000.0,concord/pleasanthill/martinez
2012 Ford Escape Flex Fuel (Gas Saver),https://www.craigslist.org/view/d/port-costa-2012-ford-escape-flex-fuel/wSinZvH1cL6GxrCHfLMS5u,5000,150000.0,concord/pleasanthill/martinez
2014 Porsche 911 Carrera,https://www.craigslist.org/view/d/belmont-2014-porsche-911-carrera/7ACoNq2hvLV4LT3jjxLzA6,68000,40000.0,belmont
1988 Alfa Romeo Spider,https://www.craigslist.org/view/d/fremont-1988-alfa-romeo-spider/c21rUJ3qDsM1DU9m2sw8Fx,5000,68000.0,fremont/unioncity/newark
2006 Honda Pilot Ex-L W/Navigation Awd Clean Title Smog Passed,https://www.craigslist.org/view/d/campbell-2006-honda-pilot-ex-w/nPdeRTLVfJGR6RvEGdgXBq,7300,134000.0,campbell
2015 Bmw 528I,https://www.craigslist.org/view/d/san-jose-2015-bmw-528i/78yeeKFwzgo8nie3dsnxTa,8950,90000.0,sanjosewest
2020 Toyota Rav4 Xle Clean Title Low Milage,https://www.craigslist.org/view/d/campbell-2020-toyota-rav4-xle-clean/6E3jpkoPi38dVofY6MaZef,21500,64000.0,campbell
"2005 Toyota Corolla Ce – Clean Title, Smog Passe,Reliable Daily Driver",https://www.craigslist.org/view/d/campbell-2005-toyota-corolla-ce-clean/mJ6qrew1St9itDiri5DR6W,4400,132000.0,campbell
2007 Chevrolet Suburban Ls 2500 Clean Title Smog Passed,https://www.craigslist.org/view/d/campbell-2007-chevrolet-suburban-ls/o3faAc6kZ3i7hfsTnN9bK1,9300,137000.0,campbell
2013 Ford E150 9 Passinger Van Fleet Maintained,https://www.craigslist.org/view/d/newark-2013-ford-e150-passinger-van/eVPLpACDXEyNMz2Vwehzu6,3650,204000.0,peninsula
"2008 C6 Corvette Z51 Coupe – 6-Speed Manual, 3Lt, Velocity Yellow, 54K",https://www.craigslist.org/view/d/los-gatos-2008-c6-corvette-z51-coupe/mV3F8VVhUL7tJtJJbNMubY,27900,54000.0,santaclara
2009 Toyota Tacoma Super Clean 4X4,https://www.craigslist.org/view/d/lafayette-2009-toyota-tacoma-super/kUxrU3zh1CZHkNDEG2Th9y,23800,53000.0,lafayette/orinda/moraga
2005 Honda Accord Lx,https://www.craigslist.org/view/d/santa-clara-2005-honda-accord-lx/rJ7vYhhEckkr3KGPCGQFAi,3200,131000.0,SantaClara
1996 Honda Acura Interg,https://www.craigslist.org/view/d/san-jose-1996-honda-acura-interg/5ogQeLbsWakZuiMwDLumZo,2500,280000.0,SanJose
2014 Dodge Journey,https://www.craigslist.org/view/d/hayward-2014-dodge-journey/vn4nfWGrFKijdXRJWRGUV6,10000,127000.0,fremont/unioncity/newark
2014 Vw Gti Drivers Edition,https://www.craigslist.org/view/d/richmond-2014-vw-gti-drivers-edition/4Dv7AZsWMNkkiu1n76HT1n,9250,132000.0,richmond/point/annex
2016 Ford Fusion Energi Titanium Plug-In Hybrid Clean Title Smogged!,https://www.craigslist.org/view/d/tracy-2016-ford-fusion-energi-titanium/jDgnBJxsKVtQW3xDL75ruj,8800,96000.0,Tracy
2018 Mercedes-Benz C 350E Plug-In Hybrid Clean Title Smogged,https://www.craigslist.org/view/d/tracy-2018-mercedes-benz-350e-plug-in/6XT8me6sHzLMY1A5XPpU8X,12500,98000.0,Tracy
2012 Toyota Prius Iii Clean Title Carfax Smogged Low Miles 83K,https://www.craigslist.org/view/d/tracy-2012-toyota-prius-iii-clean-title/5jqaPmw6WBDfywZJTmTSim,8800,83000.0,Tracy
2018 Honda Crv Ex Awd Excellent Condition,https://www.craigslist.org/view/d/hayward-2018-honda-crv-ex-awd-excellent/dpbM26aodmeg2ZaWNQwWgt,22900,54000.0,hayward/castrovalley
2013 Acura Tsx Wagon With Tech Package - Clean Title,https://www.craigslist.org/view/d/castro-valley-2013-acura-tsx-wagon-with/tJNBX3SJpdAyhWTGYDpRWK,12000,167000.0,dublin/pleasanton/livermore
"2000 Honda Civic Lx – Only 99,500 Original Miles!",https://www.craigslist.org/view/d/san-jose-2000-honda-civic-lx-only/qiQKaMmdyfRB2PF7qt8FEj,4700,100000.0,sanjosesouth
"2012 Prius Plug-In Advanced - 162K Miles (Leather, Led, Radar, Etc)",https://www.craigslist.org/view/d/san-francisco-2012-prius-plug-in/4yAQxhhRvTJKWowY1Uxq5h,8400,163000.0,bernalheights
1970 Dodge Challenger,https://www.craigslist.org/view/d/san-mateo-1970-dodge-challenger/j7v4sEPKYRJ51gY6WfCCpN,27500,127000.0,sanmateo
2007 Jeep Grand Cherokee 4X4 Overland,https://www.craigslist.org/view/d/mountain-view-2007-jeep-grand-cherokee/ecepR1LvXiMd7zrfTWPgTu,4900,146000.0,mountainview
"1985 Ferrari 308Qv Only 27,500 Original Miles",https://www.craigslist.org/view/d/capitola-1985-ferrari-308qv-only/a6RjLvYcUTXD4j6Gu5hovJ,84000,28000.0,capitola
2016 Subaru Forester,https://www.craigslist.org/view/d/windsor-2016-subaru-forester/wVnQdm2RhouowjBWA4epkn,2584,216000.0,santarosa
1999 Gmc Yukon Slt,https://www.craigslist.org/view/d/windsor-1999-gmc-yukon-slt/sAvZN7J5MzoZ6eRxnE9y2H,1999,246000.0,santarosa
2006 Honda Accord,https://www.craigslist.org/view/d/hayward-2006-honda-accord/2wWSAWYW3uW8rTd31m9z2f,1250,180000.0,hayward/castrovalley
2012 Chevy Volt Low Miles,https://www.craigslist.org/view/d/hayward-2012-chevy-volt-low-miles/kwEHMitvDJkSCBa943Ejgb,4500,122000.0,hayward/castrovalley
"2017 Toyota Camry  Le, Clean Title, 1 Owner, Clean Title!",https://www.craigslist.org/view/d/walnut-creek-2017-toyota-camry-le-clean/oWsNT6tRQQfEscSTzvij8K,13900,111000.0,walnutcreek
2017 Mercedes Sprinter By Grech 14 Pax,https://www.craigslist.org/view/d/san-bruno-2017-mercedes-sprinter-by/fqcPgznYaX1uza5t1CdxVY,35000,205000.0,SanBruno
2016 Ford F250 6.7 Powerstroke Diesel,https://www.craigslist.org/view/d/san-lorenzo-2016-ford-powerstroke-diesel/oEW421z1dWjNEUPhhnQAWs,45000,86000.0,southbayarea
1997 Ford F350 Box Truck With Lift Gate,https://www.craigslist.org/view/d/santa-clara-1997-ford-f350-box-truck/hL8mofRVw84mZvZ9g9goyk,5500,58000.0,SantaClara
2006 Toyota Tacoma,https://www.craigslist.org/view/d/el-verano-2006-toyota-tacoma/rf2pkThDCRsgZ7sCyfSJdd,15000,128000.0,sonoma
2001 Subaru Forrester,https://www.craigslist.org/view/d/concord-2001-subaru-forrester/r5KFpY13h3UdAF3t1km6kN,1150,286000.0,Concord
240Sx S13 Coupe Track Car,https://www.craigslist.org/view/d/san-jose-240sx-s13-coupe-track-car/jZhqBtZufHavUMH2Tzk9Yy,9000,100000.0,sanjosesouth
Honda Crv Ex-L 2017 In Good Condition,https://www.craigslist.org/view/d/cupertino-honda-crv-ex-2017-in-good/dkCnp2JmnewTosKiKCfmpm,17500,84000.0,cupertino
2008 Ford Escape Hybrid Awd - Super Clean!,https://www.craigslist.org/view/d/windsor-2008-ford-escape-hybrid-awd/hAitWUrxH2CACKHEA9no2h,2299,180000.0,santarosa
2007 Toyota Camry One Owner!,https://www.craigslist.org/view/d/pleasanton-2007-toyota-camry-one-owner/f6G6i2sSqifLpZHq5d2iZ5,5900,147000.0,dublin/pleasanton/livermore
2014 Chevrolet Cruze,https://www.craigslist.org/view/d/pleasanton-2014-chevrolet-cruze/w4qdoBY6MraChCmejaYpjF,4999,108000.0,dublin/pleasanton/livermore
2006 Nissan Pathfinder 2Wd 8 Pasengers,https://www.craigslist.org/view/d/san-mateo-2006-nissan-pathfinder-2wd/dDPZis73mFKN1oHZSmtVxp,3950,96000.0,sanmateo
2015 Subaru Forester,https://www.craigslist.org/view/d/pleasanton-2015-subaru-forester/qxntbJFGMrePop2vjbAgBs,6200,170000.0,dublin/pleasanton/livermore
2007 Dodge Ram 1500 Slt Big Horn Edition,https://www.craigslist.org/view/d/pleasanton-2007-dodge-ram-1500-slt-big/6JARgsL5WQ9364yhoymwiC,6500,140000.0,dublin/pleasanton/livermore
2004 Honda S2000,https://www.craigslist.org/view/d/redwood-city-2004-honda-s2000/ag9o5iCeKikeD1moHxaQ7y,21000,141000.0,redwoodcity
2014 Nissan Versa Note S Plus - Clean Title,https://www.craigslist.org/view/d/santa-clara-2014-nissan-versa-note-plus/wNwoEDqDwzGdBL6H69bxCm,3450,120000.0,santaclara
Ford Focus,https://www.craigslist.org/view/d/santa-rosa-ford-focus/8mUGmqtBG6Lof191VkCEeY,3250,117000.0,santarosa
2015 Honda Accord Sport,https://www.craigslist.org/view/d/san-jose-2015-honda-accord-sport/38E2Badf5KZSe1opnWxY3c,14800,97000.0,losgatos
Toyota Camry Xse 2018,https://www.craigslist.org/view/d/windsor-toyota-camry-xse-2018/5BT33HBdKCAY6hGqaRnKs5,14900,130000.0,healdsburg/windsor
1968 Vw Beetle,https://www.craigslist.org/view/d/knightsen-1968-vw-beetle/9K5KqBTdhMtUxAg2qkZepZ,13500,120000.0,brentwood/oakley
2018 Infiniti Q50 2.0,https://www.craigslist.org/view/d/hayward-2018-infiniti-q50-20/n9VDj8sbTw2dAbmeQn6U23,7500,145000.0,Hayward
2012 Subaru Forester Premium,https://www.craigslist.org/view/d/campbell-2012-subaru-forester-premium/nLfXebcjoFvaWJj1ZNXbDb,10800,117000.0,losgatos
1958 Alfa Romeo Giulietta Spider Normale: 1 Of 1551 Built - Best Offer,https://www.craigslist.org/view/d/vallejo-1958-alfa-romeo-giulietta/xnV3nMX8uUxH4Aq49Th6sx,666666,48000.0,AmericanCanyon
2015 Subaru Forester Premium,https://www.craigslist.org/view/d/saratoga-2015-subaru-forester-premium/wkjwmgezAkbzHoKdSnVyHf,12800,111000.0,losgatos
2017 Nissan Altima S,https://www.craigslist.org/view/d/fairfield-2017-nissan-altima/2micqXNexTX3FkoVVGvomd,7900,134000.0,fairfield/vacaville
2010 Toyota Sienna Xle – 1 Owner – Clean Title,https://www.craigslist.org/view/d/sunnyvale-2010-toyota-sienna-xle-owner/sqmhoWFdF2bw3Uz9G7CkjX,7800,132000.0,sunnyvale
2006 Mercedez Ben E-Class,https://www.craigslist.org/view/d/sunnyvale-2006-mercedez-ben-class/4tkdeE8a8nTUu5GKomxgei,3950,93000.0,sunnyvale
1958 Edsel Ranger Two Door V8 Runs,https://www.craigslist.org/view/d/fremont-1958-edsel-ranger-two-door-v8/kHc2zeEFawPPng3sYuPcnC,6500,88000.0,fremont/unioncity/newark
2005 Lexus Ls 430,https://www.craigslist.org/view/d/pleasanton-2005-lexus-ls-430/wWJ54y8kWsbKMmDbZjMcjb,4900,350000.0,Concord
2003 Mercedes Sprinter Diesel Camper,https://www.craigslist.org/view/d/san-jose-2003-mercedes-sprinter-diesel/uRSR7BQDp4QorNMKDHNyeh,7299,160000.0,sanjosedowntown
1991 Toyota Corolla - Manual Transmission,https://www.craigslist.org/view/d/windsor-1991-toyota-corolla-manual/2a1hdAKeC58xjFZfnnRf5K,1799,280000.0,santarosa
2005 Honda Pilot,https://www.craigslist.org/view/d/pleasanton-2005-honda-pilot/4TLwYPyojDf5JcTFUW9VfJ,1800,200000.0,Concord
2002 Volkswagen Beetle Sport - Manual Transmission,https://www.craigslist.org/view/d/windsor-2002-volkswagen-beetle-sport/4GgdBkkWopTSTt8taL9CLv,2159,140000.0,santarosa
2018 Ram 2500 Regular Cab Tradesman Pickup 8 Ft Bed,https://www.craigslist.org/view/d/san-rafael-2018-ram-2500-regular-cab/7zcZDWBcBkXXJ4U8QjuKUT,13500,135000.0,sanrafael
Lexus Ls430,https://www.craigslist.org/view/d/petaluma-lexus-ls430/f7DFXEVJCf8zr1KCXYCPcS,6500,247000.0,Petaluma
2012 Hyundai Veloster,https://www.craigslist.org/view/d/windsor-2012-hyundai-veloster/58JJbHkrHvh4tscYviaTrn,1999,128000.0,santarosa
2015 Nissan Nv200 Company Van,https://www.craigslist.org/view/d/vallejo-2015-nissan-nv200-company-van/tz9SabFPgt57aCiiMEapNQ,6800,161000.0,fairfield/vacaville
2018 Toyota Prius C Four (78000 Miles),https://www.craigslist.org/view/d/san-jose-2018-toyota-prius-four-miles/baTT8av8fNEnrj6zCPxx3T,15300,78000.0,SanJose
2012 Ford Mustang V6 3.7,https://www.craigslist.org/view/d/concord-2012-ford-mustang-v6-37/gsE3GEVQcoDskR8tzZzNkj,10000,74000.0,concord/pleasanthill/martinez
2002 Ford F350 Diesel,https://www.craigslist.org/view/d/napa-2002-ford-f350-diesel/r2twBUS8JKAVbyBYewr51B,8000,188000.0,napacounty
2011 Lincoln Towm Car 6 Door Limousine,https://www.craigslist.org/view/d/salt-lake-city-2011-lincoln-towm-car/tZLaGWkgVhSMmZL9u7Tbxz,6500,60000.0,downtown/civic/vanness
2022 Ford Escape Hybrid Awd (1-Owner) Immaculate,https://www.craigslist.org/view/d/walnut-creek-2022-ford-escape-hybrid/oAPdLefWAaLxkmm8sSo1zp,13500,95000.0,walnutcreek
Awd Astro Van,https://www.craigslist.org/view/d/santa-cruz-awd-astro-van/7n2B26rk3niPkzJjunX9L7,7000,219000.0,SantaCruz
1979 Pontiac Trans Am,https://www.craigslist.org/view/d/san-jose-1979-pontiac-trans-am/7x8LAEqVY82He9hAS7VMAQ,5500,1111000.0,sanjosedowntown
2017 Ram 1500 Tradesman 5.7L Hemi V8 - Clean Title - 1 Owner,https://www.craigslist.org/view/d/san-jose-2017-ram-1500-tradesman-57l/fUuj3h8qPicHP22rWSXGzA,11998,116000.0,sanjosedowntown
2024 Ram 2500 Night Edition Laramie (Still Under Factory Warranty),https://www.craigslist.org/view/d/santa-rosa-2024-ram-2500-night-edition/rEdV1D5eKPZUdJZ9u6mAU8,68250,17000.0,santarosa
Bmw X5 35I M-Sport,https://www.craigslist.org/view/d/san-francisco-bmw-x5-35i-sport/7gTfJVRRnPQch6dDz6e7tu,6500,128000.0,SanFrancisco
"2016 Honda Accord Exl - Excellent Condition, Leather, Honda Sensing",https://www.craigslist.org/view/d/san-jose-2016-honda-accord-exl/4zLiHyNxUcQ9RzfHhkZCN2,18500,94000.0,sanjosesouth
Toyota Tundra 4X4,https://www.craigslist.org/view/d/pleasant-hill-toyota-tundra-4x4/1NWpkWdn1uyHYhJ2w3iudu,17500,61000.0,lafayette/orinda/moraga
"2007 Lexus Rx 400H ,Hybrid, Save Gas,Clean Title Run Good!",https://www.craigslist.org/view/d/san-jose-2007-lexus-rx-400h-hybrid-save/hKmtw7ri25ck5DpgCgkWV6,4200,208000.0,sanjosesouth
"2010 Honda Cr-V Ex Well Maintained, Great Condition",https://www.craigslist.org/view/d/san-carlos-2010-honda-cr-ex-well/cFBqzpQpjL2J1gbTnbdWvL,5000,216000.0,sancarlos
1979 Ford F-250 Custom Long Bed - Project Truck W/ Heavy Duty Rack,https://www.craigslist.org/view/d/oakland-1979-ford-250-custom-long-bed/ffr3PhPZTenc6dF1fNHSPk,3000,70000.0,oaklandwest
2004 Volvo Xc90 2.5T – 1 Owner • Only 118K Miles • 7 Passenger • Clean T,https://www.craigslist.org/view/d/livermore-2004-volvo-xc90-25t-owner/vj5VrAv3RLSPXKmtf3MCrP,5900,117000.0,eastbayarea
Datsun 521 Pickup With Utility Bed & Ladder Rack - Classic Project / P,https://www.craigslist.org/view/d/oakland-datsun-521-pickup-with-utility/1zdJVQuiDHCgjgZ8QuYadE,2900,120000.0,oaklandwest
2011 Cadillac Escalade Ext Awd — Clean Title,https://www.craigslist.org/view/d/oakland-2011-cadillac-escalade-ext-awd/cBpBMkpdD335MxJTDcvzkr,10000,168000.0,PointRichmond
Bmw Z4 2006 3.0I,https://www.craigslist.org/view/d/dublin-bmw-i/hRCM3cCFbtuLZ9CQNaUzfP,9000,34000.0,dublin/pleasanton/livermore
1979 Chevy C10 Stepside,https://www.craigslist.org/view/d/pleasanton-1979-chevy-c10-stepside/6p2Zxqu5R1SSNVGzSVYuvF,16000,20000.0,Pleasanton
2008 Lexus Es350 • Clean California Title • Project / Parts Car •,https://www.craigslist.org/view/d/san-jose-2008-lexus-es350-clean/qVkFhJ85zpf9wvvoxgxMcX,1800,218000.0,sanjosesouth
2007 Chrylsler 300 Tour Sedan☆Clean Title☆New Timing Belt☆San Lorenzo,https://www.craigslist.org/view/d/san-lorenzo-2007-chrylsler-300-tour/uMm6vJ5VTZ9fSM81hZ2J8e,3700,184000.0,dublin/pleasanton/livermore
"2012 Ford Focus Se 2.4.L......~$4,900~",https://www.craigslist.org/view/d/san-jose-2012-ford-focus-se-24l4900/sA7mwkivHQv9itmaL4JapW,4900,120000.0,SanJose
2006 Toyota Camry,https://www.craigslist.org/view/d/san-francisco-2006-toyota-camry/azX17BXXD5gv4ufcCQMmfB,4250,205000.0,SanFrancisco/MissionBay
"Mini Cooper S 2012 Hardtop (R56, N18) 1.6-Liter Turbo",https://www.craigslist.org/view/d/hercules-mini-cooper-2012-hardtop-r56/iDQs32Vro7qv164ecueXXE,8500,118000.0,"hercules,pinole,sanpablo,elsob"
2005 Ford F-150,https://www.craigslist.org/view/d/hayward-2005-ford-150/7ycX1b8mJQBFfaCKMQ3NQ9,5000,170000.0,hayward/castrovalley
***Beautiful 2025 Grand Highlander Hybrid Nightshade Edition W/Bench Seats***,https://www.craigslist.org/view/d/fremont-beautiful-2025-grand-highlander/jgG4DwL7Phefsrqg8k4YcM,53999,54000.0,Fremont
2014 Ford Escape Se,https://www.craigslist.org/view/d/el-verano-2014-ford-escape-se/f4SszpCvQmwkxJR7oPppAd,6500,81000.0,sonoma
1968 Volkswagon Beetle  Baja Bug,https://www.craigslist.org/view/d/san-francisco-1968-volkswagon-beetle/qCVy6MxknMbQvTLH4EgDax,8500,100000.0,financialdistrict
1970 Rover 3500S V8 Needs Rear Seals,https://www.craigslist.org/view/d/san-francisco-1970-rover-3500s-v8-needs/ee9zkQXoRFs9u2tBS2TMu8,5000,75000.0,russianhill
2019 Bmw X5 Xdrive40I 6-Cyl Awd Clean Title Backup Cam Sport Pkg X6,https://www.craigslist.org/view/d/hayward-2019-bmw-x5-xdrive40i-cyl-awd/ueUAmfwJzXs7T2o8EDNnGb,22800,86000.0,Hayward
2019 Maserati Levante Awd Clean Title Low Miles Navi/Backup Camera,https://www.craigslist.org/view/d/hayward-2019-maserati-levante-awd-clean/e8TrjeqL8HX1NMA4s3u4VZ,21900,64000.0,Hayward
2015 Bmw 328Xi Low Miles Backup Camera Black/Black 328I,https://www.craigslist.org/view/d/hayward-2015-bmw-328xi-low-miles-backup/cLDPJM7hLKufJ3TaGjrHNU,9800,81000.0,Hayward
2017 Honda Ridgeline Rt Clean Title Awd Automatic Tacoma Tundra,https://www.craigslist.org/view/d/hayward-2017-honda-ridgeline-rt-clean/fmVY28kF88LRkQ9S9q1WeT,11800,145000.0,Hayward
2004 Pontiac Grand Am Se -1 Owner - Only 114K Miles - Well Maintained!,https://www.craigslist.org/view/d/pleasanton-2004-pontiac-grand-am-se/uBnFtvMXQhMGtvqKi1SxuH,2900,115000.0,dublin/pleasanton/livermore
Awesome Gmc G-30 Falcon Van - Class B Rv For Sale Or Trade!!,https://www.craigslist.org/view/d/fairfield-awesome-gmc-30-falcon-van/xv5NiRGFtk23sbQuusAQkB,13,66000.0,eastbayarea
2017 Toyota Prius Hybrid,https://www.craigslist.org/view/d/el-verano-2017-toyota-prius-hybrid/oyYQwGwrHFy3vYWAzcMD4R,12500,147000.0,sonoma
2020 Bmw X5 Xdrive40I Sport Awd 90K Mi • $6K+ Recent Upgrades,https://www.craigslist.org/view/d/los-gatos-2020-bmw-x5-xdrive40i-sport/dudheZC2zBm45amU7TpqNS,29999,90000.0,losgatos
2017 Mitsubishi Outlander Sport- Limited Edition-Silver Color,https://www.craigslist.org/view/d/san-ramon-2017-mitsubishi-outlander/cPeFDfUtr5Hu92WJbpdvfM,9850,116000.0,danville/sanramon
2009 Jeep Wrangler,https://www.craigslist.org/view/d/rohnert-park-2009-jeep-wrangler/8yCwSXEycUsfW1Tf4oBFQa,13600,116000.0,RohnertPark
2016 Lexus Is 300 Silver 57K Miles,https://www.craigslist.org/view/d/san-jose-2016-lexus-is-300-silver-57k/5Hk1c7tLoj44U2gC2Avv5s,21000,58000.0,sanjoseeast
"1997 Jeep Cherokee Xj Up-Country – 130K Miles – Rare, Stock, Original",https://www.craigslist.org/view/d/san-ramon-1997-jeep-cherokee-xj-up/jZvRXy2m2Baws2vA4uW5BP,15000,130000.0,eastbayarea
2010 Land Rover Lr2 $ 3500.00,https://www.craigslist.org/view/d/petaluma-2010-land-rover-lr/5jpkHQarobQf8nh6eSXEUZ,3500,190000.0,santarosa
•Gem• Suburban 1500 5.3L V8 .4Wd. Ltz,https://www.craigslist.org/view/d/san-francisco-gem-suburban-v8-4wd-ltz/m9eSUr5gHf6qBTBiAsLHZa,15800,132000.0,SanFrancisco
2008 Honda Civic Lx,https://www.craigslist.org/view/d/vallejo-2008-honda-civic-lx/5WKhdYfVKeaU7cuE33QYLW,5800,98000.0,vallejo/benicia
2018 Ford F-150 Xlt Supercrew,https://www.craigslist.org/view/d/san-jose-2018-ford-150-xlt-supercrew/c1ZXNWJTguJAVifFAeBt6D,17950,146000.0,SanJose
Trade 1993 Chevy G20 Sport Van 5.7 Liter Trade,https://www.craigslist.org/view/d/santa-cruz-trade-1993-chevy-g20-sport/craLKcVCAGpTvvhQpqd7Z1,25000,189000.0,santacruz
2023 Toyota Corolla Cross Awd,https://www.craigslist.org/view/d/san-francisco-2023-toyota-corolla-cross/7bnQZtD9nWvwAHzAvnKa6t,23900,3000.0,SanFrancisco
Mazda Cx-3,https://www.craigslist.org/view/d/san-bruno-mazda-cx/nxUL4LARbizPJE5W3ez8hz,9200,172000.0,sanbruno
2002 Saturn,https://www.craigslist.org/view/d/santa-rosa-2002-saturn/q1WCN3cAPhm8poTmsnGj94,3000,67000.0,santarosa
2008 Scion Tc~Runs Good Automatic ~ 4 Cyl Gas Saver! Smogged!,https://www.craigslist.org/view/d/hayward-2008-scion-tcruns-good/chxaz6739tv7ivMd7SqNCn,3000,164000.0,hayward/castrovalley
2001Chevrolet Pick Up Access Cab Great Condition Runs Great Smog 5.3L,https://www.craigslist.org/view/d/santa-rosa-2001chevrolet-pick-up-access/7BLJaPFSVD6mEYwYdG5GUc,3500,310000.0,santarosa
1970 Corvette Drag Race Car,https://www.craigslist.org/view/d/cloverdale-1970-corvette-drag-race-car/qCqeLrtLR6VQsNKPVi55jD,45000,40000.0,Cloverdale
2009 Toyota Prius,https://www.craigslist.org/view/d/newark-2009-toyota-prius/jiVmkzs4y2oADo9XGGmBUi,4250,205000.0,fremont/unioncity/newark
"2021 Bmw 228I Xdrive, Clean Title, Low Highway Miles",https://www.craigslist.org/view/d/canyon-2021-bmw-228i-xdrive-clean-title/mX46ycRzgYfqAFb3WdQQSs,21250,67000.0,oaklandhills/mills
2001 Toyota Avalon Low Miles! 152K!!,https://www.craigslist.org/view/d/hayward-2001-toyota-avalon-low-miles/dpauaDZBDCcv6a6ywo8vnR,2300,152000.0,Hayward
"Shell Gas Station Sign, Vintage Livery",https://www.craigslist.org/view/d/san-francisco-shell-gas-station-sign/68CvfzZhVP2kBTNRpx6Zwr,1200,51.0,SanFrancisco
2018 Dodge Ram 5500 Cab & Chassis Diesel 2Wd,https://www.craigslist.org/view/d/vacaville-2018-dodge-ram-5500-cab/uBjPQCHLA7VffUy2si7r87,35000,95000.0,fairfield/vacaville
2012 Gmc Acadia,https://www.craigslist.org/view/d/santa-rosa-2012-gmc-acadia/kuKUhPG3i5roVtJ321jEWs,3400,138000.0,santarosa
2016 Jeep Grand Cherokee Limited 4Wd,https://www.craigslist.org/view/d/burlingame-2016-jeep-grand-cherokee/98HiGkdF2T7HX8T4wuFEnJ,11850,117000.0,burlingame
2012 Chevy Cruz,https://www.craigslist.org/view/d/oakland-2012-chevy-cruz/x8fjvyyJYuq3vUkjeptFMT,1200,140000.0,oaklandeast
2014 Ford Focus Se,https://www.craigslist.org/view/d/san-jose-2014-ford-focus-se/sDh2ViER9P8YW5TU1pAc4c,4850,147000.0,SanJose
2017 Chevy Colorado Extended Cab Lt,https://www.craigslist.org/view/d/pleasanton-2017-chevy-colorado-extended/bwzazUunfAWsNAiTTso2Lq,11000,92000.0,eastbayarea
1957 Chevy Bel Air 4 Door Hard Top  *$4500 Or Best Offer*,https://www.craigslist.org/view/d/vallejo-1957-chevy-bel-air-door-hard/tZ29vyxHE1UF6Bd893ZiKo,4500,100000.0,vallejo/benicia
Mercedes C250 2012,https://www.craigslist.org/view/d/camp-meeker-mercedes/qKrjBBfnKVe8kz6xd5vpSm,5000,175000.0,Sebastopol
2007 Subaru Impreza Awd !!,https://www.craigslist.org/view/d/berkeley-2007-subaru-impreza-awd/opxbogztTk8vFH4mEUa7vF,4400,145000.0,berkeley
2000 Honda Civic,https://www.craigslist.org/view/d/menlo-park-2000-honda-civic/hRfcQC5S5evPnkV3xfa4ER,5500,118000.0,MenloPark
2012 Volkswagen Passat Se * 1-Owner * Great Sedan,https://www.craigslist.org/view/d/vallejo-2012-volkswagen-passat-se-owner/qEMytPuwmemdpjJwnNARcK,4750,165000.0,vallejo/benicia
"2002 Pt Cruiser Limited – 16,464 Original Miles – A Time Capsule",https://www.craigslist.org/view/d/pleasanton-2002-pt-cruiser-limited/asWA38YcASNx42kdFTzN5T,9200,16000.0,fremont/unioncity/newark
2012 Mini Countryman,https://www.craigslist.org/view/d/la-honda-2012-mini-countryman/cK5UNKgbHzDBbsvTPD8ok2,4900,100000.0,woodside
2005 Toyota Tundra Sr5 *  Great Truck *,https://www.craigslist.org/view/d/vallejo-2005-toyota-tundra-sr5-great/jkkwfyTuY4Un6davGjeNsJ,4750,340000.0,vallejo/benicia
2011 Acura Mdx Sh-Awd*  * 3Rd Row Seat,https://www.craigslist.org/view/d/vallejo-2011-acura-mdx-sh-awd-3rd-row/fP9c7HeY97jBPUJrGSCgVp,4495,220000.0,vallejo/benicia
2009 Ford Focus Sel * 150K Miles * 5Spd Manual Transmission,https://www.craigslist.org/view/d/vallejo-2009-ford-focus-sel-150k-miles/x6MfG1Si5cxWQoL89rkTWz,3450,150000.0,vallejo/benicia
2013 Kia Optima Gdi Lx 2.4L 4-Cylinder,https://www.craigslist.org/view/d/el-cerrito-2013-kia-optima-gdi-lx-24l/b9HtrQ782rsPGP3fhrcqrj,4500,161000.0,albany/elcerrito
2002 Toyota Sequoia,https://www.craigslist.org/view/d/oakland-2002-toyota-sequoia/g4GfiYMqqX92EiFQ5VxLjt,4500,211000.0,alameda
2008 Honda Odyssey,https://www.craigslist.org/view/d/santa-cruz-2008-honda-odyssey/hgcjpqA2G3E5TwA3fUFVmR,3000,199000.0,santacruz
2003 Honda Cr-V Ex * 4Wd Suv Gas Saver *,https://www.craigslist.org/view/d/vallejo-2003-honda-cr-ex-4wd-suv-gas/1ewKS2r5Yqokq3Rx3CddNt,4750,197000.0,vallejo/benicia
Businessman Coupe,https://www.craigslist.org/view/d/santa-rosa-businessman-coupe/wgPmqm2ezAkMPrNXUdmPkS,32500,40000.0,santarosa
2019 Kia Niro Ev Premium Plus 4Dr,https://www.craigslist.org/view/d/cloverdale-2019-kia-niro-ev-premium/jYDjnT8sA4LAq8bUUZVru3,21000,38000.0,santarosa
"2003 Porsche Boxster, Bring A Trailer, Open To Offers",https://www.craigslist.org/view/d/bolinas-2003-porsche-boxster-bring/fXgrg4Zkx7eoeKcCZqe4AK,8000,62000.0,westmarin
2008 Chevy Tahoe Ls * Police Edition,https://www.craigslist.org/view/d/vallejo-2008-chevy-tahoe-ls-police/utpKwFeKzsFysWDoux19Tk,4750,205000.0,vallejo/benicia
2005 Honda Odyssey Van,https://www.craigslist.org/view/d/san-jose-2005-honda-odyssey-van/uQVJJM2gbEd4dLsSMXm5pH,1500,234000.0,sanjosesouth
2001 Mitsubishi Montero,https://www.craigslist.org/view/d/pittsburg-2001-mitsubishi-montero/f5uueCk5yaFdXchyAUDEeS,1000,250000.0,concord/pleasanthill/martinez
2017 Lincoln Navigator,https://www.craigslist.org/view/d/daly-city-2017-lincoln-navigator/hjEwHeuFhQBYyjKNAZPhkw,15000,120000.0,DalyCity
2004 Pontiac Vibe * Toyota Matrix * Hatchback,https://www.craigslist.org/view/d/vallejo-2004-pontiac-vibe-toyota-matrix/qMKxwSSfCvJ8aUFxsBiRpo,2495,198000.0,vallejo/benicia
2014 Freighliner M2 Air Brakes Cummins,https://www.craigslist.org/view/d/fremont-2014-freighliner-m2-air-brakes/isSn75ZR83Jd9moDSUnzYt,21500,220000.0,Fremont
"2013 Subaru Impreza Limited Awd, Low 78K Miles, Clean Title  & Carfax",https://www.craigslist.org/view/d/pleasanton-2013-subaru-impreza-limited/nqwLHTtF22hRRBdZyGTw5V,11800,78000.0,dublin/pleasanton/livermore
Ford Focus Sel,https://www.craigslist.org/view/d/milpitas-ford-focus-sel/s6LG1yyjTgZAQVefZcbDKB,5500,94000.0,fremont/unioncity/newark
"2013 Toyota Tacoma Prerunner  2 Wd, Double Cab, V6 4L. 90,435 Miles",https://www.craigslist.org/view/d/santa-rosa-2013-toyota-tacoma-prerunner/9VeTYtWSsidVCGFSx2sLYE,19990,90000.0,santarosa
1971 Vw Bus,https://www.craigslist.org/view/d/santa-cruz-1971-vw-bus/3e19GZk3wKt8B8yGPG3qM8,20000,1235000.0,santacruz
2016 Chevrolet Express G3500 Reefer  Van,https://www.craigslist.org/view/d/vallejo-2016-chevrolet-express-g3500/jKw43MUQrGBCW8o636wHZ9,11000,200000.0,eastbayarea
2006  Gmc  Hd Reefer Truck,https://www.craigslist.org/view/d/vallejo-2006-gmc-hd-reefer-truck/teVJ7mYdxwY64KAPVGoPQa,3555,222000.0,northbay/marin
2016 Toyota Tacoma Trd Off-Road 4X4,https://www.craigslist.org/view/d/los-gatos-2016-toyota-tacoma-trd-off/uKQvNhZwehnhQpB28NB4sS,28600,45000.0,losgatos
2007 Volkswagen Rabbit Manual,https://www.craigslist.org/view/d/pleasant-hill-2007-volkswagen-rabbit/bH2sm7LGT1WUsgCLX4Fx6i,3000,177000.0,lowerpachts
Ford Bronco,https://www.craigslist.org/view/d/hayward-ford-bronco/8Y44n5xHR5j4sNGSCqrxXq,27900,33000.0,hayward/castrovalley
2011 Honda Pilot Exl 4Wd * 3Rd Row Seats * Back Up Camera,https://www.craigslist.org/view/d/vallejo-2011-honda-pilot-exl-4wd-3rd/hEgnxUGMoTAazcu5nbczto,4750,215000.0,vallejo/benicia
2009  Toyota Prius,https://www.craigslist.org/view/d/soquel-2009-toyota-prius/23hq2BAQyNRRsPgi5jEx2r,7000,130000.0,soquel
1997 Toyota Land Cruiser (Fzj80)  Collector’S Edition– 375K Miles – Le,https://www.craigslist.org/view/d/san-francisco-1997-toyota-land-cruiser/iomLaURS2LSMDRNEBrSEA4,12500,375000.0,sunset/parkside
2011 - Acura Mdx - Sh Awd - 7 Seater,https://www.craigslist.org/view/d/menlo-park-acura-mdx-sh-awd-seater/48CCKND4ZPMDyangAeG9XM,4000,227000.0,menlopark
1963 Buick Skylark,https://www.craigslist.org/view/d/richmond-1963-buick-skylark/kYPkkdDqwBLRSDaFJ8XTjn,2500,100000.0,richmond/point/annex
2007 Honda Odyssey Ex – Clean Title – 1 Owner,https://www.craigslist.org/view/d/san-jose-2007-honda-odyssey-ex-clean/uCvXve2qiyhU3tXwa6Pmig,4999,173000.0,sanjosedowntown
2009 Ford Taurus V6 Drives Good! Smogged Reg 2027! Automatic! Nice!,https://www.craigslist.org/view/d/hayward-2009-ford-taurus-v6-drives-good/dTixxtGDRRq2i1cf4aSB8P,2500,140000.0,hayward/castrovalley
1981 Chevrolet Corvette Stingray T Tops L81 Update,https://www.craigslist.org/view/d/san-francisco-1981-chevrolet-corvette/9fm9eyfFJVwSnMVJvMGgzs,17500,23000.0,dublin/pleasanton/livermore
2004 Honda Odyssey For Sale. Excellent Condition!,https://www.craigslist.org/view/d/alameda-2004-honda-odyssey-for-sale/o6oEEsNPSqiXNkBp3zAujb,4020,165000.0,alameda
2005 Mercedes Benz Clk 320 Coupe,https://www.craigslist.org/view/d/fairfax-2005-mercedes-benz-clk-320-coupe/4d9oa6QToMhL4RkhKNsC6w,4250,109000.0,fairfax
2006 Mitsubishi Galant,https://www.craigslist.org/view/d/san-jose-2006-mitsubishi-galant/ut8gduE3icYKiiyV16RmAY,2395,170000.0,SanJose
2011 Mercedes E 350 Coupe,https://www.craigslist.org/view/d/brentwood-2011-mercedes-350-coupe/jsVyh2tfahT18ZaWsRNipy,11000,100000.0,brentwood/oakley
Nissan Altima 2015 Milleage 67K,https://www.craigslist.org/view/d/union-city-nissan-altima-2015-milleage/reHHfYoU5pLStDo7XjJrC7,9639,67000.0,fremont/unioncity/newark
2003 Toyota Sequoia Limited 4X4/Awd Low Miles,https://www.craigslist.org/view/d/danville-2003-toyota-sequoia-limited/nYuGRVuBLcXnLY7qRPXBzY,8800,170000.0,danville/sanramon
"2011 Bmw 335I (E90) - N55 Turbo - Clean Title - Runs - Collision Damage - $2,500",https://www.craigslist.org/view/d/san-jose-2011-bmw-335i-e90-n55-turbo/p6h9MMPzWwF5qFpWJVvBTW,2500,133000.0,SanJose
1997 Toyota Tacoma,https://www.craigslist.org/view/d/brentwood-1997-toyota-tacoma/e1UNHvbvcUqsFUK7cz3pNt,3900,312000.0,brentwood/oakley
"2015 Ford F-450 Flatbed – 6.7L Power Stroke Diesel Only 35,000 Miles",https://www.craigslist.org/view/d/fremont-2015-ford-450-flatbed-67l-power/emiuJ16htWBFUQydmwkvfq,26500,35000.0,sunset/parkside
2002 Toyota Tacoma Pre-Runner,https://www.craigslist.org/view/d/brentwood-2002-toyota-tacoma-pre-runner/8xpeqZHwT7rmiJcSLVXn15,5800,260000.0,brentwood/oakley
2011 Subaru Outback 3.6R Premium,https://www.craigslist.org/view/d/san-francisco-2011-subaru-outback-36r/cm88vhnQgPZDZBWdzejgzD,5500,167000.0,cityofsanfrancisco
1956 Cadillac Series 62 Sedan Deville,https://www.craigslist.org/view/d/glen-ellen-1956-cadillac-series-62/xiA54x71iNPyTM8bzssNBQ,4500,61000.0,GlenEllen
2010 Toyota Corolla S,https://www.craigslist.org/view/d/san-bruno-2010-toyota-corolla/aiGWKxWwdyD151dR5pqbqE,8000,189000.0,SanBruno
1996 Toyota Previa Sc 2 Wheel Drive Only 158K Miles,https://www.craigslist.org/view/d/union-city-1996-toyota-previa-sc-wheel/hs62gxWLD43sdrk9hqQweJ,5800,158000.0,UnionCity
1996 Dodge Ram Van B2500,https://www.craigslist.org/view/d/daly-city-1996-dodge-ram-van-b2500/hFp8SKt7N3Rgt4idMmzBTe,2800,274000.0,DalyCity
1999 Pontiac Grand Prix Gt,https://www.craigslist.org/view/d/san-bruno-1999-pontiac-grand-prix-gt/eqwUyWN7ePW4coF9r5YpKC,1500,100000.0,SouthSanFrancisco
2013 Honda Accord V6 Ex-L,https://www.craigslist.org/view/d/san-jose-2013-honda-accord-v6-ex/9o5B6vnS1dDAd3KJycswhk,14000,96000.0,sanjosesouth
Cars Bmw 330I,https://www.craigslist.org/view/d/san-ramon-cars-bmw-330i/q9anHH3zJtiPqKckk85hTw,15000,84000.0,danville/sanramon
2006 Lexus Gs300 Mechanical Special,https://www.craigslist.org/view/d/lodi-2006-lexus-gs300-mechanical-special/um3ueDyHwMSsuDtMjsji69,2500,224000.0,eastbayarea
2017 Ford Explorer Police Interceptor Awd,https://www.craigslist.org/view/d/lodi-2017-ford-explorer-police/qQRT32PU4ju9H9Tsb4FJbZ,5500,130000.0,eastbayarea
"2010 Volkswagen Golf – 1 Owner – Only 37,649 Original Miles",https://www.craigslist.org/view/d/san-jose-2010-volkswagen-golf-owner/5aJU8njuzw6oGmDTRmprmt,6999,38000.0,sanjosedowntown
2008 Ford F-150 Xl – 8 Ft Long Bed – Clean Title,https://www.craigslist.org/view/d/lodi-2008-ford-150-xl-ft-long-bed-clean/47bzNt1mXw83zq6KLhxmV8,3300,268000.0,eastbayarea
"2000 Mercedes E430 4,500",https://www.craigslist.org/view/d/hayward-2000-mercedes/1M9tMZDTaeBF5SJHuEuJg5,3500,200000.0,hayward/castrovalley
1993 Ford F-350 Dump Truck,https://www.craigslist.org/view/d/hayward-1993-ford-350-dump-truck/dA5nneeKEFsgzNyt36KqWa,13500,126000.0,hayward/castrovalley
🚔 2017 Ford Explorer Police Interceptor Awd – Retired Sheriff Vehicle,https://www.craigslist.org/view/d/lodi-ford-explorer-police-interceptor/5g4gBMv7kb7LGSw4srHwEe,5500,130000.0,eastbayarea
Collectors Special  2014 Challenger Shaker,https://www.craigslist.org/view/d/chowchilla-collectors-special-2014/pmHL55BgGb67Qw3WbeXrot,22550,16000.0,morganhill
Ford Focus 2014,https://www.craigslist.org/view/d/santa-rosa-ford-focus-2014/3JdbSxRHXLhnAhg4FYDEhA,6500,124000.0,santarosa
Ada Camper Van,https://www.craigslist.org/view/d/danville-ada-camper-van/pDUHmtsQ56TRwpQpGj7Hjn,45000,129000.0,danville/sanramon
2008 Chevy Exspress Cargo Van,https://www.craigslist.org/view/d/oakland-2008-chevy-exspress-cargo-van/iGsoGzkS3ufmiZ3qGoPXc5,5200,192000.0,eastbayarea
2012 Toyota Highlander Hybrid Limited For Sale,https://www.craigslist.org/view/d/santa-clara-2012-toyota-highlander/qAWezt3sVMSdxfdJdxfFPn,9950,211000.0,SantaClara
"2016 Nissan Sentra Sv — $3,500 Obo",https://www.craigslist.org/view/d/scotts-valley-2016-nissan-sentra-sv-obo/dMc9HVwPEBMf2pqgZtbC2m,3500,130000.0,santacruz
F-250,https://www.craigslist.org/view/d/hayward-250/9iqAfXjPjfFtSUxAFEbWHi,16900,106000.0,hayward/castrovalley
2014 Infiniti Q60 Convertible,https://www.craigslist.org/view/d/hayward-2014-infiniti-q60-convertible/vKVbTUvGhfLw8jvMCYKBvZ,15900,34000.0,hayward/castrovalley
2002 Buick Rendezvous Cxl Awd – 3Rd Row – One Owner,https://www.craigslist.org/view/d/redwood-city-2002-buick-rendezvous-cxl/8xQJxqbedzic2kpLqP711r,2800,180000.0,RedwoodCity
2014 Infiniti Qx60 Clean Title Low Miles,https://www.craigslist.org/view/d/santa-clara-2014-infiniti-qx60-clean/cRU7BajKLjwvgVqqb25Es4,8990,130000.0,santaclara
2008 Subaru Outback Manual Transmission,https://www.craigslist.org/view/d/brookdale-2008-subaru-outback-manual/nvTeSTCUv7bBf3U5XVs4PU,3000,226000.0,bouldercreek
2007      G M C     Yukon V8 5.3    (Trade/Barter )    ************,https://www.craigslist.org/view/d/san-leandro-2007-m-yukon-v8-53-trade/gHh5aC96NCqJMq6BBkB8R3,8999,140.0,SanLeandro
"Toyota Prius (4), Leather Seats (Trade Or Barter Ok)******",https://www.craigslist.org/view/d/san-leandro-toyota-prius-leather-seats/eHXs2qddJdzjznZFswkF3Y,4500,279000.0,SanLeandro
1940 Cadillac Capone Custom,https://www.craigslist.org/view/d/martinez-1940-cadillac-capone-custom/rwsN7sC33gj1GCPjZtR1Go,125000,1526.0,concord/pleasanthill/martinez
2018 Jeep Grand Cherokee Trackhawk,https://www.craigslist.org/view/d/redwood-city-2018-jeep-grand-cherokee/uBCU6dREUjJWccgpDMa7zk,67500,50000.0,RedwoodCity
2006 Toyota Camry,https://www.craigslist.org/view/d/redwood-city-2006-toyota-camry/7KPkttKcjAUQGz9V8uj47W,4800,139000.0,redwoodcity
2021 Chevy G3500 Girardin Microbird Mini Bus,https://www.craigslist.org/view/d/pleasanton-2021-chevy-g3500-girardin/9EfZ1h4WNm3EMMhRecDYoJ,22500,10000.0,dublin/pleasanton/livermore
1995 Chevrolet Monte Carlo Inaugural Brickyard 400 Pace Car,https://www.craigslist.org/view/d/clearlake-park-1995-chevrolet-monte/ikMpoToTEfXeufdPEpfBpP,16000,935.0,lakecounty
"Obo Mechanica Special, Transmission Fail, 14’ Ford Focus Se",https://www.craigslist.org/view/d/san-francisco-obo-mechanica-special/k23gpAoaG6Fas7yxpDSMHe,2000,118000.0,excelsior/outermission
2009 Audi A5 Quattro Coupe Awd * Excellent Condition * 140K Miles *,https://www.craigslist.org/view/d/vallejo-2009-audi-a5-quattro-coupe-awd/8VNPjaBRvWTVpCTjq6yzdk,5450,140000.0,vallejo/benicia
2014 Acura Mdx Sh-Awd W/Tech * Leather * Sunroof * Excellent Suv,https://www.craigslist.org/view/d/vallejo-2014-acura-mdx-sh-awd-tech/gcsNUja4Pz1HRcaUC1PW6p,6450,195000.0,vallejo/benicia
2004 Subaru Forester Xs Awd Wagon * Leather Sunroof * Good Wagon,https://www.craigslist.org/view/d/vallejo-2004-subaru-forester-xs-awd/68vRk7VjqJdB89t1UxB33Z,2950,190000.0,vallejo/benicia
2004 Lexus Gx470 - 185K Miles. Custom Build,https://www.craigslist.org/view/d/atherton-2004-lexus-gx-miles-custom/dm42WqJyrQE2RzGJ72SgVY,16500,185000.0,atherton
2008 Honda Pilot 4Wd Third Roll Seat,https://www.craigslist.org/view/d/dublin-2008-honda-pilot-4wd-third-roll/rj6mP5cg4f5winnVwpypVL,3800,178000.0,dublin/pleasanton/livermore
2003 Chevy Trailblazer Ext * Only 136K Miles * 3Rd Row Seat,https://www.craigslist.org/view/d/vallejo-2003-chevy-trailblazer-ext-only/ugjJiTJKoUtVJ4cTgZBio8,4950,136000.0,vallejo/benicia
2003 Honda Odyssey Ex-L * 3Rd Row Seat * Dvd Player,https://www.craigslist.org/view/d/vallejo-2003-honda-odyssey-ex-3rd-row/5GKNmNyCG4nZEKLkUH4jGb,2950,190000.0,vallejo/benicia
2026 Nissan Rogue Rock Creek,https://www.craigslist.org/view/d/hayward-2026-nissan-rogue-rock-creek/11YcdqFX5u6sAaazgNdo9K,32000,11000.0,dublin/pleasanton/livermore
Bmw E21 320I,https://www.craigslist.org/view/d/oakland-bmw-e21-320i/nnJWuWBZwJrFgFcWxumG25,2000,400000.0,Oakland
2007 - 2010 Shelby Gt500 Engine,https://www.craigslist.org/view/d/south-san-francisco-shelby-gt500-engine/ePKrLY8SBHj73CWoQhq8ju,6500,26000.0,southsanfrancisco
Chevy Silverado  Trail Boss  Low Miles.,https://www.craigslist.org/view/d/hayward-chevy-silverado-trail-boss-low/8aVP36BWdp7oXm1aePPQNx,45000,21000.0,dublin/pleasanton/livermore
2008 Volvo Xc70 Wagon Awd * Only 160K Miles *,https://www.craigslist.org/view/d/vallejo-2008-volvo-xc70-wagon-awd-only/9nZwDXBCjGQ81wURNhLznX,3250,160000.0,vallejo/benicia
2004 Gmc Sierra Sle 4Wd Z71 Great Shape,https://www.craigslist.org/view/d/san-francisco-2004-gmc-sierra-sle-4wd/6DHJBqkecfo2yxuWd7eYAg,13500,145000.0,lowerpachts
2010 Audi A4 2.0T,https://www.craigslist.org/view/d/sausalito-2010-audi-a4-20t/hSQjM6tABCParM2seoDzWa,7500,133000.0,Sausalito
2004 White Chevy Tahoe Lt,https://www.craigslist.org/view/d/redwood-city-2004-white-chevy-tahoe-lt/mbPiwkfabPM5TRx6di22ix,3000,213000.0,redwoodcity
2006 Lincoln Continental Limousine 2200,https://www.craigslist.org/view/d/san-jose-2006-lincoln-continental/edut7jfSPt9AUxk4ycUMiF,2200,100000.0,milpitas
1986 Jeep Cj 7,https://www.craigslist.org/view/d/healdsburg-1986-jeep-cj/ctAaGwT77ZhQzTEyPouEMn,20000,87000.0,healdsburg/windsor
2002 Jaguar X-Type 2.5,https://www.craigslist.org/view/d/martinez-2002-jaguar-type-25/ppmPynrh5X36ogREkhN6sC,3000,104000.0,Martinez
2015 Ram Promaster 2500 Fully Converted Campervan,https://www.craigslist.org/view/d/berkeley-2015-ram-promaster-2500-fully/4AUHBJ46FgrqZDnSVaJm3Y,42000,94000.0,berkeley
93 Acura Legend L Coupe 6-Speed,https://www.craigslist.org/view/d/oakland-93-acura-legend-coupe-speed/tk9ZCQdAshNBiA9rWc2uxd,5500,203000.0,oaklanddowntown
2016 Mercedes-Benz Metris Camper Van – Convertible Bed – Ecoflow Power,https://www.craigslist.org/view/d/milpitas-2016-mercedes-benz-metris/8BsNhw6hXrbkk689A3X7Di,24900,115000.0,sanjosenorth
2008 Ford Edge Sel * Only 155K Miles * Nice Suv,https://www.craigslist.org/view/d/vallejo-2008-ford-edge-sel-only-155k/dnHawsXCEPdkPX7L7P5gYb,3450,155000.0,vallejo/benicia
2007 Lexus Ls460 Luxury Sedan,https://www.craigslist.org/view/d/vallejo-2007-lexus-ls460-luxury-sedan/trrMs4rFRHJ3hKMWroqFhM,3750,270000.0,vallejo/benicia
2008 Chevy Impala,https://www.craigslist.org/view/d/vallejo-2008-chevy-impala/rwQ24NUvnhhJ6FLwSrkMmR,3200,147000.0,northbay/marin
2008 Subaru Outback 2.5 * Great Wagon,https://www.craigslist.org/view/d/vallejo-2008-subaru-outback-25-great/vf6ZojW9B81RrWKomoMkt9,2950,190000.0,vallejo/benicia
2010 Nissan Armada 2Wd,https://www.craigslist.org/view/d/antioch-2010-nissan-armada-2wd/sxMYjVpv7SdR5MuNwwgwpU,2500,225000.0,Antioch
2019 Toyota Corolla Le,https://www.craigslist.org/view/d/oakland-2019-toyota-corolla-le/8kLR2b3QQ6ikuCNob4ydQU,16500,53000.0,oaklandpiedmont/montclair
Dodge Durango Mechanic Special,https://www.craigslist.org/view/d/berkeley-dodge-durango-mechanic-special/498RbKFELF5h3RyRvmB7Jn,7800,88000.0,berkeleynorth/hills
"2002 Lexus Sc430 - New Shocks, Timing Belt, Tires - Sc 430 - Obo",https://www.craigslist.org/view/d/santa-clara-2002-lexus-sc430-new-shocks/jWsxgcqgq6BPiRq9LLF8w9,14900,127000.0,santaclara
"2008 Dodge Grand Caravan 167,030 Miles",https://www.craigslist.org/view/d/los-gatos-2008-dodge-grand-caravan-miles/tCxHqGr2F6ABrYfVmuwe3B,4900,167000.0,losgatos
"1999 Vortec 454, 1 Ton, 4X4, Silverado 3500",https://www.craigslist.org/view/d/boulder-creek-1999-vortec-ton-4x4/c6rZ7nhjxM9TVYSzjJc6wC,5000,207000.0,bouldercreek
1956 Gmc Bus Conversion,https://www.craigslist.org/view/d/sebastopol-1956-gmc-bus-conversion/mwXuT7c62XZytsUVw2ryr5,3000,100.0,northbay/marin
2007 Lexus Is250 Sedan * Nice Car,https://www.craigslist.org/view/d/vallejo-2007-lexus-is250-sedan-nice-car/oqgzkxTrxUT2XzDhLhG4Nc,3950,227000.0,vallejo/benicia
2006 Chrysler 300 Touring * Sedan,https://www.craigslist.org/view/d/vallejo-2006-chrysler-300-touring-sedan/mi9QzPP46Nyzq4JGtJheNH,2250,155000.0,vallejo/benicia
2002 Toyota Sienna Le Automatic 160K Miles Clean Tittle,https://www.craigslist.org/view/d/oakland-2002-toyota-sienna-le-automatic/o4fPrsi3HkSq5gDD5RR5Ue,3500,160000.0,alameda
2012 Ford E350 Cutaway Paratransit Shuttle Bus * 5.4L V8,https://www.craigslist.org/view/d/vallejo-2012-ford-e350-cutaway/q8LNndXfrtpSC4tBd5PAF1,8750,225000.0,vallejo/benicia
2019 Mercedes Benz E 300,https://www.craigslist.org/view/d/los-altos-2019-mercedes-benz-300/fpXgAsPTXWMNkubd7scd5o,23950,52000.0,paloalto
2010 Toyota Camry Le,https://www.craigslist.org/view/d/vallejo-2010-toyota-camry-le/oHUUngcDT6pnuNVCRvgqiJ,4250,228000.0,vallejo/benicia
"2012 Honda Crv Ex – 110,900 Miles – Clean Title – $8,000 Obo",https://www.craigslist.org/view/d/san-leandro-2012-honda-crv-ex-miles/s6RsNYHy6gRbbwvgGNj4md,8000,111000.0,sanleandro
2007 Toyota Camry Xle * Sunroof  * Leather,https://www.craigslist.org/view/d/vallejo-2007-toyota-camry-xle-sunroof/hZUfvuwRjgS8cM92Bq5H5q,4750,209000.0,vallejo/benicia
69 Oldsmobile 442,https://www.craigslist.org/view/d/morgan-hill-69-oldsmobile-442/sZEk5BNEqUWkQLgu5xEWEU,1,123000.0,morganhill
2026 Tesla Model Y Performance Juniper - Original Autopilot,https://www.craigslist.org/view/d/danville-2026-tesla-model-performance/3EgXy3z9bKvkMKeBgcM6t4,54999,1665.0,danville/sanramon
2013 Honda Odyssey,https://www.craigslist.org/view/d/morgan-hill-2013-honda-odyssey/rpDDkL7JdYnwa1rxWUthcq,4300,220000.0,morganhill
2007 Honda Ridgeline Rtx,https://www.craigslist.org/view/d/morgan-hill-2007-honda-ridgeline-rtx/cZ8M7PgA3kyoGkd4RJcBue,8000,220000.0,morganhill
Toyota Celica Gt ‘76,https://www.craigslist.org/view/d/morgan-hill-toyota-celica-gt-76/4tfc9H5WPLd9k7KKmW2txP,1,123000.0,morganhill
Chevy G10 1979,https://www.craigslist.org/view/d/morgan-hill-chevy/36gyxaz9JP54qjCwFhn9cY,10000,42000.0,MorganHill
Landrover Defender Trek,https://www.craigslist.org/view/d/windsor-landrover-defender-trek/r9NoY2DyduiMT9PCpT7WMG,60000,17000.0,healdsburg/windsor
"2010 Mercedes-Benz Sprinter 2500 Cargo High Roof W/144""",https://www.craigslist.org/view/d/oakland-2010-mercedes-benz-sprinter/oxumr6wirZtY8NcrnQRoQE,21900,79000.0,oaklandpiedmont/montclair
2012 Mercedes Benz C250 Sport Package 89K Miles,https://www.craigslist.org/view/d/caspar-2012-mercedes-benz-c250-sport/fFR4ZaFb8FL4mSkDHE7r24,8000,89000.0,mendocinocounty
Toyota 4 Runner,https://www.craigslist.org/view/d/san-leandro-toyota-runner/d5Vn7d4z77459ZxQoAoVHJ,6500,220000.0,sanleandro
"2023 Mercedes Sprinter Van, Awd, Pop Up Tent, Modular Interior",https://www.craigslist.org/view/d/san-francisco-2023-mercedes-sprinter/rgn2Cu9osuGtc91AF8obf1,114500,500.0,SanFranciso
"2023 Mercedes Sprinter Van, Awd, Pop Up Tent, Modular Interior",https://www.craigslist.org/view/d/santa-clara-2023-mercedes-sprinter-van/49rqVqp3J4BZvnTJQQSTuz,109500,500.0,santaclara
2013 F350 Diesel 2 Wheel Drive,https://www.craigslist.org/view/d/santa-rosa-2013-f350-diesel-wheel-drive/tiWwzfYXoP5TZTjZHaT1jt,18000,119000.0,santarosa
2016 Nissan Rogue Rebuild Motor,https://www.craigslist.org/view/d/fairfield-2016-nissan-rogue-rebuild/1iKnJCJgd3y3LKR8KnhpVQ,4500,263000.0,fairfield/vacaville
2017 Chevrolet Silverado 2500Hd,https://www.craigslist.org/view/d/freedom-2017-chevrolet-silverado-2500hd/vcTSm9vpnXwYSkL7wSD4CH,24000,166000.0,watsonville
2016 Nissan Rogue Rebuilt Motor,https://www.craigslist.org/view/d/dublin-2016-nissan-rogue-rebuilt-motor/adKxcrmh3EeHABhqu7Hfts,4500,263000.0,dublin/pleasanton/livermore
2004 Mercedes Benz Ml350 * Awd Suv,https://www.craigslist.org/view/d/vallejo-2004-mercedes-benz-ml350-awd-suv/7aB1UFBYjQLAs4fapsCXtv,2450,178000.0,vallejo/benicia
2013 Nissan Quest Van 3.5L * Only 108K Miles,https://www.craigslist.org/view/d/vallejo-2013-nissan-quest-van-35l-only/cyiru2oDhrLqqfxQYxnd2c,4750,108000.0,vallejo/benicia
1999 Subaru Impreza Outback Wagon * Awd,https://www.craigslist.org/view/d/vallejo-1999-subaru-impreza-outback/hWwrRWzn5LaRMV6TgyobgV,2950,190000.0,vallejo/benicia
2016 Kia Optima Lx Turbo,https://www.craigslist.org/view/d/vallejo-2016-kia-optima-lx-turbo/airBgPgFqUtSLiyobcYkPk,3450,230000.0,vallejo/benicia
2009 Honda Cr-V Ex Awd,https://www.craigslist.org/view/d/pleasanton-2009-honda-cr-ex-awd/uEt4sWF59UTPJSNcvNbsdq,5500,190000.0,dublin/pleasanton/livermore
2002 Honda Odyssey Ex-L * 164K Miles * 7 Passengers,https://www.craigslist.org/view/d/vallejo-2002-honda-odyssey-ex-164k/1i6XsgS5zco7HiLo6SmQ3k,2950,164000.0,vallejo/benicia
2013 Mercedes-Benz C250 Mechanic Special Bad Engine 1Owner Firm$1800,https://www.craigslist.org/view/d/san-leandro-2013-mercedes-benz-c250/wCMemVnAH6qNEfFBQBbVd4,1800,104000.0,sanleandro
2008 Chevy Trailblazer Lt * Mid Size Suv,https://www.craigslist.org/view/d/vallejo-2008-chevy-trailblazer-lt-mid/51G4kC1YrJM1t7XNbfJ3Ef,2950,194000.0,vallejo/benicia
Mechanic Special 2003 Lexus Es300,https://www.craigslist.org/view/d/port-costa-mechanic-special-2003-lexus/7GPJmBMJ51LrhAETxwkgrJ,2999,96000.0,vallejo/benicia
1994 Ford Explorer Xlt,https://www.craigslist.org/view/d/vallejo-1994-ford-explorer-xlt/7C6xB1tkYb1vuUFct1m3Qx,1795,250000.0,vallejo/benicia
2013 Nissan Leaf Sl,https://www.craigslist.org/view/d/windsor-2013-nissan-leaf-sl/64HQnkXk9Fp3CNZwv6HWcs,4000,86000.0,healdsburg/windsor
2003 Gmc Envoy Xl Sle * Only 155K Miles,https://www.craigslist.org/view/d/vallejo-2003-gmc-envoy-xl-sle-only-155k/s6M8XNmCiUDZ2ojJBypo1k,2950,155000.0,vallejo/benicia
2010 Lx570,https://www.craigslist.org/view/d/novato-2010-lx570/x8wZnqDmMMuyhiteFcWd4S,22000,160000.0,novato
2016 Nissan Quest Sv Mini Van * Only 114K Miles * 3Rd Row,https://www.craigslist.org/view/d/vallejo-2016-nissan-quest-sv-mini-van/7LGxSXsC8SDZ2kjTH8Punu,4950,132000.0,vallejo/benicia
1997 Chevy Ck 2500 Work Truck * Tow Hitch,https://www.craigslist.org/view/d/vallejo-1997-chevy-ck-2500-work-truck/e4L8tzArJhfCcZV8Z5A4o5,4495,210000.0,vallejo/benicia
"Classic Ford Performance Parts – Shelby, Fe, Mustang, Cobra, 427",https://www.craigslist.org/view/d/santa-rosa-classic-ford-performance/9dDRhHgEuRhYyU6KFQEpr5,350,1969.0,santarosa
2015 Volvo V60 Awd W 54K Miles,https://www.craigslist.org/view/d/gilroy-2015-volvo-v60-awd-54k-miles/mZutxxQD2bB4GqwXqQPsGV,12900,54000.0,Gilroy
2021 Honda Civic Ex,https://www.craigslist.org/view/d/redwood-city-2021-honda-civic-ex/6BKveTjBM3XTczH82czx7U,18500,49000.0,redwoodcity
1951 Ford Shoebox Deluxe,https://www.craigslist.org/view/d/redwood-city-1951-ford-shoebox-deluxe/jmF4fi9FTP7uxehVo7JNp5,9500,89000.0,redwoodcity
1981 Vw Westfailia. Pop-Up Camper All Original,https://www.craigslist.org/view/d/hayward-1981-vw-westfailia-pop-up/i92bnBAemYvpNok6XSPw9m,15800,100000.0,hayward/castrovalley
2017 Kia Niro- High Miles- Needs Transmission Work- Mechanic Special,https://www.craigslist.org/view/d/el-cerrito-2017-kia-niro-high-miles/3u35cRcd1g9ofMPBXaUHDs,2500,349000.0,albany/elcerrito
1972 C20 Suburban,https://www.craigslist.org/view/d/watsonville-1972-c20-suburban/qkg3CKWHpwatnjMchW9iDF,33000,23000.0,Watsonville
2019 Honda Fit,https://www.craigslist.org/view/d/redwood-city-2019-honda-fit/9FWYXKWXmEVuoXPMPP6wFi,17500,37000.0,redwoodcity
2018 Hyundai Sonata Sport - Private Seller-Pink Slip -Free Carfax-,https://www.craigslist.org/view/d/hayward-2018-hyundai-sonata-sport/76iWzE4Gj15cqFnRkMTrKG,8500,137000.0,BayArea/Hayward/SanJosearea
2015 Tesla Model S 70D With Free Supercharging,https://www.craigslist.org/view/d/gilroy-2015-tesla-model-70d-with-free/usCkA3EWkc91At2y7v3cLT,18500,145000.0,gilroy
2002 Ford Thunderbird 30K Low Miles,https://www.craigslist.org/view/d/morgan-hill-2002-ford-thunderbird-30k/1ZuaiUgnUygV14Lm1AWCmC,19900,31000.0,morganhill
2003 Chevy Astro Awd Camper Van | Custom Build,https://www.craigslist.org/view/d/santa-cruz-2003-chevy-astro-awd-camper/b3udpqQhEsg47HQ7aq8pAt,10500,223000.0,santacruz
2006 Ford E350 Xlt Super Duty Passenger Van In Great Condition,https://www.craigslist.org/view/d/port-costa-2006-ford-e350-xlt-super/7aGGrkGqfWDpLbDRRUrEcJ,7250,206000.0,"Placerville,Ca95619"
"1972 Amc Javelin Sst, California Smog Exempt And Clean Title $5,500",https://www.craigslist.org/view/d/san-francisco-1972-amc-javelin-sst/nvsqisvp4B9JXTzuDYgbYA,5,100000.0,bayview
2020 Chevy Tahoe Lt Ssv 4X4,https://www.craigslist.org/view/d/santa-rosa-2020-chevy-tahoe-lt-ssv-4x4/eiyYxEGPyacs8WcDQFRnc8,19997,103000.0,SantaRosa
2012 Hyundai Elantra Limited~Runs Great~Automatic~4 Cyl~Reg 2027~Nice!,https://www.craigslist.org/view/d/hayward-2012-hyundai-elantra/3seEyCcE9sCNbJJqzvdURs,5000,127000.0,hayward/castrovalley
911 Carrera 4,https://www.craigslist.org/view/d/moraga-911-carrera/oZPCe1MwhnaAdLFrgCkGAH,28888,101000.0,Moraga
2018 Mercedes Gle 550E Like New,https://www.craigslist.org/view/d/pleasant-hill-2018-mercedes-gle-550e/8ECyeM8mf4qo6QWUs7g35U,23888,68000.0,PleasantHill
Clean Ford F-550 Diesel Dump Truck,https://www.craigslist.org/view/d/redwood-city-clean-ford-550-diesel-dump/gCuxZAUNQfPNtRmwvTyF6j,25000,80000.0,atherton
1999 Ford Ranger 4X4 Short Bed -6Ft + Regular Cab,https://www.craigslist.org/view/d/pleasanton-1999-ford-ranger-4x4-short/v1NXgBaqhzjv6KGAVni4ny,6350,211000.0,dublin/pleasanton/livermore
2011 Chevrolet Silverado 2500Hd Ltz Duramax 4X4 Crew Cab Short Bed,https://www.craigslist.org/view/d/aptos-2011-chevrolet-silverado-2500hd/4Aho5k6n7tXKd49rjG1ozb,20000,225000.0,aptos
1999 Corvette,https://www.craigslist.org/view/d/brentwood-1999-corvette/scJ1CwfrtT4R5hfRDF7swB,14,52000.0,Brentwood
"2011 Toyota Camry With (Smog,Brake And Lamp) Certificates",https://www.craigslist.org/view/d/union-city-2011-toyota-camry-with/iPcj8q2kJRg2onLhse9PoS,5500,167000.0,fremont/unioncity/newark
2008 Chevy Avalanche Ltz,https://www.craigslist.org/view/d/petaluma-2008-chevy-avalanche-ltz/wWKsGGaDqut1NJrHjHWUnS,1500,273000.0,santarosa
1963 Dodge Dart Gt Convertible Original Ca Car Estate Find Runs/Drives,https://www.craigslist.org/view/d/santa-cruz-1963-dodge-dart-gt/vfAjsEmebSUmWVDW8iWGxA,4950,21000.0,SantaCruz
2010 Ford Ranger Super Cab Xlt 4.0L 4X4 - Low Mileage,https://www.craigslist.org/view/d/sunnyvale-2010-ford-ranger-super-cab/cfGj3GNAMDhEM7MibhtPVK,16200,110000.0,sunnyvale
Mercedes Benz E320,https://www.craigslist.org/view/d/santa-rosa-mercedes-benz-e320/brGmYATbCnbmwqETfUHCFk,3200,132000.0,santarosa
Gorgeous Built Out T1N Sprinter,https://www.craigslist.org/view/d/petaluma-gorgeous-built-out-t1n-sprinter/jZvZeQHavskUQAUumuQUx3,46000,100000.0,Petaluma
Nissan Rogue Sv 2023,https://www.craigslist.org/view/d/san-francisco-nissan-rogue-sv-2023/qBCWhHH6uZz2Cp31YPtAQu,19000,60000.0,SANFRANCISCO
Pontiac Grand Am Se,https://www.craigslist.org/view/d/moss-beach-pontiac-grand-am-se/r1XT4grSsuMv1v5XWN1kBE,2200,110000.0,SanFrancisco
2017 Ford Explorer Platinum,https://www.craigslist.org/view/d/san-ramon-2017-ford-explorer-platinum/wRJBvZ3NRsM2V8HL4kdQwn,6800,182000.0,danville/sanramon
Demolition Exacavation,https://www.craigslist.org/view/d/el-sobrante-demolition-exacavation/2GAMhMhGXCDK9U4BPbmv9T,1,100000.0,berkeley
1994 Mitsubishi L400 4X4 - Lifted Converted Van For Sale!,https://www.craigslist.org/view/d/scotts-valley-1994-mitsubishi-l400-4x4/iUn7obyST7BFDoxvGTrwgT,35000,144000.0,scottsvalley
2021 Toyota Mirai Xle Hydrogen Fuel Electric Sedan,https://www.craigslist.org/view/d/fremont-2021-toyota-mirai-xle-hydrogen/t5WpRGGUoeqHr3dBYfk7Zs,7950,46000.0,southbayarea
2015 Ford C-Max Sel Energi,https://www.craigslist.org/view/d/napa-2015-ford-max-sel-energi/pEzR1eBCiFPd1tBZLHpMcu,7000,97.0,Napa
1979 Datsun 620,https://www.craigslist.org/view/d/hayward-1979-datsun-620/waGmC4ocsZi3XJDGwz5Gm9,24000,70000.0,eastbayarea
07 Tacoma Crew Cab,https://www.craigslist.org/view/d/boulder-creek-07-tacoma-crew-cab/expBz6UDSFQ33oEzuRc1S9,11000,153000.0,bouldercreek
1947 Crosley Station Wagon Model Cc,https://www.craigslist.org/view/d/belchertown-1947-crosley-station-wagon/eRR5dMkWoKAT9p43nSeyq3,8900,100.0,Amherst
"1936 Lagonda, Runs/Drives- Valuable Project",https://www.craigslist.org/view/d/emeryville-1936-lagonda-runs-drives/s4Yp8AV2fkmXN1EPiFWts5,33000,7660.0,berkeley
2016 Jaguar Xjl V8 Turbo Loaded Clean Title Smogged,https://www.craigslist.org/view/d/napa-2016-jaguar-xjl-v8-turbo-loaded/sZEgSsUCrywdZQYLLubUPq,14500,83000.0,Napa
2015 Jeep Patriot,https://www.craigslist.org/view/d/san-francisco-2015-jeep-patriot/1FfLKnohSrNtDyhD38Npzv,2000,184000.0,SOMA
"2021 Chevy Spark Hatchback, 87K, Clean Title, Runs Great!",https://www.craigslist.org/view/d/walnut-creek-2021-chevy-spark-hatchback/qaRA4K3AY21wZVpTJcKrbw,8900,87000.0,walnutcreek
2014 Honda Odyssey - Ready For Title Transfer.,https://www.craigslist.org/view/d/berkeley-2014-honda-odyssey-ready-for/gWbMhUAujVjNSPnU3QW9Gj,10900,147000.0,berkeley
"1998 Chevy K2500 Suburban 4X4 - 7.4L - 226,842 Miles",https://www.craigslist.org/view/d/danville-1998-chevy-k2500-suburban-4x4/sXg7QScaTGiicdhAemeiDs,6000,227000.0,danville/sanramon
2011 Chevrolet Silverado 3500 Hd,https://www.craigslist.org/view/d/santa-rosa-2011-chevrolet-silverado/mc8rm7fd7AmUMQxzDtRov6,8500,181000.0,SantaRosa
"2008 Mini Cooper Low Miles, 5 Speed Manual",https://www.craigslist.org/view/d/south-san-francisco-2008-mini-cooper/tYKsExeoahBHLTkecnq4pU,2000,113.0,SouthSanFrancisco
Dodge Ram Van B1500 ( Runs Good-80K Original Miles,https://www.craigslist.org/view/d/concord-dodge-ram-van-b1500-runs-good/d95naGxhSSNUnpf2pYZqDy,4900,80000.0,Concord
1965 Chevy El Camino,https://www.craigslist.org/view/d/salinas-1965-chevy-el-camino/hopYYWHHmexMGCxuJYwYrv,22000,146000.0,southbayarea
🚀🚀🚀 2019 Chevrolet Blazer Rs 47Kmi 💲 20997,https://www.craigslist.org/view/d/san-francisco-chevrolet-blazer-rs-47kmi/j3QWmZf9yTmzsCHwiD3QBQ,20997,47000.0,SanFrancisco
Wow Elderly Owned Toyota Corolla,https://www.craigslist.org/view/d/vacaville-wow-elderly-owned-toyota/3MzvFueEUAx9igwVyTxs9v,6900,160000.0,fairfield/vacaville
2014 Mercedes C250,https://www.craigslist.org/view/d/concord-2014-mercedes-c250/sEmGMRe19YAKWQX8eXeS6a,10500,55000.0,Concord
Bmw. 2005 325 Ci,https://www.craigslist.org/view/d/novato-bmw-ci/pFGmSMrVNMZ4BGJbBSz2XZ,12500,30000.0,novato
2016 Toyota Corolla Le,https://www.craigslist.org/view/d/san-francisco-2016-toyota-corolla-le/3m8nG8b8wJTJLxiU3MbaXF,9500,122000.0,twinpeaks/diamondhts
2017 Toyota Sienna Le - Clean Title,https://www.craigslist.org/view/d/san-jose-2017-toyota-sienna-le-clean/oY4HVqYr1GsGWzQjd7ssvv,15000,96000.0,SanJose
2014 Subaru Xv Crosstrek,https://www.craigslist.org/view/d/san-francisco-2014-subaru-xv-crosstrek/op3Km7JQdLA3J3fMRdMWVB,7900,151000.0,SanFrancisco
2024 Toyota Corolla Le - 27K - Toyota Records,https://www.craigslist.org/view/d/san-jose-2024-toyota-corolla-le-27k/kxkwGrY9gHikJPqb5AbMXJ,22920,27000.0,sanjosenorth
2018 Chevrolet Camaro 1Ss Convertible,https://www.craigslist.org/view/d/sunnyvale-2018-chevrolet-camaro-1ss/7oQDz43guUyxAsMb6ERyPf,32266,49000.0,SanJose
2002 Lexus Is300 Sports Cross Wagon,https://www.craigslist.org/view/d/oakland-2002-lexus-is300-sports-cross/7VcBWj4gDmvEMcVvXg6T3T,5000,138000.0,Oakland
2016 Accord,https://www.craigslist.org/view/d/rohnert-park-2016-accord/tk9hpL37oL2eoyst5p95wj,13500,122000.0,RohnertPark
2016 Honda Odyssey Se 4D - Move Out Sale,https://www.craigslist.org/view/d/fremont-2016-honda-odyssey-se-4d-move/nSEmijgGu93VbRBhkRzvXE,12350,101000.0,fremont/unioncity/newark
1999 Ford F350 Super Duty 2Wd  Crew Cab 2Wd 7.3 Diesel,https://www.craigslist.org/view/d/walnut-creek-1999-ford-f350-super-duty/kRMLpREu65CoaaHgcWdWbH,10500,279000.0,WalnutCreek
72 V8 Vega,https://www.craigslist.org/view/d/fairfield-72-v8-vega/e1f5P779yQaksdkbQEPchS,15000,10.0,Fairfield
Toyota Camry Se 2019,https://www.craigslist.org/view/d/san-jose-toyota-camry-se-2019/pZTF4vNit2CnecCpN784QY,17700,79000.0,SanJose
2022 Gmc Sierra At4 Carbon Pro 1500 Edition,https://www.craigslist.org/view/d/hollister-2022-gmc-sierra-at4-carbon/3mHJ3BXowbQ5e4MEPvty5V,52000,15000.0,hollister
"2008 Mercedes-Benz Clk 550 Cabriolet, Amg Exhaust, V8",https://www.craigslist.org/view/d/cupertino-2008-mercedes-benz-clk-550/3Lzvt66BbaXfiwUQ5HpL4t,9750,104000.0,losaltos
"2024 Sprinter 2500 Custom Campervan  (144"" Wheelbase)",https://www.craigslist.org/view/d/san-francisco-2024-sprinter-2500-custom/qNkqaRASTz4DV5bmgwFEJa,118000,16000.0,portoladistrict
2007  Toyota Rav4 Limited Just Passed Smog Clean Title,https://www.craigslist.org/view/d/concord-2007-toyota-rav4-limited-just/kchE5iB6WrJgftdXxeZ6qs,4300,207000.0,Concord
"1999 Isuzu Rodeo V6 – Excellent Condition – Only 129,500 Miles",https://www.craigslist.org/view/d/pleasanton-1999-isuzu-rodeo-v6/s7o5766ZzR18tNZpK38xUZ,3000,130000.0,dublin/pleasanton/livermore
2003 Jaguar S Type Model 3.0,https://www.craigslist.org/view/d/fremont-2003-jaguar-type-model-30/hjbfwn8SmNw4QrNVM9v3r9,4500,89000.0,fremont/unioncity/newark
Alfa Romeo 4C Coupe - Like New,https://www.craigslist.org/view/d/sunnyvale-alfa-romeo-4c-coupe-like-new/4C7T1FUcsstt1uMoU4yQ1j,55800,17000.0,Sunnyvale
2012 Grand Cherokee Everland Model,https://www.craigslist.org/view/d/fremont-2012-grand-cherokee-everland/xzp6xmTGEhEiy7vtZV9wQR,5900,174000.0,fremont/unioncity/newark
2015 Toyota Highlander Le 8 Seats 4 Cylinders,https://www.craigslist.org/view/d/santa-rosa-2015-toyota-highlander-le/9LqPkL5vgoLQ4aSyBGbEUd,14750,170000.0,SantaRosa
2004 Saturn Ion 3 Coupe,https://www.craigslist.org/view/d/san-jose-2004-saturn-ion-coupe/bmKdQwz8sfzZdyCKL9tfCd,990,143000.0,campbell
2012 Mci J4500 Touring Motorcoach (3 Available / Epa 2010),https://www.craigslist.org/view/d/fort-shafter-2012-mci-j4500-touring/h4XXQ3uf9rXHa61HVBebgw,109000,228000.0,Honolulu
1967 Chevrolet Impala,https://www.craigslist.org/view/d/merced-1967-chevrolet-impala/9bjS7P7y71a2PUnzWRh5DS,6000,1200.0,cityofsanfrancisco
2007 Toyota Camry - Low Mileage/103K,https://www.craigslist.org/view/d/hayward-2007-toyota-camry-low-mileage/mKP9jY8pE7qCCWPrp9Udbm,7400,103000.0,hayward/castrovalley
2014 Lexus Rx 350 – Clean Title – No Accidents,https://www.craigslist.org/view/d/menlo-park-2014-lexus-rx-350-clean/xo3ebofD5H6mdGXLWYjUqe,9500,147000.0,MenloPark
2001 Honda Odyssey Lx,https://www.craigslist.org/view/d/santa-rosa-2001-honda-odyssey-lx/mSUiXTvHJr52S6X88TfoiG,3300,135000.0,santarosa
Auto Body Dent Scratch $89,https://www.craigslist.org/view/d/hayward-auto-body-dent-scratch-89/wnw3m914B8rxEVUDyKpN5d,899,120000.0,AllBayarea
2002 Honda Odyssey,https://www.craigslist.org/view/d/fairfield-2002-honda-odyssey/rV9AgX53kC9RXHUFdNwTuJ,3500,247000.0,Fairfield
"2014 Subaru Crosstrek Hybrid Touring Awd, Gas Saver, Loaded, Clean!",https://www.craigslist.org/view/d/hayward-2014-subaru-crosstrek-hybrid/wpEnAdbeDyvhRZtsk5R5xz,9900,104000.0,hayward/castrovalley
"2011 Bmw 335I, Sport And Premium Pkg, Local Car, Regularly Maintained,",https://www.craigslist.org/view/d/dublin-2011-bmw-335i-sport-and-premium/g7D3SvSru8Xt3AtNb32Uxb,6500,166000.0,dublin/pleasanton/livermore
"2011 Audi S4, Prestige Mechanic Special",https://www.craigslist.org/view/d/south-san-francisco-2011-audi-s4/eefvR1G93EvsZYH5eBWnYa,5998,137000.0,SouthSanFrancisco
🔥 2021 Volvo Xc40 Awd Inscription | Top Trim | One Owner | Beautiful Conditio,https://www.craigslist.org/view/d/san-jose-volvo-xc40-awd-in-ion-top-trim/4oX5w2R7w3jfdxsRV11pxS,22000,85000.0,SanJose
"1991 Mercedes 300E, 6 Cyl, Auto, 4 Doors",https://www.craigslist.org/view/d/oakland-1991-mercedes-300e-cyl-auto/nv98E7Z1R9EHApojnV5Ma5,1000,104000.0,oaklandlakemerritt/grand
2001 Ford F250 Long Bed 5.4 Clean Title Low Miles - Trade,https://www.craigslist.org/view/d/vallejo-2001-ford-f250-long-bed-54/r5dA445mkk5pRg2Duv3Mij,6350,107000.0,Vallejo
‘05 Toyota Prius,https://www.craigslist.org/view/d/richmond-05-toyota-prius/v6CzG4UDn5BvUmyuHQ9hVz,1800,300000.0,Richmond
"2016 Audi A4 Awd, Premium & Sport Packages, Xlnt Condition",https://www.craigslist.org/view/d/napa-2016-audi-a4-awd-premium-sport/rmQCDmKmVFYRtAC6MUb417,12500,94000.0,napacounty
2018 F150 4Wd Very Low Miles And Lots Of Upgrade (By Owner),https://www.craigslist.org/view/d/pleasanton-2018-f150-4wd-very-low-miles/izimRQUF8dkTdexXWwTQJf,23450,78000.0,dublin/pleasanton/livermore
2019 Mercedes S63 Amg,https://www.craigslist.org/view/d/san-francisco-2019-mercedes-s63-amg/67uvWWZsP2t6CfoCgUwZpk,88000,36000.0,cityofsanfrancisco
"1973 Vw Super Beetle Original Blue Plate, Beautiful Patina, Runs Great",https://www.craigslist.org/view/d/san-francisco-1973-vw-super-beetle/exYSqzu2Ae8cQuvNCcJMmZ,14500,80000.0,richmond/seacliff
**Reliable 5 Speed Manual. 2013 Fiat 500 Black Color Car For Sale**,https://www.craigslist.org/view/d/san-francisco-reliable-speed-manual/qRJAtNMHV1Viqe8BsqeaXL,2799,129000.0,SanFrancisco
2011 Lexus Is 250 C - Low Miles And Great Condition!,https://www.craigslist.org/view/d/sausalito-2011-lexus-is-250-low-miles/bZYTUbSTcfVz3RSh73Qmwz,16000,74000.0,sausalito
1999 4X4 Manual Nissan Frontier King Cab · Xe Pickup 2D 6 Ft,https://www.craigslist.org/view/d/pleasant-hill-x4-manual-nissan-frontier/btzpWhBm98hxkZab3HCXrU,6000,224000.0,concord/pleasanthill/martinez
"2017 Subaru Impreza Sedan, 82.5K Miles",https://www.craigslist.org/view/d/sunnyvale-2017-subaru-impreza-sedan/3MKCVgB3wkEG5HQbZT5kxz,9500,83000.0,sunnyvale
1940 Ford Sedan V-8,https://www.craigslist.org/view/d/watsonville-1940-ford-sedan-8/b47KvRbxeb6qCRwj9bFGUD,31000,14000.0,watsonville
2008 Lexus Es350 Es 350 Best Offer,https://www.craigslist.org/view/d/tracy-2008-lexus-es350-es-350-best-offer/viddRVeK2gGkmxpxffXQhN,5950,166000.0,"Tracy,CA"
2014 Rav4 Ev,https://www.craigslist.org/view/d/clayton-2014-rav4-ev/jiN97iddjswueSLCyZYhYr,4000,96000.0,concord/pleasanthill/martinez
Toyota Prius $2500 Obo Mechanic Special,https://www.craigslist.org/view/d/vallejo-toyota-prius-2500-obo-mechanic/tSJ5NDEteN9jSjmDZar2SN,2500,142000.0,vallejo/benicia
1979 Volkswagen Beetle Convertible,https://www.craigslist.org/view/d/vallejo-1979-volkswagen-beetle/61eCJ2ZHH2Q8aGQVxW1zKe,8500,70000.0,vallejo/benicia
2016 - Honda Civic Lx,https://www.craigslist.org/view/d/hayward-honda-civic-lx/na4H33H8zmDB9cLGZSAezs,16500,58000.0,hayward/castrovalley
1974 K10 4X4,https://www.craigslist.org/view/d/petaluma-1974-k10-4x4/5YFZgfjgozo1tghFsycxWk,30000,50000.0,petaluma
One Owner Lexus Is 300 “Excellent Condtion”,https://www.craigslist.org/view/d/novato-one-owner-lexus-is-300-excellent/snZzdjQq4khwJPSG5M6Qjo,6995,224000.0,Novato
Subaru Legacy,https://www.craigslist.org/view/d/hayward-subaru-legacy/ojfbZBQFLeEWf2Sr1dGiLa,9700,155000.0,hayward/castrovalley
2009 Vw Passat Komfort Wagon,https://www.craigslist.org/view/d/novato-2009-vw-passat-komfort-wagon/9ii8hxunWZWyNYSd6cuPRT,3800,171000.0,novato
2016 Hyundai Accent Gas Saver - Priced To Sale!! Offers Considered!!,https://www.craigslist.org/view/d/tracy-2016-hyundai-accent-gas-saver/aeYEVT4xeBJimLUxc5zxv2,5800,127000.0,"Tracy,CA"
2022 Vw Taos Se,https://www.craigslist.org/view/d/petaluma-2022-vw-taos-se/mbF9MWyLMHHQhHNuCDsxg6,19500,47000.0,petaluma
2019 Ford Transit Low Roof,https://www.craigslist.org/view/d/dublin-2019-ford-transit-low-roof/xzPo5mbmFWvXVuMMujUAtv,14900,147000.0,Dublin
1987 Toyota Rock Crawler,https://www.craigslist.org/view/d/redwood-estates-1987-toyota-rock-crawler/w6ARc21uvzrGSGrmq2i3TE,6000,150000.0,losgatos
Bucket Lift Truck - Reduced $$$,https://www.craigslist.org/view/d/suisun-city-bucket-lift-truck-reduced/15odwyFhx4KZRWQ8nYhFmU,16900,177000.0,fairfield/vacaville
2007 Honda Civic Hybrid,https://www.craigslist.org/view/d/san-jose-2007-honda-civic-hybrid/9zgAijBUKUNqhFLUTJemUk,4300,130000.0,sanjosedowntown
2014 Toyota Camry Se,https://www.craigslist.org/view/d/brentwood-2014-toyota-camry-se/t6DrWPADporf1r9o1rvGKm,8799,166000.0,Brentwood
2007 Toyota Tundra Double Cab 4X4,https://www.craigslist.org/view/d/san-jose-2007-toyota-tundra-double-cab/nva8kBiSGdAPV3jqYUpDy2,9800,144000.0,SanJose
1990 Mazda Miata,https://www.craigslist.org/view/d/aptos-1990-mazda-miata/f3qW6717XbuFZR1iGXcnJs,4200,280000.0,santacruz
1984 Cadillac Eldorado Biarritz Convertible,https://www.craigslist.org/view/d/martinez-1984-cadillac-eldorado/gvV3seh2n8J9kcVTDc4GJB,27000,42000.0,concord/pleasanthill/martinez
2014 Ford Cmax Hybrid Se,https://www.craigslist.org/view/d/santa-rosa-2014-ford-cmax-hybrid-se/fLRoyiFQLp1zRyjhW3FLFq,7500,129000.0,santarosa
2015 Ford Focus~Runs & Drives Good~Gas Saver~Registered~Smog~Automatic,https://www.craigslist.org/view/d/hayward-2015-ford-focusruns-drives/53BnGY1F5TxQkbtgyzN564,4500,140000.0,hayward/castrovalley
2006. Mazda 3.,https://www.craigslist.org/view/d/san-jose-2006-mazda/nRLRggjBrRMT5XLSxPG9F1,1,110000.0,sanjosewest
2019 Ford Fusion Se Awd,https://www.craigslist.org/view/d/sunnyvale-2019-ford-fusion-se-awd/u6c582tZL4d1S3evtzJBSU,7600,144000.0,Sunnyvale
2016 Chevrolet Impala Ltz,https://www.craigslist.org/view/d/santa-clara-2016-chevrolet-impala-ltz/mWopie3ScmZDtiyD4hyhrV,6900,146000.0,SantaClara
2019 Kia Optima Lx,https://www.craigslist.org/view/d/sunnyvale-2019-kia-optima-lx/d75dWUYAEniNg4LGWXDfi1,7900,155000.0,Sunnyvale
2011 Subaru Wrx Sti,https://www.craigslist.org/view/d/windsor-2011-subaru-wrx-sti/a4yyhVqbhp9Sn1xDAKTodK,16950,105000.0,healdsburg/windsor
98 Chevy S10 Ls Pickup Truck With 66K Miles,https://www.craigslist.org/view/d/tracy-98-chevy-s10-ls-pickup-truck-with/vuXZW1jiJRZqgPE9psQLEg,4950,66000.0,Tracy
Mercedes-Benz Clk-350,https://www.craigslist.org/view/d/santa-clara-mercedes-benz-clk-350/sdge8HmtUWAwKnkEdmYwSS,6900,61000.0,santaclara
2005 Honda Accord Ex 107K Miles Clean Title,https://www.craigslist.org/view/d/pinole-2005-honda-accord-ex-107k-miles/8S55MzLMEdHK1MyrBY7Vdu,7500,108000.0,"hercules,pinole,sanpablo,elsob"
1972 V.W.Van,https://www.craigslist.org/view/d/novato-1972-vwvan/gJZoYQ22PkGgNNa5KQMMCe,9500,28000.0,novato
1980 Toyota Pickup,https://www.craigslist.org/view/d/cloverdale-1980-toyota-pickup/rgVoBtxqLuMUHC5HUzNCsf,12500,92000.0,healdsburg/windsor
2014 Subaru Outback 2.5I Premium,https://www.craigslist.org/view/d/santa-rosa-2014-subaru-outback-25i/i7uTCjYFNZd1Jm1JMU8JXo,10725,95000.0,santarosa
Gmc,https://www.craigslist.org/view/d/san-pablo-gmc/bMqdaUbjHSryfevUZGvaQb,5600,157000.0,Richmond
2009 Toyota Prius,https://www.craigslist.org/view/d/novato-2009-toyota-prius/uG7Qk4V3SHAueWG3J9CyeN,1200,189000.0,novato
1995 Vw Eurovan Camper Manual,https://www.craigslist.org/view/d/orinda-1995-vw-eurovan-camper-manual/8V13KLBcVztUdqma8d7ZMU,17500,174000.0,lafayette/orinda/moraga
02 Lincoln Ls 147K,https://www.craigslist.org/view/d/santa-clara-02-lincoln-ls-147k/uzLyc9VCLMbk1gWTzbKtoG,3000,147000.0,sanjosedowntown
19 Mini Cooper S,https://www.craigslist.org/view/d/fremont-19-mini-cooper/j5aEmffLXc3qX6Hxa29DxH,11500,30000.0,Fremont
92 Forf Bronco,https://www.craigslist.org/view/d/rio-vista-92-forf-bronco/pqUNmhJZdzDGYmeeubUbEx,10000,226000.0,brentwood/oakley
2006 Honda Odyssey – Low Miles – 1 Owner – Clean Title,https://www.craigslist.org/view/d/santa-clara-2006-honda-odyssey-low/xkim2Px5JsmeHna2jDviuh,7200,90000.0,SantaClara
"2002 Toyota Tundra Acces Cab, Low Mile",https://www.craigslist.org/view/d/santa-clara-2002-toyota-tundra-acces/hoZeHSwkXn8sooCUxRcJVF,14400,80000.0,SantaClara
"2001 Toyota Tacoma, Low Mile",https://www.craigslist.org/view/d/santa-clara-2001-toyota-tacoma-low-mile/mMGvFuU5tDz2YhDWM86YCY,8900,121000.0,SantaClara
2007 Toyota Prius Hybrid,https://www.craigslist.org/view/d/san-jose-2007-toyota-prius-hybrid/qVXuAYttx7xAUnCoPXvXZH,5200,106000.0,willowglen/cambrian
"2018 Toyota Corolla Hatchback, Clean Title",https://www.craigslist.org/view/d/santa-clara-2018-toyota-corolla/vWhPGTUm8R4EpSUXrBrKwz,9400,165000.0,SantaClara
"2020 Subaru Outback | Grey Ext, Black Int",https://www.craigslist.org/view/d/san-francisco-2020-subaru-outback-grey/814H6NiUmCh8RhC7Yf35Vq,21000,54000.0,cityofsanfrancisco
1998 Rover Mini Cooper 1.3Mpi Sportspack,https://www.craigslist.org/view/d/walnut-creek-1998-rover-mini-cooper/15MHt6WCzPUvHz9g33mu52,32500,29000.0,walnutcreek
2018 Nissan Titan,https://www.craigslist.org/view/d/fremont-2018-nissan-titan/5bHz3JVCpfQ29Uh1N7GTY1,9950,149000.0,Fremont
2007 Honda Accord Ex-L V6 Sedan – Clean & Well Maintained,https://www.craigslist.org/view/d/walnut-creek-2007-honda-accord-ex-v6/v1XvkL2D57xcZ9DyiVRoB5,6450,160000.0,walnutcreek
2012 Buick Lacrosse,https://www.craigslist.org/view/d/antioch-2012-buick-lacrosse/68vmvdeLSfau4deyHhytvd,5900,157000.0,pittsburg/antioch
2015 Honda Civic Ex-L – Clean Title – 124K Miles – New Tires – Load,https://www.craigslist.org/view/d/antioch-2015-honda-civic-ex-clean-title/agHzCPMph3oWSpbX64Vaqx,10500,124000.0,brentwood/oakley
2013 Bmw X1,https://www.craigslist.org/view/d/antioch-2013-bmw-x1/sEQurQJckhLcMBi43jjZ1C,8900,71000.0,pittsburg/antioch
08 Toyota Prius,https://www.craigslist.org/view/d/fremont-08-toyota-prius/dEgmrsgrFfHwr9Zjhr6rS7,6250,148000.0,Fremont
2004 Honda Accord,https://www.craigslist.org/view/d/bolinas-2004-honda-accord/eweGGK8hxBJo8WxzJKS1do,4500,99000.0,westmarin
"2010 Honda Cr-V Ex – Well Maintained, Great Condition",https://www.craigslist.org/view/d/san-jose-2010-honda-cr-ex-well/nCgnvz1XhqjiYtTNwnyv7g,8900,138000.0,campbell
2015 Bmw 328I Xdrive,https://www.craigslist.org/view/d/antioch-2015-bmw-328i-xdrive/9xVubmWEbTnL6gipjnQ4uu,8900,141000.0,pittsburg/antioch
2016 Honda Odyssey,https://www.craigslist.org/view/d/antioch-2016-honda-odyssey/6zTh1dQECLZnpCQ2TpGngq,6900,182000.0,pittsburg/antioch
2010 Mercedes S550 4 Matic,https://www.craigslist.org/view/d/antioch-2010-mercedes-s550-matic/mMLXtpoGQWvWChoPrds72r,6900,160000.0,pittsburg/antioch
1973 Ford F250 Stepside,https://www.craigslist.org/view/d/felton-1973-ford-f250-stepside/rqTh1Bz6M7KSwvAsYCNqfr,4000,179000.0,bouldercreek
2003 Toyota Camry Xle,https://www.craigslist.org/view/d/antioch-2003-toyota-camry-xle/3bKJLV2L7GcXdDCTHgWF1f,4200,191000.0,pittsburg/antioch
2015 Ford Fusion Hybrid,https://www.craigslist.org/view/d/antioch-2015-ford-fusion-hybrid/ceedSzRLcMJbnJ5WHPELTL,6900,155000.0,pittsburg/antioch
2013 Chevrolet Cruze 2Lt,https://www.craigslist.org/view/d/antioch-2013-chevrolet-cruze-2lt/4KmawUszdkmdkaeX1ABiy7,6200,101000.0,pittsburg/antioch
2017 Hyundai Santa Fe Sport,https://www.craigslist.org/view/d/antioch-2017-hyundai-santa-fe-sport/hchrJLopMFQtg2soKTsMsP,8900,116000.0,pittsburg/antioch
2010 Nissan Pathfinder Se,https://www.craigslist.org/view/d/antioch-2010-nissan-pathfinder-se/pnMtNKDvFExYt61WWy7DTF,4900,182000.0,pittsburg/antioch
2004 Dodge Ram 2500 4X4,https://www.craigslist.org/view/d/watsonville-2004-dodge-ram-x4/kowuJ7xUZSqhZ44Q8EqWp7,7500,187000.0,danville/sanramon
Big Sale!!! 2002 Mercedes-Benz Cl500 — Low Miles •  Luxury V8 Coupe,https://www.craigslist.org/view/d/san-jose-big-sale-2002-mercedes-benz/p9Eq5LL7YhE7YiUfgn4vBQ,3999,83000.0,sanjosedowntown
1992 Eg Honda Civic,https://www.craigslist.org/view/d/san-jose-1992-eg-honda-civic/vefGawermT57pXy7VyZhzn,7000,143000.0,Hollister
2003 Acura Tl 3.2 Type-S – Clean Title / Clean Carfax,https://www.craigslist.org/view/d/san-jose-2003-acura-tl-32-type-clean/jT8zhaNa8FXi6P6fN3KwuG,3599,151000.0,sanjosedowntown
2010 Toyota Prius Hybrid – Clean Title,https://www.craigslist.org/view/d/san-jose-2010-toyota-prius-hybrid-clean/4YsWYpvhyJtMwaVRdKRyaz,3599,93000.0,sanjosedowntown
2011 Toyota Prius Clean Title,https://www.craigslist.org/view/d/union-city-2011-toyota-prius-clean-title/91UxUzjGRbZ7pejwmBRJ5W,4900,196000.0,hayward/castrovalley
2015 Ford Transit Connect Xlt Cargo,https://www.craigslist.org/view/d/pinole-2015-ford-transit-connect-xlt/mewTeMypH1FcfN6P4p3AL6,1,122000.0,eastbayarea
2018 Toyota Prius Prime Hybrid 1 Owner,https://www.craigslist.org/view/d/san-jose-2018-toyota-prius-prime-hybrid/e8YqiuRB1kNLzAMyDfgm6s,17500,40000.0,sanjosewest
1993 Lexus Es300 – Junk / Needs Repair,https://www.craigslist.org/view/d/san-jose-1993-lexus-es300-junk-needs/wGJf6szX1oPjh4Lrgz3M5U,500,170000.0,SanJose
2009 Mercedes Benz Slk350,https://www.craigslist.org/view/d/san-rafael-2009-mercedes-benz-slk350/fcFQBWQDrBceQzF8qH9jtr,9995,68000.0,SanRafael
2011 Honda Accord Se 132000 Mi,https://www.craigslist.org/view/d/santa-rosa-2011-honda-accord-se-mi/8ZAiRLJLo2QVfwKzxYhMEm,5000,132000.0,SantaRosa
"2019 Volkswagen E-Golf Se — 68,608 Miles — Clean Title — Fast Charging",https://www.craigslist.org/view/d/cupertino-2019-volkswagen-golf-se-miles/o41NKh4931CkeAoz3yygGS,11500,69000.0,cupertino
Vendo Honda 2005 Buen Precio!!!,https://www.craigslist.org/view/d/hayward-vendo-honda-2005-buen-precio/bp9oApFo36WbJ484kHaaME,2200,158000.0,Hayward
"2007 Mazda 5 Rolling Shell With No Eng, Trans And Front Catalytic Conv",https://www.craigslist.org/view/d/fairfield-2007-mazda-rolling-shell-with/ch4Tssv9HYH3iAcJnd5Uoy,350,200000.0,fairfield/vacaville
‘79 Mercedes 450Sl    Sold,https://www.craigslist.org/view/d/calistoga-79-mercedes-450sl-sold/2kd6F4w879rmRf9Rz3jiNy,600,222000.0,CALISTOGA
2003 Acura Tl Type S,https://www.craigslist.org/view/d/union-city-2003-acura-tl-type/opB4poPgLvuYsxwyhDVT9j,6400,84000.0,fremont/unioncity/newark
2002 Toyota Corolla Le,https://www.craigslist.org/view/d/santa-rosa-2002-toyota-corolla-le/5jvq94LSQBrZntiCWnC9hY,2850,183000.0,santarosa
"2002 Highlander Awd 155,000 Miles",https://www.craigslist.org/view/d/san-jose-2002-highlander-awd-miles/nFJdGqUvAvtjMvGBfJp6C6,3500,155000.0,sanjosedowntown
2017 Honda Civic Ex,https://www.craigslist.org/view/d/milpitas-2017-honda-civic-ex/eDA2iuTx44vo2Ehybfrwks,17250,69000.0,milpitas
2013 Honda Crosstour Ex,https://www.craigslist.org/view/d/suisun-city-2013-honda-crosstour-ex/kSC262xW8gR2DdR18BxJJb,6000,151000.0,vallejo/benicia
2012 Ford F250 Super Duty Regular Cab,https://www.craigslist.org/view/d/san-jose-2012-ford-f250-super-duty/igiLorghaKra1xd5tByoFc,5000,224000.0,sanjosedowntown
Camero 1978 Rally Sport,https://www.craigslist.org/view/d/watsonville-camero-1978-rally-sport/8A2jRxA1Ro6JjYW2W39JnT,16000,134000.0,danville/sanramon
2006 Mercedes Benz E350,https://www.craigslist.org/view/d/san-jose-2006-mercedes-benz-e350/mh1WgSgoQNN7iZSQx72q6s,6500,82000.0,sanjosesouth
2017 Toyota Avalon Touring,https://www.craigslist.org/view/d/san-jose-2017-toyota-avalon-touring/9ta4G4JTWE8V4vzNfFZ5vN,12900,120000.0,sanjosesouth
2004 Ford F250 Diesel Crew Cab,https://www.craigslist.org/view/d/san-jose-2004-ford-f250-diesel-crew-cab/fhk2RAPwMGLtTwNwgcK2NN,7900,210000.0,sanjosesouth
2008 Honda Element Lx Awd,https://www.craigslist.org/view/d/glen-ellen-2008-honda-element-lx-awd/rodFLmqMaMStGCSo5Ye2z6,7500,227000.0,sonoma
Sale!!1993 Toyota Corolla Le • Classic • Clean Carfax • Good Condition,https://www.craigslist.org/view/d/san-jose-sale1993-toyota-corolla-le/6DhEXSGXbJPQr6E8YRkqfC,3499,180000.0,sanjosedowntown
Sale!!! 2002 Honda Cr-V Ex • 1-Owner Awd • Moonroof • Clean Title,https://www.craigslist.org/view/d/san-jose-sale-2002-honda-cr-ex-owner/w6oaFjnAGCxoiTCLtDnfx9,3499,230000.0,sanjosedowntown
2009 Toyota Camry - Clean Title - 1 Owner,https://www.craigslist.org/view/d/san-jose-2009-toyota-camry-clean-title/uSCBuKEppCaNwp9GBWehoX,5999,159000.0,sanjosedowntown
Sale! 1999 Lexus Ls 400 • V8 Luxury • Moonroof,https://www.craigslist.org/view/d/san-jose-sale-1999-lexus-ls-400-v8/8YujH6iGU7k14Mb7ZbSJyU,2999,221000.0,sanjosedowntown
Honda Pilot Replacement Head Rests And Floor Mats,https://www.craigslist.org/view/d/petaluma-honda-pilot-replacement-head/sEsnhCLphLfJnWn6i1MCBP,60,1000.0,petaluma
Sale! 1998 Toyota Corolla Ce • Only 110K Miles • Clean Carfax,https://www.craigslist.org/view/d/san-jose-sale-1998-toyota-corolla-ce/dnMxzXC9hg2ncZRvkxyjpC,2999,110000.0,sanjosedowntown
2002 Toyota Camry Se - Clean Title - 1 Owner - 2.4L 4 Cylinder,https://www.craigslist.org/view/d/san-jose-2002-toyota-camry-se-clean/84AnN2j6Pe4wuefpnossBD,3299,208000.0,sanjosedowntown
2012 Subaru Outback 2.5I Limited Awd • 4-Cyl • Well Maintained,https://www.craigslist.org/view/d/san-jose-2012-subaru-outback-25i/o5E6qd3nhHGkE7PhkPax22,3999,206000.0,sanjosedowntown
2006 Tacoma Clean Title,https://www.craigslist.org/view/d/san-jose-2006-tacoma-clean-title/q9s18ihmJZz17q2ZWNH5mG,12900,130000.0,sanjosesouth
2009 Honda Accord Lx-P 1-Owner • Clean Carfax • Timing Chain,https://www.craigslist.org/view/d/san-jose-2009-honda-accord-lx-1-owner/fLGNbbbVzfVaVtYTVuwXm7,6599,136000.0,sanjosedowntown
2007 Toyota Sienna - Clean Title - 1 Owner - Clean Carfax,https://www.craigslist.org/view/d/san-jose-2007-toyota-sienna-clean-title/ktThrNxFoDAnyJjw52GkjM,2999,233000.0,sanjosedowntown
2013 Infiniti Jx35 Awd – Clean Title -- Fully Loaded,https://www.craigslist.org/view/d/san-jose-2013-infiniti-jx35-awd-clean/mGXJXx3889RG2JZHxzgwX3,6999,123000.0,sanjosedowntown
1969 Chevrolet C-10 Long Bed Pickup,https://www.craigslist.org/view/d/walnut-creek-1969-chevrolet-10-long-bed/fZYTeeaXF9LTRve2bs4iyf,12000,6000.0,walnutcreek
2022 Polestar 2 Long Range Dual Motor Awd,https://www.craigslist.org/view/d/sausalito-2022-polestar-long-range-dual/awv8BBbSTEWXEsmvfnXdMY,20000,87000.0,sausalito
2011 Bmw Z4 S Drive 35Is Convertible,https://www.craigslist.org/view/d/san-jose-2011-bmw-z4-drive-35is/fhpvqBz1w1DdGU1htbFj3A,17800,53000.0,sanjosenorth
Lexus Sc 430 Sc430,https://www.craigslist.org/view/d/oakland-lexus-sc-430-sc430/mn6iG9GXZo7evT2ak5iGiy,8600,135000.0,oaklandhills/mills
78 Chevy K20 Pick Up 4X4,https://www.craigslist.org/view/d/santa-rosa-78-chevy-k20-pick-up-4x4/myNv3TnbRrrAth4MaapjFr,24500,190000.0,santarosa
2014 Audi A6 Tdi Quattro – Original Owner – Clean Title,https://www.craigslist.org/view/d/boulder-creek-2014-audi-a6-tdi-quattro/vTBkBskDC97UNxCsrk1y7u,6900,227000.0,bouldercreek
2011 Hyundai Sonata,https://www.craigslist.org/view/d/santa-rosa-2011-hyundai-sonata/iEXxVoSPtCcCp1buvueyMi,5500,233000.0,santarosa
2013 Audi S4 Prestige Quattro Awd,https://www.craigslist.org/view/d/berkeley-2013-audi-s4-prestige-quattro/mHoH6VDGP6btAAVjggNxyJ,14500,64000.0,SFBAYAREA
2008 Toyota Prius Clean Title Good Condition,https://www.craigslist.org/view/d/san-jose-2008-toyota-prius-clean-title/vbwpumzMPG8Vx1TJBW4sXZ,4200,220000.0,sanjosedowntown
2006 Toyota Sienna Good Condition Clean Title ..,https://www.craigslist.org/view/d/san-jose-2006-toyota-sienna-good/nC9dCsTvTa5t61iyyjw3XL,4200,190000.0,sanjosedowntown
2012 Lexus Gx 460 Premium Pkg,https://www.craigslist.org/view/d/santa-clara-2012-lexus-gx-460-premium/47y2jE15B72k41n6HQ4yy7,18200,136000.0,southbayarea
2011 Ford Escape Hybrid Deal!!,https://www.craigslist.org/view/d/el-sobrante-2011-ford-escape-hybrid-deal/nzX3eUggmUTnzf2wsdYuPN,3900,149000.0,ElSobrante
2017 Toyota Tacoma Sport Trd 4X4 Brand New Tires And Rims,https://www.craigslist.org/view/d/san-jose-2017-toyota-tacoma-sport-trd/ib6EqSrQmHugi4VNytjA3t,28500,74000.0,sanjosewest
2025 Honda Ridgeline For Sale.,https://www.craigslist.org/view/d/el-sobrante-2025-honda-ridgeline-for/oSxS5WTYBSjtERALkWeNJn,35999,6166.0,"hercules,pinole,sanpablo,elsob"
"2014 Vw Jetta Tdi Wagon ***68,000 Miles***",https://www.craigslist.org/view/d/san-jose-2014-vw-jetta-tdi-wagon-miles/jYyTv63dJGeAgVV52HVTH7,9900,68000.0,sanjosewest
2015 Volvo Xc 60 T-6 Ocean Race,https://www.craigslist.org/view/d/san-carlos-2015-volvo-xc-60-6-ocean-race/6XccdXizF8nmrnp3QES1EP,12750,79000.0,sancarlos
Audie A4 V6,https://www.craigslist.org/view/d/oakland-audie-a4-v6/w5uNKdKVT7dsMqH6i8joYu,700,156000.0,oaklandlakemerritt/grand
2015 Mercedes Benz Sprinter 3500 Passenger Van High Roof,https://www.craigslist.org/view/d/san-jose-2015-mercedes-benz-sprinter/6dVXAc94BD2TMrz2uuM32F,14995,220000.0,willowglen/cambrian
Pontiac Grand Am Se,https://www.craigslist.org/view/d/daly-city-pontiac-grand-am-se/mhvwyqnXLSpKMYcEn5gQYY,2200,110000.0,SanFrancisco
2012 Bmw 528Xi F10 / Clean Title With 100K Miles,https://www.craigslist.org/view/d/hayward-2012-bmw-528xi-f10-clean-title/rofE2DuMqsjnXjuJzvXzb4,7400,102000.0,hayward/castrovalley
Toyota Highlander For Sale,https://www.craigslist.org/view/d/santa-rosa-toyota-highlander-for-sale/kN5TuyhU9b7Sct9U1anjGz,16500,132000.0,SantaRosa
"2011 Honda Accord Se (Special Edition) – 112,168 Miles – Clean Title",https://www.craigslist.org/view/d/alameda-2011-honda-accord-se-special/vepKpQGVtkCvUZCZNu2gBY,7200,112000.0,alameda
1990 379 L10 Cummins Ll8Spd,https://www.craigslist.org/view/d/belmont-l10-cummins-ll8spd/rRehqKQc8pKQSXcQjcp8n6,18500,100000.0,belmont
2014 Toyota Camry Se,https://www.craigslist.org/view/d/san-francisco-2014-toyota-camry-se/tr6z7hjHZGLH9EQxWQRFgX,7500,225000.0,sunset/parkside
2014 Hyundai Elantra Loaded And Clean,https://www.craigslist.org/view/d/gilroy-2014-hyundai-elantra-loaded-and/hN7HC5jos4BaCMhJQVPNDu,5800,154000.0,Gilroy
2013 Buick Verano Premium Turbo,https://www.craigslist.org/view/d/san-jose-2013-buick-verano-premium-turbo/bmcNiX5zDYd6up8636F7Tb,9500,27000.0,SanJose
2017 Toyota Prius Plus Prime,https://www.craigslist.org/view/d/aptos-2017-toyota-prius-plus-prime/iovTMmi19AwT5GTjsdqHWV,20500,67000.0,Aptos
08 Acoird 4 Cyl,https://www.craigslist.org/view/d/aptos-08-acoird-cyl/vQSwxmJsKe3jXp3hyjhJe8,2750,306000.0,aptos
2001 Volkswagen Eurovan Winnebago,https://www.craigslist.org/view/d/santa-rosa-2001-volkswagen-eurovan/uy8XdRMipM5VQm2MvAFcLA,14500,205000.0,santarosa
2010 Camaro 2 Ss W/15K Original Miles!,https://www.craigslist.org/view/d/santa-cruz-2010-camaro-ss-15k-original/95vgx1HrDAsAjVPcGhozkE,20000,15000.0,santacruz
2006 Kia Amanti,https://www.craigslist.org/view/d/el-verano-2006-kia-amanti/dKFHpu88AML1UEKtB9As5N,3650,99000.0,sonoma
2018Honda Clarity Hybrid,https://www.craigslist.org/view/d/healdsburg-2018honda-clarity-hybrid/mXs1Hnty5pdWg88sbabCXe,14000,104000.0,healdsburg/windsor
Infinity Qx60 Awd,https://www.craigslist.org/view/d/scotts-valley-infinity-qx60-awd/5zWUeF8BCgB3H8Q4gEwzYE,8000,100000.0,scottsvalley
2019 Lexus Ux 200,https://www.craigslist.org/view/d/hayward-2019-lexus-ux-200/tnKJDfKDA23EhSHbT3599F,17355,44000.0,hayward/castrovalley
2019 Jaguar Xe,https://www.craigslist.org/view/d/albany-2019-jaguar-xe/6HdKHb9tgsFc16iwZ2Uh82,9999,96000.0,albany/elcerrito
1997 Mack Ms300P,https://www.craigslist.org/view/d/south-san-francisco-1997-mack-ms300p/f7qcBcMZKvUy7eb2vcEzPn,10000,101000.0,southsanfrancisco
1963 Rambler Classic 770 Cross Country Wagon,https://www.craigslist.org/view/d/newark-1963-rambler-classic-770-cross/nwfvTe7z7jJogsSobnW3if,28000,35000.0,fremont/unioncity/newark
2012 Porsche Cayenne Drives Good! V6! Awd Reg 2027! Nice! Leather!,https://www.craigslist.org/view/d/hayward-2012-porsche-cayenne-drives/w9mYJtLoMZBNdUpZ61Do5m,7000,112000.0,hayward/castrovalley
2015 Range Rover Sport,https://www.craigslist.org/view/d/san-francisco-2015-range-rover-sport/nmXxLJw7R1JzSgDVQ7h3HU,13000,96000.0,bayview
2008 Prius,https://www.craigslist.org/view/d/el-granada-2008-prius/pbLKXjV37Z4fsf8HZXE3wU,4000,178000.0,halfmoonbay
2014 Nissan Rogue  Low Miles!,https://www.craigslist.org/view/d/walnut-creek-2014-nissan-rogue-low-miles/3wKWgyYTQKbEVkBd8JCK24,6500,56000.0,concord/pleasanthill/martinez
Motorhome With 5.9L Cummins Turbo Diesel,https://www.craigslist.org/view/d/el-verano-motorhome-with-59l-cummins/9Tcc9ezCVr8KLnyYfH2eEM,28000,85000.0,sonoma
2008 Volvo S40 T5 (1-Owner),https://www.craigslist.org/view/d/livermore-2008-volvo-s40-t5-owner/7r1MJbNHbGPWMGroBVFLjS,5999,73000.0,Livermore
1962 Ford Ranchero Parts Car Only!! No Title!!,https://www.craigslist.org/view/d/santa-cruz-1962-ford-ranchero-parts-car/aYoXfEEKNXP23c5ZCE2QdP,500,100000.0,capitola
Mazda 3 $8900.00 Or Bo,https://www.craigslist.org/view/d/dublin-mazda-or-bo/wvQ6BwGStaxQRwi45RVAhB,8900,152000.0,dublin/pleasanton/livermore
2014 Honda Accord Lx Gas Saver!!,https://www.craigslist.org/view/d/fairfield-2014-honda-accord-lx-gas-saver/tL4XEegZjAKDNnJpSBhswQ,8000,179000.0,fairfield/vacaville
2016 Honda Accord Ex-L  1 Owner Gas Saver!,https://www.craigslist.org/view/d/fairfield-2016-honda-accord-ex-1-owner/b5dtaf2zVKtUcg981VxpZa,10000,183000.0,fairfield/vacaville
2007 Toyota Yaris Clean Carfax  Low Miles Gas Saver!,https://www.craigslist.org/view/d/vacaville-2007-toyota-yaris-clean/vbzXC7iu7DnXPTXGx3dFDh,8000,88000.0,fairfield/vacaville
2022 Tesla Model Y 4Awd Sport Suv,https://www.craigslist.org/view/d/san-francisco-2022-tesla-model-4awd/bbh399ZQ7ShspNMo51kGqZ,32500,45000.0,SanFrancisco
1968 Bronco,https://www.craigslist.org/view/d/petaluma-1968-bronco/vJ5Cb51NpLzaSefpkJhjDB,75000,300.0,petaluma
Generator,https://www.craigslist.org/view/d/fairfield-generator/itD82vpirYgLJvnGZo2Rb1,14500,10000.0,fairfield/vacaville
Wanted: 04 - 06 Lexus Ls 430,https://www.craigslist.org/view/d/berkeley-wanted-lexus-ls-430/wQQphtTcRezZqUfNZ6xLvW,1000,600000.0,berkeley
2012 Ford Fusion Sport - 93K Miles - Clean Title - Premium Upgrades,https://www.craigslist.org/view/d/santa-rosa-2012-ford-fusion-sport-93k/51LTPvm23ztrH9TzVN9diP,6500,94000.0,santarosa
2008 Ford Mustang Convertible - 97K Miles - Clean Title,https://www.craigslist.org/view/d/el-cerrito-2008-ford-mustang/oJkG8nqMpqppvBEZMjE5g1,5500,98000.0,albany/elcerrito
2012 Nissan Maxima Sv,https://www.craigslist.org/view/d/berkeley-2012-nissan-maxima-sv/fZweFgTuJ4EL4D4Y9WPHD5,3300,213000.0,berkeley
2009 Cls 550,https://www.craigslist.org/view/d/berkeley-2009-cls-550/tBGn5PUJ49MtGTFE2PeYnP,10000,120000.0,berkeley
2006 Denali Awd,https://www.craigslist.org/view/d/berkeley-2006-denali-awd/qCvoSkz13pDes8RHuBnM4L,6000,205000.0,berkeley
1999 Mercedes Amg,https://www.craigslist.org/view/d/berkeley-1999-mercedes-amg/65ejZWBbAiVwqyYQABWizS,4500,157000.0,berkeley
2020 Toyota Corolla Le W/Premium Pkg2 In Very Good Condition,https://www.craigslist.org/view/d/pittsburg-2020-toyota-corolla-le/pfQdsAWmT4ouK94E9ZqqHP,17402,26000.0,pittsburg/antioch
2019 Volkswagen Jetta Se,https://www.craigslist.org/view/d/fremont-2019-volkswagen-jetta-se/jhfRTYeUc7jkWDRoXHGM6L,12500,98000.0,fremont/unioncity/newark
2004 Toyota 4Runner Sport 4Wd - Clean Title - 1 Owner,https://www.craigslist.org/view/d/san-francisco-2004-toyota-4runner-sport/3R8PW5fGUf6By3wh5WEiMc,11495,208000.0,SanFrancisco
Mechanic Special,https://www.craigslist.org/view/d/san-jose-mechanic-special/cNDWbJNEpc2u6SFpBgHyk3,700,142000.0,SanJose
2011 Jeep Wrangler 4Wd,https://www.craigslist.org/view/d/menlo-park-2011-jeep-wrangler-4wd/4A8eoLCci7xGma3DUtGzSb,22000,120000.0,eastpaloalto
2014 Toyota Scion Tc Coupe Clean Title,https://www.craigslist.org/view/d/crockett-2014-toyota-scion-tc-coupe/tijRFHNG6VCfTA6Fsa11jN,4950,177000.0,vallejo/benicia
2011 Mercedes-Benz Cl550 4Matic Coupe – 116K Miles – Clean History,https://www.craigslist.org/view/d/walnut-creek-2011-mercedes-benz-cl550/pjTxkWYVG7g6MMdupH4ob5,11000,116000.0,WalnutCreek
2011 Honda Crv Lx,https://www.craigslist.org/view/d/berkeley-2011-honda-crv-lx/76f674NRE93W8LHhMuEyGG,7000,152000.0,berkeley
For Sale: 2015 Red Ford Focus Se Hatchback 4D,https://www.craigslist.org/view/d/san-jose-for-sale-2015-red-ford-focus/1uDaMSmbrddTMt5hbC5V5n,6500,58000.0,sanjosedowntown
2022 Honda Pilot 4Wd,https://www.craigslist.org/view/d/santa-cruz-2022-honda-pilot-4wd/39CfwYtYJdjhNhjk67bYKz,26000,73000.0,santacruz
Selling Well Maintained 2010 Toyota Corolla S Car,https://www.craigslist.org/view/d/cupertino-selling-well-maintained-2010/k7W2zqNpycdSXFsXmYok8e,6900,102000.0,cupertino
1996 Ford F-250 Xl – 71K Actual Miles – Tommy Lift – Service Records,https://www.craigslist.org/view/d/alameda-1996-ford-250-xl-71k-actual/n1h3D9uVcfvF93bNKSyxKx,10500,71000.0,alameda
"2018 Subaru Impreza Sport Sedan 2.0L 69,000 Miles",https://www.craigslist.org/view/d/stanford-2018-subaru-impreza-sport/ji6BteKSepi8ouc8NGzkX6,14500,69000.0,paloalto
1955 Chevy Bel Air Sedan,https://www.craigslist.org/view/d/san-jose-1955-chevy-bel-air-sedan/pipRpYeBSTCTBTVsRgoSV3,35000,9999.0,SanJose
2008 Mini Cooper S,https://www.craigslist.org/view/d/san-jose-2008-mini-cooper/6BJwvkQyn6A86PcfXGSUdv,10000,66000.0,sanjoseeast
2024 Toyota Venza Hybrid,https://www.craigslist.org/view/d/san-francisco-2024-toyota-venza-hybrid/8NsAf8u7BRxisrhU4f1PUH,36950,26000.0,marina/cowhollow
Manufacture Warranty Until 7/2030 Jeep Wrangler 4Xe Sahara Unlimited,https://www.craigslist.org/view/d/san-francisco-manufacture-warranty/mH7XAyTVDgrmyy491fx88o,34000,22000.0,lowernobhill
2009 Ford E350 12 Pax Super Duty Xlt,https://www.craigslist.org/view/d/san-jose-2009-ford-pax-super-duty-xlt/uMWruGdyb8qQAmtNiVXzTP,9950,93000.0,Sanjose
2004 Tundra,https://www.craigslist.org/view/d/hercules-2004-tundra/3uCJTSiTDWfztmWr1EHBoQ,5000,246000.0,"hercules,pinole,sanpablo,elsob"
2003 Mercedes Ml350 Suv 6 Seater,https://www.craigslist.org/view/d/san-rafael-2003-mercedes-ml350-suv/2Gk9gQN8NMn5N7WJW4NqvT,2800,150000.0,northbay/marin
2007 Tundra,https://www.craigslist.org/view/d/hercules-2007-tundra/fCNXxBu9NZGSstkyTAGy5e,13000,93000.0,"hercules,pinole,sanpablo,elsob"
2006  18 Passengers Bus Clean Title Runs Great,https://www.craigslist.org/view/d/san-jose-passengers-bus-clean-title/emoYRyuzS18LN8MxRkwy1P,2900,200000.0,sanjosesouth
2018 Audi Q7 Premium Plus - One Owner - Clean Title - 105K,https://www.craigslist.org/view/d/larkspur-2018-audi-q7-premium-plus-one/tuh1HFd8VqxfgzjKErig2H,12500,105000.0,larkspur
Chevy Tahoe,https://www.craigslist.org/view/d/san-rafael-chevy-tahoe/viP5qhL5CTWDcMP7k4KdUX,3900,94000.0,sanrafael
2016 Bmw X5 Xdrive3.5L,https://www.craigslist.org/view/d/vallejo-2016-bmw-x5-xdrive35l/ppZEzBXuCVavokrVQJpa1c,16500,79000.0,napacounty
2014 Suburu Crosstrek,https://www.craigslist.org/view/d/redwood-city-2014-suburu-crosstrek/t8MurCMWazcTnkavbzKnkq,6500,135000.0,Redwoodcity
2004 Chrysler Pacifica Premium,https://www.craigslist.org/view/d/santa-rosa-2004-chrysler-pacifica/foaFedrpYXuG2E8Nt7NzZM,2950,159000.0,SantaRosa
"2010 Toyota Prius - 114K Miles - Clean Title, No Accidents, One Owner",https://www.craigslist.org/view/d/los-gatos-2010-toyota-prius-114k-miles/jouwZRBY64XpdpMsnL5Th5,7500,114000.0,losgatos
2004 Gmc Sierra 2500 Hd,https://www.craigslist.org/view/d/bodega-bay-2004-gmc-sierra-2500-hd/pnpgnkRSBe2oSHiSqBLMEB,1800,330000.0,sebastopol
1998 Buick Century V6 — Needs Head Gasket — Great Project Or Parts Car,https://www.craigslist.org/view/d/san-francisco-1998-buick-century-v6/wjZDKnurZngmDuPSS3rNo9,500,147000.0,OuterSunset
2005 Ford Expedition,https://www.craigslist.org/view/d/san-pablo-2005-ford-expedition/jwcvGbsr9eEkgkwjxjKDDe,3500,128000.0,ingleside/SFSU/CCSF
2021 Bmw 330I,https://www.craigslist.org/view/d/alameda-2021-bmw-330i/4t6MaAesn9HxNghqfGdFeU,23995,16000.0,eastbayarea
Volkswagen Gti,https://www.craigslist.org/view/d/fairfield-volkswagen-gti/x6fNb6C5vmfTM1GmLffVrP,12900,95000.0,fairfield/vacaville
2004 Qx56 Infiniti For Parts,https://www.craigslist.org/view/d/antioch-2004-qx56-infiniti-for-parts/9YdqRVbdJWFXxpUsX7tvX7,600,195000.0,Antioch
2013 Lexus Ct200H,https://www.craigslist.org/view/d/san-francisco-2013-lexus-ct200h/1Yvfdre3pYMzHf4UCxRQJy,7500,194000.0,cityofsanfrancisco
1994 Chevrolet 1500 W/T Silverado,https://www.craigslist.org/view/d/san-anselmo-1994-chevrolet-1500-t/pA1UnyHdPY6qKZXBAiwcbw,4500,65000.0,sananselmo
Pt Cruiser 4 Sale,https://www.craigslist.org/view/d/san-jose-pt-cruiser-sale/jhtEseHdHns7fGk6kZ9gtW,1800,134000.0,sanjosesouth
2011 Hyundai Sonata,https://www.craigslist.org/view/d/san-pablo-2011-hyundai-sonata/e4H2DM4CDhHBsL5HqCFNKy,3900,100000.0,"hercules,pinole,sanpablo,elsob"
"2014 Ford F150 Xl Flatbed 8Ft X 6'8"", With Utility Boxes",https://www.craigslist.org/view/d/mountain-view-2014-ford-f150-xl-flatbed/qtxbkUAKxhSxWVbb4Nwfqj,8750,109000.0,mountainview
1984 Cadillac Eldorado Brown,https://www.craigslist.org/view/d/san-jose-1984-cadillac-eldorado-brown/qbBPD2A5Qp7sqpRfPyhZRi,6000,42000.0,sanjoseeast
2019 Sprinter 2500 V6 Diesel 15 Passenger,https://www.craigslist.org/view/d/fairfield-2019-sprinter-2500-v6-diesel/dEmyF8YSxKwzJMDk6KFBX4,29900,197000.0,Fairfield
"2013 Audi A5 – Clean, Well-Maintained",https://www.craigslist.org/view/d/san-francisco-2013-audi-a5-clean-well/rCEyXqdTyDCefjZGUiJx9y,6200,149000.0,SOMA/southbeach
2012 Audi A3 Wagon S-Line Automatic 2.0T Leather Smog! Drives Great!,https://www.craigslist.org/view/d/hayward-2012-audi-a3-wagon-line/vLHJWrQ2rkLKJZDnLvefVP,4500,120000.0,hayward/castrovalley
1996 Jeep Cherokee Xj,https://www.craigslist.org/view/d/san-jose-1996-jeep-cherokee-xj/cRR6bXyuHKScNEjUQfEYJi,9750,191000.0,sanjosesouth
Lexus Es 300 2001,https://www.craigslist.org/view/d/santa-rosa-lexus-es/mVWWdJdxuvYmpB3ieSguy9,6300,130000.0,santarosa
"2015 Toyota Camry Se — 60K Miles, New Brakes & Tires, Clean Title",https://www.craigslist.org/view/d/san-jose-2015-toyota-camry-se-60k-miles/9VVgrLJrSKzeS28LYGpHTD,17495,61000.0,sanjoseeast
Honda Civic 2016 Lx,https://www.craigslist.org/view/d/pittsburg-honda-civic-2016-lx/n81d7duX3BzkJNTqqXh27N,12200,121000.0,pittsburg/antioch
Lexus Ls430,https://www.craigslist.org/view/d/san-jose-lexus-ls430/ayJMFA7A8YA6Byru21Afxj,9750,142000.0,sanjosesouth
2006 Nissan Sentra,https://www.craigslist.org/view/d/san-jose-2006-nissan-sentra/1tfk1hKNgUdfHGwZp551Ua,3500,110000.0,sanjosesouth
2005  Ford F150  Pick Up Truck Ext. Cab 6 Seats,https://www.craigslist.org/view/d/orinda-2005-ford-f150-pick-up-truck-ext/4HEt58q29j4LmxWnNcmq5N,4000,236000.0,Orinda
2016 Toyota Corolla Sport,https://www.craigslist.org/view/d/sebastopol-2016-toyota-corolla-sport/koGfSzPLjABvfZBPh882DG,12000,144000.0,sebastopol
2014 Toyota Corolla Le,https://www.craigslist.org/view/d/san-francisco-2014-toyota-corolla-le/88LEYyyRVrV18UPkbycgom,7000,156000.0,SanFrancisco
Wheelchair Handicap Van,https://www.craigslist.org/view/d/antioch-wheelchair-handicap-van/74irQxzoUAiUKe4HbMTVhh,25998,96000.0,eastbayarea
2020 Jeep Gladiator Sport S.,https://www.craigslist.org/view/d/san-jose-2020-jeep-gladiator-sport/aZaVFmNzDSCY5Bg9kTfhAh,28300,41000.0,sanjosesouth
2017 Kia Sorento,https://www.craigslist.org/view/d/santa-clara-2017-kia-sorento/wo6MpMWAQqCHZyNg395tkC,9200,105000.0,santaclara
1922 Ford $16.5/Ofr/Trd Center Dr. 2 Dr. Sedan Mdl. T,https://www.craigslist.org/view/d/morgan-hill-1922-ford-165-ofr-trd/rPVRV21D1ArJ53oVpo7xZQ,16500,10000.0,morganhill
Dodge Ram Diesel W/5Th Wheel Trailer,https://www.craigslist.org/view/d/vallejo-dodge-ram-diesel-5th-wheel/jV7JtoVgKuT5d9zB6w538o,32750,62000.0,AmericanCanyon
2013 Hyundai Sonata Hybrid,https://www.craigslist.org/view/d/ben-lomond-2013-hyundai-sonata-hybrid/ogVyKi8Gq2FmpKzHSqYvu4,13500,137000.0,santacruz
Wheelchair Van Ada,https://www.craigslist.org/view/d/antioch-wheelchair-van-ada/1dwfzdjUAPxjyAbYqwEgGS,25998,96000.0,eastbayarea
"Mitsubishi Lancer, Stick-Shift, 190K Miles. Mechanic Special",https://www.craigslist.org/view/d/gilroy-mitsubishi-lancer-stick-shift/vPDsfMc3X6modTj3vhMwL9,2500,190000.0,gilroy
Bmw I8 - Hybrid,https://www.craigslist.org/view/d/mill-valley-bmw-i8-hybrid/wf7F5WsBtLvTY5LTiurCL5,69500,32000.0,millvalley
2017 Kia Forte5 Ex Hatchback,https://www.craigslist.org/view/d/greenbrae-2017-kia-forte5-ex-hatchback/9sYeJKJAitdhisfnwmwhVM,8400,97000.0,larkspur
2018 Ram 1500 Express V6 Gasoline 4 Door Quad Cab Truck,https://www.craigslist.org/view/d/san-jose-2018-ram-1500-express-v6/oxJCGfrGvu64yQ8zatH8xw,12800,100000.0,sanjosenorth
1994 Diesel Toyota Landcruiser,https://www.craigslist.org/view/d/sausalito-1994-diesel-toyota-landcruiser/fxDLt5La3Xbj9JfzTRg8EK,35000,236000.0,sausalito
Chevrolet Volt 2014 Original Owner 100 K Miles,https://www.craigslist.org/view/d/oakland-chevrolet-volt-2014-original/rQ7dB4PmBZ5yJHkTHKJLE3,6400,110000.0,Oakland
2017 Ram Pro Master Cargo Van/ Work Van,https://www.craigslist.org/view/d/south-san-francisco-2017-ram-pro-master/pqSxaKeyniqM72VfGDbg3L,16000,127000.0,SouthSanFrancisco
Auto Body Dent Scratch $89,https://www.craigslist.org/view/d/hayward-auto-body-dent-scratch-89/tFQZw7RWdtUu7GTfm9gDK8,899,120000.0,AllBayarea
Kia Sportage Sx Prestige,https://www.craigslist.org/view/d/san-mateo-kia-sportage-sx-prestige/g4grLH7hJxMAi76aNVib6t,33000,45000.0,SanMateo
2013 Ford F-150 Xl Regular Cab – V8 Work Truck,https://www.craigslist.org/view/d/mill-valley-2013-ford-150-xl-regular/oTsjCu5z7t5wACy4QQBATj,12500,78000.0,millvalley
2007 Toyota Sienna Le,https://www.craigslist.org/view/d/san-jose-2007-toyota-sienna-le/2yFUHHU3Nag44ZiFGi6xyA,4100,125000.0,sanjoseeast
Wheelchair Van,https://www.craigslist.org/view/d/antioch-wheelchair-van/axcWTeL4Un43F5dQfmr2if,25998,95000.0,eastbayarea
1965 Mustang Convertible,https://www.craigslist.org/view/d/san-jose-1965-mustang-convertible/6FGaMa5F1vW7NqG88LJUZ2,30000,35000.0,SanJose
2000 Toyota Sienna Xle Minivan,https://www.craigslist.org/view/d/el-sobrante-2000-toyota-sienna-xle/3bRx6JPcLpMqnnjtFdTUn7,4000,170000.0,richmond/point/annex
2016 Ford F250,https://www.craigslist.org/view/d/san-jose-2016-ford-f250/kaAQH5mxvmR6VBFFEGocXj,7200,210000.0,SanJose
Chrysler 300 F,https://www.craigslist.org/view/d/san-jose-chrysler-300/4HWxrSczY5NktSwHRdKMTj,19000,17000.0,SanJose
Bmw 530I,https://www.craigslist.org/view/d/hercules-bmw-530i/wC9pkikNPFYzVQPpGbbUA7,13000,127000.0,"hercules,pinole,sanpablo,elsob"
Bmw 440I Convertible (2017),https://www.craigslist.org/view/d/sausalito-bmw-440i-convertible-2017/4vPo9HH3iSMuVgPpvZqMcx,24950,92000.0,sausalito
"2006 Dodge Dakota Pickup New Transmission, New Camper, Many Extras",https://www.craigslist.org/view/d/burlingame-2006-dodge-dakota-pickup-new/i6RXpyu67uKrCZMDKJdYPx,8900,133000.0,burlingame
2010 Toyota Yaris,https://www.craigslist.org/view/d/san-jose-2010-toyota-yaris/2FPBVngvJxU4XaVNsgb5aM,2900,180000.0,sanjoseeast
Mercedes Benz C250,https://www.craigslist.org/view/d/daly-city-mercedes-benz-c250/b8tVJzvfTi3JMv2H48mnGx,5350,147000.0,Dalycity
"2000 Toyota Camry, Smog , Runs Perfect , I Finance  No Credit Check",https://www.craigslist.org/view/d/vallejo-2000-toyota-camry-smog-runs/pU2mAQdFSNUcYcv1yFYvEE,4500,208000.0,vallejo/benicia
"2003 Toyota Corolla , Smog , Runs Perfect , I Finance  No Credit Check",https://www.craigslist.org/view/d/vallejo-2003-toyota-corolla-smog-runs/thJew8XoS5MZJVeyY6wh33,4500,200000.0,vallejo/benicia
2001 Chevy Tahoe. Runs Great! Needs Work To Pass Smog. Good Condition.,https://www.craigslist.org/view/d/antioch-2001-chevy-tahoe-runs-great/m7wPmMmbGHp6595PSV44WZ,2250,280000.0,pittsburg/antioch
🚗 2015 Mercedes-Benz C300 🚗,https://www.craigslist.org/view/d/palo-alto-mercedes-benz-c300/s7DsnAV8WXeCt6zFVRd28y,8600,24000.0,paloalto
1994 Jeep Wrangler 4X4,https://www.craigslist.org/view/d/mountain-view-1994-jeep-wrangler-4x4/axBC1G6vWorSDD5f81AAVD,6300,157000.0,MountainView
Chevy Express 1500 2005 Work Horse Runs Great!!,https://www.craigslist.org/view/d/emeryville-chevy-express-work-horse/f3dD496kAzfCLRZ49eL53b,2500,241000.0,Emeryville
2014 Mazda Cx-5 Touring,https://www.craigslist.org/view/d/oakland-2014-mazda-cx-touring/pEAMMJhXoLqzyXSST6oGzD,10000,124000.0,oaklandpiedmont/montclair
1962 Corvette,https://www.craigslist.org/view/d/santa-rosa-1962-corvette/5vLeocVpNK521H6kcfVfrJ,70,77000.0,santarosa
C280 Mercedes-Benz 1999-2000,https://www.craigslist.org/view/d/san-carlos-c280-mercedes-benz/rUR2qeUifkd7pLnWCW98Av,3995,197000.0,sancarlos
"2022 Polestar 2, Excellent Condition, Low Miles",https://www.craigslist.org/view/d/mill-valley-2022-polestar-excellent/16hVwr1rzQ6hBwjCqFRJFT,27000,32000.0,millvalley
1995 Chevy Silverado,https://www.craigslist.org/view/d/hayward-1995-chevy-silverado/7fCVBTAiGpNvRgWY8BUATj,10000,96000.0,hayward/castrovalley
"2018 Ford Transit 150 W/130"" Wb Cargo Van",https://www.craigslist.org/view/d/santa-cruz-2018-ford-transit-150-130-wb/6cHSe7jTYfva8Vsi9gyagu,21500,98000.0,santacruz
2008 Landrover Rangerover Hse Sports V8 - Very Reliable,https://www.craigslist.org/view/d/mountain-view-2008-landrover-rangerover/37iKyG4tgMikD7j17YMZrP,4999,161000.0,sanbruno
2016 Bmw 535I,https://www.craigslist.org/view/d/salinas-2016-bmw-535i/3wRQGngDMNo3WiFzRV9sAS,12500,129000.0,Salinas
2005 Ford Crown Victoria P71 Police Interceptor,https://www.craigslist.org/view/d/san-rafael-2005-ford-crown-victoria-p71/v89mrBxGuBgmEuHgC1r5es,6400,189000.0,SanRafael
2015 Bentley Continental Gt W12,https://www.craigslist.org/view/d/san-jose-2015-bentley-continental-gt-w12/sAe7a8XsHaCrN2jZ1Xk3By,79500,12000.0,saratoga
2019 Ford F250 Super Duty 2-Door Pickup Work Truck Nice,https://www.craigslist.org/view/d/morgan-hill-2019-ford-f250-super-duty/veY6yRuzvzfZ75MkuFbrn6,22500,99000.0,MorganHill
2003 White Chevy Silverado 2Wd,https://www.craigslist.org/view/d/san-lorenzo-2003-white-chevy-silverado/vZSJLF3KKLfbt7cEVdUGtj,3900,189000.0,SanLorenzo
1987 Alfa Romeo Spider Quadrifoglio 26K Miles,https://www.craigslist.org/view/d/fairfield-1987-alfa-romeo-spider/gcQu8kcYZZToQ3bMBYCjQ4,22000,26000.0,fairfield/vacaville
2013 Isuzu Npr Box Truck – Replacement Engine,https://www.craigslist.org/view/d/san-francisco-2013-isuzu-npr-box-truck/brCeuPhCGmvjDtcwD9QiLa,10000,50000.0,bayview
Ford Exoedituon 2011,https://www.craigslist.org/view/d/santa-clara-ford-exoedituon-2011/gaHdzKDhzumgRsCUAxNxcS,3900,214000.0,SantaClara
2012 Ford E-250 Cargo Van,https://www.craigslist.org/view/d/dublin-2012-ford-250-cargo-van/eW4F2o18Fg6V37ey7XUxsm,2500,245000.0,dublin/pleasanton/livermore
Mercury Mountaineer,https://www.craigslist.org/view/d/san-jose-mercury-mountaineer/q2SfYesAJc9KhYUjR1FFpw,1500,236000.0,sanjosenorth
Mercedes Benz 2006 500 Sl,https://www.craigslist.org/view/d/burlingame-mercedes-benz-sl/nexXH5JeF5XFL3voD3Pu4G,9500,98000.0,Burlingame
2015 Volkswagen Golf Tdi- Excellent Condition,https://www.craigslist.org/view/d/gilroy-2015-volkswagen-golf-tdi/mWstJAZ3b8St2qb65nNSrf,14950,67000.0,gilroy
2018 Chevy Cruze~Gas Saver~Reg 2027~Smogged~Runs Good~Automatic~A/C!,https://www.craigslist.org/view/d/hayward-2018-chevy-cruzegas-saverreg/hH11oy5cMmgHzjf1eQEH1g,5000,150000.0,hayward/castrovalley
Used 2014 Jeep Patriot Sport 5-Speed Manual - $6.000,https://www.craigslist.org/view/d/san-jose-used-2014-jeep-patriot-sport/e5pu9BU1J3zn7h2FxV6Hkx,6000,125000.0,sanjosedowntown
2015 Bmw 35I Xdrive ///M Sport X1,https://www.craigslist.org/view/d/el-verano-2015-bmw-35i-xdrive-sport-x1/at5RCYAGVKhbwqKapg8qqx,8000,105000.0,sonoma
2014 Ford Focus,https://www.craigslist.org/view/d/san-francisco-2014-ford-focus/dskJ29hhMnVpY4o8U62V9g,14500,70000.0,bayview
2003 Honda Civic Hybrid,https://www.craigslist.org/view/d/santa-rosa-2003-honda-civic-hybrid/na7MLkpnLTEQ46MMs63Ln1,2800,384000.0,SantaRosa
Chevy Camaro 2Ss 2015,https://www.craigslist.org/view/d/hercules-chevy-camaro-2ss-2015/j9EdPB8mh6JdTtfapsAHXP,11500,106000.0,Hercules
2005 Toyota Highlander 3Rd Row,https://www.craigslist.org/view/d/daly-city-2005-toyota-highlander-3rd-row/4WTAE1juzRg7ogcg951miA,8000,131000.0,dalycity
For Sale Prius Runs Well,https://www.craigslist.org/view/d/san-rafael-for-sale-prius-runs-well/bnaNnvAbcCmsd5yaNfWiHs,4300,197000.0,northbay/marin
2022 Gmc Sierra 1500 Diesel,https://www.craigslist.org/view/d/san-francisco-2022-gmc-sierra-1500/mspBhLjh3nzYpbVCMDwaQK,40000,54000.0,bayview
2014 Ml350 Bluetec 4-Matic Fully Loaded,https://www.craigslist.org/view/d/union-city-2014-ml350-bluetec-matic/u9FtMi5KqXGsTqABUNrSr7,7000,134000.0,fremont/unioncity/newark
2004 Chevrolet Express Cargo Van 3500 Series With Windows,https://www.craigslist.org/view/d/redwood-city-2004-chevrolet-express/mcTWgbGRPUeAUFfFBpCLkm,3000,300000.0,redwoodcity
Volkswagen Atlas,https://www.craigslist.org/view/d/berkeley-volkswagen-atlas/dL2mz2HmnS3ABo4dp6DHS5,16000,85000.0,berkeley
2008 Bmw 335I -N54 6 Speed- One Owner,https://www.craigslist.org/view/d/pleasanton-2008-bmw-335i-n54-speed-one/5tpGKVgZm9pLpvJqRfKk8y,7900,170000.0,Pleasanton
"2007 Ford Taurus, Low Mileage!",https://www.craigslist.org/view/d/santa-cruz-2007-ford-taurus-low-mileage/rhJ4pcH77J1G32nCWh6AWN,2900,80000.0,santacruz
2007 Chevrolet Silverado 1500,https://www.craigslist.org/view/d/hayward-2007-chevrolet-silverado-1500/aJhFsZSpU9Av7nf2rr4eNV,12000,81000.0,Hayward
2010 Infiniti Ex35,https://www.craigslist.org/view/d/pleasant-hill-2010-infiniti-ex35/wHJ8AfmAmdso84U7N6D627,2900,192000.0,Martinez
2016 Ford Explorer Suv Sport 4Wd,https://www.craigslist.org/view/d/freedom-2016-ford-explorer-suv-sport-4wd/gb1Z2BU4xiqKFqhvoauLre,25000,18000.0,watsonville
2016 Jeep Grand Cherokee Diesel,https://www.craigslist.org/view/d/richmond-2016-jeep-grand-cherokee-diesel/uvCGsyoFj9Cb2jN5GXYeEm,15500,78000.0,richmond/point/annex
"2012 Honda Odyssey Ex-L – Excellent Condition – New Tires  $8,150",https://www.craigslist.org/view/d/stanford-2012-honda-odyssey-ex/pzeW1b8X8dgX1dTimXgbXc,8150,126000.0,paloalto
2000 Mercedes Benz M-Class Ml430 B - 4Wd Suv (158K Mi),https://www.craigslist.org/view/d/petaluma-2000-mercedes-benz-class-ml430/ikWzrT9C3YFpVCuCJ3K1o6,3500,158000.0,petaluma
2009 Chevrolet Silverado 1500 Ls,https://www.craigslist.org/view/d/san-jose-2009-chevrolet-silverado-1500/99rcHTbui2DgzSeohzxxn6,4000,236000.0,sanjoseeast
Ford F-250,https://www.craigslist.org/view/d/forestville-ford-250/pDcfiUMKQwtvfx45jVo88q,8500,200000.0,sebastopol
1992 Mazda Miata - Sunburst Yellow 5 Speed,https://www.craigslist.org/view/d/pleasanton-1992-mazda-miata-sunburst/8gjYU2X2NdkPujRgw3HB4r,11900,160000.0,Pleasanton
2001 Acura Tl Type S Mechanic Special Must Be Towed,https://www.craigslist.org/view/d/san-leandro-2001-acura-tl-type-mechanic/eoMovszH9nQwCXTJLpgmxf,600,99000.0,sanleandro
2018 Camaro,https://www.craigslist.org/view/d/san-martin-2018-camaro/8disTmBC2JCtHhdqvbqA8H,45000,3324.0,morganhill
2014 Toyota Sienna,https://www.craigslist.org/view/d/novato-2014-toyota-sienna/n41bj7FEoEQCMDC11e6rYf,19400,87000.0,novato
"2016 Kia Sorento Limited-Sxl, Great Condition",https://www.craigslist.org/view/d/livermore-2016-kia-sorento-limited-sxl/wFVc61h4Tw8Ko8KHT7a4Z4,10250,144000.0,dublin/pleasanton/livermore
2016 Toyota Prius Four Touring – Newly Replaced Engine W/ Warranty – C,https://www.craigslist.org/view/d/hayward-2016-toyota-prius-four-touring/p55biiApf2sdrpJPDkiAq7,13750,157000.0,hayward/castrovalley
1999 Toyota Mark 2 Rhd,https://www.craigslist.org/view/d/redwood-city-1999-toyota-mark-rhd/vBKc7cVwNURzAvovSjBZV1,15500,50000.0,redwoodcity
2016 Chevrolet Impala Ltz,https://www.craigslist.org/view/d/santa-clara-2016-chevrolet-impala-ltz/bw89Bwy5CjcXsDWo1YSvLq,6900,146000.0,SantaClara
2019 Kia Optima Lx,https://www.craigslist.org/view/d/sunnyvale-2019-kia-optima-lx/2T5cEWheaUMLtgx9L7u1Cu,7900,155000.0,Sunnyvale
2007 Ford Escape Hybrid,https://www.craigslist.org/view/d/el-cerrito-2007-ford-escape-hybrid/xs5MGyGzck4KcpczDvdeTf,4900,130000.0,albany/elcerrito
Clean Title,https://www.craigslist.org/view/d/redwood-city-clean-title/5uhnGk6Ue3PDcBuPvRtQGD,5500,174000.0,RedwoodCity
Toyota Scion Xb,https://www.craigslist.org/view/d/hercules-toyota-scion-xb/kDQJnbdxyx5ryXy7Rh7iAx,5100,84000.0,"hercules,pinole,sanpablo,elsob"
Porsche 914  Lien Holds,https://www.craigslist.org/view/d/campbell-porsche-914-lien-holds/fWpnYV96LmCL6eG3ovLBPs,1,10000.0,campbell
"2013 Smart Eq Fortwo Passion Electric Car 45,000 Miles Great Condition",https://www.craigslist.org/view/d/oakland-2013-smart-eq-fortwo-passion/91UMwG9oEEqPRKP7NiLGmo,6600,46000.0,oaklandhills/mills
2004 Toyota Camry Se,https://www.craigslist.org/view/d/albany-2004-toyota-camry-se/sDDBmmp3oCS5yazUQVhNdb,3500,204000.0,albany/elcerrito
2008 Honda Cr-V,https://www.craigslist.org/view/d/half-moon-bay-2008-honda-cr/tNsCikX2jq8UTgmSdWV8Pa,8500,120000.0,HalfMoonBay
"2014 Lexus Rx350 Awd, Super Loaded,  Very Low 64K Miles, Prestine",https://www.craigslist.org/view/d/san-carlos-2014-lexus-rx350-awd-super/aKmZ6M6qTaHA3aJx78vY7L,20900,65000.0,SanCarlos
"Box Truck 2017 M2, 26' Freightliner",https://www.craigslist.org/view/d/burlingame-box-truck-2017-m2-26/ifK4YnEAgEcQPGVtFwaNWq,27000,388000.0,burlingame
"Box Truck 2013 M2, 24' Freightliner",https://www.craigslist.org/view/d/burlingame-box-truck-2013-m2-24/q66pEb5Ytn8QyZkhkt7uzf,17500,176000.0,eastbayarea
2012 Mini Cooper Original Owner,https://www.craigslist.org/view/d/danville-2012-mini-cooper-original-owner/1WR2RNRq9DrjyjovSYCtDW,6900,81000.0,danville/sanramon
2017 Tesla Model 3 Long Range Rwd - Enhanced Autopilot Premium Connect,https://www.craigslist.org/view/d/campbell-2017-tesla-model-long-range/6wcEbCBF7nt6LcBWcysANP,14500,124000.0,campbell
2019 Mustang Bullit,https://www.craigslist.org/view/d/san-jose-2019-mustang-bullit/9T1vpiMi9rDGJeqMDuRUtF,39950,45000.0,sanjosedowntown
2015 Ford F-150 Clean Work Or Rec Truck,https://www.craigslist.org/view/d/san-jose-2015-ford-150-clean-work-or/2v7yiBRNw55ixQoJw7gVWg,20000,59000.0,sanjosewest
1997 Bmw 528I,https://www.craigslist.org/view/d/burlingame-1997-bmw-528i/wYEBLEgYNcjvZxYzjfg42U,12500,79000.0,burlingame
2013 Kia Sorento Ex,https://www.craigslist.org/view/d/brentwood-2013-kia-sorento-ex/nZRh843MfUvDgDsvBQXaKN,4000,171000.0,brentwood/oakley
2009 Nissan Xterra Se Sport Utility 4 By 4,https://www.craigslist.org/view/d/burlingame-2009-nissan-xterra-se-sport/bATyZm93SdBau5UXrkH6Rw,12500,66000.0,burlingame
2011 Bmw 328I 3 Series,https://www.craigslist.org/view/d/scotts-valley-2011-bmw-328i-series/cWEX8cLas4XzCSQfvUhaDB,7999,113000.0,scottsvalley
2015 Jeep Wrangler Unlimited Sahara,https://www.craigslist.org/view/d/sunnyvale-2015-jeep-wrangler-unlimited/3XButoV9d3GFjnq5gQ3Ksu,13000,115000.0,Sunnyvale
2009 Jeep Wrangler Unlimited Low Miles,https://www.craigslist.org/view/d/sunnyvale-2009-jeep-wrangler-unlimited/dXikWxc4qpoSXAemtwbvy4,11000,77000.0,Sunnyvale
Flex Fuel 2010 Toyota Fj Cruiser 4Wd.,https://www.craigslist.org/view/d/san-jose-flex-fuel-2010-toyota-fj/k8bGwDRNWArZHNdq8iogEd,20500,142000.0,SanJose
120K Mile Great Condition,https://www.craigslist.org/view/d/san-jose-120k-mile-great-condition/3Fv2GXfPaWDLyspeddTYKf,7500,120000.0,sanjosesouth
2018 Cadillac Cts 2.0T Luxury,https://www.craigslist.org/view/d/milpitas-2018-cadillac-cts-20t-luxury/tvN4ZEQuakmefgUuS5C9pv,9900,122000.0,Milpitas
2002 Bmw E46 M3 6Speed Convertible/W Hardtop,https://www.craigslist.org/view/d/half-moon-bay-2002-bmw-e46-m3-6speed/1V3mqc3yqLXAwLQRonrtk1,19999,116000.0,HalfMoonBay
"2008 Toyota Matrix – Reliable, Recently Serviced, Runs Great",https://www.craigslist.org/view/d/san-jose-2008-toyota-matrix-reliable/vgTmpAJsWymnLa49biUiyd,5000,165000.0,SanJose
2008 Corvette,https://www.craigslist.org/view/d/livermore-2008-corvette/u77x1pJ6DkUNysVXjRUAPr,24995,77000.0,Livermore
2009 Vw Rabbit – Manual Transmission – Perfect Starter Car / Fun & Aff,https://www.craigslist.org/view/d/el-verano-2009-vw-rabbit-manual/gmH3648xTuauqFMYzb6AmD,4500,129000.0,sonoma
2025 Toyota Prius Prime Se Plug-In Hybrid Low 1K Original Miles Save $,https://www.craigslist.org/view/d/rancho-cordova-2025-toyota-prius-prime/7GgVFPqaPZV3WUPvTRmwv7,23900,1980.0,cityofsanfrancisco
"1995 Ford Astro Van: Clean Title! No Problems!  $1,500 O.B.O.",https://www.craigslist.org/view/d/oakland-1995-ford-astro-van-clean-title/eiokr62dAggbx8zabfyAdt,1550,269000.0,oaklandeast
Transit 250 High Top Van Tradesman Conversion,https://www.craigslist.org/view/d/santa-cruz-transit-250-high-top-van/571uU1PBjtBxy5UfWkL43W,18800,136000.0,SantaCruz
Truck  Ford F450,https://www.craigslist.org/view/d/tracy-truck-ford-f450/hFDwj3p5g74dS32t35aJaQ,5000,170000.0,hayward/castrovalley
2012 Subaru Impreza Wrx Sti Hatchback,https://www.craigslist.org/view/d/aptos-2012-subaru-impreza-wrx-sti/kv4ppdDBTwBakzJTNvahTJ,17000,112000.0,aptos
2007 Lexus Rx400H One Owner Clean Title Super Clean Inside Out,https://www.craigslist.org/view/d/santa-clara-2007-lexus-rx400h-one-owner/srbcCrmmXXxorD6FTvKj5B,6290,200000.0,santaclara
2006 Bmw 650I,https://www.craigslist.org/view/d/vallejo-2006-bmw-650i/6JUeN2PcWWXdGHrZgqqDJP,5500,150000.0,northbay/marin
70'S Ford 350 Flat Bed,https://www.craigslist.org/view/d/tracy-70s-ford-350-flat-bed/daH41RuTiVZdPDssE8EMJt,1500,150000.0,hayward/castrovalley
1999 Chevy Express 3500 Cutaway - Box Truck - Only 22K Miles,https://www.craigslist.org/view/d/pleasant-hill-1999-chevy-express-3500/51oRwpP6ex51DqDhbwnqtG,14500,23000.0,concord/pleasanthill/martinez
Bmw228I Convertible,https://www.craigslist.org/view/d/san-bruno-bmw228i-convertible/t1RrxwAWFY62wzHoKgf2aR,13500,69000.0,laurelhts/presidio
2016 Mercedes Conversion Van,https://www.craigslist.org/view/d/pittsburg-2016-mercedes-conversion-van/77793S8XVUgh728yuX7H9z,37000,92000.0,Pittsburg
1962 Volkswagon,https://www.craigslist.org/view/d/novato-1962-volkswagon/t3g8SvUX4GTJYuBV7gwyNC,17500,1000.0,sanrafael
1925 Ford Model T Coupe,https://www.craigslist.org/view/d/concord-1925-ford-model-coupe/5h2ZUq7N2LnAvwCjG52Y69,12999,10.0,concord/pleasanthill/martinez
Classic 1972 Mercedes-Benz 450 Sl,https://www.craigslist.org/view/d/concord-classic-1972-mercedes-benz-450/my2Fohato4YmA1cBzs9wAm,6000,125000.0,Concord
2013 Mini Cooper Jcw Gp (Collector'S Item),https://www.craigslist.org/view/d/brentwood-2013-mini-cooper-jcw-gp/rMVmQvKEr9gvVJsSXPyec1,34499,57000.0,brentwood/oakley
2011 Subaru Forester Runs Great Front End Damage,https://www.craigslist.org/view/d/daly-city-2011-subaru-forester-runs/7xvukUrpEpLBZsmniRGFbE,1000,210000.0,dalycity
1922 Model Tt Depot Hack,https://www.craigslist.org/view/d/alameda-1922-model-tt-depot-hack/jQSvbLCEP8ej2t1kWjk2SY,12000,100000.0,Alameda
Taylor/Dunn 36V Utility Cart,https://www.craigslist.org/view/d/alameda-taylor-dunn-36v-utility-cart/wZfrGHPAoP3nchgEhLW4N4,1200,1234.0,Alameda
2001 Volvo Xc 70,https://www.craigslist.org/view/d/santa-rosa-2001-volvo-xc-70/1uyxHB22nts1nT8MfVJWbK,2250,130000.0,santarosa
2021 Jeep Compass Limited,https://www.craigslist.org/view/d/gilroy-2021-jeep-compass-limited/11td21DRKhRXYSQnfdSXKS,14950,84000.0,gilroy
2016 Jeep Patriot 4X4,https://www.craigslist.org/view/d/gilroy-2016-jeep-patriot-4x4/rSYUYgszViTPq1qjovFKFV,7950,106000.0,gilroy
2019 Chevrolet Silverado,https://www.craigslist.org/view/d/gilroy-2019-chevrolet-silverado/qWFtcZSm3ixALbBsPB2pmD,19950,76000.0,gilroy
2025 Tesla Model Y – Low Miles – Excellent Condition,https://www.craigslist.org/view/d/oakland-2025-tesla-model-low-miles/aGjMBD783uQ9j7ZbyRC6rY,41500,5905.0,Oakland
09 Jeep Wrangler Unlimited X,https://www.craigslist.org/view/d/gilroy-09-jeep-wrangler-unlimited/8UpMjb8PKedytcDzzjxU9P,12950,87000.0,gilroy
Kia Forte,https://www.craigslist.org/view/d/san-francisco-kia-forte/uRresvnEGkhCUM4qgEAKuV,6300,116000.0,ingleside/SFSU/CCSF
Ford Bronco Outerbanks 2-Door ☞ Loaded !!,https://www.craigslist.org/view/d/berkeley-ford-bronco-outerbanks-door/d1PuoTVq6HdjaEXmUuKWTC,44500,33000.0,berkeley
2017 Mini Cooper Countryman S ☞ Impeccable!,https://www.craigslist.org/view/d/berkeley-2017-mini-cooper-countryman/aBSiKoMFcDpZgQnCtWg8Xd,12500,100000.0,berkeley
2013 Lexus Es350,https://www.craigslist.org/view/d/danville-2013-lexus-es350/3a143kkBs7ZqHbWLEaccie,14800,94000.0,danville/sanramon
2017 Ford Fusion Se,https://www.craigslist.org/view/d/san-jose-2017-ford-fusion-se/dJa9eeFWZPabEBBAejy5Gi,4900,150000.0,SanJose
2016 Ford Transit Connect Xlt,https://www.craigslist.org/view/d/san-jose-2016-ford-transit-connect-xlt/eAffkbBCbiZUdSJNcLEdX9,7950,160000.0,SanJose
1983 All Original Ford Ranger,https://www.craigslist.org/view/d/el-verano-1983-all-original-ford-ranger/bn4DevampZBNBJKPzfRuSS,4500,41000.0,sonoma
2007 Highlander Hybrid Awd Limited,https://www.craigslist.org/view/d/oakland-2007-highlander-hybrid-awd/6VgndjgXxFpRHfK7Wxd47p,3500,241000.0,Oakland
Honda Pilot Exl 2014,https://www.craigslist.org/view/d/fremont-honda-pilot-exl-2014/cdJj2wYMYuaLFBjRHsM13N,10000,152000.0,fremont/unioncity/newark
‼️Moving‼️ 2018 Lexus Is • Is 300 F Sport Sedan 4D,https://www.craigslist.org/view/d/san-ramon-moving-2018-lexus-is-is-300/4XQqjXcJj3MMdjjYY4BFN1,25000,76000.0,danville/sanramon
2008 Toyota Prius Silver Clean Title Great Gas Saver,https://www.craigslist.org/view/d/alameda-2008-toyota-prius-silver-clean/wiZcE451Sr1E9qaEyGRBWD,5000,172000.0,alameda
1955 Plymouth Savoy,https://www.craigslist.org/view/d/ripon-1955-plymouth-savoy/oqPuhhK5hauwCLhz2oz3fh,9400,82000.0,Ripon
1958 Chevrolet Pickup,https://www.craigslist.org/view/d/ripon-1958-chevrolet-pickup/vujsVbKjyhRBagMjMLmdKs,8900,43000.0,Ripon
"2012 Ford F-150 Supercrew 4X4 5.0 V8 Lifted - Clean Title - $12,500 Obo",https://www.craigslist.org/view/d/union-city-2012-ford-150-supercrew-4x4/3xADsB7FY4wVrUhiPgtnzr,12500,158000.0,UnionCity
2013 Subaru Impreza Sport Premium Awd,https://www.craigslist.org/view/d/novato-2013-subaru-impreza-sport/sfdN5cLkqhqK25igw9PjQT,9500,102000.0,novato
1999 Lx 470 - 226K Miles,https://www.craigslist.org/view/d/san-francisco-1999-lx-miles/5tXna9cHohJ577z2PQpdfw,12500,226000.0,SOMA/southbeach
1929 Ford 2 Door Sedan 2” Chopped Top Street Rod,https://www.craigslist.org/view/d/morgan-hill-1929-ford-door-sedan/tE266czzDd4CZkJfiW8aL6,29500,3623.0,morganhill
2019 Dodge Ram 2500 Utility Bed,https://www.craigslist.org/view/d/watsonville-2019-dodge-ram-2500-utility/11y7C7Nsfh3HBXuXukeV4D,14000,180000.0,aptos
1998 Ram 1500 Sport,https://www.craigslist.org/view/d/petaluma-1998-ram-1500-sport/obbdwkJTWj5poafY5wbtTJ,3600,250000.0,Petaluma
"2019 Acura Mdx Technology Sh-Awd — 1 Owner, 56K Miles, Clean Title",https://www.craigslist.org/view/d/redwood-city-2019-acura-mdx-technology/sWRX799SjB7DoM8jy8wuRc,28500,56000.0,redwoodcity
2012 Honda Fit,https://www.craigslist.org/view/d/scotts-valley-2012-honda-fit/jZqGCvKxB5a16o8TYofqwz,6900,114000.0,scottsvalley
2010 F-150 Xl,https://www.craigslist.org/view/d/oakland-2010-150-xl/xpynfVivsmhrNuouPE6Sau,9000,81000.0,oaklandeast
1987 Suzuki Samurai Tintop Tin Top Low Mile 2 Owner Clean,https://www.craigslist.org/view/d/livermore-1987-suzuki-samurai-tintop/53kMegipFR4oAdiK3LJ2aE,12500,85000.0,dublin/pleasanton/livermore
2016 Honda Civic – Clean Title • One Owner,https://www.craigslist.org/view/d/san-jose-2016-honda-civic-clean-title/sfVEpdfmRdSd7cBwpVFDnz,11900,132000.0,losgatos
Toyota Yaris,https://www.craigslist.org/view/d/napa-toyota-yaris/wvcMtTjdRrbu5wzavUx7pU,2500,241000.0,napacounty
"2022 Honda Accord Sport Special Edition Sedan 4D 43,911Mi/1Owner",https://www.craigslist.org/view/d/millbrae-2022-honda-accord-sport/dyooEXdG1wuPVwSpXZxexM,24900,44000.0,millbrae
2022 Bmw 740I Luxury Sedan,https://www.craigslist.org/view/d/half-moon-bay-2022-bmw-740i-luxury-sedan/vnvx1hbG6s6mQT3Ub1FJof,39900,56000.0,halfmoonbay
2019 Chevrolet Silverado 1500 Rst,https://www.craigslist.org/view/d/santa-rosa-2019-chevrolet-silverado/cikwBCYu4wa49v97B99xSo,45000,67.0,SantaRosa
2019 Dodge Challenger,https://www.craigslist.org/view/d/santa-clara-2019-dodge-challenger/dNzJEHC7sZGvoS8qjjQdJE,13900,86000.0,SantaClara
Ford,https://www.craigslist.org/view/d/brentwood-ford/8ddjvzWaUKovUhfJhxJSZB,11500,101000.0,brentwood/oakley
2014 Honda Civic Hydbrid Sedan 4D White,https://www.craigslist.org/view/d/concord-2014-honda-civic-hydbrid-sedan/253bRWeERsipijU9CuMpnW,15000,81000.0,Concord
1978 Pontiac Grand Le Mans,https://www.craigslist.org/view/d/emeryville-1978-pontiac-grand-le-mans/9D1nMiJn8Z3Nd7q8FEpk5u,6000,59000.0,Emeryville
Ford,https://www.craigslist.org/view/d/brentwood-ford/nZUJKcwGdf1pgoayR8xa38,8500,132000.0,brentwood/oakley
2004 Nissan Altima,https://www.craigslist.org/view/d/brisbane-2004-nissan-altima/e3wAcqYwaBF6opfnZYzUQ4,4500,77000.0,Oakland
2011 Acura Rdx Awd,https://www.craigslist.org/view/d/milpitas-2011-acura-rdx-awd/bRz7E4BfrP2X4fHcWxKZrR,7500,107000.0,milpitas
2011 Ford Ranger Sport,https://www.craigslist.org/view/d/san-francisco-2011-ford-ranger-sport/kjNscmSpZ1Z1fPHLKo3tvr,12000,139000.0,sanmateo
2022 Ram 1500 Classic Regular Cab Slt 8Ft Bed,https://www.craigslist.org/view/d/pleasanton-2022-ram-1500-classic/myb3iaSL8VdSFSmeymQWFQ,12800,140000.0,dublin/pleasanton/livermore
2021 Ford F-150 Regular Cab 8Ft Bed,https://www.craigslist.org/view/d/pleasanton-2021-ford-150-regular-cab/9wfQodjogwYHWTUFW3cWG6,14300,140000.0,dublin/pleasanton/livermore
2004 Honda Civic,https://www.craigslist.org/view/d/san-rafael-2004-honda-civic/ifS6wVUsnjRC76abmBnAxX,2500,140000.0,sanrafael
2019 Kia Optima Lx (Well Serviced),https://www.craigslist.org/view/d/oakland-2019-kia-optima-lx-well-serviced/hYyMjKgjvYsBqu65jt5aMa,7599,95000.0,Alameda
2013 Nissan Altima S ***Runs Strong/Good On Gas/Ready Togo***,https://www.craigslist.org/view/d/campbell-2013-nissan-altima-runs-strong/wLhpM7zJP528Gj12sySuKg,3250,159000.0,campbell
2015 Acura Mdx Sh-Awd,https://www.craigslist.org/view/d/cupertino-2015-acura-mdx-sh-awd/9xzGoieTrJNQybUrKvup8s,13690,125000.0,fremont/unioncity/newark
1995 Pontiac Firebird Convertible,https://www.craigslist.org/view/d/napa-1995-pontiac-firebird-convertible/x2Q8MSiehtveCMuAQceRsu,5199,102000.0,napacounty
2006 Mazda 3 — 5-Speed Manual — Clean Title — One Owner,https://www.craigslist.org/view/d/santa-cruz-2006-mazda-speed-manual/wTS16f7ZhD1HT3ctusUQ3R,3500,234000.0,santacruz
2005 Mini Cooper S R53 - 6-Speed Manual,https://www.craigslist.org/view/d/san-francisco-2005-mini-cooper-r-speed/dGzS8JSTzGKsE41oxMutRe,6000,104000.0,potrerohill
2006 Hummer H2 37K Original Miles 1 Owner Is Beautiful Condition,https://www.craigslist.org/view/d/san-mateo-2006-hummer-h2-37k-original/qR2aMgkUvwqWkE5JCTn6vu,23500,37000.0,sanmateo
"2007 Kia Rio , 4 Door Sedan , Low 110 K""  Miles , Smogged ,  4 Cyl",https://www.craigslist.org/view/d/millbrae-2007-kia-rio-door-sedan-low/8avXjJxmhfHgWFwZQSi2rC,2900,110000.0,millbrae
"2007 Kia Rio , 4 Door Sedan , Low 110 K""  Miles , Smogged ,  4 Cyl",https://www.craigslist.org/view/d/millbrae-2007-kia-rio-door-sedan-low/nthbwqhQrDosgS66tESzft,2900,110000.0,millbrae
2008 Mazda3 Hatchback – Manual Transmission – One Owner – 117K Miles – F,https://www.craigslist.org/view/d/oakland-2008-mazda3-hatchback-manual/hE1FhsYn4PxJdHRW3USQTF,5900,117000.0,Alameda
"2006 Mercedes-Benz S350 – Rare Model – 62,000 Miles – Super Clean – Runs",https://www.craigslist.org/view/d/oakland-2006-mercedes-benz-s350-rare/qmc4vvmbGAUVckK9fPiRhR,5900,63000.0,Alameda
2021 Mercedes Sprinter Van 4X4,https://www.craigslist.org/view/d/mountain-view-2021-mercedes-sprinter/rGXmSFx8vd3Q4vH2cuGtq1,90000,35000.0,mountainview
Toyota Tacoma (Low Miles),https://www.craigslist.org/view/d/hollister-toyota-tacoma-low-miles/9QYvqX67CXbG5fnihNrsZz,24000,39000.0,hollister
Honda Crosstour 2013 Must See,https://www.craigslist.org/view/d/san-jose-honda-crosstour-2013-must-see/8hXU337ymz8GsC33NECUEt,6999,176000.0,sanjosedowntown
2012 Mercedes C250,https://www.craigslist.org/view/d/san-jose-2012-mercedes-c250/52SbTsuGZQgbbpWvv9Rtci,6500,105000.0,sanjosenorth
2019 Toyota Corolla Le,https://www.craigslist.org/view/d/oakland-2019-toyota-corolla-le/dwp42JMwEHpwX6DofT1dMT,18500,53000.0,oaklandpiedmont/montclair
2022 Ford Transit Connect,https://www.craigslist.org/view/d/hayward-2022-ford-transit-connect/wrLpzAZzz5y3WhFuku5jJ6,16000,31000.0,hayward/castrovalley
1994 Chevy Suburban,https://www.craigslist.org/view/d/knightsen-1994-chevy-suburban/xb6RgCJ9aCZLbkHyHZXCDo,4900,145000.0,brentwood/oakley
2010 Cadillac Cts Wagon – 3.6 Rwd Performance Package – 112K Miles,https://www.craigslist.org/view/d/berkeley-2010-cadillac-cts-wagon-36-rwd/myTMG8yJZdUB6jonTJmKm1,8000,112000.0,berkeley
2001 Gmc Sierra 2500Hd Sle,https://www.craigslist.org/view/d/mountain-view-2001-gmc-sierra-2500hd-sle/rBgdbE9x8DnkqaYuf7hHAZ,12800,142000.0,paloalto
2011 Mazda Mazda 3 Speed  Sport,https://www.craigslist.org/view/d/mountain-view-2011-mazda-mazda-speed/kACD6G6b58cbLAr4oGg7Vk,7900,105000.0,mountainview
"2011 Nissan Altima Coupe 2.5 S – Low Miles, Single Owner, Clean Title",https://www.craigslist.org/view/d/richmond-2011-nissan-altima-coupe-25/moGLrriNfZrC2AKiUeFSkU,3700,98000.0,eastbayarea
2012 Ford F-150 Super-Crew Xlt 4X4,https://www.craigslist.org/view/d/mountain-view-2012-ford-150-super-crew/fq7EzmGK8yGhe489BprtNG,12500,152000.0,mountainview
2014 Bmw X3,https://www.craigslist.org/view/d/san-jose-2014-bmw-x3/egKu4mpvLNoUzG36uHhi7U,9850,95000.0,sanjosesouth
2017 Hyundai Santa Fe 7 Seater,https://www.craigslist.org/view/d/san-jose-2017-hyundai-santa-fe-seater/iH2VBSzbfmuffrnD1EWAY1,9999,174000.0,sanjoseeast
2019 Chevrolet Bolt,https://www.craigslist.org/view/d/oakland-2019-chevrolet-bolt/bEphdLZ7CK8KnS7v9XcMBG,13000,81000.0,oaklandlakemerritt/grand
Toyota Supra Turbo,https://www.craigslist.org/view/d/san-jose-toyota-supra-turbo/8xPogqsgXXZgeRP8rRoTBB,3995,107000.0,sanjosewest
"2000 Toyota Tundra Sr5 4X2 – 86,000 Original Miles",https://www.craigslist.org/view/d/hayward-2000-toyota-tundra-sr5-4x/wuByhbNhmLw66ccpkGJ6av,14500,86000.0,hayward/castrovalley
2022 Toyota Camry · Xse • Red Interior • Low Mileage,https://www.craigslist.org/view/d/lafayette-2022-toyota-camry-xse-red/26N9s77Bn5biKsgBMpyWRG,22000,20000.0,PleasantHill
2021 Audi S5 · Prestige Tfsi Quattro Tiptronic,https://www.craigslist.org/view/d/oakland-2021-audi-s5-prestige-tfsi/pS8qip4r9QXRHaTXokvWbT,28000,51000.0,PleasantHill
2000 Toyota Sienna Xle Minivan,https://www.craigslist.org/view/d/el-sobrante-2000-toyota-sienna-xle/64hL88do1QtwhZVzs5dSBp,4000,170000.0,richmond/point/annex
2000 Toyota 4Runner Limited 4X4,https://www.craigslist.org/view/d/santa-cruz-2000-toyota-4runner-limited/9PCkS9Vr1U7Wi6xZ6AiShj,8600,253000.0,SantaCruz
"1969 Chevy Camaro Rs  ..$78,000",https://www.craigslist.org/view/d/san-jose-1969-chevy-camaro-rs-78000/crLvmEMsWf5anHMZZD1qyc,78000,28000.0,SanJose
Pontiac Grand Am Se,https://www.craigslist.org/view/d/san-francisco-pontiac-grand-am-se/qz626QXDY2ceDkTXUP3ekf,2200,110000.0,sanmateo
1991 Crx Hf,https://www.craigslist.org/view/d/oakland-1991-crx-hf/gnFAmQzTBgniyYmN6xh43N,6,250000.0,oaklandhills/mills
•Gem• Suburban 1500 5.3L V8 .4Wd. Ltz,https://www.craigslist.org/view/d/san-francisco-gem-suburban-v8-4wd-ltz/nHEgSGfob6sPzfhcbZSTV6,15800,132000.0,SanFrancisco
2016 Ford Fusion Hybrid Plug In,https://www.craigslist.org/view/d/mountain-view-2016-ford-fusion-hybrid/m6J46s4kSMRkFbPk6EDC7a,7499,138000.0,mountainview
2009 Bmw 328I,https://www.craigslist.org/view/d/petaluma-2009-bmw-328i/5Qsz3T9gQkJxWS8GmRbZC9,4200,161000.0,petaluma
2004 Jeep Wrangler Unlimited Lj,https://www.craigslist.org/view/d/menlo-park-2004-jeep-wrangler-unlimited/hF2qpfKXQL6FYUF8pzkGtU,12500,129000.0,menlopark
2015 Toyota Corolla Le,https://www.craigslist.org/view/d/concord-2015-toyota-corolla-le/spG3JTqMm2dSs1j6nxttzJ,9000,152000.0,concord/pleasanthill/martinez
2014 Subaru Forester,https://www.craigslist.org/view/d/san-carlos-2014-subaru-forester/c6Ud7y8eFtWiYhK1Rk9VJk,6900,115000.0,SanCarlos
Toyota Tacoma 2003,https://www.craigslist.org/view/d/san-rafael-toyota-tacoma-2003/6pKGAUJMrzPRSNuA8oZEDw,3900,232000.0,sanrafael
2015 Toyota Tacoma Prerunner  Extra Cab Silver 4 Cyl Auto,https://www.craigslist.org/view/d/fairfax-2015-toyota-tacoma-prerunner/enVVNSa947QzYBQqxeC6bP,14000,155000.0,fairfax
2006 Rolls-Royce Phantom. Mileage. 11000 Miles.,https://www.craigslist.org/view/d/san-jose-2006-rolls-royce-phantom/9DA59MFwChdLXkq1JcGt4Z,105000,11000.0,SanJose
2016 Hyundai Sonata Hybrid Se,https://www.craigslist.org/view/d/albany-2016-hyundai-sonata-hybrid-se/5pV3B5tJD5CxjWdUL13zpH,8000,185000.0,albany/elcerrito
2011 Saab 9-3 Turbo Awd,https://www.craigslist.org/view/d/san-francisco-2011-saab-3-turbo-awd/mGTpM76YeBqrgXswhhX5Kg,2600,200000.0,castro/uppermarket
"2022 Subaru Outback Limited Awd – Cpo Warranty – New Tires, Brks, Batt",https://www.craigslist.org/view/d/berkeley-2022-subaru-outback-limited/hVH1RkRjBshkfnwuBMFf2h,25250,64000.0,pacificheights
"2022 Subaru Outback Limited Awd – Cpo Warranty – New Tires, Brks, Batt",https://www.craigslist.org/view/d/san-anselmo-2022-subaru-outback-limited/dHvChPQMR8Qk3XSSKhdMNr,25250,64000.0,pacificheights
"2022 Subaru Outback Limited Awd – Cpo Warranty – New Tires, Brks, Batt",https://www.craigslist.org/view/d/san-francisco-2022-subaru-outback/mJMi2ZqDnLbhikwpVEb6GN,25250,64000.0,pacificheights
Drive Home In A Mercedes For Less Than You Think,https://www.craigslist.org/view/d/burlingame-drive-home-in-mercedes-for/4H6aB4UzhGWwL24fyHg41z,13808,67000.0,cityofsanfrancisco
2006 Chevy Aveo Low Mileage With Smog,https://www.craigslist.org/view/d/hayward-2006-chevy-aveo-low-mileage/3tW95oDXdGyH6kiz9c5sRf,2000,153000.0,hayward/castrovalley
Rav4 2022 Awd Xle,https://www.craigslist.org/view/d/hayward-rav-awd-xle/b1KKcfryoov1oTyi9YGz7K,19500,23000.0,hayward/castrovalley
2013 Ford Fusion Se - Just 82K Miles - No Issues,https://www.craigslist.org/view/d/santa-clara-2013-ford-fusion-se-just/6FxBeJZxhEqTRmbyAqtvWk,8700,82000.0,santaclara
"Ford Edge 2012 - $4,425 Or Best Offer",https://www.craigslist.org/view/d/antioch-ford-edge-or-best-offer/7dp7r67xQR37pYbYoFDGS7,4425,174000.0,brentwood/oakley
2009 Lexus Gx470,https://www.craigslist.org/view/d/union-city-2009-lexus-gx470/6mEwu6o8hYT1J896k9zZSV,18500,62000.0,Fremont
2015 Toyota Sienna Se,https://www.craigslist.org/view/d/santa-clara-2015-toyota-sienna-se/2fT3dZM7SfgLfDCvfmFSLy,15000,149000.0,mountainview
"2002 Honda Accord Ex Low Miles (60,013)",https://www.craigslist.org/view/d/san-rafael-2002-honda-accord-ex-low/qrP3HsKkgVQuT7XP6jnuVv,7500,60000.0,sanrafael
2004 Honda Civic,https://www.craigslist.org/view/d/fremont-2004-honda-civic/dmeMzysnL1vWD4e7mUYhiE,5500,119000.0,Fremontunioncity
Ram 1500 2014 Work Truck,https://www.craigslist.org/view/d/hayward-ram-work-truck/iuFNbJxMc4VayZBBUx42oZ,9000,160000.0,hayward/castrovalley
2017 Freightliner Cascadia,https://www.craigslist.org/view/d/union-city-2017-freightliner-cascadia/iZVPM7sohw54rEEMR6pMvZ,1,807000.0,fremont/unioncity/newark
1993 Vw Eurovan Mv 2.5L Pop-Top Camper Van- Gleaming White,https://www.craigslist.org/view/d/berkeley-1993-vw-eurovan-mv-25l-pop-top/9DxG7SRXjo8kSjkKWr7kpm,12000,166000.0,berkeley
"2015 Subaru Outback Limited 2,5I Awd",https://www.craigslist.org/view/d/san-jose-2015-subaru-outback-limited/sk8SF8yRy3RttBkDSD45gw,16700,54000.0,SanJose
1960 Ford Thunderbird,https://www.craigslist.org/view/d/los-gatos-1960-ford-thunderbird/3dmFnbQ3LHHp6nbtV9GLSz,24900,89000.0,losgatos
"2002 Toyota Tundra Sr5, 175K Miles",https://www.craigslist.org/view/d/sausalito-2002-toyota-tundra-sr5-175k/u2mRuAwuin2LcB6W284n59,4500,175000.0,sausalito
2010 Toyota Prius Hybrid,https://www.craigslist.org/view/d/hayward-2010-toyota-prius-hybrid/8xb8EXzKLtqn78WroynExk,6500,190000.0,hayward/castrovalley
1995 C1500,https://www.craigslist.org/view/d/hayward-1995-c1500/agQ2E9YPbxYf8iqbhrZS56,10000,95000.0,hayward/castrovalley
2007 Ford Lariat 4X4,https://www.craigslist.org/view/d/san-mateo-2007-ford-lariat-4x4/5gPVw9vpTEx8nkB8s8FTEG,11000,143000.0,sanmateo
1992 Bmw 325I,https://www.craigslist.org/view/d/antioch-1992-bmw-325i/c847uvSWqnJR5TDbbCb7Wg,3500,260000.0,eastbayarea
Meticulously Maintained (Ml350 4Matic),https://www.craigslist.org/view/d/palo-alto-meticulously-maintained-ml350/oiXa8t8WgByS8ExfXe2eX7,8500,142000.0,PaloAlto
2022 Honda Ridgeline Rtl Awd,https://www.craigslist.org/view/d/redwood-city-2022-honda-ridgeline-rtl/oT3QrwYgumrdCN4edAiD8B,31500,46000.0,losaltos
Jeep Wrangler Rubicon Unlimited,https://www.craigslist.org/view/d/redwood-city-jeep-wrangler-rubicon/izLfoMHisrpBnuCGvS2xPG,37500,26000.0,redwoodcity
1985 Vw Vanagon Westfalia,https://www.craigslist.org/view/d/oakland-1985-vw-vanagon-westfalia/b2TC6xmBZAf75Au5a6oo9n,23000,217000.0,oaklandlakemerritt/grand
2002 Toyota Corolla Le - Clean Title - Passed Smog,https://www.craigslist.org/view/d/san-jose-2002-toyota-corolla-le-clean/7Y95DYSkr5YxmxoRnJqcgq,2899,141000.0,sanjosedowntown
"Sport – Clean Title – New Tires – $10,000 Obo",https://www.craigslist.org/view/d/san-jose-sport-clean-title-new-tires-obo/33AUomsD48asm2EyhUzLA5,10000,219000.0,SanJose
2010 Toyota Corolla S,https://www.craigslist.org/view/d/santa-rosa-2010-toyota-corolla/5wniRFDJSvLN1D9caMqqca,4995,178000.0,SantaRosa
2023 P400Se Range Rover Land Rover,https://www.craigslist.org/view/d/alamo-2023-p400se-range-rover-land-rover/oTRMSFypx9JUdsCKSi9nYF,79000,47000.0,danville/sanramon
2017 Lexus Gs350 F Sport (Low Miles),https://www.craigslist.org/view/d/oakland-2017-lexus-gs350-sport-low-miles/usbpPeNqEdaWCoRctW19ms,32500,43000.0,Alameda
"2010 Subaru Impreza Outback Sport Wagon, Awd, Automatic",https://www.craigslist.org/view/d/oakland-2010-subaru-impreza-outback/u2d9XUvTyN4HLwQgYd9JnJ,4200,179000.0,berkeley
Honda Hrv 2016,https://www.craigslist.org/view/d/san-rafael-honda-hrv-2016/pcb3373muDqVm4rmUvSurg,11900,140000.0,SanRafael
For Sale 2008 Honda Civic,https://www.craigslist.org/view/d/sunnyvale-for-sale-2008-honda-civic/pwCUggH4AhYQYixetejJX7,2500,262000.0,sunnyvale
2012 Nissan Altima  96K Miles,https://www.craigslist.org/view/d/union-city-2012-nissan-altima-96k-miles/e7vxTuDeTTs9LAYRrQwZDv,5700,96000.0,fremont/unioncity/newark
"2018 Completely Decked Out Food Trailer With Van, And Food Insignia",https://www.craigslist.org/view/d/san-anselmo-2018-completely-decked-out/oMzVz2tzsDkqw4tMgk6URF,45000,1000.0,sananselmo
2016 Audi 3.0T Premium Plus Sport,https://www.craigslist.org/view/d/san-jose-2016-audi-30t-premium-plus/fQTNULuzvVs33MKBWUfqUy,9950,153000.0,sanjosesouth
2014 Bmw M5-41K Miles,https://www.craigslist.org/view/d/saratoga-2014-bmw-m5-41k-miles/g69Scgt5oRHnMpuS2k8T8o,43988,41000.0,saratoga
2006 Acura Rsx Type S,https://www.craigslist.org/view/d/fremont-2006-acura-rsx-type/fwY9eYFDxrVpdX1BzZZ3fm,11500,170000.0,Fremont
"1976 Ford F250, With A 460 V8",https://www.craigslist.org/view/d/san-anselmo-1976-ford-f250-with-460-v8/gCA2CbHbVTQf5gnb4KQpjv,7000,75000.0,sananselmo
2004 Toyota Tundra Working Truck With Toolbox - Good Negine,https://www.craigslist.org/view/d/richmond-2004-toyota-tundra-working/iesv8RF6cGJh1Ka3zHtCfF,4600,327000.0,richmond/point/annex
2013 Toyota Sienna,https://www.craigslist.org/view/d/berkeley-2013-toyota-sienna/nxKURi9EeEs3GwHWZsPY9k,16000,100000.0,berkeley
2017 Toyota 4Runner - 60K Miles - Trd “Pro”,https://www.craigslist.org/view/d/san-francisco-2017-toyota-4runner-60k/s9V3zy9FNfJqLqTUZoDgAH,36500,62000.0,SOMA/southbeach
Land Rover,https://www.craigslist.org/view/d/san-jose-land-rover/jwGQYRLRjcjE31Z66qgkjj,5000,120000.0,sanjosenorth
*** 2008 Rangerover Supercharged L322  ***  Priced To Sell,https://www.craigslist.org/view/d/san-ramon-rangerover-supercharged-l322/aG1oWK2KWR6ENZoCrfmtA1,7800,139000.0,sanramon
2013 Chevrolet Sliverado 3500Hd,https://www.craigslist.org/view/d/sebastopol-2013-chevrolet-sliverado/rb3djquQn34P1hQtm41j6G,15500,151000.0,santarosa
2012 Porsche Cayenne Sport Utility 4D,https://www.craigslist.org/view/d/los-altos-2012-porsche-cayenne-sport/qG3A9ezLwzM7hGHBGBu5Ui,10000,131000.0,LosAltos
2012 Ford F450 Super Duty Diesel Low Miles,https://www.craigslist.org/view/d/walnut-creek-2012-ford-f450-super-duty/aWoJUss7jm2w58Fwu4XYvC,16900,95000.0,concord/pleasanthill/martinez
2012 Hyundai Sonata Hybrid Blue Drive,https://www.craigslist.org/view/d/el-cerrito-2012-hyundai-sonata-hybrid/qHkBkAsZmqMsrMF9deo22H,4700,167000.0,albany/elcerrito
2019 Bmw 540I M Sport Sedan,https://www.craigslist.org/view/d/santa-rosa-2019-bmw-540i-sport-sedan/sDbfEHdbbYMcUYbhKLUuAY,28000,47000.0,santarosa
2010 Honda Civic,https://www.craigslist.org/view/d/san-rafael-2010-honda-civic/fv81GcrJGboWTmjb6CuTss,3200,159000.0,sanrafael
2010 Toyota Rav4 With 4Wd,https://www.craigslist.org/view/d/san-francisco-2010-toyota-rav4-with-4wd/b3VPbUANFL7fCDvijrDto8,7500,162000.0,SanFrancisco
2002 Buick Rendezvous Cxl Awd – 3Rd Row – One Owner,https://www.craigslist.org/view/d/redwood-city-2002-buick-rendezvous-cxl/6Xi3Db7oUJn2YDG8eBVhb5,2800,180000.0,RedwoodCity
2013 Ford F150 King Ranch,https://www.craigslist.org/view/d/lafayette-2013-ford-f150-king-ranch/q6duZNEe1b7nYWX8Gyi6BV,20800,52000.0,lafayette/orinda/moraga
2015 Mercedes E350,https://www.craigslist.org/view/d/mountain-view-2015-mercedes-e350/1PntR9Cz1RfXF26rwbhJom,10799,139000.0,mountainview
"2012 Nissan Altima 2.5S - Well Maintained, 1 Owner.",https://www.craigslist.org/view/d/vacaville-2012-nissan-altima-25s-well/jB9pL4nuD34R6a6HFkbSuF,3900,155000.0,fairfield/vacaville
2009 Infinit Fx 35 Awd Clean Title,https://www.craigslist.org/view/d/fairfield-2009-infinit-fx-35-awd-clean/hnTxZ2FWDaYag6MEALmmgw,5950,160000.0,fairfield/vacaville
2014 Honda Pilot 3.5L V6 Super Clean,https://www.craigslist.org/view/d/martinez-2014-honda-pilot-35l-v6-super/uBvy4SAqzibJFjKevz7xzv,16700,52000.0,concord/pleasanthill/martinez
"***2007 Mercedes-Benz Clk350 Coupe 170K, Auto,Reg,Runs And Drives***",https://www.craigslist.org/view/d/fremont-2007-mercedes-benz-clk350-coupe/wCjT5XB3eeXRFuPSWGZSfW,1250,174000.0,Fremont
2007 Lexus Es350,https://www.craigslist.org/view/d/vallejo-2007-lexus-es350/aeJdDMbpwDMzdoaxpB5fJd,3800,245000.0,northbay/marin
Bmw X5 M50I,https://www.craigslist.org/view/d/fremont-bmw-x5-m50i/4sAHB6QLGYNpstEvQgY9cU,32000,110000.0,alameda
2015 Nissan Leaf All Electric Runs Great Very Reliable,https://www.craigslist.org/view/d/dublin-2015-nissan-leaf-all-electric/dW2iHZaQErw2f9qDNbzctH,3500,115000.0,dublin/pleasanton/livermore
Dodge Ram 2500,https://www.craigslist.org/view/d/walnut-creek-dodge-ram-2500/2eLJtTpiSCpqEFXCbG7KtD,6500,114000.0,concord/pleasanthill/martinez
Low Mileage Clean Title Toyota Prius,https://www.craigslist.org/view/d/san-jose-low-mileage-clean-title-toyota/mxDuppjk7XyExan53weM4j,3000,150000.0,SanJose
"2011 Mazda3 I – Runs And Drives – Mechanic Special – $1,500 Obo",https://www.craigslist.org/view/d/san-carlos-2011-mazda3-runs-and-drives/mxxryTmtAgWuDiN7pKA4n8,1500,286000.0,sancarlos
1996 Lexus Ls400,https://www.craigslist.org/view/d/oakland-1996-lexus-ls400/bGKthXMor9dTazrdevQ5qp,6500,231000.0,oaklandeast
1956 Cadillac Coupe,https://www.craigslist.org/view/d/sebastopol-1956-cadillac-coupe/4evRjAGYJwiAb6VJ5wF4Lw,15500,128000.0,northbay/marin
2002 Dodge Dakota Sport 5-Speed Manual – V6 – 100K Miles – Clean Title,https://www.craigslist.org/view/d/oakland-2002-dodge-dakota-sport-speed/mRy7wefnzuJp7JybhJYx2y,5500,103000.0,Alameda
2008 Bmw 328I Clean Title,https://www.craigslist.org/view/d/oakland-2008-bmw-328i-clean-title/vb9G2B6xrS4b4ozvG3isSR,5500,122000.0,Alameda
"2004 Dodge Dakota Sport Quad Cab 4X4 — 4.7 V8, 77K Miles, Rust-Free Ca",https://www.craigslist.org/view/d/inverness-2004-dodge-dakota-sport-quad/pNHc9zfe9QL2o8cUwqaVsN,9500,77000.0,westmarin
2007 Ford Expedition Xlt/Registration Renewed! Title & Smog In Hand!,https://www.craigslist.org/view/d/brentwood-2007-ford-expedition-xlt/pdT81W1RBVSPRgVYLpgBme,2500,177000.0,brentwood/oakley
2017 Ford Escape Se. Super Clean Great Gas Milesge,https://www.craigslist.org/view/d/san-rafael-2017-ford-escape-se-super/qoc1KkvZqy28opeF1fMdpX,7200,129000.0,sanrafael
"Volkswagen Jetta Se Tsi Beautiful!! 82, 575 Miles 2017 Powerful!!!",https://www.craigslist.org/view/d/san-rafael-volkswagen-jetta-se-tsi/2opH7zsrFPaXp8TgaTaeU2,8800,83000.0,sanrafael
2006 Mazda Mx-5,https://www.craigslist.org/view/d/oakland-2006-mazda-mx/7AheuucbU8rLMDnSwFm1zp,8000,178000.0,Oakland
2015 Masertai Quattroporte Gts - Ferrari Twin Turbo V8 - Luxury Sedan,https://www.craigslist.org/view/d/milpitas-2015-masertai-quattroporte-gts/cdPBcu8bvnx7wPVoBSR4F8,30000,87000.0,milpitas
1974 Corvette 454,https://www.craigslist.org/view/d/clayton-1974-corvette-454/3x9DE1moEBhvHsw9FPWvWh,19500,16000.0,concord/pleasanthill/martinez
1949 International Harvester Pick Up Blown 503 Big Block,https://www.craigslist.org/view/d/santa-rosa-1949-international-harvester/ktQRDqqHWmgvuwqY8TBbLF,22500,85000.0,santarosa
2013 Mini Cooper + Clean Title + Runs Great,https://www.craigslist.org/view/d/santa-clara-2013-mini-cooper-clean/oeFCak9N9Xyaock6UaNAPo,3500,148000.0,santaclara
"2016 Audi A5, Quattro Awd, Under 60K Miles, For Sale.",https://www.craigslist.org/view/d/san-francisco-2016-audi-a5-quattro-awd/c86CptNSvHUaosqRV6mEdN,15000,58000.0,downtown/civic/vanness
2013 Honda Crv Sport Utility - Clean Title,https://www.craigslist.org/view/d/berkeley-2013-honda-crv-sport-utility/tFS8vGRiAYfzucECZUC15b,12700,104000.0,Berkeley
"Low Mileage, 2014 Audi Q5 2.0T Quattro Premium Plus Sport",https://www.craigslist.org/view/d/menlo-park-low-mileage-2014-audi-q5-20t/hMxb7FP7rxJRaCbAEe2f58,11800,75000.0,menlopark
Dodge Challenger Sxt Plus 2022,https://www.craigslist.org/view/d/san-jose-dodge-challenger-sxt-plus-2022/kdjgGxdrnLonP7butwgcps,26000,46000.0,SanJose
2020 Ram 2500 Laramie,https://www.craigslist.org/view/d/brentwood-2020-ram-2500-laramie/aV3UdNiLwGxSb9zWht4dBo,37500,161000.0,brentwood/oakley
2016 Ford F-350 Super Duty Lariat Fx4 Package 6.7 Diesel,https://www.craigslist.org/view/d/talmage-2016-ford-350-super-duty-lariat/8tBoeAiqKPeyb4NZmhVCb2,30000,123000.0,mendocinocounty
Gmc Yukon - Like New,https://www.craigslist.org/view/d/brentwood-gmc-yukon-like-new/akpp1KKkfSLUyjTX6cedZa,12800,89000.0,Brentwood
2013 Nissan Leaf Ev,https://www.craigslist.org/view/d/napa-2013-nissan-leaf-ev/rxhvF7M34zNZFrBKrzvVnN,3500,71000.0,napacounty
2006 Toyota Tundra Limited,https://www.craigslist.org/view/d/berkeley-2006-toyota-tundra-limited/p29FjwvPkDNJReQno9Gsdn,6900,146000.0,berkeley
2002 Camaro Ss,https://www.craigslist.org/view/d/san-lorenzo-2002-camaro-ss/gT2vTK34qWrDLk9XBzDwjo,28,9800.0,SanLorenzo
2021 Tesla Model 3 Long Range – 42K Miles,https://www.craigslist.org/view/d/san-francisco-2021-tesla-model-long/e7EHqSuS6x9WCFCCKGkRHy,23500,42000.0,SanFrancisco
2003 Ford F250 Super Duty,https://www.craigslist.org/view/d/brentwood-2003-ford-f250-super-duty/pU5HhWw8VZYfZVBUMoJb6a,5800,227000.0,brentwood/oakley
01 Toyota Camry 4Cyl Salvage,https://www.craigslist.org/view/d/santa-clara-01-toyota-camry-4cyl-salvage/1JFjWRtJxrc247QRRtBj4T,2100,207000.0,sanjosedowntown
"1987 Volkswagen Vanagon, Type 2, Westfalia Edition",https://www.craigslist.org/view/d/san-francisco-1987-volkswagen-vanagon/4wy2irVEynkWm1EEsxjASJ,20000,215000.0,noevalley
2007 Subaru Forester 5 Speed Manual Clean Title Smog Carfax,https://www.craigslist.org/view/d/pinole-2007-subaru-forester-speed/76KGvkJTV5z8Vt18AcYAco,6000,152000.0,"hercules,pinole,sanpablo,elsob"
1997 Toyota Celica St Limited Edition,https://www.craigslist.org/view/d/novato-1997-toyota-celica-st-limited/xcZVxWKDihnmEpySwQJ88P,4500,168000.0,novato
2011 Bmw 335I M Sport Coupe 6-Speed,https://www.craigslist.org/view/d/moraga-2011-bmw-335i-sport-coupe-speed/33eC689wngUNM7qctiniUz,22000,74000.0,lafayette/orinda/moraga
2013 Honda Civic Lx Sedan 4D,https://www.craigslist.org/view/d/san-francisco-2013-honda-civic-lx-sedan/wox2m1aSdAaBUZFNQhpw2R,7495,178000.0,missiondistrict
Mopar Parts - Challenger - Charger - Cuda And More!!,https://www.craigslist.org/view/d/santa-rosa-mopar-parts-challenger/aHRh5rQdTcSsJ2H3KV3Mod,100,1968.0,santarosa
2014 Cadillac Ats 2.0L Turbo,https://www.craigslist.org/view/d/livermore-2014-cadillac-ats-20l-turbo/9vFoxsfCBWnadwz98HTT43,6500,155000.0,Livermore
"Classic Ford Performance Parts – Shelby, Fe, Mustang, Cobra, 427",https://www.craigslist.org/view/d/santa-rosa-classic-ford-performance/te34E2aArKvc3HQtqGtcEo,100,1969.0,santarosa
2017 Ford F-250 Lariat Fx4 6.7L Power Stroke Diesel 4X4,https://www.craigslist.org/view/d/santa-clara-2017-ford-250-lariat-fx4/sfafvagKhDydA2cRQ2TFC9,45000,154000.0,SantaClara
2004 Nissan Armada,https://www.craigslist.org/view/d/san-pablo-2004-nissan-armada/9kvEL5uGAwXV3959UKJ3d9,2000,180000.0,"hercules,pinole,sanpablo,elsob"
Rare Fiberglass Luggage Trailer – Perfect For Classic Cars & Car Shows,https://www.craigslist.org/view/d/el-verano-rare-fiberglass-luggage/nrQGLJ5pQzdWK2PYLzFPmu,1650,1000.0,sonoma
2020 Cadillac Escalade Esv Platinum. 1 Owner. 80K Miles. Great Shape,https://www.craigslist.org/view/d/concord-2020-cadillac-escalade-esv/kZbkUjjcLYaA7imxQhjgnR,36999,80000.0,concord/pleasanthill/martinez
2005 Honda Accord (Bronze),https://www.craigslist.org/view/d/san-pablo-2005-honda-accord-bronze/fiW9yzRx4Ze4AhrRvzn9WM,1800,301000.0,"hercules,pinole,sanpablo,elsob"
2001 Ford F150 7700 Xlt Triton-Zombie Apocalypse Propane/Gas Powered,https://www.craigslist.org/view/d/santa-rosa-2001-ford-xlt-triton-zombie/dLnFt9XuE7LRRqrRKcCCQD,4000,64000.0,santarosa
2007 Lexus Gs350,https://www.craigslist.org/view/d/hayward-2007-lexus-gs350/6fKAsBDgfZ1axdnaNLX1JT,6900,140000.0,hayward/castrovalley
1972 El Canino,https://www.craigslist.org/view/d/knightsen-1972-el-canino/bb9TApS2rAJQeHkQZ3vbgy,7000,10000.0,brentwood/oakley
1989 Bmw 535I E34   Registered And Driving,https://www.craigslist.org/view/d/san-leandro-1989-bmw-535i-e34/inAZoFExDq4mwLBDYKnHfr,6500,236000.0,sanleandro
Eurovan Winnebego Camper Well Loved!,https://www.craigslist.org/view/d/palo-alto-eurovan-winnebego-camper-well/mcaZ8BUmarhxDtCUEUPqou,23000,155000.0,paloalto
2014 Hyundai Elantra,https://www.craigslist.org/view/d/vallejo-2014-hyundai-elantra/7mLwgkHPVA6vShKZvaaLBq,4300,129000.0,vallejo/benicia
2020 Toyota Camry Hybrid _Hybrid__One Owner__113Km__,https://www.craigslist.org/view/d/fremont-2020-toyota-camry-hybrid/ewiCSmiLHyveHgKZ1RN6Wo,13500,113000.0,fremont/unioncity/newark
2014 Toyota Tundra/Tune M1 Popup,https://www.craigslist.org/view/d/port-costa-2014-toyota-tundra-tune-m1/nyY6TpiVGjHuihiEueaGgT,60000,44000.0,vallejo/benicia
2013 Nissan Juke (Nismo),https://www.craigslist.org/view/d/san-mateo-2013-nissan-juke-nismo/4bdUBQwDYcZ8dccDtM8fge,5800,92000.0,sanmateo
2016 Vw Jetta Gli Se - 2.0L Turbo ~88K Miles,https://www.craigslist.org/view/d/antioch-2016-vw-jetta-gli-se-20l-turbo/8EoudHD4QJjRax9aatenij,12500,86000.0,brentwood/oakley
2018 Honda Clarity Plug-In~~Hybrid-~~38000 Miles__Limited Edition,https://www.craigslist.org/view/d/fremont-2018-honda-clarity-plug/vPTT1LfD2789WpSGoNGxSe,13500,38000.0,fremont/unioncity/newark
2022 Toyota Prius Hybrid~30.000~Miles~~Navigation~Backcamera~Loaded,https://www.craigslist.org/view/d/fremont-2022-toyota-prius/cqeNR1hXYWij6N8vaw9jrP,16500,30000.0,fremont/unioncity/newark
2022 Toyota Prius Hybrid~30.000~Miles~~Navigation~Backcamera~Loaded,https://www.craigslist.org/view/d/san-francisco-2022-toyota-prius/1iCX1rzJph4wTDzqiT5sqx,16500,30000.0,BAYAREA
2022 Hyundai Ioniq Hybrid_Blue_96000Km__Fully_Loaded_By Owner,https://www.craigslist.org/view/d/san-francisco-2022-hyundai-ioniq/4RMwqiHsUcjzgAk84gf72w,12000,96000.0,BAYAREA
2022 Hyundai Santa Fe Sel Plug-In Hybrid Awd • 30-Mile Ev Range,https://www.craigslist.org/view/d/cotati-2022-hyundai-santa-fe-sel-plug/rCQcmBaxKa5VUfRnD2SVS4,23800,54000.0,santarosa
Mechanic Special 2003 Acura Mdx,https://www.craigslist.org/view/d/fremont-mechanic-special-2003-acura-mdx/sbK9oJG8fg72kTvmtydQfy,900,199000.0,Fremont
"2005 Ford Focus Hatchback, 5 Speed Manual",https://www.craigslist.org/view/d/san-jose-2005-ford-focus-hatchback/c2bn3BswpcSWA8ZK5ZhDVd,2000,161000.0,willowglen/cambrian
1999 Ford Ranger 37K Miles! Manual Transmission,https://www.craigslist.org/view/d/livermore-1999-ford-ranger-37k-miles/tFcAEamH6vg3nN7KmvhTxT,9500,37000.0,Livermore
"2013 Kia Rio Ex – Original Owner – Bright Silver – $5,900 (As‑Is)",https://www.craigslist.org/view/d/san-francisco-2013-kia-rio-ex-original/pAsa8ha71W99sgkxD9nSQT,5900,52000.0,missiondistrict
Mercedes Cla 250 Coupe,https://www.craigslist.org/view/d/sunnyvale-mercedes-cla-250-coupe/8PjhS2u85nTX8j56KdU3QW,9000,115000.0,Sunnyvale
2004 Volkswagen Passat Gls 2004,https://www.craigslist.org/view/d/san-francisco-2004-volkswagen-passat/2mDiEjuGoJhmU9qkaV6ak2,1799,177000.0,alamosquare/nopa
2009 Bmw 328I E90,https://www.craigslist.org/view/d/san-bruno-2009-bmw-328i-e90/6mw882XYRC3bJ4nEzW7kkA,5900,115000.0,sanbruno
Toyota Sequoia 2005,https://www.craigslist.org/view/d/pittsburg-toyota-sequoia-2005/iUpFpxWLwuFcLZFwsHjcFY,5500,200000.0,Pittsburgh
Tesla S75 --> Super Low Miles/Loaded / Fill Up Under $30 !!!,https://www.craigslist.org/view/d/burlingame-tesla-s75-super-low-miles/2ab3qR8R784rzB2nu7DShR,30500,38000.0,Hillsborough
2005 Mercedes Benz Slk 350,https://www.craigslist.org/view/d/hayward-2005-mercedes-benz-slk-350/eU1BgK4U9sRZAm3RBDx2o7,5900,121000.0,alameda
1991 Nissan 240Sx,https://www.craigslist.org/view/d/mountain-view-1991-nissan-240sx/4oUpNHEus68tYuZnmTyiMf,20000,123000.0,mountainview
2016 Bmw 340I M-Sport,https://www.craigslist.org/view/d/oakland-2016-bmw-340i-sport/2UgFsGTCpu25HzHAjH2Uhw,19000,106000.0,oaklanddowntown
2002 Bmw M3,https://www.craigslist.org/view/d/moreno-valley-2002-bmw-m3/gEw7vMLih5W73Zt3ebhVPY,12900,197000.0,cityofsanfrancisco
2020 Mercedes-Benz Glc Amg 350E Eq-Power 4Matic,https://www.craigslist.org/view/d/san-jose-2020-mercedes-benz-glc-amg/8hmddbViZD8gd81c9po8yE,19000,73000.0,sanjosesouth
2016 Honda Odysey,https://www.craigslist.org/view/d/san-jose-2016-honda-odysey/sLX2zgRTHJKCu8cuMzxWAF,11100,86000.0,sanjosedowntown
2016 Audi Q3 Premium Plus Awd,https://www.craigslist.org/view/d/san-mateo-2016-audi-q3-premium-plus-awd/vkc5gnEWLy6KN4oA7GzVGh,10000,104000.0,burlingame
2007 Honda Pilot Ex-L Suv,https://www.craigslist.org/view/d/san-francisco-2007-honda-pilot-ex-suv/eXqvmJA7WwZepiqeFooDpR,4999,215000.0,westportal/foresthill
"1986 Vw Westfalia Camper - Manual, Well Maintained - $23,900",https://www.craigslist.org/view/d/berkeley-1986-vw-westfalia-camper/b7cL74JFVp43txbmVf7snZ,23900,163000.0,Berkley
"2009 Honda Cr-V — Solid, Reliable Suv (Carmax Appraised ""Good"")",https://www.craigslist.org/view/d/martinez-2009-honda-cr-solid-reliable/f9bo7esEjXz8Dm9Re9FMbM,6500,184000.0,concord/pleasanthill/martinez
Mechanics Special Dodge 2500,https://www.craigslist.org/view/d/watsonville-mechanics-special-dodge-2500/hiHgsZB3kYbrF9TeeBxEY5,4000,223000.0,watsonville
1986 Vw Cabriolet,https://www.craigslist.org/view/d/berkeley-1986-vw-cabriolet/rDfT9dxoxQ2P5TEioHnW8r,12500,161000.0,dublin/pleasanton/livermore
2005 Chevy Suburban Z71,https://www.craigslist.org/view/d/alameda-2005-chevy-suburban-z71/j83eTwrfrMb2cD1N6Rz9Ls,10800,224000.0,alameda
2007 Toyota Tacoma Access Cab - 5-Speed Manual Transmission,https://www.craigslist.org/view/d/novato-2007-toyota-tacoma-access-cab/wpx5jxBMmzz6h5GwjCyA1c,8499,210000.0,novato
2014 Chrysler 200 S,https://www.craigslist.org/view/d/san-ramon-2014-chrysler-200/uhPZzBeC4NQ43AjPsxfiUg,7000,64000.0,eastbayarea
2013 Ford Focus,https://www.craigslist.org/view/d/napa-2013-ford-focus/6haoWLVSUhQisMSPQTo2Ye,3500,170000.0,napacounty
2000 Mazda Miata 5Spd Tasty Upgrades Looking For 50/50 Split For Track,https://www.craigslist.org/view/d/santa-rosa-2000-mazda-miata-5spd-tasty/gho7jHSXrD8uiFaryAAPRD,9000,223000.0,santarosa
2013 Ford Focus Se,https://www.craigslist.org/view/d/san-rafael-2013-ford-focus-se/i22EpkArj3GzdL8FiWTHv1,7000,86000.0,sanrafael
2020 Toyota Corolla Hybrid,https://www.craigslist.org/view/d/soquel-2020-toyota-corolla-hybrid/jsqDci1ctCsv4Kgs3xQtFF,18000,84000.0,soquel
"Vw Eurovan 1995 138,000 Miles",https://www.craigslist.org/view/d/santa-cruz-vw-eurovan-miles/dZA5DqmzX4GAhLLAWRSjhm,23000,138000.0,santacruz
"Vw Eurovan 1995 138,000 Miles",https://www.craigslist.org/view/d/santa-cruz-vw-eurovan-miles/dxyQDNmtfA27Gk7R1agond,23000,138000.0,santacruz
1929 Model A 4 Door Project Car.,https://www.craigslist.org/view/d/montara-1929-model-4-door-project-car/q2j8KpXNAbSt7EQAnjgYi9,2750,1000.0,halfmoonbay
2006 Dodge Ram 2500 Diesel,https://www.craigslist.org/view/d/brentwood-2006-dodge-ram-2500-diesel/qwopoC9g79BGsurPcanuPe,15000,146000.0,Brentwood
Toyota Rav4 2011,https://www.craigslist.org/view/d/fremont-toyota-rav4-2011/f6CP7SgAnHYUdKp7kNWpD8,7000,131000.0,alameda
2005 Honda Crv Awd 113K Miles,https://www.craigslist.org/view/d/san-francisco-2005-honda-crv-awd-113k/kLsYqxg6PUZ7GdwsxzauFd,7000,113000.0,russianhill
1998 Ford F150 Xlt,https://www.craigslist.org/view/d/redwood-city-1998-ford-f150-xlt/nDdmVETWVccyq9mD1gBgGQ,900,240000.0,redwoodcity
2017 Dodge Durango Gt Awd Mechanics Special Clean Title,https://www.craigslist.org/view/d/vallejo-2017-dodge-durango-gt-awd/wb81iedrPzXuTRk3VqJRPX,10000,138000.0,vallejo/benicia
2003 Hummer H2,https://www.craigslist.org/view/d/palo-alto-2003-hummer-h2/7Z2u3frkQTnPHKivHjZMun,10500,120000.0,paloalto
05 Lexus Gx470 4X4 Clean Beast Runs Great,https://www.craigslist.org/view/d/fremont-05-lexus-gx470-4x4-clean-beast/hoGaJ2mzzfcZ3WGAu28gay,9999,191000.0,fremont/unioncity/newark
2010 Lexus Gx460 - Overland-Ready,https://www.craigslist.org/view/d/redwood-city-2010-lexus-gx460-overland/aAXPHVwxG5zxyUJDKHAxFc,25000,128000.0,RedwoodCity
2015 Subaru Wrx -Limited,https://www.craigslist.org/view/d/napa-2015-subaru-wrx-limited/a8r93K2tMxZLj7iHP4GjGo,15500,98000.0,napacounty
1973 Dodger Challenger,https://www.craigslist.org/view/d/morgan-hill-1973-dodger-challenger/mw1qYuSNxDWZcqfta929KU,35000,100000.0,morganhill
80 Cj7 Awesome Loaded Auto Low Orig Miles,https://www.craigslist.org/view/d/morgan-hill-80-cj7-awesome-loaded-auto/3YT7FTWc8uA6wPHmNCLpZE,11000,41000.0,morganhill
2007 Mercedes Benz 550 Sl,https://www.craigslist.org/view/d/concord-2007-mercedes-benz-550-sl/gXjjSi1PF14x34hv97znKk,9162,138000.0,walnutcreek
2014 Awd Dodge Durango Limited,https://www.craigslist.org/view/d/hayward-2014-awd-dodge-durango-limited/o2pyHy47uEUcXwsq35w7Hr,10500,124000.0,Hayward
2009 Jeep Rubicon 88K Miles 6Spd,https://www.craigslist.org/view/d/watsonville-2009-jeep-rubicon-88k-miles/a4K7pNUtNXJv8iASzfw4rm,16500,88000.0,aptos
1983 Mercedes-Benz 280Sl Euro Model R107,https://www.craigslist.org/view/d/san-jose-1983-mercedes-benz-280sl-euro/mX8vt52bDJsicLDyBv9oqn,6499,199000.0,sanjosedowntown
2005 Toyota Corolla (Very Low Mileage And Upgraded!),https://www.craigslist.org/view/d/vallejo-2005-toyota-corolla-very-low/dR4KtH2XxQFhwXgXoS2toC,9500,41000.0,vallejo/benicia
2018 Chevrolet Silverado 4Wd Ltz - Excellent Condition,https://www.craigslist.org/view/d/millbrae-2018-chevrolet-silverado-4wd/oZLXPtCMMG1Hbw22YnpKHH,26400,49000.0,millbrae
Honda Crx 1989,https://www.craigslist.org/view/d/danville-honda-crx-1989/drewbGSyn4yV2SXWsbpF1C,3500,278000.0,danville/sanramon
"2021 Porsche Macan, Fantastic Condition, Very Low Milage",https://www.craigslist.org/view/d/san-mateo-2021-porsche-macan-fantastic/tzKae6kda1hKkWRFFc35HT,34250,36000.0,fostercity
2020 Ford F-250 Super Duty Xl Stx Supercab 4X4,https://www.craigslist.org/view/d/shingle-springs-2020-ford-250-super/8uynog8WRXsNLVRtBwD6Ko,41000,87000.0,fremont/unioncity/newark
Rare & Excellent 87 Lariat Xlt F250 4X4 Std Cab Long Bed,https://www.craigslist.org/view/d/watsonville-rare-excellent-87-lariat/92Ajyp2QJgACxfM593Znoh,19500,89000.0,watsonville
2020 Ford F-250 Super Duty Xl Stx Supercab 4X4,https://www.craigslist.org/view/d/shingle-springs-2020-ford-250-super/sxQKrq7facVCCNVfYYJj1B,41000,87000.0,fairfield/vacaville
Like New 2024 Volkswagen Tiguan Awd Ready For The Road,https://www.craigslist.org/view/d/novato-like-new-2024-volkswagen-tiguan/spz6MWtrJKbC49H2ziMdQm,16907,29000.0,cityofsanfrancisco
2020 Ford F-250 Super Duty Xl Stx Supercab 4X4,https://www.craigslist.org/view/d/shingle-springs-2020-ford-250-super/7tkVkwv6DQpzK5mFLV1B6c,41000,87000.0,sanjosenorth
2015 Jeep Compass - Altitude,https://www.craigslist.org/view/d/rodeo-2015-jeep-compass-altitude/kNkdazYvAyG4kvoyRSY81t,3000,104000.0,"hercules,pinole,sanpablo,elsob"
2015 Subaru Forester,https://www.craigslist.org/view/d/oakland-2015-subaru-forester/gx8Dmk5BvYkajvCQoqNihL,4750,188000.0,oaklandrockridge/claremont
2015 Honda Accord First Owner Ex-L Model,https://www.craigslist.org/view/d/holt-2015-honda-accord-first-owner-ex/jaKaHPqTsVDmcVqiShtiuB,9900,182000.0,hayward/castrovalley
2011 Mercedes-Benz E Cls 4D 350,https://www.craigslist.org/view/d/san-jose-2011-mercedes-benz-cls-4d-350/swdLBNEohv2duLzZgZtJYV,6289,111000.0,sanjosenorth
Jeep Wrangler,https://www.craigslist.org/view/d/soquel-jeep-wrangler/cJvKRw8HWVMMrqMgD7A6aU,14500,124000.0,santacruzco
"2004 Mercedes Benz Clk320 Coupe - Clean Title , Smogged , Runs Great",https://www.craigslist.org/view/d/san-jose-2004-mercedes-benz-clk320/548UzmPebEMUBR4J8ApNrC,4895,175000.0,sanjoseeast
Tesla S 85 Free Supercharging,https://www.craigslist.org/view/d/san-mateo-tesla-85-free-supercharging/8bZzBUnKrrEu4szdzCA2UC,16988,116000.0,burlingame
2008 Mazda Mx-5 Miata Grand Touring - 6-Speed Manual,https://www.craigslist.org/view/d/san-francisco-2008-mazda-mx-miata-grand/1xEJZ9FH3HNz3hRZVUtbuK,9500,102000.0,SOMA/southbeach
Subaru Forester,https://www.craigslist.org/view/d/belmont-subaru-forester/dQpuJqoHPCaFFPrsG3saYu,12950,96000.0,Belmont
2018 Jeep Cherokee,https://www.craigslist.org/view/d/gilroy-2018-jeep-cherokee/5c7LXnRoABTiHrK8XrCq4X,15000,80000.0,gilroy
2009 Toyota Prius Hybrid Hatchback - 95 K,https://www.craigslist.org/view/d/berkeley-2009-toyota-prius-hybrid/14y1Z5MZ7P3fzJBbqPHfcE,8800,96000.0,berkeley
1999 Ford Crown Victoria,https://www.craigslist.org/view/d/oakland-1999-ford-crown-victoria/wHvpZ68TfWuTomTnbPSYMh,3200,100000.0,Oakland
1996 Chevrolet Caprice 9C1 Police Package,https://www.craigslist.org/view/d/san-francisco-1996-chevrolet-caprice/omXJncdUvw5sdiP8KPUHED,9500,160000.0,ingleside/SFSU/CCSF
Mercedes-Benz S550,https://www.craigslist.org/view/d/fremont-mercedes-benz-s550/hJsrLk7tJk4szzQhNECVKY,15250,73000.0,fremont/unioncity/newark
2010 Ford Taurus,https://www.craigslist.org/view/d/napa-2010-ford-taurus/ucHGRxvgGxDSAdFJxkQaXt,5500,111000.0,napacounty
"2014 Chevy Cruze…Low Miles,Runs Great!",https://www.craigslist.org/view/d/oakland-2014-chevy-cruzelow-milesruns/r5cUg69iL3syHVjF3GazVK,1600,83000.0,oaklanddowntown
Toyota Puckup (1991) 4X4,https://www.craigslist.org/view/d/santa-rosa-toyota-puckup-x4/giKXrvrJFvxehajtNVyZRD,12500,40000.0,santarosa
2010 Toyota Sienna Le,https://www.craigslist.org/view/d/sausalito-2010-toyota-sienna-le/kD5mVPt7TRpjznGddwHxSt,9500,105000.0,Sausalito
2012 Gmc Arcadia Slt 90K Miles,https://www.craigslist.org/view/d/hayward-2012-gmc-arcadia-slt-90k-miles/jy8gQyRJuC9MnsYWn57KA7,4200,90000.0,hayward/castrovalley
2006 Honda Crv Lx Sport Awd,https://www.craigslist.org/view/d/richmond-2006-honda-crv-lx-sport-awd/tAbgaX8Hxb4qZtdjhGrp6E,3100,310000.0,Richmond
2001 Dodge Ram 2500,https://www.craigslist.org/view/d/martinez-2001-dodge-ram-2500/bFLaKkGHb8cp15WNT9FUgy,20000,102000.0,concord/pleasanthill/martinez
"2015 Nissan Leaf S - 57,000 Miles, Clean Ev Hatchback",https://www.craigslist.org/view/d/novato-2015-nissan-leaf-miles-clean-ev/akDFF7k4pRNp5vodiL2sUG,4900,57000.0,novato
1999 4Runner Sr5 4Wd V6,https://www.craigslist.org/view/d/santa-cruz-runner-sr5-4wd-v6/9M18HuyTgdyvs5QUkHrELX,9000,225000.0,santacruz
2017 Dodge Grand Caravan Sxt Wheel Chair Handicap Rear-Entry,https://www.craigslist.org/view/d/santa-cruz-2017-dodge-grand-caravan-sxt/aarkE6LAjYccW1pJPzbhPs,18500,165000.0,santacruz
2018 Ford Fusion,https://www.craigslist.org/view/d/burlingame-2018-ford-fusion/prRu4g2gJZYPrMk8iXwfYz,4900,180000.0,burlingame
"2024 Ford F-150 Xlt Crew Cab 4X4 – V8, Fx4, 32K Highway Miles",https://www.craigslist.org/view/d/los-gatos-2024-ford-150-xlt-crew-cab/uVpbaD6K69SkSGNJi9hCEc,47900,32000.0,santaclara
Ford F-150 Xl Supercab Rwd,https://www.craigslist.org/view/d/concord-ford-150-xl-supercab-rwd/4mNGqkAwBZUxPpUxcLHgUL,21000,65000.0,concord/pleasanthill/martinez
1993 Alfa Romeo Spider Veloce,https://www.craigslist.org/view/d/el-verano-1993-alfa-romeo-spider-veloce/hE5prWAJXhia2aHRFUvUUv,19000,43000.0,sonoma
"Honda Pilot W Leather Seats, Dvd/ Cd, Pink Slip, Service Records",https://www.craigslist.org/view/d/south-san-francisco-honda-pilot-leather/8MFYRZT8nHCnidZDs7t9t6,3499,237000.0,southsanfrancisco
Caravan,https://www.craigslist.org/view/d/san-francisco-caravan/nwpkZCYR5GTkeyqFZHimoe,8500,90000.0,downtown/civic/vanness
Honda Accord 2019 Ex,https://www.craigslist.org/view/d/san-francisco-honda-accord-2019-ex/mfzLHcQY5wpEejwky9hneh,8000,205000.0,marina/cowhollow
Fully Loaded Clean Honda 2009 Pilot W Leather Seats & Dvd/Cd,https://www.craigslist.org/view/d/san-francisco-fully-loaded-clean-honda/9Wk1QxKntcBjEEJ1HJc2yN,3499,237000.0,bernalheights
2006 Honda Pilot Ex-L 4Wd,https://www.craigslist.org/view/d/redwood-city-2006-honda-pilot-ex-4wd/6pj5gNqQbhbQDGxvvWhYrY,3800,251000.0,redwoodcity
2000 Ford E-350 Xlt Passenger Van 5.4 L V8 Runs And Drives Excellent,https://www.craigslist.org/view/d/concord-2000-ford-350-xlt-passenger-van/84qvFbDtUL3xB7MZPAUZ7p,7800,116000.0,concord/pleasanthill/martinez
2020 Model X Long Range Plus Awd Dual Motor,https://www.craigslist.org/view/d/fairfax-2020-model-long-range-plus-awd/8FUkVX2fiuDNMesuq2etMr,39500,52000.0,fairfax
Concession Food Trailers :: Beverage And Coffee Cart Trailer ::,https://www.craigslist.org/view/d/hollister-concession-food-trailers/f8wWdHw6bLANzno4odnskX,26000,1.0,Hollister
2009  S550 Mercedes,https://www.craigslist.org/view/d/redwood-city-2009-s550-mercedes/dHS6469ytm987kGesuXR8s,5000,157000.0,redwoodcity
2003 Hummer H2,https://www.craigslist.org/view/d/sunnyvale-2003-hummer-h2/7yCppd8y22LVbygmzKXwua,14500,102000.0,sunnyvale
2012 Ford Econoline E 150 Cargo Work Van - Professional,https://www.craigslist.org/view/d/san-francisco-2012-ford-econoline-150/rkM1E3k3uWEVR35qTCAHWE,10900,107000.0,lowerhaight
2018 Kia Soul+ | 46K Miles | New Tires & Battery | Clean Title,https://www.craigslist.org/view/d/los-altos-2018-kia-soul-46k-miles-new/rLAJ9TWieY8KxMoPuAHPJg,12000,47000.0,mountainview
2016 Ford Fusion Energi Titanium Plug-In Hybrid Clean Title Smogged!,https://www.craigslist.org/view/d/tracy-2016-ford-fusion-energi-titanium/aGMA9thSqUuGXaxdAeXUDG,8800,96000.0,Tracy
2012 Toyota Prius Iii Clean Title Carfax Smogged Low Miles 83K,https://www.craigslist.org/view/d/tracy-2012-toyota-prius-iii-clean-title/vr5n8BMsJspvfVJvGcJMNw,9000,83000.0,Tracy
Hyundai Accent 2016,https://www.craigslist.org/view/d/san-bruno-hyundai-accent-2016/pKwkXieGuDoyaRXmeKgao4,3999,148000.0,sanbruno
Smart Car,https://www.craigslist.org/view/d/san-martin-smart-car/8HLGbBActt5nfdGhvJWayR,5500,81000.0,SanMartin
2002 Ford F-150 Xlt,https://www.craigslist.org/view/d/el-verano-2002-ford-150-xlt/jXkfk3hwWotGfB3WPv5zjA,6000,101000.0,ElVerano
"2013 Audi Q5 2.0 Turbo Clean Title, Runs Great",https://www.craigslist.org/view/d/pittsburg-2013-audi-q5-20-turbo-clean/fWFdSFEnjNPb1VA736Qth3,6500,145000.0,pittsburg/antioch
2008 Bmw 528I,https://www.craigslist.org/view/d/belmont-2008-bmw-528i/8GDZjU58TqYjvBwVe1VRci,8500,132000.0,belmont
2018 Toyota Rav4 Le,https://www.craigslist.org/view/d/fremont-2018-toyota-rav4-le/6CX4petS4KhTPreX2eunhA,18500,82000.0,fremont/unioncity/newark
2001 Toyota Tundra Sr5 Access Cab 2Wd 4.7L V8 - 273K,https://www.craigslist.org/view/d/cupertino-2001-toyota-tundra-sr5-access/bDpaDDgjmZWg5vx8VAcvGk,4500,273000.0,cupertino
2017 Acura Mdx,https://www.craigslist.org/view/d/concord-2017-acura-mdx/3UTQCUmroEEpu214UMEtrX,21500,96000.0,concord/pleasanthill/martinez
1993 Accord 4 Door Lx Low Miles,https://www.craigslist.org/view/d/roseville-1993-accord-door-lx-low-miles/mC8hxqbek3BhnQi5SuwbUR,1645,212000.0,Roseville
2016 Nissan Rogue Sl With `Only 50K Original Miles,https://www.craigslist.org/view/d/pleasant-hill-2016-nissan-rogue-sl-with/nshgSMv9hvn5XGSHyQ6A4y,8500,50000.0,concord/pleasanthill/martinez
2017 Audi Q7,https://www.craigslist.org/view/d/oakland-2017-audi-q7/dtdrXgSLQgb7nVS8QFm9Mh,14000,103000.0,lafayette/orinda/moraga
1995 Mercedes Benz E320 W124 Excellent Condition,https://www.craigslist.org/view/d/fremont-1995-mercedes-benz-e320-w124/2a6cMRQTMWSbBM9i7nPuzB,9900,200000.0,fremont/unioncity/newark
"2023 Ford F150, Xlt Super Crew 4 X 4 Super Clean",https://www.craigslist.org/view/d/san-francisco-2023-ford-f150-xlt-super/usPz7skrH1zviokw7ZeCoA,28750,45000.0,SOMA/southbeach
2000 Toyota Tundra Sr5,https://www.craigslist.org/view/d/santa-rosa-2000-toyota-tundra-sr5/cQiJwxucZnEoiMwABMgPJX,4400,276000.0,santarosa
2004 Toyota Sequoia Sr5,https://www.craigslist.org/view/d/mountain-view-2004-toyota-sequoia-sr5/sSeWtwtQbixm61HSHBMfuH,8500,130000.0,southbayarea
"2001 Bmw 740Il Sedan, Silver/Grey, 139K Mi, Ca Car",https://www.craigslist.org/view/d/el-sobrante-2001-bmw-740il-sedan-silver/st4du6JpLDm6deWpCVvFGh,4290,139000.0,"hercules,pinole,sanpablo,elsob"
2021 Bmw 330I,https://www.craigslist.org/view/d/alameda-2021-bmw-330i/h3Zc4TL81bnQvsW5ifXbr2,23995,16000.0,eastbayarea
Very Reliable 2007 Toyota Prius,https://www.craigslist.org/view/d/san-francisco-very-reliable-2007-toyota/8y25taAX9Bz6GEMfkJKEH6,2600,250000.0,SanFrancisco
2012 Dodge Ram 4X4,https://www.craigslist.org/view/d/santa-rosa-2012-dodge-ram-4x4/iMntUNr9Mp1cYzMTHzMy72,9400,116000.0,santarosa
2011 Gmc 2500Hd,https://www.craigslist.org/view/d/felton-2011-gmc-2500hd/heADcEcFSvSvZbbWvjWS4R,28000,226000.0,scottsvalley
2002 Lexus Rx 300 Pearl White All-Wheel-Drive,https://www.craigslist.org/view/d/alameda-2002-lexus-rx-300-pearl-white/outDKX8nAsQHNPwgBAGqX6,3180,172000.0,eastbayarea
2005 Mercedes Benz E320,https://www.craigslist.org/view/d/watsonville-2005-mercedes-benz-e320/hCemgHLmytRv4zdwkcREMb,3000,286000.0,Watsonville
2013 Toyota Yaris Le 2-Door – Automatic – 135K Miles,https://www.craigslist.org/view/d/san-francisco-2013-toyota-yaris-le-door/ttxWpkVJ3ZVE6J9AQo3Vxi,5500,135000.0,missiondistrict
2020 Toyota Rav4 Trd Offroad,https://www.craigslist.org/view/d/felton-2020-toyota-rav4-trd-offroad/ucErPE4N1BRMszdGAo8BG5,30000,95000.0,scottsvalley
Cool Pt Cruiser,https://www.craigslist.org/view/d/fremont-cool-pt-cruiser/mn8VULsMrye53SZ5cyDYxD,2750,164000.0,fremont/unioncity/newark
2015 Ford 550 4X4 Service Truck,https://www.craigslist.org/view/d/scotts-valley-2015-ford-550-4x4-service/dbe2xgyxPJKzEELNvBpKnH,50000,180000.0,scottsvalley
2001 Lexus Rx300 Awd V6,https://www.craigslist.org/view/d/san-rafael-2001-lexus-rx300-awd-v6/8kYHcYbwZmrR8iBg454DHq,4300,222000.0,SanRafael
Low Miles - 2011  2500 Hd Extend Cab,https://www.craigslist.org/view/d/santa-rosa-low-miles-hd-extend-cab/jZtXAdoZAV9Lp21hbomRHi,29500,48000.0,SantaRosa
1951 Ford F-1 Pickup Truck,https://www.craigslist.org/view/d/newark-1951-ford-1-pickup-truck/gkP29sPMSJBp8tZXutwA9i,21500,3300.0,fremont/unioncity/newark
2002 Ford Explorer Sport - Black 4.0L V6 Rwd,https://www.craigslist.org/view/d/hayward-2002-ford-explorer-sport-black/5nKQjWVMaZxr9MHentY6iC,2200,265000.0,Hayward
"2018 Volkswagen Passat Se, Low Miles",https://www.craigslist.org/view/d/danville-2018-volkswagen-passat-se-low/6ic6yccZTLKSWQS8u4CeqZ,14499,29000.0,Danville
2015 Mercedes Gl550 4Matic,https://www.craigslist.org/view/d/union-city-2015-mercedes-gl550-4matic/tTbjXm3zkNVv7ozoGM2TGu,16500,69000.0,Fremont
2019 Honda Crv E-Xl,https://www.craigslist.org/view/d/fremont-2019-honda-crv-xl/rm7zbDUFQbcQAaV2SYq3jf,24900,58000.0,eastbay
Chevrolet Ssr  2004,https://www.craigslist.org/view/d/south-san-francisco-chevrolet-ssr-2004/b6ZYMYehLWtQeiS5XZ2T9R,27500,16000.0,southsanfrancisco
2003 Bmw 330 Ci,https://www.craigslist.org/view/d/freedom-2003-bmw-330-ci/egN3tpDdXUf4h5riVq16CU,8500,131000.0,Freedom
1966 Pontiac Gto Tri-Fuel,https://www.craigslist.org/view/d/aptos-1966-pontiac-gto-tri-fuel/j9WTLLwqaQ2NUAakzgSfLr,82000,100000.0,Aptos
1966 Chevy El Camino Clean Title No Rust Read Entire Ad,https://www.craigslist.org/view/d/san-jose-1966-chevy-el-camino-clean/x3DTetR7jYBgDzB5L4BAgw,9300,66000.0,sanjoseeast
7.3 Turbo Diesel No Smog Requirement,https://www.craigslist.org/view/d/san-bruno-73-turbo-diesel-no-smog/8Sga7dt6m7JZhwRAYYnhqT,12000,132000.0,SanBruno
2008 Mercedes Benz Cl600 Rare V12 Supercar!,https://www.craigslist.org/view/d/berkeley-2008-mercedes-benz-cl600-rare/9cVXD4hR6HDHTTBQoohtB4,12500,122000.0,Albany
"Vintage 1940S Dodge ""Job-Rated"" Truck",https://www.craigslist.org/view/d/emeryville-vintage-1940s-dodge-job/oZyqvAwjFUsEdrGXu4HVS2,2000,100000.0,oaklandwest
2005 Volvo Xc90 Awd,https://www.craigslist.org/view/d/san-jose-2005-volvo-xc90-awd/frMNo8gwysNz88oqRmXqNS,2000,178000.0,sanjosenorth
2013 Lexus Ct 200H Premium Clean Title Fresh Smog 39+ Mpg,https://www.craigslist.org/view/d/oakland-2013-lexus-ct-200h-premium/696BYGqRkjxwsS7LA7ZkZR,6200,205000.0,Oakland
"2015 Audi A4, One Owner Excellent Condition",https://www.craigslist.org/view/d/fremont-2015-audi-a4-one-owner/tH3CsXY4hVzZxhEHL6rsZs,9800,116000.0,fremont/unioncity/newark
1989 Ford F150,https://www.craigslist.org/view/d/petaluma-1989-ford-f150/vnXYsCqfzzykSvphKEgabD,5300,52000.0,petaluma
2016 Jeep Wrangler Unlimited Sport S Suv 4D,https://www.craigslist.org/view/d/san-jose-2016-jeep-wrangler-unlimited/dQjBxXynLbz7fdksvRQTZ8,17250,70000.0,SanJose
2015 Acura Rdx • Sh-Awd Technology Pkg Sport Utility 4D,https://www.craigslist.org/view/d/san-francisco-2015-acura-rdx-sh-awd/hfF3tNaJnpC79sCVBNEkMz,7700,167000.0,SanFrancisco
"2007 Kia Rio , 4 Door Sedan , Low 110 K""  Miles , Smogged ,  4 Cyl",https://www.craigslist.org/view/d/millbrae-2007-kia-rio-door-sedan-low/xc5Pv8K75jKS7AQKi3fX41,3200,110000.0,millbrae
2025 Toyota Camry Se Hybrid,https://www.craigslist.org/view/d/milpitas-2025-toyota-camry-se-hybrid/3SSh8uHVj5jnEi4xCinfH1,28000,18000.0,milpitas
Bmw 330I,https://www.craigslist.org/view/d/windsor-bmw-330i/nBGtanJSM9p1apagqVgeAH,23000,78000.0,healdsburg/windsor
2019 Mercedes Sprinter 2500 12-Passenger High Roof 79K V6 Turbo Diesel,https://www.craigslist.org/view/d/los-gatos-2019-mercedes-sprinter/7vZLvNKhTW1PyeoEuStVNm,43800,79000.0,losgatos
2017 Tesla Model S 75 With Full Self Driving And Free Premium Connectivity For L,https://www.craigslist.org/view/d/san-rafael-2017-tesla-model-75-with/pLFSGCpCrap9kmgo2P59Db,29500,58000.0,SanRafael
2013 Hyundai Sonata Gls – Clean Title – Replacement Engine,https://www.craigslist.org/view/d/san-jose-2013-hyundai-sonata-gls-clean/fZKAjcZYxgUAH8B6ZvDnqj,5200,165000.0,sanjosesouth
1989 Dodge D-Series,https://www.craigslist.org/view/d/walnut-creek-1989-dodge-series/brpFioY4wv1dmV587o9hTb,2000,75000.0,walnutcreek
2015 Acura Mdx Black,https://www.craigslist.org/view/d/san-jose-2015-acura-mdx-black/bw89oEaJEVAWVuXBoy7MoC,6000,177000.0,SanJose
2012 Toyota Sienna @ 13Xxx Miles,https://www.craigslist.org/view/d/san-francisco-2012-toyota-sienna-13xxx/5hJ3KJg9kASLbm4y9mzoTn,12000,135000.0,bernalheights
2011 Mercedes-Benz Sl550,https://www.craigslist.org/view/d/petaluma-2011-mercedes-benz-sl550/rUmakKTMp1Kko48yAo5J2p,13750,140000.0,petaluma
2015 Ford Transit 350,https://www.craigslist.org/view/d/santa-rosa-2015-ford-transit-350/hV4cqcFwyjPNUae53vsHJQ,48000,135000.0,SantaRosa
2013 Audi Q7 S Line Edition,https://www.craigslist.org/view/d/newark-2013-audi-q7-line-edition/jFzpsUEFPgwZGCAGXiED2h,4950,162000.0,Newark
2009 Ford Escape Hybrid – Replacement Engine (70K Miles),https://www.craigslist.org/view/d/el-sobrante-2009-ford-escape-hybrid/7paZhHe5XFfPQHe7cwQTaT,3900,276000.0,ElSobrante
2009 Bmw M3 Coupe • Manual Alpine White/Fox Red Clean,https://www.craigslist.org/view/d/santa-rosa-2009-bmw-m3-coupe-manual/kD17YMujqXoAZ3KKqmGaQ1,36900,72000.0,santarosa
2003 Vw Eurovan,https://www.craigslist.org/view/d/fremont-2003-vw-eurovan/hUjFAG5AXkGQv5ER3cnyop,7500,228000.0,southbayarea
2019 Gem E4 30Mph Electric Club Car Golf Cart Nev Street Legal Radio,https://www.craigslist.org/view/d/long-beach-2019-gem-e4-30mph-electric/8E1GGXqVWv94tacThSw4v4,9800,1900.0,SealBeach
2016 Ford Transit Connect Xlt,https://www.craigslist.org/view/d/santa-clara-2016-ford-transit-connect/esoCF42ETVW9c7ECmVSWKR,8200,160000.0,SantaClara
"2010 Pontiac G6, 98K Miles, 4 Cylinder, Excellent Condition.",https://www.craigslist.org/view/d/hayward-2010-pontiac-g6-98k-miles/tJtSntS46hjt8tdEhxo47S,4300,98000.0,hayward/castrovalley
2012 Acura Mdx W/Technology Package,https://www.craigslist.org/view/d/napa-2012-acura-mdx-technology-package/bhPyCMQF1WXBxZMjVLXaYN,5995,181000.0,napacounty
2019 Promaster 1500 Cargo Van,https://www.craigslist.org/view/d/hayward-2019-promaster-1500-cargo-van/4nFFVysr9Hi5VcwyGC6TUq,11960,100000.0,Hayward
1995 C1500,https://www.craigslist.org/view/d/hayward-1995-c1500/8FBTp7tc2BAcWHw9DTYXid,10000,96000.0,hayward/castrovalley
"I'Ll Buy Your Car, Truck Or Suv. Running Or Not. Up To $5,000 Cash",https://www.craigslist.org/view/d/novato-ill-buy-your-car-truck-or-suv/wichUBeHWvQ1P5osgJiZy8,1,456.0,eastbayarea
2022 Infiniti Qx55 Sensory – One Owner – Garage Kept – Fully Loaded –,https://www.craigslist.org/view/d/livermore-2022-infiniti-qx55-sensory/rXex6Dr9MFUJUWqxNL7Jo6,23888,84000.0,dublin/pleasanton/livermore
"2003 Ford F150 King Cab, 8 Foot Bed, Lumber Rack: $2,950 Obo",https://www.craigslist.org/view/d/santa-cruz-2003-ford-f150-king-cab-foot/nVHVueJDqYFBiNah42cz7z,2550,242000.0,santacruz
Mazda 3 2.5 Select Sport Sdn 2024 Machine Gray,https://www.craigslist.org/view/d/mill-valley-mazda-25-select-sport-sdn/wYAC696s2zcKU99k5fYZL9,22500,17000.0,millvalley
Wanted Cash For Classics 💵,https://www.craigslist.org/view/d/union-city-wanted-cash-for-classics/bhKt7FhSwnu5J3dH5Ls4y4,99999,154000.0,fremont/unioncity/newark
2017 Lexus Rx 350 4Wd,https://www.craigslist.org/view/d/pleasanton-2017-lexus-rx-350-4wd/trHqR5cRNsySYYw4u6RSyg,20800,115000.0,dublin/pleasanton/livermore
2012 Gmc Terrain Low Miles 160K!,https://www.craigslist.org/view/d/hayward-2012-gmc-terrain-low-miles-160k/wwrgHgFoW4XbM2z3Pdio4g,2300,160000.0,Hayward
Low Mileage Toyota T100 4Wd Extra Cab,https://www.craigslist.org/view/d/hollister-low-mileage-toyota-t100-4wd/469EQQaDWiYCrFUv7LmjtN,28500,67000.0,hollister
1997 Volvo 850 Wagon,https://www.craigslist.org/view/d/los-gatos-1997-volvo-850-wagon/tX7QduF1kSfdWcr7xm42eJ,2500,115000.0,losgatos
"2020 Volvo Xc90 T6 Momentum - 29,500 Mileage",https://www.craigslist.org/view/d/san-carlos-2020-volvo-xc90-t6-momentum/nbuDEq275VB94TEKJqtWeb,34000,30000.0,sancarlos
"1995 Ford Astro Van: Clean Title! No Problems!  $1,500 O.B.O.",https://www.craigslist.org/view/d/oakland-1995-ford-astro-van-clean-title/xxgxogZi8DJtV78uEvFeLD,1550,269000.0,oaklandeast
2010 Range Rover V8 Supercharged,https://www.craigslist.org/view/d/monterey-2010-range-rover-v8/7zWWKJRzmZzP3TMNytrjxh,8400,159000.0,santaclara
"1997 Nissan Pathfinder  Reliable, Very Clean, Runs Great",https://www.craigslist.org/view/d/alameda-1997-nissan-pathfinder-reliable/cdHA9Nktv7B83ds8Nrt6CP,1850,239000.0,alameda
"1995 Ford Astro Van: Clean Title! No Problems!  $1,500 O.B.O.",https://www.craigslist.org/view/d/oakland-1995-ford-astro-van-clean-title/iTtCBXSW2oQx4t7tfa86Hi,1550,260000.0,oaklandeast
"2016 Audi Q5 3.0T Premium Plus – 96,000 Miles – Excellent Condition",https://www.craigslist.org/view/d/san-jose-2016-audi-q5-30t-premium-plus/c1crkQqEAn1UymCVBLuPRt,12500,96000.0,sanjosesouth
For Sale 2006 Chrysler Pt Cruiser,https://www.craigslist.org/view/d/pleasanton-for-sale-2006-chrysler-pt/pqLzCweNtjsjhT1cab4JB6,2000,42000.0,dublin/pleasanton/livermore
Honda Accord Crossover 2012,https://www.craigslist.org/view/d/cotati-honda-accord-crossover-2012/oPwTevHiwySRzCCtiEwoem,6500,147000.0,santarosa
2016 Jeep Wrangler Unlimited Sahara,https://www.craigslist.org/view/d/oakland-2016-jeep-wrangler-unlimited/5mB4FcAsSm43VGRpv1Um7e,19900,83000.0,oaklandnorth/temescal
"2014 Chevrolet Camaro Rs Coupe – 2,245 Original Miles – Mint Condition",https://www.craigslist.org/view/d/san-bruno-2014-chevrolet-camaro-rs/tW5pFQNSwwwWNvQxqH8KgM,26000,2245.0,sanbruno
Gmc 1998 Travel Passenger Van,https://www.craigslist.org/view/d/hayward-gmc-1998-travel-passenger-van/4JxfnXEX4ykuUL259RHkRp,4500,160000.0,oaklandwest
For Sale Chevy Impala 62,https://www.craigslist.org/view/d/oakland-for-sale-chevy-impala-62/7cfNj8NXALakio8NAMaiot,10,1333.0,Oaklandca
1966 International Dumptruck,https://www.craigslist.org/view/d/hayward-1966-international-dumptruck/2GJCDMVFnQcbzf2wsQiTGE,3500,189000.0,watsonville
Price Reduced: 1966 Gmc Small Flatbed Truck,https://www.craigslist.org/view/d/hayward-price-reduced-1966-gmc-small/wYAiwguReCc9CrtLEMkfo9,3200,220000.0,redwoodcity
2008 Lexus Gx 470 Beauty!,https://www.craigslist.org/view/d/oakland-2008-lexus-gx-470-beauty/hUoGwtCqFMTKHY55ScgkcX,11000,222000.0,alameda
Kia Sorento 2019,https://www.craigslist.org/view/d/vallejo-kia-sorento-2019/ezca2wtYPupsjYN6xXVuP8,6250,110000.0,vallejo/benicia
"2012 Prius Two - Low Mileage, Single Owner",https://www.craigslist.org/view/d/san-jose-2012-prius-two-low-mileage/fFhk94N5inoDxFKZpcCUg1,6999,131000.0,sanjosesouth
Chevrolet Trax 2017,https://www.craigslist.org/view/d/vallejo-chevrolet-trax-2017/sbE6CccXv2ECc7Se8QF98b,5250,145000.0,vallejo/benicia
"1999 Gmc Yukon Denali 4Wd – Only 103,000 Miles, Excellent Condition",https://www.craigslist.org/view/d/novato-1999-gmc-yukon-denali-4wd-only/oCfemP5gjFqFsnCiG6CoVT,10500,103000.0,novato
2002 Chevrolet Astro Cargo Van,https://www.craigslist.org/view/d/seaside-2002-chevrolet-astro-cargo-van/e21fYCagcmgFvi6tjFaNeP,2300,172000.0,MontereyCalifornia
"For Sale: 2019 Toyota Tacoma Sr5 V6 Double Cab (Immaculate, Low Miles!)",https://www.craigslist.org/view/d/san-jose-for-sale-2019-toyota-tacoma/vihYZXGqqr9QfJqpWoxypD,29000,47000.0,SanJose
2016 Nissan 370Z Sport Tech – Brand New Engine | Performance Mods,https://www.craigslist.org/view/d/san-jose-2016-nissan-370z-sport-tech/tKTE3CtgqCrobooCwtNuNi,25499,60000.0,sanjosewest
2007 Toyota Highlander,https://www.craigslist.org/view/d/daly-city-2007-toyota-highlander/8vBcr825SGDuF8bg1XsHik,7000,194000.0,dalycity
2015 Nissan Leaf 77K Miles,https://www.craigslist.org/view/d/mountain-view-2015-nissan-leaf-77k-miles/htaQmsXuiVGz3C6nyhVuhv,4000,77000.0,paloalto
2013 Tesla Model S 60,https://www.craigslist.org/view/d/san-jose-2013-tesla-model-60/sVwqBAGffuFfmCjRLP9cpz,11000,90000.0,sanjosedowntown
1999 Durango Slt 4X4 5.9L V8,https://www.craigslist.org/view/d/napa-1999-durango-slt-4x4-59l-v8/aRucN9hJr5Jas2FAECafwc,4500,138000.0,napacounty
2013 Toyota Sienna  Le  ~ Original Owner ~,https://www.craigslist.org/view/d/san-jose-2013-toyota-sienna-le-original/gyQGXCEFJM55VK9whNZpwb,16000,100000.0,sanjosedowntown
Dismantling! Reduced Price & Content: 1972 U.S. Bmw E9 3.0 Cs/Ac/Stick,https://www.craigslist.org/view/d/edwardsville-dismantling-reduced-price/ffmkGffjUWBjQBJRZRCBQX,10500,92000.0,StLouisMissourimetroarea
2001 Dodge 2500 Utility Bed Truck,https://www.craigslist.org/view/d/napa-2001-dodge-2500-utility-bed-truck/riHgfc4KmGG9YKbvsquvas,10500,81000.0,napacounty
2001 Mercedes S500,https://www.craigslist.org/view/d/san-mateo-2001-mercedes-s500/mVZ5xAut9Pnap8iB9WQ4v2,5995,127000.0,sancarlos
2009 Mercedes E350 Amg Sport Package,https://www.craigslist.org/view/d/san-jose-2009-mercedes-e350-amg-sport/gL7zFdLDLxFciv5Zffnx9n,3900,187000.0,sanjosesouth
"2015 Chrysler 200 - 64,094 Miles - Clean Interior- Great Commuter",https://www.craigslist.org/view/d/daly-city-2015-chrysler-miles-clean/hohTUdNcwHhhCNvxBt7iAZ,4000,64000.0,dalycity
2012 Ford F250 Lariat 6.7L Crew Cab,https://www.craigslist.org/view/d/alamo-2012-ford-f250-lariat-67l-crew-cab/rwK7PYAZJrVLsdoTFhzysC,22000,157000.0,danville/sanramon
Rarely Available 2021 Escalade Esv 4Wd Sport,https://www.craigslist.org/view/d/los-altos-rarely-available-2021/ucq78Y54zSqLFTSxBBm31J,54900,81000.0,losaltos
2004 Toyota Highlander,https://www.craigslist.org/view/d/concord-2004-toyota-highlander/uZ4EJz7Bpo2PcqXc1rDpTG,1700,304000.0,concord/pleasanthill/martinez
2007 Honda Odyssey,https://www.craigslist.org/view/d/concord-2007-honda-odyssey/5v8q7q43NDqDanhrjyQMUv,3500,190000.0,concord/pleasanthill/martinez
Recent Smog + Clean Title + No Issues,https://www.craigslist.org/view/d/santa-clara-recent-smog-clean-title-no/iaTpvCG8QRgCC1HPrUBG3w,3500,148000.0,santaclara
2013 Lexus Gs350 On Bbs Rims,https://www.craigslist.org/view/d/san-jose-2013-lexus-gs350-on-bbs-rims/c6uvuQHgm2BR86VSA2RbMq,16500,81000.0,sanjosesouth
"1979 Chevrolet Corvette, 4Speed Manual",https://www.craigslist.org/view/d/san-jose-1979-chevrolet-corvette-4speed/g3rWhJ5bNjuEHQUdzxEeuN,14500,46000.0,SanJose
1969 Mercury Marauder,https://www.craigslist.org/view/d/san-jose-1969-mercury-marauder/qkMqUcfKfHy4A9x3xmgWGv,7500,93000.0,SanJose
1951 Jeep Willys Pickup Up,https://www.craigslist.org/view/d/fairfield-1951-jeep-willys-pickup-up/fg9feGfyf5gU8Gb32KVbwd,3900,46000.0,fairfield/vacaville
Infinity I-9 2001,https://www.craigslist.org/view/d/fremont-infinity/xi4SGF9NRXPwxBYnNz5EyZ,1500,222000.0,Fremont
2009 Volvo S80 Sedan Obo,https://www.craigslist.org/view/d/petaluma-2009-volvo-s80-sedan-obo/9U3ZDPFhMaJhSuTAimGKHA,4700,109000.0,petaluma
2017 Toyota Camry Se 4 Cylinder (Clean Title),https://www.craigslist.org/view/d/citrus-heights-2017-toyota-camry-se/4XN7RXu5qugvp42RHt37eV,13500,137000.0,fairfield/vacaville
2020 Mazda 6 Grand Touring Reserve,https://www.craigslist.org/view/d/pleasanton-2020-mazda-grand-touring/hngoQhSfqmnQ7PgLBghYUc,16500,32000.0,dublin/pleasanton/livermore
2016 Toyota Tacoma Sr5 Access Cab,https://www.craigslist.org/view/d/san-jose-2016-toyota-tacoma-sr5-access/vXK3MFuuXw5Md44Tq46oPM,21500,99000.0,sanjosewest
Lincoln Naviagtor 2016,https://www.craigslist.org/view/d/saratoga-lincoln-naviagtor-2016/aFcDETRehebFQhypBSesh2,16000,74000.0,saratoga
2003 Volkswagen Eurovan Westfalia Weekender,https://www.craigslist.org/view/d/san-jose-2003-volkswagen-eurovan/nadTD92PsWS3YwjGASJps6,12900,182000.0,sanjosesouth
Honda Civic Vp 2005,https://www.craigslist.org/view/d/mill-valley-honda-civic-vp-2005/6dRFXjhhEcg7KehY31eKy3,3400,178000.0,millvalley
2005 Toyota Prius Hybrid Hatchback - New Main Battery,https://www.craigslist.org/view/d/walnut-creek-2005-toyota-prius-hybrid/rShPaDZ4y6ineh4cUP81S9,5000,181000.0,walnutcreek
2013 Gl550 4 Matic Parts Car,https://www.craigslist.org/view/d/lafayette-2013-gl550-matic-parts-car/k4XwfGbJHS6ZtcoHV36ZYs,5500,127000.0,concord/pleasanthill/martinez
2000 Bmw 540I M Sport - Manufactured In Germany,https://www.craigslist.org/view/d/brisbane-2000-bmw-540i-sport/7gQsYaRAhz1wSvd5mWD4WD,18500,98000.0,brisbane
"2018 Ford Explorer Xlt, Clean Title",https://www.craigslist.org/view/d/san-jose-2018-ford-explorer-xlt-clean/c4bW39MRDzi3ojBhfWH8Y5,8900,139000.0,sanjosewest
"Like-New W/ 8700 Miles, 2014 Maserati Quattroporte Sq4, Always Garaged",https://www.craigslist.org/view/d/alamo-like-new-8700-miles-2014-maserati/haRnDsGjbQH1yvtkE2PBG8,28800,8700.0,danville/sanramon
1939 Ford Convertible Custom,https://www.craigslist.org/view/d/san-francisco-1939-ford-convertible/pGrX2Ap9sjNc425C7XvXHk,18000,1500.0,bayview
1967 Pontiac Firebird,https://www.craigslist.org/view/d/mill-valley-1967-pontiac-firebird/gVjPB1gZ6Vt6FYHYgimgPt,36000,70000.0,MillValley
"California Dreamin' 1971 Vw Bus W/Airbrushed ""Redwoods Theme"" Paint!",https://www.craigslist.org/view/d/oceano-california-dreamin-1971-vw-bus/fsojPukeoWEjcyH2owGbfi,29995,19000.0,PISMOBEACH/OCEANODUNES93445
2022 Ford Transit Connect Lwb,https://www.craigslist.org/view/d/hayward-2022-ford-transit-connect-lwb/mu5gcA8LEXr9tDkprPJipk,16000,32000.0,hayward/castrovalley
2016 Toyota Rav4 Se Sport Package,https://www.craigslist.org/view/d/union-city-2016-toyota-rav4-se-sport/ekunLL3sq53bq3vbJpg66Q,9600,195000.0,fremont/unioncity/newark
Real  1934 Ford 3 Window Coupe,https://www.craigslist.org/view/d/san-francisco-real-1934-ford-window/s3QJFJd3ap1pQthRZ5LtVg,55000,40000.0,bayview
2019 C300 Mercedez Benz,https://www.craigslist.org/view/d/redwood-city-2019-c300-mercedez-benz/fCPcRjbxzdxCGJXD8w6ozm,14950,104000.0,RedwoodCity
2020 Nissan Murano S Sport Awd,https://www.craigslist.org/view/d/hayward-2020-nissan-murano-sport-awd/eURiRJUk7r8CeSZpiPyxWU,10990,119000.0,Hayward
"2014 Honda Accord Lx Sedan – Single Owner – Only 76,785 Miles",https://www.craigslist.org/view/d/dublin-2014-honda-accord-lx-sedan/eLnPmRtUmbjEDz7PydKJ4S,13250,77000.0,dublin/pleasanton/livermore
1951 Vintage Restored Ford F-1 Truck,https://www.craigslist.org/view/d/novato-1951-vintage-restored-ford-1/htY1YMtU1qDpnQkHutc58f,44000,3500.0,novato
2013 Ford C-Max Se Hybrid Plug-In,https://www.craigslist.org/view/d/hayward-2013-ford-max-se-hybrid-plug-in/jWDBptU63GCUETL7EtbHdw,6600,129000.0,hayward/castrovalley
2012 Toyota Prius Hybrid,https://www.craigslist.org/view/d/san-rafael-2012-toyota-prius-hybrid/hLwd2qJLwgS2RkWnyMXtge,5000,245000.0,sanrafael
2011 Subaru Outback Wagon 2.5I,https://www.craigslist.org/view/d/union-city-2011-subaru-outback-wagon-25i/awHXx1Gf7dF868WF4HWWuN,3900,197000.0,fremont/unioncity/newark
1998 Toyota 4Runner Sr5,https://www.craigslist.org/view/d/talmage-1998-toyota-4runner-sr5/b1zTCU9k742HopYZeDt9r9,8500,344000.0,northbay/marin
2002 Chevrolet Astro Van,https://www.craigslist.org/view/d/alameda-2002-chevrolet-astro-van/upBF594Jfj3KRq1iJscBui,9500,92000.0,alameda
2015 Honda Accord,https://www.craigslist.org/view/d/san-lorenzo-2015-honda-accord/5mXY85b9PodHMwEnanVC3V,8500,137000.0,hayward/castrovalley
2014 Audi Q5,https://www.craigslist.org/view/d/hayward-2014-audi-q5/kVTJe4dJsPE41JXeHGcEN9,6000,164000.0,hayward/castrovalley
2017 Nissan Altima Sv Model,https://www.craigslist.org/view/d/san-jose-2017-nissan-altima-sv-model/1Qj3aDCrK4wF1JUHnsgcyq,6500,161000.0,SanJose
2006 Mazda Miata,https://www.craigslist.org/view/d/bodega-bay-2006-mazda-miata/og8gyg3jFQsCfn68ZA7RgK,10000,90000.0,sonoma
2001 Ford F250 7.3 Diesel 4X4 (6-Speed-Manual) 1St-Owner (90K-Origina),https://www.craigslist.org/view/d/pleasant-hill-2001-ford-diesel-4x4/aSk2DwajvMc8ReaVwuGTNK,29000,90000.0,dublin/pleasanton/livermore
2007 Lexus Ls 460 L - One Owner,https://www.craigslist.org/view/d/walnut-creek-2007-lexus-ls-460-one-owner/2CC41ZBTPRMUNKECuYMmaq,12500,137000.0,walnutcreek
"Selling My 2010 Dodge Grand Caravan Se With Only 72,000 Original Miles",https://www.craigslist.org/view/d/manteca-selling-my-2010-dodge-grand/5qfiUVBxhhAAhfm8AsXRk3,6500,76000.0,fremont/unioncity/newark
Honda Pilot 2010 Ex-L - 234K Miles,https://www.craigslist.org/view/d/sausalito-honda-pilot-2010-ex-234k-miles/hQakCYJjUMikuT24iqmkm9,3200,235000.0,sausalito
2022 Bmw X6 M50I,https://www.craigslist.org/view/d/napa-2022-bmw-x6-m50i/nJjnAjzojKUbF4Wtquvsn9,55000,41000.0,napacounty
2014 Subaru Outback,https://www.craigslist.org/view/d/san-francisco-2014-subaru-outback/8mM8UtxG9AByGXQUJgCB8g,9800,84000.0,sunset/parkside
"Clean 1999 Mercedes Benz E320 (W210) For Sale • 228,000 Miles",https://www.craigslist.org/view/d/el-verano-clean-1999-mercedes-benz-e320/rKh7rssFuYmpjiG57PNHSc,3299,228000.0,sonoma
"2005 Nissan Xterra, 6 Cyl, Auto, 119K, 2Wd",https://www.craigslist.org/view/d/oakland-2005-nissan-xterra-cyl-auto/eg6cYnkZH8KXcy8BQzXk9J,2400,119000.0,oaklandlakemerritt/grand
1979 Volkswagen Beetle Convertible,https://www.craigslist.org/view/d/vallejo-1979-volkswagen-beetle/nube9rWtxeQG5e3DQyqVKx,8500,70000.0,vallejo/benicia
2017 Yukon Denali,https://www.craigslist.org/view/d/lafayette-2017-yukon-denali/rUTxMFy63hSQvxStEga3oY,28000,86000.0,lafayette/orinda/moraga
2015 Ram 1500 Tradesman 4×4 Regular Cab Long Bed – Work Truck – Clean,https://www.craigslist.org/view/d/san-francisco-2015-ram-1500-tradesman/iegjRb1QpTQgYg7xCy7d9h,14500,123000.0,ingleside/SFSU/CCSF
Toyota Prius 2004,https://www.craigslist.org/view/d/vallejo-toyota-prius-2004/gDRwRfZwKfyZrEDctu5N8e,2800,196000.0,vallejo/benicia
2005 Lexus Is 300 With Only 85K Miles,https://www.craigslist.org/view/d/san-francisco-2005-lexus-is-300-with/mG2NBDRoXPdxnkZHLz43BJ,10000,85000.0,hayesvalley
2010 Mazda 3S    2.5   72K Miles,https://www.craigslist.org/view/d/union-city-2010-mazda-3s-25-72k-miles/2eTJfweWuLrSJ4aMEF1agS,6400,72000.0,fremont/unioncity/newark
2014 Vw Tdi Beetle Convertible -Low Miles-Mint,https://www.craigslist.org/view/d/oakland-2014-vw-tdi-beetle-convertible/5n2Ezy1abjNx8umaacZzbY,12950,86000.0,oaklandpiedmont/montclair
1955 Chevy Truck,https://www.craigslist.org/view/d/san-rafael-1955-chevy-truck/fGzcUqtq58fEzsjsXi89Ym,18000,67000.0,sanrafael
2015 Toyota Tundra,https://www.craigslist.org/view/d/dublin-2015-toyota-tundra/ic44NWuBazKqRAz8sEybk4,18000,95000.0,dublin/pleasanton/livermore
Honda Accord 2009,https://www.craigslist.org/view/d/san-jose-honda-accord-2009/4viZUdjTojLwvsDpS5CNoi,4500,194000.0,SanJose
2004 Land Rover Discovery Ii,https://www.craigslist.org/view/d/san-jose-2004-land-rover-discovery-ii/8GgKnZgoDgf8A941UffJoU,8450,138000.0,sanjoseeast
Mgb 1969,https://www.craigslist.org/view/d/berkeley-mgb-1969/garyy1BDQBFJ9Kcjaq3rRL,7000,55000.0,berkeley
2011 Acura Mdx Technology Package – Clean Title – Great Project / Engi,https://www.craigslist.org/view/d/san-jose-2011-acura-mdx-technology/jaM4jvvXN5TtuxFJjC7QXW,3500,197000.0,sanjosesouth
2009 Bmw 328I,https://www.craigslist.org/view/d/petaluma-2009-bmw-328i/21iE5W5KbRYi96CdyMbZaM,4200,161000.0,petaluma
2017 Ram Promaster City Cargo Van,https://www.craigslist.org/view/d/windsor-2017-ram-promaster-city-cargo/1brgR7CiFHBw81YEXzijDU,8000,154000.0,healdsburg/windsor
2016 Bmw 328I,https://www.craigslist.org/view/d/petaluma-2016-bmw-328i/fXdXnoofkL5Kc4edRvTEAT,12499,76000.0,Petaluma
Gmc Grand Sierra,https://www.craigslist.org/view/d/san-leandro-gmc-grand-sierra/ukhr9VkZYKSvseEAeYcnFc,12500,156000.0,sanleandro
09 International Cab And Chassis,https://www.craigslist.org/view/d/walnut-creek-09-international-cab-and/kqurYKJnhEKbUR8mPVoQGU,1234,330000.0,concord/pleasanthill/martinez
2011 Honda Insight Ex W/Navigation (Civic/Prius),https://www.craigslist.org/view/d/fremont-2011-honda-insight-ex/dVkawbi1AuA9tgWUma287K,7950,96000.0,fremont/unioncity/newark
Mustang Ford 1965 6 Cylinder 3 Speed Floor Shift,https://www.craigslist.org/view/d/san-leandro-mustang-ford-cylinder-speed/4sd7ZMk7skNsQbZHQvGGey,6650,82000.0,sanleandro
2013 Toyota Tacoma Access Cab,https://www.craigslist.org/view/d/fremont-2013-toyota-tacoma-access-cab/6YPCwwdhB1kDBKRQ3p1Cax,16250,129000.0,fremont/unioncity/newark
2010 Toyota Sequoia Limited 4Wd - Excellent Condition,https://www.craigslist.org/view/d/belmont-2010-toyota-sequoia-limited-4wd/5VppLeMtqrvxW5x596Czzc,25200,53000.0,belmont
1933 Ford Truck,https://www.craigslist.org/view/d/fremont-1933-ford-truck/fsYdqYKM5uWfkhvAhTZuZf,32500,1234.0,fremont/unioncity/newark
"One Owner, Has It All, Beautiful",https://www.craigslist.org/view/d/fairfield-one-owner-has-it-all-beautiful/kYbgnwJJAs5a5yzNQCpS39,11750,87000.0,Fairfield
1974 Amc Gremlin,https://www.craigslist.org/view/d/san-ramon-1974-amc-gremlin/jX6Nu4uPJWLDPDJuPPQyUp,2500,32000.0,danville/sanramon
2008 Audi A8 L Quattro Awd Clean Title Low Miles Automatic Black/Black,https://www.craigslist.org/view/d/hayward-2008-audi-a8-quattro-awd-clean/gSBUtVds3M1b4Nu9dVhYe3,7500,63000.0,hayward/castrovalley
64 Ford Galaxie Fastback 500 Xl 2 Door Hardtop,https://www.craigslist.org/view/d/danville-64-ford-galaxie-fastback-500/jPuHLzcNrNMp9eQgtkab3a,28000,94000.0,danville/sanramon
Nissan Frontier 2012,https://www.craigslist.org/view/d/santa-rosa-nissan-frontier-2012/tzKrhcC6dZJa8zKLx1QHEd,7850,200000.0,santarosa
2002 Honda Civic,https://www.craigslist.org/view/d/scotts-valley-2002-honda-civic/2UTyyf4adYmuACRnKgj1NE,5000,120000.0,southbayarea
1976 C10 Custom Stepside Shortbed,https://www.craigslist.org/view/d/rohnert-park-1976-c10-custom-stepside/hHtqbieUp82qWCPEigyhoe,10500,20000.0,rohnertpk/cotati
2018 Ford F450 Tow Truck,https://www.craigslist.org/view/d/santa-cruz-2018-ford-f450-tow-truck/erEPbWMJS7vBmf74jJ6GDo,24000,101000.0,santacruzco
Clean Title 2007 Honda Civic,https://www.craigslist.org/view/d/cupertino-clean-title-2007-honda-civic/b5d26Nig5zH6E13iKnZG9q,3999,130000.0,Cupertino
Volvo V70 - 2008,https://www.craigslist.org/view/d/union-city-volvo/mwx2xcbensacwitTXnNa28,2800,236000.0,fremont/unioncity/newark
"1 Yr Lease For Sale Vw Id-4 $410.00 Mo Payment Residual $32,000 Left",https://www.craigslist.org/view/d/rohnert-park-yr-lease-for-sale-vw-id-mo/bMXigVyBJtcrpVavBx7PYz,410,8000.0,cityofsanfrancisco
2016 Porsche Cayenne - Meticulously Maintained,https://www.craigslist.org/view/d/san-francisco-2016-porsche-cayenne/4KxK2pGWwB2q8hiAsrhBNm,17000,100000.0,cityofsanfrancisco
Mobility Scooter Like New!! Was $2564.,https://www.craigslist.org/view/d/cotati-mobility-scooter-like-new-was/a7kSNN5eLD6mboefroBQoE,1200,2.0,rohnertpk/cotati
"1964 Ford Falcon Deluxe Wagon – Factory V8, Black Plates",https://www.craigslist.org/view/d/san-francisco-1964-ford-falcon-deluxe/co8PgYbgpGPdoPWqiDuERZ,15900,15000.0,sunset/parkside
1955 Chevy 2Dr 210 Model  Marin County,https://www.craigslist.org/view/d/olema-1955-chevy-2dr-210-model-marin/kkTg44UfLG81u19fTXkcyZ,45000,47000.0,northbay/marin
2005 Mercedes Benz Ml 500 Awd,https://www.craigslist.org/view/d/scotts-valley-2005-mercedes-benz-ml-500/mT5N3MaoQCpfCq5A7hd4YN,3500,209000.0,scottsvalley
2012 Toyota Prius Iii Clean Title Carfax Smogged Low Miles 83K,https://www.craigslist.org/view/d/tracy-2012-toyota-prius-iii-clean-title/3xqEya4NR9AiXomy3Uk5Bh,9000,83000.0,Tracy
2016 Ford Fusion Energi Titanium Plug-In Hybrid Clean Title Smogged!,https://www.craigslist.org/view/d/tracy-2016-ford-fusion-energi-titanium/nhjfkpNQJyeTxRy51bBtEB,9000,96000.0,Tracy
2015 Ford Focus,https://www.craigslist.org/view/d/fremont-2015-ford-focus/gpu54CKHoHyXoDyMP6v9qn,4500,101000.0,Fremont
1997 Gmc Suburban 1500,https://www.craigslist.org/view/d/windsor-1997-gmc-suburban-1500/qXuMx82yvi1mtJBY6xzjiF,500,190000.0,Windsor
2015 Hyundai Elantra,https://www.craigslist.org/view/d/patterson-2015-hyundai-elantra/eSSU6bAkrsioTP4FqkByGG,6500,105000.0,PATTERSON
06 Honda Pilot Runs Great Very Clean Second Owner,https://www.craigslist.org/view/d/san-jose-06-honda-pilot-runs-great-very/otVCYrmMnFhZAnP6xMN4zS,3200,224000.0,sanjosesouth
1994 Chevy Suburban,https://www.craigslist.org/view/d/knightsen-1994-chevy-suburban/pjTrA98tj4Sj8h7EndaoRs,5500,145000.0,brentwood/oakley
Mercedes 230 Slk,https://www.craigslist.org/view/d/pleasant-hill-mercedes-230-slk/8L9xZaqEySkQRoEepLbUUm,4300,90000.0,concord/pleasanthill/martinez
2001 Mercedes Clk55 Amg * Excellent Conditions,https://www.craigslist.org/view/d/san-jose-2001-mercedes-clk55-amg/sgZtAkzbLhTeqgegY8iR8c,11000,130000.0,sanjosedowntown
2005 Subaru Outback,https://www.craigslist.org/view/d/pleasant-hill-2005-subaru-outback/ojVMiP198Xxju3cyXRC1kQ,750,209000.0,concord/pleasanthill/martinez
Honda Pilot Awd 2017,https://www.craigslist.org/view/d/belmont-honda-pilot-awd-2017/8YLwJ6cxKqUFSjxYvQ1Wgz,24000,48000.0,belmont
"2013 Mini Cooper, Reliable And Clean Title",https://www.craigslist.org/view/d/san-francisco-2013-mini-cooper-reliable/kJ6LsW2NycxNtSnw7q9pLK,3000,110000.0,sunset/parkside
1993 Dodge Grand Caravan,https://www.craigslist.org/view/d/pleasant-hill-1993-dodge-grand-caravan/1zG6njsR429PLShPguWgev,500,108000.0,concord/pleasanthill/martinez
1973 Chevrolet Harry Bradley Corvette Station Wagon,https://www.craigslist.org/view/d/richmond-1973-chevrolet-harry-bradley/qjzUYVvTELK8WNMBwdLBVT,12900,87000.0,richmond/point/annex
"2015 Ford Escape Se Ecoboost 4Wd W/ New Transmission,  159,937 Miles",https://www.craigslist.org/view/d/holy-city-2015-ford-escape-se-ecoboost/fTUXWaeusTi7aMA9GD4PpM,3500,160000.0,santacruz
2017 Chevrolet Express Utility Body,https://www.craigslist.org/view/d/rohnert-park-2017-chevrolet-express/bULxuH99eeZF97AgEVVjpr,18600,117000.0,RohnertPark
2011 Subaru Outback 4Wd,https://www.craigslist.org/view/d/petaluma-2011-subaru-outback-4wd/rfrEmtK7CbVg5Jzzre3eCx,2300,220000.0,petaluma
Ram 2500 6.4 Hemi - 2Wd - 8' Bed,https://www.craigslist.org/view/d/pleasant-hill-ram-hemi-2wd-bed/t9pC2anynw334yRdrVv9T9,18000,90000.0,concord/pleasanthill/martinez
"2011Kia Optima Hybrid $6,000 (Obo). 132K Mi.",https://www.craigslist.org/view/d/hayward-2011kia-optima-hybrid-6000-obo/qFLQM6V3268oHXGuvWveFJ,6000,132000.0,hayward/castrovalley
"1984 Jeep Cj-7 – Fully Restored, Lifted, Many Upgrades",https://www.craigslist.org/view/d/alamo-1984-jeep-cj-fully-restored/errJ9mt1V8FF31NeAip55m,12500,99000.0,danville/sanramon
2018 Ford Transit Connect Xl,https://www.craigslist.org/view/d/cupertino-2018-ford-transit-connect-xl/6Ft3dVyyy7HBXJaNWge8qT,9500,166000.0,sanjosewest
2005 Ford F350 Diesel Super Duty Crew Cab · Lariat Pickup 4D 8 Ft,https://www.craigslist.org/view/d/martinez-2005-ford-f350-diesel-super/cayKt8ERtErktFFXpPzawi,1999,140000.0,concord/pleasanthill/martinez
06 Mini/Clean Title/Only 55K Origjnal Miles,https://www.craigslist.org/view/d/santa-rosa-06-mini-clean-title-only-55k/6Zg6eCvMREtHK5ADTCHW6c,7300,55000.0,SantaRosa
2004 Toyota Tundra Clean Title,https://www.craigslist.org/view/d/tracy-2004-toyota-tundra-clean-title/scWSQJdbBhqirXhmnHVy4e,4500,313000.0,dublin/pleasanton/livermore
2009 Vw Gti,https://www.craigslist.org/view/d/el-verano-2009-vw-gti/991jVmRG2YPCfJYspG4Ybd,7800,138000.0,sonoma
1973 Karmann Ghia - -Rebuilt Engine -,https://www.craigslist.org/view/d/gilroy-1973-karmann-ghia-rebuilt-engine/wxSHmLjXReqTmyTCGE8h81,5500,778000.0,gilroy
1962 Chrysler,https://www.craigslist.org/view/d/napa-1962-chrysler/evJ4QwjSRhjqMhCNZc6Zmr,24500,25000.0,napacounty
2013 Nissan Sentra (Smoged),https://www.craigslist.org/view/d/union-city-2013-nissan-sentra-smoged/7JSWcK9ppenXKVkrYT8jjp,3500,147000.0,fremont/unioncity/newark
1978 Ford Bronco,https://www.craigslist.org/view/d/south-san-francisco-1978-ford-bronco/iUWfdhpRcxtZfNY9tBaeVL,57000,100.0,burlingame
"2014 Honda Accord 4Dr  V6 13,000 Miles Original  Owner",https://www.craigslist.org/view/d/fremont-2014-honda-accord-4dr-miles/nC3SoWU3AYnrmZkvts6kBk,24750,13000.0,Fremont
"2014 Honda Accord 4Dr  V6 13,000 Miles Original  Owner",https://www.craigslist.org/view/d/fremont-2014-honda-accord-4dr-miles/qjg6nrHCRDAY8w19H1uxtp,24750,13000.0,Fremont
Bmw 745I Sport Model,https://www.craigslist.org/view/d/milpitas-bmw-745i-sport-model/3L13nQuc7WtZvYgMAzgTjM,4800,200000.0,milpitas
Sold,https://www.craigslist.org/view/d/santa-clara-sold/77qTFbf1CLDrrRedCgmHjA,5700,72000.0,southbayarea
Fiat Spider Convertible Classic Fiat  Best Offer Or Trade  2Nd  Owner,https://www.craigslist.org/view/d/san-francisco-fiat-spider-convertible/iuRBcYh1kbNJKKDmJViHeK,1,88000.0,financialdistrict
2006 Mustang Saleen #1002 Super Charged,https://www.craigslist.org/view/d/union-city-2006-mustang-saleen-1002/5pyCmAbcNkgWfKWqyVmfHM,25000,51000.0,fremont/unioncity/newark
2015 Volkswagen Passat,https://www.craigslist.org/view/d/oakland-2015-volkswagen-passat/3gPaHtMsVisLt8WeZRjbYr,3000,118000.0,alameda
1959 Morris Minor Convertible,https://www.craigslist.org/view/d/willits-1959-morris-minor-convertible/fpspRkbPtpBvoT1yPQtteC,8647,70000.0,mendocinocounty
1961 Vwbug,https://www.craigslist.org/view/d/brentwood-1961-vwbug/nfV1B5WDZrN5gvC2ZoARNw,20500,34000.0,brentwood/oakley
The Maxi,https://www.craigslist.org/view/d/san-francisco-the-maxi/5UNQxe79qiVab36FBDbgVA,2,240000.0,SanFrancisco
2019 Honda Civic,https://www.craigslist.org/view/d/saratoga-2019-honda-civic/88KsV68PaPR9TUix8JcLX1,22800,51000.0,cityofsanfrancisco
1977 Ford F-250 Ranger Xlt With Camper - 460 V8 - Runs & Drives,https://www.craigslist.org/view/d/hayward-1977-ford-250-ranger-xlt-with/kJ8ENZ1qhYZixE6eo4gUm4,4500,62000.0,Hayward
2003 Mercedes Benz Sl500,https://www.craigslist.org/view/d/hayward-2003-mercedes-benz-sl500/82eYTYFvhix2iZ5Mz6FPT7,8100,81000.0,Hayward
Nissan Frontier Extra Cab 2004,https://www.craigslist.org/view/d/milpitas-nissan-frontier-extra-cab-2004/wr12uxTtwk9G1PKhT21fhn,3500,249000.0,milpitas
2017 Q50 With 68K Miles,https://www.craigslist.org/view/d/oakland-2017-q50-with-68k-miles/bMoKpemYUcB6vy2K6Dn7Bz,15000,68000.0,Alameda
Toyota Sienna 2007,https://www.craigslist.org/view/d/milpitas-toyota-sienna-2007/oUknAHoQzohu2zTs2kaMGV,4500,179000.0,milpitas
!!! Runs Great Extra Clean !!! 08’Clk 350 !!!,https://www.craigslist.org/view/d/napa-runs-great-extra-clean-08clk-350/eejFXbMf1ZnQEnX8r3dh4A,3500,190000.0,napacounty
2013 Honda Fit Sport Hatchback 4D,https://www.craigslist.org/view/d/concord-2013-honda-fit-sport-hatchback/x1ckJHGAvxjWHTTuXKy5uE,7179,82000.0,dublin/pleasanton/livermore
2003 Bmw 530 I  (For Sale By Owner),https://www.craigslist.org/view/d/san-francisco-2003-bmw-530-for-sale-by/vDJmXPyQE2KwS218mW1Ut7,2500,180000.0,Hayesvalley/filmore
2016 Nissan Rogue Great Condition,https://www.craigslist.org/view/d/san-francisco-2016-nissan-rogue-great/pKYmA7tKyhV3RBjakTiDi1,8950,110000.0,russianhill
2006 Toyota Highlander Hybrid Limited Loaded Runs Great,https://www.craigslist.org/view/d/hollister-2006-toyota-highlander-hybrid/tHNf6hjBmgELBQg1ziNx4K,3275,149000.0,Hollister
995 Volkswagen Eurovan Westfalia Camper Pop Up Original Owner,https://www.craigslist.org/view/d/pleasanton-995-volkswagen-eurovan/c73mTXHA5ddL5vca984cSs,15000,100000.0,eastbayarea
2007 Subaru Forester Ll Bean Edition,https://www.craigslist.org/view/d/san-francisco-2007-subaru-forester-ll/1gu1Rr7nNQgh6wb3kLfJji,3600,212000.0,bayview
Chevy Tahoe Ltz 2015,https://www.craigslist.org/view/d/san-bruno-chevy-tahoe-ltz-2015/oWF55RkhR9VEgHNxCZLesc,21000,83000.0,millbrae
1964 Pontiac Lemans,https://www.craigslist.org/view/d/santa-cruz-1964-pontiac-lemans/5CyiPp4FjoVuUUg27YuduS,16,160000.0,Scott'svalley
Land Rover Discovery Sport,https://www.craigslist.org/view/d/concord-land-rover-discovery-sport/wRgebADfpNUck3A9sm919k,8000,115000.0,Concord
2012 Volkswagen Touareg Clean,https://www.craigslist.org/view/d/san-leandro-2012-volkswagen-touareg/jn79fGo5t3W8ZevJC3Q9LG,5900,195000.0,sanleandro
2012 Nissan Nv2500 Hd High Top,https://www.craigslist.org/view/d/san-leandro-2012-nissan-nv2500-hd-high/4ueypVtJtGnDkC9nTCH9sM,8800,186000.0,sanleandro
2008 Ford E450 Step Van Delivery Van Work Van Food Truck,https://www.craigslist.org/view/d/lodi-2008-ford-e450-step-van-delivery/ijTcbz6ZhKxT5utfbR2UMH,8900,186000.0,cityofsanfrancisco
2013 Ford F150 Regular Cab Xl Pickup,https://www.craigslist.org/view/d/lodi-2013-ford-f150-regular-cab-xl/fMat459Mt377VB5u4YTqpr,6900,191000.0,cityofsanfrancisco
911 Carrera 4,https://www.craigslist.org/view/d/moraga-911-carrera/gFqsSY5qWzndY7dbdR4u5q,28888,101000.0,Moraga
"2014 Lexus Rx350 Awd, Super Clean, Clean Ca Title, Clean Carfax",https://www.craigslist.org/view/d/san-mateo-2014-lexus-rx350-awd-super/jepdDwxuNUXKuZUfAacMA5,15500,138000.0,sanmateo
2019 Honda Odyssey Ex-L - Clean Title And Low Mileage,https://www.craigslist.org/view/d/port-costa-2019-honda-odyssey-ex-clean/85CHzywCL1AXZJ2zWK5C4r,31500,50000.0,vallejo/benicia
1989 Corvette,https://www.craigslist.org/view/d/san-leandro-1989-corvette/7BvitbFZwFtp7Zh9heyD4f,13900,24000.0,hayward/castrovalley
2019 Nissan Kicks Sv,https://www.craigslist.org/view/d/santa-clara-2019-nissan-kicks-sv/1GYPgcBkaxscSzj2e5VS5y,8200,90000.0,SantaClara
2015 Chevy Captiva Sport Ls Low Miles Runs Excellent Four-Cylinder,https://www.craigslist.org/view/d/fremont-2015-chevy-captiva-sport-ls-low/b24FzKtQT1TtugbN6xY2QG,4700,125000.0,fremont/unioncity/newark
2020 F150 Xlt Sport 2Wd,https://www.craigslist.org/view/d/petaluma-2020-f150-xlt-sport-2wd/tSQ9N6qzwcqthMwNoE1H5Y,27999,35000.0,petaluma
2008 Bmw 650I - Super Clean,https://www.craigslist.org/view/d/berkeley-2008-bmw-650i-super-clean/9aYFYXHL2PmFYRyeMP6z3i,7850,79000.0,alameda
1990 Volkswagen Vanagon Westfalia,https://www.craigslist.org/view/d/livermore-1990-volkswagen-vanagon/5yikToHCWwkza2oArL7pmn,23000,53000.0,dublin/pleasanton/livermore
"***2021 Toyota Mirai -  Hydrogen Car, 1Owner, 40K Mi",https://www.craigslist.org/view/d/fremont-2021-toyota-mirai-hydrogen-car/fgPvuKJmxqi7KSa1eid1jY,7880,40000.0,fremont/unioncity/newark
2018 Audi Q5 2.0T Premium Tech,https://www.craigslist.org/view/d/mill-valley-2018-audi-q5-20t-premium/mwytYsrarERwzzF7xDEBkj,15000,81000.0,millvalley
2013 Ram Caravan C/V Tradesman Cargo Van E85 Flex Fuel,https://www.craigslist.org/view/d/concord-2013-ram-caravan-v-tradesman/goA9iajkmAYhtroa8GuvZ1,3200,195000.0,concord/pleasanthill/martinez
2003 Chevy S10 Xtreme Stepside,https://www.craigslist.org/view/d/oakland-2003-chevy-s10-xtreme-stepside/euC7ML9CbeKRRYdRqrdSqJ,3500,169000.0,oaklandeast
1-Owner 2013 Mbz Gl450 - Low 84.5K Miles,https://www.craigslist.org/view/d/burlingame-owner-2013-mbz-gl450-low/8iWirvQGYFrmGyQ4EuVk7K,12750,85000.0,Burlingame
"1963 Ford Thunderbird Hardtop | Excellent Condition, Low Mileage",https://www.craigslist.org/view/d/redwood-city-1963-ford-thunderbird/iDz1g7vtJEcES1j24VExoB,31000,29000.0,redwoodcity
"2005 Mercedes-Benz C55 Amg – 100% Stock, Unmodified W203 V8",https://www.craigslist.org/view/d/san-ramon-2005-mercedes-benz-c55-amg/ezFLNar6D1ZCjYfKuYPYBT,5500,207000.0,danville/sanramon
Audi Q5 2013,https://www.craigslist.org/view/d/campbell-audi-q5-2013/7mGdxrc4jShocoSr9PS4i7,8900,110000.0,campbell
2002 Mercedes-Benz C32 Amg Supercharged – Extensive Records,https://www.craigslist.org/view/d/walnut-creek-2002-mercedes-benz-c32-amg/weEu6M27a8x9oo7kPdT6XJ,7500,177000.0,walnutcreek
"2021 Toyota Prius Prime Plug-In, 35Kmi",https://www.craigslist.org/view/d/north-highlands-2021-toyota-prius-prime/xz1Eoe5Aia5K3jnGrz6q52,16500,35000.0,cityofsanfrancisco
1934 Ford Sedan Survivor Project,https://www.craigslist.org/view/d/vineburg-1934-ford-sedan-survivor/prNDmDxzByuWjPx8Wyis9o,9900,100000.0,Vineburg
2014 Ford Focus Se - Only 67K Miles! Clean Title,https://www.craigslist.org/view/d/santa-rosa-2014-ford-focus-se-only-67k/jBYgpJCrJsCZuhCFbdGHbN,6400,67000.0,santarosa
Great Gas Mileage 40 Mpg Highway Honda Crv Hybrid Ex Awd Or 4X4,https://www.craigslist.org/view/d/redwood-city-great-gas-mileage-40-mpg/8gjDkmvHU9KGuorZAAgKRs,24700,88000.0,redwoodcity
2004 Toyota Highlander Suv 7 Seater 171K Mi,https://www.craigslist.org/view/d/san-jose-2004-toyota-highlander-suv/8hd7rubbTYz4cpyzBY8Q3n,3500,172000.0,sanjosesouth
2013 Nissan Pathfinder,https://www.craigslist.org/view/d/san-jose-2013-nissan-pathfinder/m1iG16kVb3CHVm8KFNwJ48,1600,11000.0,sanjosenorth
2008 Bmw 335I Coupe • 6-Speed Manual • Factory Sport & Premium Package,https://www.craigslist.org/view/d/albany-2008-bmw-335i-coupe-speed-manual/8B3tTnDhgTvM5Qw2EUduLM,11500,111000.0,albany/elcerrito
2011 Toyota Prius,https://www.craigslist.org/view/d/san-jose-2011-toyota-prius/oBYXarSuqLVaCF43zRgBFU,5900,150000.0,sanjosedowntown
Subaru Forester Awd****Runs Good/Just Passed Smog/Clean****,https://www.craigslist.org/view/d/campbell-subaru-forester-awdruns-good/7kiqNRZh5qWVD8r2pHMAMc,2295,200000.0,campbell
2003 Dodge Ram Cummins,https://www.craigslist.org/view/d/burlingame-2003-dodge-ram-cummins/9vWQq5LMyMBKg9uRHQymQg,10000,304000.0,peninsula
2008 Mazda Mazda3 S Touring,https://www.craigslist.org/view/d/san-jose-2008-mazda-mazda3-touring/nAJYN8VESQuCwH565hvMoU,7600,91000.0,sanjoseeast
2014 Jeep Wrangler Sahara Jku (Rv Flat-Tow Ready),https://www.craigslist.org/view/d/redwood-city-2014-jeep-wrangler-sahara/9uAGvETvXHgnJg4Tu9fMsn,16995,98000.0,redwoodshores
Bmw X5M Deal Awd 6 Cyl Trade With Motorcycle,https://www.craigslist.org/view/d/fremont-bmw-x5m-deal-awd-cyl-trade-with/j2K6EkKCkyNDcVxNT8tYiG,9900,125000.0,eastbayarea
Bmw X5 M Sport Great Deal Trade With Motorcycle,https://www.craigslist.org/view/d/fremont-bmw-x5-sport-great-deal-trade/1EWarW6qzyJR7v9vtJQpUk,5900,145000.0,eastbayarea
Bmw 430I Coupe - Private Seller,https://www.craigslist.org/view/d/los-gatos-bmw-430i-coupe-private-seller/quCe6k22QMy9U51Bh1TtpX,16700,69000.0,losgatos
1998 Grand Marquis Project Car,https://www.craigslist.org/view/d/alamo-1998-grand-marquis-project-car/t7Z4j5QfpDaTb8F6aU71hy,1000,164000.0,danville/sanramon
2013 Mazda 3 Hatch Back I Touring,https://www.craigslist.org/view/d/san-francisco-2013-mazda-hatch-back/h5ptEZWqe1oPPvrNC21zvM,6500,146000.0,potrerohill
2001 Lexus Gs300,https://www.craigslist.org/view/d/daly-city-2001-lexus-gs300/cjBxVX8zTc4VJtJg1DmYXC,5200,192000.0,DalyCity
2007 Toyota Prius,https://www.craigslist.org/view/d/aptos-2007-toyota-prius/2svifG8koTJ33JvaFMyiDr,3500,201000.0,aptos
2013 Toyota Sequoia Sr5 With/4X4,https://www.craigslist.org/view/d/los-gatos-2013-toyota-sequoia-sr5-with/e6ycnvqUAgFdeJwLAhF1h4,24800,52000.0,los gatos
"2007 Lexus Rx 400H ,Hybrid, Save Gas,Clean Title Run Good!",https://www.craigslist.org/view/d/san-jose-2007-lexus-rx-400h-hybrid-save/t8rrMgWP3vsdno7zCBHdNh,4200,208000.0,san jose south
2022 Ram 5500,https://www.craigslist.org/view/d/menlo-park-2022-ram-5500/onCBfNb6jCNsKuJwZ2Q9qj,68750,25000.0,menlo park
2007 Honda Civic,https://www.craigslist.org/view/d/san-rafael-2007-honda-civic/esP2ySrHn6G2Tk7S3qvVhm,2800,188000.0,san rafael
Food Truck For Sale New Engine/ Transmission / Brakes / Paint,https://www.craigslist.org/view/d/san-leandro-food-truck-for-sale-new/uuukQFKJJVWCLkTbR8Edfp,22999,2500.0,san leandro
"Toyota Tundra Sr5 Stepside 4X4 Trd Off Road - Low Mileage, Clean Title",https://www.craigslist.org/view/d/campbell-toyota-tundra-sr5-stepside-4x4/wMFRNCkgxGC8NcxrQku6Ks,15500,148000.0,campbell
2008 Chevrolet Silverado Low Miles!!,https://www.craigslist.org/view/d/santa-rosa-2008-chevrolet-silverado-low/ceHMnbk9HMV3QkV5bUn7ow,13900,76000.0,santa rosa
2002 Subaru Outback,https://www.craigslist.org/view/d/antioch-2002-subaru-outback/bU2NPvDzg2n3y2QfmMq2FT,3500,189000.0,san francisco
2011 Mercedes Sprinter Converted Camper Van,https://www.craigslist.org/view/d/sausalito-2011-mercedes-sprinter/dvV4GNNBowL383yeiCswLg,18500,185000.0,sausalito
Ultimate Off Grid Adventure And Lifestyle Travel Vehicle,https://www.craigslist.org/view/d/walnut-creek-ultimate-off-grid/quybTgQseGamgJ2UePqhqV,125,78000.0,santa cruz co
2002 Honda Civic Lxlx,https://www.craigslist.org/view/d/santa-rosa-2002-honda-civic-lxlx/9QpNUEWoTutUt9gH7XJ6Wp,4250,149000.0,sebastopol
"2024 Acura Rdx -Sh-Awd  W/ Advance Package 9,078 Miles",https://www.craigslist.org/view/d/san-rafael-2024-acura-rdx-sh-awd/w26WYnXMGTdXNPgooXPjYs,43000,9078.0,san rafael
"2012 Kia Soul Gl 2.0L, 1-Owner",https://www.craigslist.org/view/d/pleasant-hill-2012-kia-soul-gl-20l-owner/2DTqbrUs9Pg6cC5waiTmJU,3750,109000.0,concord / pleasant hill / martinez
2011 Toyota Tacoma 4X4 Double Cab Long Bed (6-Foot Bed),https://www.craigslist.org/view/d/campbell-2011-toyota-tacoma-4x4-double/16o8Xb5Zz2jWUD6J4jykZf,24300,58000.0,campbell
Original 1995 Jeep Wrangler Rio Grande,https://www.craigslist.org/view/d/napa-original-1995-jeep-wrangler-rio/4t5aEJfx5MKB1XvGavkeu8,12500,135000.0,napa
2018 Ford Fusion Se,https://www.craigslist.org/view/d/richmond-2018-ford-fusion-se/cXPNBH1UZ8CBwLvuy5U4i2,13500,81000.0,danville / san ramon
2007 Toyota Camry Le,https://www.craigslist.org/view/d/san-quentin-2007-toyota-camry-le/jq6y5MfqY1tJW8ku5hfivS,5500,197000.0,san rafael
Acura Tlx  Technology,https://www.craigslist.org/view/d/antioch-acura-tlx-technology/junZB2W3gDBDUcUQk6KusN,11200,61000.0,antioch
2017 Jeep Wrangler Oscar Mike Edition,https://www.craigslist.org/view/d/martinez-2017-jeep-wrangler-oscar-mike/g48uo4EzjS9JvGdkqp1jzS,20000,57000.0,concord / pleasant hill / martinez
Original 1995 Jeep Wrangler Rio Grande,https://www.craigslist.org/view/d/napa-original-1995-jeep-wrangler-rio/dWEmb3tAgTrXaLU86Y5SCD,12500,135000.0,napa
2010 Range Rover Super Charge,https://www.craigslist.org/view/d/san-ramon-2010-range-rover-super-charge/uNuBLxZqRRBx6C9GZZZMfH,9300,110000.0,san ramon
2019 Chrysler Pacifica Braunability Wheelchair Accessable,https://www.craigslist.org/view/d/walnut-creek-2019-chrysler-pacifica/prbX8T7EVDaRDHvxnnpoyZ,57000,13000.0,walnut creek
2017 Toyota Tacoma (53K Miles),https://www.craigslist.org/view/d/santa-cruz-2017-toyota-tacoma-53k-miles/7KbJUu6NawkcV7ePHaeCDq,26000,53000.0,santa cruz
2005 Saturn Ion 2 Quad Coupe – 123K Miles Clean Title  Great Commuter,https://www.craigslist.org/view/d/san-jose-2005-saturn-ion-quad-coupe/wxzHC4UDnHmUzEg495rtDL,2995,123000.0,san jose south
2011 Subaru Forester Premium Awd - Clean Title - Well Maintained,https://www.craigslist.org/view/d/albany-2011-subaru-forester-premium-awd/3HDHnUyA92DhRQHayBA2Ef,7900,128000.0,albany / el cerrito
2011 Mazda 6,https://www.craigslist.org/view/d/san-ramon-2011-mazda/1aNsTwcuJJT5P4Yyp6cpnX,3900,120000.0,san ramon
"1999 Volvo C70 Convertible, Cherry Interior Excellent Body",https://www.craigslist.org/view/d/hayward-1999-volvo-c70-convertible/bZzbKu5RJhnC4kwXFgu54K,5000,172000.0,oakland east
Original 1995 Jeep Wrangler Rio Grande,https://www.craigslist.org/view/d/napa-original-1995-jeep-wrangler-rio/6eCmHfzx5BNXyAvx2F1aY9,12500,135000.0,napa
Leasing Tesla Model 3 In Excellent Condition,https://www.craigslist.org/view/d/menlo-park-leasing-tesla-model-in/cqcysXkzReY9WxCbefdwWK,800,49000.0,palo alto
Buick Regal,https://www.craigslist.org/view/d/san-jose-buick-regal/f3ynDGCyvqyiVNChNMCztV,4000,70000.0,san jose east
2002 Mazda Protege5 Manual,https://www.craigslist.org/view/d/emeryville-2002-mazda-protege5-manual/bk1mPZgEaFYm1bwxZuGPaH,2700,181000.0,oakland north / temescal
2019 Kia Optima Lx (Well Serviced),https://www.craigslist.org/view/d/oakland-2019-kia-optima-lx-well-serviced/iwQo9ajYhmtaaiRE3o72Do,7199,95000.0,alameda
1978 Vw Super Beetle Convertible,https://www.craigslist.org/view/d/san-rafael-1978-vw-super-beetle/fsDMjLj6EbZuwWWLuhsuxE,21900,37000.0,san rafael
1998 Dodge Ram 3500 4X4,https://www.craigslist.org/view/d/capitola-1998-dodge-ram-x4/q1qcK5bJZivwjSQpbgqhtL,12600,84000.0,capitola
2000 Cadillac Deville Dhs,https://www.craigslist.org/view/d/pacifica-2000-cadillac-deville-dhs/5kjMuK5xytmtQtQyXBs9m3,2800,121000.0,city of san francisco
2007 Camry - Head Gasket Not Working,https://www.craigslist.org/view/d/san-jose-2007-camry-head-gasket-not/s94SyJvaWjXuSep1QsQwqm,500,251000.0,san jose south
1957 Mga Roadster,https://www.craigslist.org/view/d/concord-1957-mga-roadster/oCue49bD4QQPHFH7ig48pi,1400,19000.0,walnut creek
2020 Ford Explorer Police Intercepter,https://www.craigslist.org/view/d/san-leandro-2020-ford-explorer-police/2ddJtPuuuK77946HKBXKXj,8900,113000.0,san leandro
2018 Honda Accord Sport Edition,https://www.craigslist.org/view/d/cupertino-2018-honda-accord-sport/6iUTneZS9wPJfZGzegG4QG,10500,172000.0,cupertino
2001 Bmw 740I Low Miles,https://www.craigslist.org/view/d/san-leandro-2001-bmw-740i-low-miles/kDqdGm7RA6Cjz3iY1AoxB6,7900,75000.0,san leandro
2004 Audi A4 Quattro 3.0 100K Miles,https://www.craigslist.org/view/d/pleasant-hill-2004-audi-a4-quattro-miles/tDoHkU4cNozfANz3f13hs4,3000,100000.0,concord / pleasant hill / martinez
93 F 350 Dually W/9Yd Dump Bed,https://www.craigslist.org/view/d/novato-93-350-dually-9yd-dump-bed/1o1izNMU4bvy5GKg1VoW5U,7900,200000.0,novato
"2002 Honda Crv Ex Awd - $5,500 Obo",https://www.craigslist.org/view/d/berkeley-2002-honda-crv-ex-awd-obo/mM5aL5HBBsXCFegSAUHbJK,5500,210000.0,berkeley
Zap Truck Xl For Sale,https://www.craigslist.org/view/d/hayward-zap-truck-xl-for-sale/kagVLdLJGWQNvAyEYjPUMb,400,619.0,hayward / castro valley
Toyota Fj Cruiser 4X4 - Low Miles - Manual Transmission,https://www.craigslist.org/view/d/santa-clara-toyota-fj-cruiser-4x4-low/tj66ho47gwHG6eBiiX1s5E,17800,139000.0,santa clara
Nissan Rogue Sv 2023,https://www.craigslist.org/view/d/san-francisco-nissan-rogue-sv-2023/vboxWHkZeRGU1KvW38SCQs,19000,60000.0,san francisco
2016 Ford F350 Super Duty Dully 6.2 V8 Flex Fuel 218K Miles,https://www.craigslist.org/view/d/manteca-2016-ford-f350-super-duty-dully/h3bDkhktyYKzfam3FZKjap,9400,218000.0,dublin / pleasanton / livermore
1990 Chevy Step Side 1500,https://www.craigslist.org/view/d/fulton-1990-chevy-step-side-1500/fELHtGJqg3NqzEQniPM8FT,4000,380000.0,santa rosa
[For Sale] 2010 Volkswagen Jetta Sportwagen 2.5 Se - 153K Miles,https://www.craigslist.org/view/d/santa-clara-for-sale-2010-volkswagen/ohN1tRaxqsygqmzCiMYVys,3500,153000.0,santa clara
2005 Suburban,https://www.craigslist.org/view/d/pacifica-2005-suburban/7YjKXkobW1vfJ45shYQxkU,4500,181000.0,pacifica
2013 Toyota Corolla Le - 67K Miles - Single Owner,https://www.craigslist.org/view/d/sunnyvale-2013-toyota-corolla-le-67k/3uvdcp4cy4b66Fv5PDM88g,13700,67000.0,sunnyvale
2010 Jeep Wrangler Unlimited Jk,https://www.craigslist.org/view/d/watsonville-2010-jeep-wrangler/hmDFxkpibtKqHw9KMuQ2wG,9500,207000.0,watsonville
Acura Tl,https://www.craigslist.org/view/d/san-jose-acura-tl/o3rpwsgy5f8UZ2ABJBDw7c,4450,172000.0,saratoga
2021 Gmc Sierra 2500Hd Denali,https://www.craigslist.org/view/d/los-altos-2021-gmc-sierra-2500hd-denali/gGYEz99qktkXBcRSRv32ea,65000,42000.0,los altos
2019 Kia Optima Lx,https://www.craigslist.org/view/d/sunnyvale-2019-kia-optima-lx/ucfXF63PXC3AXLLcZqJCRx,7600,155000.0,sunnyvale
2019 Ford Fusion Se Awd,https://www.craigslist.org/view/d/sunnyvale-2019-ford-fusion-se-awd/m2Z3Go8tBWgN5LZKTSUGux,7600,144000.0,sunnyvale
2019 Ford Fusion Se Awd,https://www.craigslist.org/view/d/sunnyvale-2019-ford-fusion-se-awd/oTsuf6jeu1CixjcPG7nvcs,7600,144000.0,sunnyvale
2012 Bmw Z4,https://www.craigslist.org/view/d/fremont-2012-bmw-z4/sdfoT2WWqBTF46PWb8paVH,13500,56000.0,fremont
2018 Chevrolet Silverado 4Wd Ltz - Excellent Condition,https://www.craigslist.org/view/d/millbrae-2018-chevrolet-silverado-4wd/c2R2Ze8W1ApTqytmJ7SiTN,25900,49000.0,millbrae
1995 Toyota T100 Engine Swapped,https://www.craigslist.org/view/d/santa-cruz-1995-toyota-t100-engine/hbLArbWqCKuxdLVR4MF123,6500,47000.0,santa cruz
1991 Mazda Truck B2600I  138K Miles Excellent Condition,https://www.craigslist.org/view/d/campbell-1991-mazda-truck-b2600i-138k/1ukbjTjQ1DEZJnYuLwj2D2,4500,137000.0,campbell
2000 Ford Explorer Parts Needs Motor,https://www.craigslist.org/view/d/santa-rosa-2000-ford-explorer-parts/iLwtXgxMkpTtXPBdesmzsT,400,200000.0,city of san francisco
2004 Volvo S80 T6,https://www.craigslist.org/view/d/concord-2004-volvo-s80-t6/qmWhTt5vorhfWdCAi8WuAH,2500,178000.0,concord / pleasant hill / martinez
2014 Dodge Grand Caravan,https://www.craigslist.org/view/d/san-jose-2014-dodge-grand-caravan/aYskAa3iQEuyQgazY9zYaR,5200,196000.0,san jose
2012 Mazda Cx-9 Grand Touring (Price Reduced),https://www.craigslist.org/view/d/berkeley-2012-mazda-cx-grand-touring/nrazWB5YFcYJKfJhyeskj5,7800,101000.0,berkeley
2006 Honda S2000 Ap2,https://www.craigslist.org/view/d/san-mateo-2006-honda-s2000-ap2/hxx1Rxz78Z66vKVNhGvS2r,37500,53000.0,san mateo
2004 Chrysler Sebring Lx Convertible 2 Doorcoupe,https://www.craigslist.org/view/d/mill-valley-2004-chrysler-sebring-lx/d1baf7teANtVsWNtcDwQ34,2241,74000.0,mill valley
1987 Pontiac Mera Ferrari 308 Gts Body Magnum Pi Tribute Car,https://www.craigslist.org/view/d/windsor-1987-pontiac-mera-ferrari-308/t4bQiG3f7ZZBYLdDtZTEKy,31500,41000.0,healdsburg / windsor
2012 Volkswagen Jetta,https://www.craigslist.org/view/d/san-jose-2012-volkswagen-jetta/wwdhmNxVN1N5W57jrci32n,4800,144000.0,san jose north
2011 Acura Tsx Sed.,https://www.craigslist.org/view/d/san-jose-2011-acura-tsx-sed/grrjfEtLcu2rCPVvaeCRsb,2995,190000.0,san jose south
1975 Jeep Wagoneer,https://www.craigslist.org/view/d/watsonville-1975-jeep-wagoneer/dF7yPiFcy2oR1vLd5txH7F,3500,60000.0,watsonville
2002 Honda Accord Ex,https://www.craigslist.org/view/d/cupertino-2002-honda-accord-ex/sfPW5Ft3T5vxcpEPdBjauF,4800,160000.0,cupertino
2002 Toyota Corolla Le - Clean Title - Passed Smog,https://www.craigslist.org/view/d/san-jose-2002-toyota-corolla-le-clean/uMYXi521pHMSaVJqP46bRb,2299,141000.0,san jose downtown
2004 Honda Odyssey Ex,https://www.craigslist.org/view/d/vallejo-2004-honda-odyssey-ex/8jgqyci1w4YAvPup2Za59V,4800,132000.0,vallejo / benicia
2000 Ford E350 15 Pass. Van W/ 84K,https://www.craigslist.org/view/d/lodi-2000-ford-pass-van-84k/tGmL79ZUZLzYsgVoLLHN5j,3200,84000.0,pittsburg / antioch
"Barter,Trade ,No Money Want Trade",https://www.craigslist.org/view/d/santa-rosa-bartertrade-no-money-want/dsmXBHtA5xz3rfcyqU7AgT,700,290000.0,santa rosa
1982 Volkswagen Caddy Pickup Diesel,https://www.craigslist.org/view/d/san-jose-1982-volkswagen-caddy-pickup/sA1dYQPBWweexHvHPRueoj,2800,123000.0,san jose west
2016 Honda Civic Ext Coupe,https://www.craigslist.org/view/d/livermore-2016-honda-civic-ext-coupe/7Y67VaYUeBnrD3JB8pBK8k,9900,45000.0,dublin / pleasanton / livermore
2004 Toyota Sienna Xle Clean Title,https://www.craigslist.org/view/d/santa-clara-2004-toyota-sienna-xle/kyM872w8ndn1MQA8FB8n92,3500,195000.0,santa clara
2002 Mercedes-Benz E320 • Clean Carfax • Low Miles • One Owner,https://www.craigslist.org/view/d/larkspur-2002-mercedes-benz-e320-clean/2msx9bCwQziZSwoM5mEJqA,11500,67000.0,corte madera
2011 Toyota Highlander V6 134K Miles Clean Title- Very Nice In And Out,https://www.craigslist.org/view/d/windsor-2011-toyota-highlander-v6-134k/t1fecKo8NfurDL1mxwS92r,11500,135000.0,healdsburg / windsor
2009 Ford F350,https://www.craigslist.org/view/d/lower-lake-2009-ford-f350/sdj7pLQsKv6BAeMjBit2uT,8000,200000.0,lake county
2022 Mercedes Benz S580 Custom One Owner,https://www.craigslist.org/view/d/newport-beach-2022-mercedes-benz-s580/abp5MPZWfvM3G4jhb592QQ,42500,108000.0,newport beach
2018 Mercedes C-Class 300 Coupe,https://www.craigslist.org/view/d/san-francisco-2018-mercedes-class-300/n19WpQW6X1bGWScMQSpdMe,22000,70000.0,fresno
1990 Ford Bronco Xlt,https://www.craigslist.org/view/d/san-jose-1990-ford-bronco-xlt/fehprJyvsAfiEj9SJ31fd3,12500,50000.0,san jose south
2003 Mercedes-Benz Sl500 Roadster – Runs & Drives – Great Parts Car Or,https://www.craigslist.org/view/d/byron-2003-mercedes-benz-sl500-roadster/nRwJPb7FjQa49TTaQdbwn4,3250,160000.0,brentwood / oakley
2012 Subaru Forester,https://www.craigslist.org/view/d/antioch-2012-subaru-forester/oGVkXZCAvWZRAzEjDjBwr8,12000,88000.0,brentwood / oakley
"Low Mi 4X4 Toyota Tacoma 4Wd Xt-Cab 6-Cyl. Garaged,Like New Ac!",https://www.craigslist.org/view/d/west-sacramento-low-mi-4x4-toyota/oNvSrpU88MDm6HqZvuoJrA,17400,141000.0,sacramentocalif>
2006 Chevy Hhr 1Lt 70K Original Miles Clean Title Pass Smog,https://www.craigslist.org/view/d/san-francisco-2006-chevy-hhr-1lt-70k/i9cn1utMg5NFELhX2yrmTh,3400,70000.0,fremont / union city / newark
2018 Toyota Corolla Xse,https://www.craigslist.org/view/d/napa-2018-toyota-corolla-xse/wpqcTEYS9BeYaxatT2m7CC,13000,135000.0,napa county
2005 Ford Crown Victoria,https://www.craigslist.org/view/d/brentwood-2005-ford-crown-victoria/3RkdFE4YFXiaaf8z7eMshk,1500,146000.0,brentwood
"Gmc Yukon Denali 6.0L Awd - 1 Owner, Low Mileage",https://www.craigslist.org/view/d/sunnyvale-gmc-yukon-denali-60l-awd/vfdqkysXcqGYM9D6vWBL9w,11500,105000.0,sunnyvale
2011 Toyota Camry Le Only 20K Miles One Owner Clean Title!!!,https://www.craigslist.org/view/d/burlingame-2011-toyota-camry-le-only/mbzzV4CrkJZKJLCXzanHT1,12500,21000.0,burlingame
Mecanica Especial,https://www.craigslist.org/view/d/san-jose-mecanica-especial/afVwenmi8HwrCbvyjWkyuM,700,263000.0,san jose
2007 Toyota Fj Cruiser,https://www.craigslist.org/view/d/redwood-city-2007-toyota-fj-cruiser/9Fk6kzRZ6ftdpsb4EhG1uM,17000,68000.0,redwood city
2012 Mercedes E350 4Matic Awd,https://www.craigslist.org/view/d/petaluma-2012-mercedes-e350-4matic-awd/fioMURpBHYPK8Su9b45p1k,5800,133000.0,petaluma
2004 Gmc Yukon Denali Awd,https://www.craigslist.org/view/d/san-jose-2004-gmc-yukon-denali-awd/vBEALGqf9eGXSUybVvCvMq,7900,155000.0,san jose west
2006 Gmc Sierra 2500Hd Duramax Diesel 4X4,https://www.craigslist.org/view/d/pleasanton-2006-gmc-sierra-2500hd/pesZwLWu93q2AWpSDAYXJD,18000,99000.0,east bay area
2006 Toyota Corolla S,https://www.craigslist.org/view/d/pinole-2006-toyota-corolla/fHEHvQCnMYee6LJinp5SNd,3490,195000.0,"hercules, pinole, san pablo, el sob"
Hyundai Nexo For Sale,https://www.craigslist.org/view/d/concord-hyundai-nexo-for-sale/cSG54THhTNpk2GbS5GBxRN,9500,20000.0,concord / pleasant hill / martinez
2024 Ford Bronco · V6 Wildtrak,https://www.craigslist.org/view/d/lafayette-2024-ford-bronco-v6-wildtrak/iDcCPoFaSahVa5bkfTmj86,28000,18000.0,pleasant hill
White 2018 Volvo Xc90,https://www.craigslist.org/view/d/los-altos-white-2018-volvo-xc90/5eWC1fBJwb8XqNaPmAUrkZ,25500,48000.0,mountain view
2004 Chevy Tahoe Lt 4X4 3Rd Row Seats,https://www.craigslist.org/view/d/san-mateo-2004-chevy-tahoe-lt-4x4-3rd/qCRgFGxEQPwbnxzScMNrYC,3450,210000.0,san mateo
2026 Chevrolet Silverado 1500 Crew Cab Custom Trail Boss 4Wd – 614 Mil,https://www.craigslist.org/view/d/san-carlos-2026-chevrolet-silverado/oQ1riRVecQomm2hUjYSiMX,52000,614.0,san carlos
2010 Toyota Rav4,https://www.craigslist.org/view/d/pinole-2010-toyota-rav4/6An81qi2k7XN6CUmWBA2uY,7990,134000.0,"hercules, pinole, san pablo, el sob"
2000 Chevy Silverado 5.3L With < 150K Miles!!,https://www.craigslist.org/view/d/el-verano-2000-chevy-silverado-53l-with/mpnS1MC7kZvvV5SFEqHPUn,6000,147000.0,sonoma
2010 Subaru Outback,https://www.craigslist.org/view/d/oakland-2010-subaru-outback/bTC6nLehW2gjDrfqLoxsuo,6500,178000.0,oakland west
"2013 Honda Civic Hf Automatic – Reliable & Well Maintained – 140,000 M",https://www.craigslist.org/view/d/martinez-2013-honda-civic-hf-automatic/hzdTM5UXypQiBwAaVecWzh,8200,140000.0,concord / pleasant hill / martinez
2011 Gmc Terrain Low Miles!! 160K!!,https://www.craigslist.org/view/d/hayward-2011-gmc-terrain-low-miles-160k/oAuMeMR1rjyUfcGJyDkbz1,2300,1600000.0,hayward
2005 Lexus Es 330 For Sale,https://www.craigslist.org/view/d/berkeley-2005-lexus-es-330-for-sale/9BX3MuEUkNRhWnkorsq1jK,5000,92000.0,berkeley north / hills
"2001 Toyota Tacoma Xtra Cab Sr5 ~ 80K Miles, Clean Title",https://www.craigslist.org/view/d/santa-clara-2001-toyota-tacoma-xtra-cab/9qGkkm3uXaXMP32haYyz8S,15200,80000.0,santa clara
Special Edition Beck Speedster,https://www.craigslist.org/view/d/orinda-special-edition-beck-speedster/4q9ZA4ocqSRsExXDTYfink,59950,400.0,lafayette / orinda / moraga
2021 Vw Atlas Sel V6 4Motion 276 Hp,https://www.craigslist.org/view/d/san-francisco-2021-vw-atlas-sel-v6/uwXn7WS9d3symyEviMrTgc,28500,58000.0,inner richmond
2017 Vw Golf Wolfsburg - One Owner - 65K Miles - Clean Title,https://www.craigslist.org/view/d/berkeley-2017-vw-golf-wolfsburg-one/fJCk6fqeiirTZ8q3KeyQDV,12900,66000.0,berkeley
Lexus Gx470  2006,https://www.craigslist.org/view/d/oakland-lexus-gx/8iGCyQMsn5z8ZZQgGzsoJY,8800,183000.0,alameda
1977 Fiat 124 Classic 1800 Convertible/5 Speed,https://www.craigslist.org/view/d/vineburg-1977-fiat-124-classic-1800/k44GLxVsPRoaEYgfRn4p8a,4900,113000.0,sonoma
2018 Ford Fiesta Hatchback,https://www.craigslist.org/view/d/redwood-city-2018-ford-fiesta-hatchback/aNktXVrFigdTyyTzGN2i1D,12000,54000.0,redwood city
2020 Ford Expedition Max Limited,https://www.craigslist.org/view/d/sunnyvale-2020-ford-expedition-max/n6HtaNnTfdcqWGypNbniPJ,13900,220000.0,sunnyvale
1999 Toyota Landcruiser 100 Series,https://www.craigslist.org/view/d/san-carlos-1999-toyota-landcruiser-100/qvP2y9Z2MQdvx7YE7AP18y,15000,247000.0,san carlos
Ford Explorer 2017 Police Intereceptor (116000 Miles),https://www.craigslist.org/view/d/pleasanton-ford-explorer-2017-police/dE5AqPAfnzdZhi5Qv92Mws,9000,116000.0,pleasanton
2006 Bmw 325I Manual Transmission - $3500-$4000,https://www.craigslist.org/view/d/san-jose-2006-bmw-325i-manual/t1FZh9mz4qAeNr5BeG2GHK,4000,175000.0,santa clara
2020 Chevrolet Suburban Lt,https://www.craigslist.org/view/d/sunnyvale-2020-chevrolet-suburban-lt/wYfSy82UedS3213z9YtdBJ,13900,220000.0,sunnyvale
Honda Odyssey Vmi Northstar Wheelchair Van - Only 50K Miles,https://www.craigslist.org/view/d/santa-clara-honda-odyssey-vmi-northstar/wkvLpAmASQ1GUXNLtWAMAX,28000,50000.0,santa clara
2020 Isuzu Nrr Box Truck,https://www.craigslist.org/view/d/fairfield-2020-isuzu-nrr-box-truck/xrgfmRSiLtGA3B9uyGo7Lt,25000,153000.0,fairfield
"(2002) Volvo Xc70 For Sale ($1800.00 /Obo) 150,000 Miles",https://www.craigslist.org/view/d/kentfield-2002-volvo-xc70-for-sale-obo/4MqogTEgmBjAKAVyEe6QBv,1800,154000.0,san rafael
2000 Chrysler Sebring Jxi,https://www.craigslist.org/view/d/san-lorenzo-2000-chrysler-sebring-jxi/a5vXYgxaZNPRYdWKgg7EhK,4000,95000.0,san leandro
2001Dodge Durango,https://www.craigslist.org/view/d/san-jose-2001dodge-durango/2mCsHqqjMTEGFbNp9AW7Kf,2400,197000.0,san jose south
2007 Lexus Rx 350 Suv Awd (Clean Title/ Excellent Condition),https://www.craigslist.org/view/d/newark-2007-lexus-rx-350-suv-awd-clean/k8RBnZQ7PqJDA1RN5Q5MUW,6650,168000.0,fremont / union city / newark
2008 Lexus Rx 330 Suv Awd (Clean Title/One Owner/ Excellent Condition),https://www.craigslist.org/view/d/newark-2008-lexus-rx-330-suv-awd-clean/5a7iS4KA9bEsj6tVLSS3Zk,11500,91000.0,fremont / union city / newark
2008 Acura Tsx,https://www.craigslist.org/view/d/newark-2008-acura-tsx/bYmqjzmgkShRHV3gnHiTkY,4900,175000.0,fremont / union city / newark
05 Homda Pilot Lx Awd Runninmg And Drive Clean Title,https://www.craigslist.org/view/d/san-jose-05-homda-pilot-lx-awd-runninmg/gWC21hq1sVByxWPSmbaRRd,750,275000.0,san jose downtown
"Acura Rsx - Only 40K Miles, 1 Owner",https://www.craigslist.org/view/d/santa-clara-acura-rsx-only-40k-miles/14MHALPnaHKGgSgGA7hVk2,14500,44000.0,santa clara
2013 Ford Escape Titanium Sport  ( Clean Title/ Excellent Condition),https://www.craigslist.org/view/d/newark-2013-ford-escape-titanium-sport/mjEWgKQ6xJUjZSvpkDNNwJ,7780,94000.0,fremont / union city / newark
1993 Lexus Ls400,https://www.craigslist.org/view/d/concord-1993-lexus-ls400/jwMUSWRTZC79Se7xXvX4UR,4300,107000.0,concord
"2018 Ford Edge Titanium Awd, Clean Title, 109K, Nice!",https://www.craigslist.org/view/d/walnut-creek-2018-ford-edge-titanium/4M9KyGitWCR3qo32y2LRou,9900,109000.0,walnut creek
2017 Toyota Rav4 Awd,https://www.craigslist.org/view/d/sunnyvale-2017-toyota-rav4-awd/abDuJ6XiUmKPv8S4PPBEy8,22000,39000.0,sunnyvale
2010 Ford Ranger Super Cab Xlt 4.0L 4X4 - Low Mileage,https://www.craigslist.org/view/d/sunnyvale-2010-ford-ranger-super-cab/kDsN6qLiHpeGTcFzsuoFED,15500,110000.0,sunnyvale
2021 Toyota Prius Prime Xle – Reliable Fleet Car,https://www.craigslist.org/view/d/san-jose-2021-toyota-prius-prime-xle/5PJvEn6QQFiNqG8tAsSxK1,9800,232000.0,san jose downtown
2013 Nissan Juke (Nismo),https://www.craigslist.org/view/d/san-mateo-2013-nissan-juke-nismo/okk1NfysatUo2XvpAhTc78,5200,92000.0,san mateo
2016 Subaru Outback 2.5I Premium,https://www.craigslist.org/view/d/san-mateo-2016-subaru-outback-25i/jU6y8S45d4gCSkTWJ2ooRB,8700,140000.0,foster city
"2016 Toyota Rav4 Xle Awd - Clean Title, 33.000 Miles",https://www.craigslist.org/view/d/campbell-2016-toyota-rav4-xle-awd-clean/9gpJhEKtVuituJtWkadqMH,20500,33000.0,campbell
2007 Mercedes Benz C230,https://www.craigslist.org/view/d/antioch-2007-mercedes-benz-c230/dmqfmPuqvaWSZCCLUWg1DK,2500,158000.0,antioch
2017 Acura Mdx Sh-Awd • One Owner • Only 59K Miles • Dealer Maintained,https://www.craigslist.org/view/d/milpitas-2017-acura-mdx-sh-awd-one/7dRcLVW8ACjFWAZCwU7ThB,24400,60000.0,milpitas
2001 Toyota Tacoma Prerunner Trd,https://www.craigslist.org/view/d/union-city-2001-toyota-tacoma-prerunner/hRqGRUUsUoyDvypupXdstb,5900,300000.0,union city
2013 Bmw 328I 3 Series,https://www.craigslist.org/view/d/scotts-valley-2013-bmw-328i-series/8VMFknUJtsTvsh67bvGnC7,9999,133000.0,scotts valley
M4 For Sale,https://www.craigslist.org/view/d/san-jose-m4-for-sale/1BwQWZYSKe8pKrSvX7hdkx,55000,83000.0,san jose downtown
2013 Dodge Avenger Se,https://www.craigslist.org/view/d/sacramento-2013-dodge-avenger-se/geRtvJBbsez3MUfhvifRAV,3900,162000.0,sacramento
((Nissan 2015  Nv200 Cargovan)),https://www.craigslist.org/view/d/livermore-nissan-2015-nv200-cargovan/xpGVkdcWE7GVf1gKNhqM1k,4600,198000.0,dublin / pleasanton / livermore
1986 Mercedes 560Sl,https://www.craigslist.org/view/d/sebastopol-1986-mercedes-560sl/aHdbKaVbeckrNQKM8tj24a,12000,140000.0,sebastopol
Ram 2500 6.4 Hemi - 2Wd - 8' Bed,https://www.craigslist.org/view/d/pleasant-hill-ram-hemi-2wd-bed/eTYuwkKCWoVCDs4fzWKKLX,17000,90000.0,concord / pleasant hill / martinez
"2005 Honda Accord, Runs Great",https://www.craigslist.org/view/d/campbell-2005-honda-accord-runs-great/7XGH15YL3LysPZHhoE2Sxp,3400,206000.0,san jose west
Ram 2500 6.4 Hemi - 2Wd - 8' Bed,https://www.craigslist.org/view/d/pleasant-hill-ram-hemi-2wd-bed/kFSzJKYBYaL3cor3UvpnK1,17000,90000.0,concord / pleasant hill / martinez
2013 Hyundai Accent -- One Owner,https://www.craigslist.org/view/d/petaluma-2013-hyundai-accent-one-owner/i5TtaCx22G8XJQihiPfboo,5000,160000.0,petaluma
2016 Hyundai Sonata 2.4L New Engine,https://www.craigslist.org/view/d/hollister-2016-hyundai-sonata-24l-new/2LnXKkQVmUnUshtdz5TiQV,7000,173000.0,hollister
2004 Ford Thunderbird Premium Roadster,https://www.craigslist.org/view/d/danville-2004-ford-thunderbird-premium/5VtvV4zfSCsDpYfuYSaXWC,9995,84000.0,danville / san ramon
2012 Ford F250 Service Truck,https://www.craigslist.org/view/d/livermore-2012-ford-f250-service-truck/wYMokNUk8W5G1zsX4yA94J,9800,101000.0,livermore
Lotus Super 7 Caterham 620R 2023 My,https://www.craigslist.org/view/d/el-verano-lotus-super-caterham-620r/21vGurdciEv6GXWic4fbT5,65000,1200.0,sonoma
1998 Nissan Pathfinder,https://www.craigslist.org/view/d/antioch-1998-nissan-pathfinder/i686Yrof6c3S9ggynjLz58,1500,200000.0,antioch
Used 2019 Subaru Impreza 2.0I Wagon 4D Awd/4Wd,https://www.craigslist.org/view/d/san-jose-used-2019-subaru-impreza-20i/aGBT7TtanoFQmq9CZoVjDL,16000,42000.0,san jose south
Lotus Elan S3,https://www.craigslist.org/view/d/el-verano-lotus-elan-s3/oGjdZ6spTLkBANhjmJqCEX,35000,66000.0,sonoma
"2009, Volvo Xc90, Clean Title,Current Reg,Smog,Miles,187,K",https://www.craigslist.org/view/d/hercules-2009-volvo-xc90-clean/rbe2aEfRGsKk9Kdy2eBBHn,3650,187000.0,hercules
"2003 Toyota Corolla. 200K, New Smog. Runs Nice. Good A/C. 2027 Reg.",https://www.craigslist.org/view/d/san-jose-2003-toyota-corolla-200k-new/qp8rRgz2MAvkVL7x3yVV9j,1750,200000.0,san jose south
2005 Toyota Camry Solara Se V6,https://www.craigslist.org/view/d/hayward-2005-toyota-camry-solara-se-v6/qGb9aHYUC1TcUwobqgjvJj,5400,100000.0,hayward / castro valley
2012 Honda Odyssey Ex-L Clean Title Low Miles,https://www.craigslist.org/view/d/campbell-2012-honda-odyssey-ex-clean/qZYF1d5JrLPYT2orZ6LnH1,9900,115000.0,campbell
1997 Ford F150 Xlt 2Wd,https://www.craigslist.org/view/d/brentwood-1997-ford-f150-xlt-2wd/wFJbbi7xhGuHoTr34Kz7Dg,3000,188000.0,brentwood / oakley
2015 Ford Transit 250 Srw Low Roof Cargo Van - 121K Miles,https://www.craigslist.org/view/d/oakland-2015-ford-transit-250-srw-low/8bKTMt2tKiB8B7Eo8wmMPh,13000,121000.0,oakland east
2015 Honda Odyssey Ex,https://www.craigslist.org/view/d/mountain-view-2015-honda-odyssey-ex/ctKx87oR3TzGJrkctVWUYp,10500,123000.0,south bay area
2012 Honda Accord Se,https://www.craigslist.org/view/d/newark-2012-honda-accord-se/unu2KDW15a3d2rsNcoDLmv,6900,160000.0,fremont / union city / newark
2015 Subaru Impreza 2.Oi Premium Awd - Clean Title,https://www.craigslist.org/view/d/campbell-2015-subaru-impreza-2oi/vwzR2UgVxRYcDVG41cJioy,6500,149000.0,campbell
2001 Bmw 325I,https://www.craigslist.org/view/d/san-jose-2001-bmw-325i/nHn2tJRkWFfRYp58zKyjcg,3400,200000.0,san jose
2023 Toyota Tacoma Trd Sport,https://www.craigslist.org/view/d/graton-2023-toyota-tacoma-trd-sport/n3w86EurV7X36na2wXrHx9,45000,44000.0,graton
5Spd 4X4 Isuzu Rodeo New Timing Belt Water Pump Smog Completed,https://www.craigslist.org/view/d/alameda-5spd-4x4-isuzu-rodeo-new-timing/2LtnbtkB4LDigzVvVaX8Mn,5700,195000.0,alameda
2013 Vw Jetta - 34 Mpg Hwy 24 Mpg City,https://www.craigslist.org/view/d/alameda-2013-vw-jetta-34-mpg-hwy-24-mpg/suUSFDxSoo8t8JrTTe4wTV,6500,151000.0,alameda
Mercedes Sprinter Van,https://www.craigslist.org/view/d/union-city-mercedes-sprinter-van/1eH3BN6W4yUtrvfYojfSVt,19500,169000.0,fremont / union city / newark
2001 Mazda Miata Ls | 6-Speed | Torsen Lsd | Clean Title | 120K Miles,https://www.craigslist.org/view/d/sunnyvale-2001-mazda-miata-ls-speed/rSNNoToKNgCWCdiGLC3NkL,9000,121000.0,sunnyvale
"2012 Toyota Fj Cruiser 4Wd – $19,000 Obo",https://www.craigslist.org/view/d/sunnyvale-2012-toyota-fj-cruiser-4wd-obo/k1aiDXsVcarPxhiP3uRCrs,19000,198000.0,sunnyvale
1966   Mustang /  Nice  !,https://www.craigslist.org/view/d/carmichael-1966-mustang-nice/11Su9d6xje99Um6W3qcJ4W,14750,15.0,sacramento
2014 Toyota Prius Ii,https://www.craigslist.org/view/d/san-jose-2014-toyota-prius-ii/c8zVha41Xejya6HjRLxTAo,7900,185000.0,san jose south
2001 Honda Odyssey 175K Orig. Néw Smog. Runs Nice.,https://www.craigslist.org/view/d/san-jose-2001-honda-odyssey-175k-orig/4UWaTSUSuLrMzUfCgfB78A,2275,175000.0,san jose south
2012 All Electric Nissan Leaf Sv,https://www.craigslist.org/view/d/el-verano-2012-all-electric-nissan-leaf/hsEEFv3om1JHUpXvbb7Woq,2400,104000.0,sonoma
2006 Toyota Sienna Xle Awd,https://www.craigslist.org/view/d/san-jose-2006-toyota-sienna-xle-awd/6LkjyGHYaY8X41jnNBsPQh,4200,180000.0,san jose
2012 Nissan Altima  96K Miles,https://www.craigslist.org/view/d/union-city-2012-nissan-altima-96k-miles/wNXi3d6tGAiBKL1PtcETgW,5700,96000.0,fremont / union city / newark
2004 Chevrolet Express Cargo Van 3500 Series With Windows,https://www.craigslist.org/view/d/redwood-city-2004-chevrolet-express/7d6A6Lv83rHexs8ooqKR1v,3000,300000.0,redwood city
1970 Ford Mustang Boss 302 - 1 Of 1 Marti Report - Numbers Matching,https://www.craigslist.org/view/d/windsor-1970-ford-mustang-boss-of-marti/ppk8u99BwYtmZhwTnVsxQD,84900,75000.0,healdsburg / windsor
Mopar Parts - Challenger - Charger - Cuda And More!!,https://www.craigslist.org/view/d/santa-rosa-mopar-parts-challenger/dxqS9rwozXMKse4jjnkpvn,100,1968.0,santa rosa
"Classic Ford Performance Parts – Shelby, Fe, Mustang, Cobra, 427",https://www.craigslist.org/view/d/santa-rosa-classic-ford-performance/facYeBiGmiJSkW4D7AwHUK,100,1969.0,santa rosa
Rare Fiberglass Luggage Trailer – Perfect For Classic Cars & Car Shows,https://www.craigslist.org/view/d/el-verano-rare-fiberglass-luggage/iPrrjCr2upPvwsToCEz4cP,1650,1000.0,sonoma
"2007 Chevrolet Express Explorer, High Top, Passenger , Conversion",https://www.craigslist.org/view/d/redwood-city-2007-chevrolet-express/jgNUA1cyxuwosKiCgC9zJa,12000,170000.0,redwood city
Toyota Tacoma Prerunner,https://www.craigslist.org/view/d/santa-cruz-toyota-tacoma-prerunner/q42UbYSx7NufYYrFb54Pss,7300,205000.0,santa cruz
2016 Subaru Outback - 2.5 Xt Limited Wagon 4D,https://www.craigslist.org/view/d/mountain-view-2016-subaru-outback-25-xt/phBYzuEdvEBcdkcsXixXNH,9990,133000.0,mountain view
2018 Nissan Versa,https://www.craigslist.org/view/d/pittsburg-2018-nissan-versa/iQP9d4iMmpH2RHseR6KmJM,5300,97000.0,pittsburg / antioch
"Maranda 170 ""Tradesmen Topper""",https://www.craigslist.org/view/d/walnut-creek-maranda-170-tradesmen/k9eixtudkECSEcyjS7BLwv,2900,1111.0,walnut creek
Dodge Durango 2000,https://www.craigslist.org/view/d/san-jose-dodge-durango-2000/gzuamwvcHZLybL5RYFoCQm,2200,200000.0,san jose
2009 Acura Mdx Sh-Awd. Smogd & Cln Title & Registered,https://www.craigslist.org/view/d/concord-2009-acura-mdx-sh-awd-smogd-cln/2yv7itQj1gYzSg6M3eQcoM,2700,330000.0,concord / pleasant hill / martinez
2008 Scion Tc~Runs Good Automatic ~ 4 Cyl Gas Saver! Smogged!,https://www.craigslist.org/view/d/hayward-2008-scion-tcruns-good/d8tTTiqV4N1Nr8C9NyXnTT,3000,164000.0,hayward / castro valley
2014 Toyota Tacoma Regular Cab – 2Wd – Reliable & Well-Maintained,https://www.craigslist.org/view/d/daly-city-2014-toyota-tacoma-regular/fKBf4h2osARkxZ5k3w1wff,13500,107000.0,excelsior / outer mission
"2008,Lexus Rx400,H. Hybrid,Clean Title,Current Reg,Smog,Miles,196,K",https://www.craigslist.org/view/d/hercules-2008lexus-rx400h-hybridclean/519Ccmu5ixgYxFk3jzuTrN,4950,196000.0,hercules
"2013,Mini Cooper,Countryman,Clean Title,Fresh Smog,Low Miles,106,K",https://www.craigslist.org/view/d/hercules-2013mini-coopercountrymanclean/osDALTXVgQ31ynkLYiCgeR,4850,106000.0,hercules
2017 Kia Forte5 Ex Hatchback,https://www.craigslist.org/view/d/greenbrae-2017-kia-forte5-ex-hatchback/24oijfq6ATVnVFsrR4nY7x,7200,97000.0,larkspur
2015 Infiniti Qx60 Hybrid Sport,https://www.craigslist.org/view/d/greenbrae-2015-infiniti-qx60-hybrid/wt5u5JM4A9Jyn9HHrSZE5W,5800,101000.0,larkspur
2003 Acura Mdx Touring Sport,https://www.craigslist.org/view/d/greenbrae-2003-acura-mdx-touring-sport/uJ4kMbKqEu9bjnWooDfkdu,2000,230000.0,larkspur
2004 Toyota Scion,https://www.craigslist.org/view/d/pleasanton-2004-toyota-scion/5hiMt6Nhmat3uxsHtBJ1pv,4900,103000.0,pleasanton
2017 Toyota Corolla Le,https://www.craigslist.org/view/d/fairfield-2017-toyota-corolla-le/eV2nhnoBY3TuFQo8H2ZQau,8500,69000.0,fairfield / vacaville
2024 Corolla Cross Xle,https://www.craigslist.org/view/d/hayward-2024-corolla-cross-xle/4k7VGrCfiSuxJjddRDj5CS,18900,22000.0,hayward / castro valley
2015 Hyudai Sonata Low Miles! 93K!,https://www.craigslist.org/view/d/hayward-2015-hyudai-sonata-low-miles-93k/av2Lcoz5bFH5RUbr5AFbNj,2300,93000.0,hayward
1999 Honda Accord Ex 2 Doors Coup V6 In Excellent Condition,https://www.craigslist.org/view/d/san-rafael-1999-honda-accord-ex-doors/dUA7H6CaWiTdopn5j1tcTn,5300,142000.0,san rafael
2024 Corolla Cross Hybrid Se Awd,https://www.craigslist.org/view/d/hayward-2024-corolla-cross-hybrid-se-awd/bz12JZT7DEb7hJSn2AkKKZ,20900,19000.0,hayward / castro valley
___—>>Price Firm<--____ Honda Civic Dx 232K Original Miles,https://www.craigslist.org/view/d/san-leandro-price-firm-honda-civic-dx/gqx54irYWnuJbLy2Wo8yum,3700,232.0,walnut creek
Magnificent Condition__2007 Mercedes Benz E350__2Nd Owner,https://www.craigslist.org/view/d/concord-magnificent-condition2007/7m2vtbE6SdcVuACKsQP2Z1,4600,140.0,antioch
2025 Lexus Ux 300H,https://www.craigslist.org/view/d/hayward-2025-lexus-ux-300h/ih6e5aV7XfY4ziXFpdJ4BU,25700,25000.0,hayward / castro valley
1983 Datsun 280Zx Turbo,https://www.craigslist.org/view/d/las-vegas-1983-datsun-280zx-turbo/mtKQ4Xf9fAtUms35crtGZV,19500,53000.0,downtown / civic / van ness
2007 Chevy Avalanche Lt 4X4 | Leather | Sunroof | Bose | Tonneau Cover,https://www.craigslist.org/view/d/alameda-2007-chevy-avalanche-lt-4x4/ioiggDMkFiCkV1dw9DTg2B,7950,161000.0,alameda
2004 Mercedes Slk320 2Dr Coupe W/62K Miles. Smogd. Clean Title & Carfa,https://www.craigslist.org/view/d/concord-2004-mercedes-slk320-2dr-coupe/ikkGC6PWYZbX2c6mCdLA3E,3900,62000.0,concord / pleasant hill / martinez
2026 Bmw X5 Xdrive40I Only 7K Miles,https://www.craigslist.org/view/d/danville-2026-bmw-x5-xdrive40i-only-7k/ng4PUXZbBX56n3BghXs8hH,76800,7000.0,danville / san ramon
2008' Smart Fortwo Cabriolet 1.0 Passion Convertible,https://www.craigslist.org/view/d/san-jose-2008-smart-fortwo-cabriolet-10/kFQm1fS4oNoBtY9N335gFQ,5500,119000.0,willow glen / cambrian
2018 Nissan Versa,https://www.craigslist.org/view/d/pittsburg-2018-nissan-versa/uKzx3gHPdfuQS8CP7gMpa6,5300,97000.0,pittsburg / antioch
2015 Toyota Sienna Limited Awd,https://www.craigslist.org/view/d/menlo-park-2015-toyota-sienna-limited/kHaFtkCQWNhU2A69FVFUKG,24600,51000.0,menlo park
2002 Toyota Sequoia Sr5 Excellent Condition 160K,https://www.craigslist.org/view/d/campbell-2002-toyota-sequoia-sr5/oieEvd8FEcnfDZEwjPWxUp,5800,160000.0,campbell
2013 Toyota Prius Excellent Condition,https://www.craigslist.org/view/d/campbell-2013-toyota-prius-excellent/veKqEntNvgVACq5WwAVi8x,7800,134000.0,campbell
2011 Acura Mdx Sh-Awd W/Tech,https://www.craigslist.org/view/d/campbell-2011-acura-mdx-sh-awd-tech/sxeugaPQBWf2SyXcynyUHc,7400,147000.0,campbell
2008 Honda Cr-V Ex-L  ( 1 - Owner) 4X4 93K,https://www.craigslist.org/view/d/campbell-2008-honda-cr-ex-owner-4x4-93k/kECaDngvjM3E5S8GFYxKWf,8900,93000.0,campbell
2018 Honda Civic Sport  4 Door Hatchback,https://www.craigslist.org/view/d/campbell-2018-honda-civic-sport-door/innV1Hi3smRbbtPRa8tvpF,11800,126000.0,campbell
2020 Toyota Corolla Le ( Low Mile ) 66K  1-Owner Vehicle,https://www.craigslist.org/view/d/campbell-2020-toyota-corolla-le-low/dkCbpSVVHGX6PAdNvz71pa,16500,66000.0,campbell
"2014 Prius C Three 68,000 Miles 1 Owner New Hybrid Battery",https://www.craigslist.org/view/d/alameda-2014-prius-three-miles-owner/3mipCeVRuaW9H7Dcs82fvN,9800,68000.0,alameda
2014 Chevy Silverado V6. Doble Cab. 6Ft Long Bed,https://www.craigslist.org/view/d/san-jose-2014-chevy-silverado-v6-doble/6PrsMSNrZeHmbMmJYeCKsm,13900,120000.0,san jose north
2017 Lexus Ct 200H ( Very Low Miles 46K Excellent Condition,https://www.craigslist.org/view/d/campbell-2017-lexus-ct-200h-very-low/9ahKvBmdfYUrj1SmMmWvJ8,19500,46000.0,campbell
2007 Chevrolet Avalanche Ltz 1500  6.0L V8 F 4X4,https://www.craigslist.org/view/d/campbell-2007-chevrolet-avalanche-ltz/jmWHDZRnnfvNXTg8dpN7Lb,9200,150000.0,campbell
2017 Mini Cooper Countryman S ☞ Impeccable!,https://www.craigslist.org/view/d/emeryville-2017-mini-cooper-countryman/foVWYsSp31CPGXLTYBnX8X,11500,100000.0,emeryville
2014 Mercedes-Benz E-Class E 350 Sport  ( 1 - Owner  Low Mile 60K ),https://www.craigslist.org/view/d/campbell-2014-mercedes-benz-class-350/paBwWXoCTA1By6VvgrhwdS,12300,60000.0,campbell
Jaguar 2017 Xf Diesel 2.0,https://www.craigslist.org/view/d/pleasanton-jaguar-2017-xf-diesel-20/nZ2LUD1edcFZSnvdAQTFf7,13000,37000.0,dublin / pleasanton / livermore
1998 Pontiac Trans Am,https://www.craigslist.org/view/d/san-jose-1998-pontiac-trans-am/a5bsHLvbXqEF6P8KDSNjfx,17500,228000.0,san jose south
2006 Honda Pilot Ex-L W/Navi  Excellent Condition ( 1- Owner ),https://www.craigslist.org/view/d/campbell-2006-honda-pilot-ex-w-navi/8k5rJqs5m3kEEbKcLvjK2q,7300,135000.0,campbell
2009 Toyota Prius ($3600 Obo),https://www.craigslist.org/view/d/fairfield-2009-toyota-prius-3600-obo/qbLvhNTGsFF2j3WruUGHV6,3600,199000.0,fairfield / vacaville
2013 Jeep Wrangler Unlimited Sahara 4X4 Hard Top,https://www.craigslist.org/view/d/campbell-2013-jeep-wrangler-unlimited/qiwSRoucAJcNujDcTm1fsp,12800,120000.0,campbell
2020 Toyota Rav4 Xle Low Mile 64K Excellent Condition,https://www.craigslist.org/view/d/campbell-2020-toyota-rav4-xle-low-mile/wGPfkMcAQU6a97YR4w83d1,21500,64000.0,campbell
2017 Ford Mustang Gt350 Low Miles Original Owner,https://www.craigslist.org/view/d/menlo-park-2017-ford-mustang-gt350-low/kMEtTz6ef6uBETf9HF4JwG,60000,1492.0,menlo park
2011 Subaru Impreza · 2.5I Sedan 4D (92K Miles),https://www.craigslist.org/view/d/palo-alto-2011-subaru-impreza-25i-sedan/uGoQDUhvEJJDsxFVJg3NSX,4000,92000.0,palo alto
2008 Pontiac Grand Prix | $2900,https://www.craigslist.org/view/d/lafayette-2008-pontiac-grand-prix-2900/fFF2iwbxb4hZRSYbNysCFt,2900,145000.0,lafayette / orinda / moraga
2020 Nissan Frontier Sv ( Very Low Mile  50K ),https://www.craigslist.org/view/d/campbell-2020-nissan-frontier-sv-very/9E92wXrXUMtWEfveXThZvg,17400,50000.0,campbell
2008 Toyota Tacoma Prerunner V6 Excellent Condition,https://www.craigslist.org/view/d/campbell-2008-toyota-tacoma-prerunner/o86ruvikZE3S8WTqcrjPMg,10800,207000.0,campbell
2005 Lexus Is 300  Excellent Condition,https://www.craigslist.org/view/d/campbell-2005-lexus-is-300-excellent/bbYGcQ4Tkqgo83ocYRoF1c,7800,171000.0,campbell
2009 Lexus Is 250 Excellent Condition 105K,https://www.craigslist.org/view/d/campbell-2009-lexus-is-250-excellent/2W3jLQngrnm9egC3sqbDTc,10300,105000.0,campbell
2015 Bentley Continental Gt W12,https://www.craigslist.org/view/d/san-jose-2015-bentley-continental-gt-w12/tEWHoAWqrs4mXeyR9ahmqn,77800,12000.0,saratoga
🔥 1965 Chevy Impala Super Sport – Built 350 🔥Project Car,https://www.craigslist.org/view/d/san-jose-chevy-impala-super-sport-built/5LySuFfoGZ9DgeE7hn9iMy,25000,111000.0,san jose south
2025 Toyota Camry Se Hybrid,https://www.craigslist.org/view/d/san-jose-2025-toyota-camry-se-hybrid/sHRQfGPwDffr81zFCZgimY,24950,76000.0,san jose
2001 Lexus Ls 430 Clean Tittle Only 170K Miles Smog And Registered,https://www.craigslist.org/view/d/oakland-2001-lexus-ls-430-clean-tittle/gKq7nkBUmE2pL77npZiR7h,5500,170000.0,alameda
2006 Srt8,https://www.craigslist.org/view/d/petaluma-2006-srt8/dqprr2zZMuBVUstMVjS8ce,12500,140000.0,santa rosa
2000 Toyota Camry,https://www.craigslist.org/view/d/novato-2000-toyota-camry/dN9xpzdorwPKRTPs7oJpj6,3800,200000.0,novato
2017 Hyundai Sonata,https://www.craigslist.org/view/d/hayward-2017-hyundai-sonata/gSPM2QxDTtF9wcgyDsiDy5,6900,135000.0,hayward
2021 Jeep Wrangler Willys 4X4 2Dr Suv,https://www.craigslist.org/view/d/fremont-2021-jeep-wrangler-willys-4x4/qMuhGGXJiVQYkSUUHtsXXt,16550,145000.0,fremont / union city / newark
2012 Prius,https://www.craigslist.org/view/d/berkeley-2012-prius/a5f4CpeAJgynMsc8rjbioQ,5100,193000.0,berkeley
2008 Ford F-150 Stx ( Very Low Mile 70K ) Manual Transmission,https://www.craigslist.org/view/d/campbell-2008-ford-150-stx-very-low/wgpvyERVsBjGYMg19asrwD,8200,70000.0,campbell
Toyota Rav 4 V6,https://www.craigslist.org/view/d/watsonville-toyota-rav-v6/fet7dXsBsTmsQhGQtMxgYM,9800,139000.0,watsonville
2004 F150 Lariat 4Wd,https://www.craigslist.org/view/d/danville-2004-f150-lariat-4wd/htTQxiqhRTsFhHoS9qh5Fa,7000,187000.0,danville
Toyota 4 Runner,https://www.craigslist.org/view/d/san-jose-toyota-runner/oXe1eBANrHFL8yWnKfQUVK,11200,132000.0,san jose
2019 Audi E-Tron Quattro Ev,https://www.craigslist.org/view/d/los-altos-2019-audi-tron-quattro-ev/2VTnKACDqG7peegQ74L5za,22000,61000.0,los altos
2012 Ford Explorer Limited,https://www.craigslist.org/view/d/danville-2012-ford-explorer-limited/9hqSWvVKuTugHq6Eih3Khi,5400,190000.0,danville
"Toyota 2011 Rav4, 160K Miles",https://www.craigslist.org/view/d/sunnyvale-toyota-2011-rav4-160k-miles/vUCUn6RrpAXrMyjpwox6jR,9000,161000.0,sunnyvale
2013 Audi A4,https://www.craigslist.org/view/d/fremont-2013-audi-a4/hgXLHjbq5qJMJSZaSwTuMU,6100,117000.0,fremont
2007 Chevrolet Suburban Ls 2500  Excellent Condition,https://www.craigslist.org/view/d/campbell-2007-chevrolet-suburban-ls/oRFYJX2tgr89eF29WbXrLd,8700,137000.0,campbell
2012 Audi A3 Wagon S-Line Automatic 2.0T Leather Smog! Drives Great!,https://www.craigslist.org/view/d/hayward-2012-audi-a3-wagon-line/u6f6XMEhC614gnBVbM4fsU,4500,120000.0,hayward / castro valley
2015 Mercedes Cla250,https://www.craigslist.org/view/d/redwood-city-2015-mercedes-cla250/ahVeUNhFxoyurKzpmAq8s1,10000,109000.0,redwood city
Tesla Model 3,https://www.craigslist.org/view/d/san-jose-tesla-model/mbRueBabYMawLXfHHnxxmD,28000,30000.0,san jose north
2004 Chevrolet Avalanche 1500 Excellent Condition,https://www.craigslist.org/view/d/campbell-2004-chevrolet-avalanche-1500/4RAwDcRj7bUwqRJY3vqEBX,5800,173000.0,campbell
2019 Bmw 440I M-Sport Convertible 41000 Miles Excellent For Sale,https://www.craigslist.org/view/d/concord-2019-bmw-440i-sport-convertible/9QiJvG5RTw3ccxYBnYVA4A,19950,41000.0,east bay area
2006 Infiniti G35 ( Low Mile ) 66K  1-Owner Vehicle,https://www.craigslist.org/view/d/campbell-2006-infiniti-g35-low-mile-66k/n9aYd6s45T4gynTrytWLyd,9300,70000.0,campbell
2003 Toyota Highlander,https://www.craigslist.org/view/d/san-jose-2003-toyota-highlander/tT15CShNHGGtXNE86Zk4ZS,3500,239000.0,san jose
1997 Jeep Tj Sport,https://www.craigslist.org/view/d/corte-madera-1997-jeep-tj-sport/xsDUxpQUJEnq3WtKSwJdFb,8000,196000.0,corte madera
2009 Toyota Highlander Limited Excellent Condition 4 Wd,https://www.craigslist.org/view/d/campbell-2009-toyota-highlander-limited/rkyrWkxdxY4ieB7J7EmeNw,11000,156000.0,campbell
Mechanic Special - Salvage Title - 2008 Nissan Altima,https://www.craigslist.org/view/d/vallejo-mechanic-special-salvage-title/e4dHsZmsuNhK9pUDmvramf,2000,132000.0,vallejo
1991 Camaro Z28 Convertible,https://www.craigslist.org/view/d/livermore-1991-camaro-z28-convertible/gw3uUkGJfBuudnXHD6eDrm,5000,164000.0,dublin / pleasanton / livermore
Nissan Nv200S,https://www.craigslist.org/view/d/san-francisco-nissan-nv200s/1XNYS73CC4tU1cgxHTppot,13000,69000.0,mission district
For Sale By Owner,https://www.craigslist.org/view/d/lathrop-for-sale-by-owner/r9Vivs7n44ddPuZDXno7RW,25000,125000.0,lathrop
2008 Toyota Sienna Le,https://www.craigslist.org/view/d/san-jose-2008-toyota-sienna-le/iCUTuy7rZDWbvrjudH7EL9,2900,163000.0,san jose north
1971 Corvette,https://www.craigslist.org/view/d/penngrove-1971-corvette/vRmEBmBZdQLhRfopJtKtw2,38000,46000.0,sebastopol
"2013 Tesla Model S Original Owner,,$$9,500",https://www.craigslist.org/view/d/san-jose-2013-tesla-model-original/uCEGqULYB5LQVJ4bfNnm8m,9500,92000.0,san jose
2021 Toyota Mirai Xle Hydrogen Fuel Electric Sedan,https://www.craigslist.org/view/d/fremont-2021-toyota-mirai-xle-hydrogen/mPMEorNR4578uzzpu593H7,7950,46000.0,south bay area
2010 Nissan Sentra S Sedan (One Owner/Very Low Mileage),https://www.craigslist.org/view/d/fremont-2010-nissan-sentra-sedan-one/2JC75VpsaV6Y3A2fZV3m4F,6750,67000.0,fremont / union city / newark
2011 Ford Fusion Hybrid,https://www.craigslist.org/view/d/san-jose-2011-ford-fusion-hybrid/oKXNCSWngQsxDd7VJdxFXs,2500,190000.0,willow glen / cambrian
"1996 Mercury Grand Marquisls Low Mileage~.43,000",https://www.craigslist.org/view/d/san-jose-1996-mercury-grand-marquis-ls/jVsPXnSkMzFBATSmbRu2bz,10000,43000.0,san jose
"2012 Ford Focus Se 2.4.L......~$4,300~",https://www.craigslist.org/view/d/san-jose-2012-ford-focus-se-24l4300/pxun2rroN4seU5qTHm1EVS,4300,120000.0,san jose
"1994 Toyota 4Runner Sr5.  Automatic..$1,900..Mechanic Special.",https://www.craigslist.org/view/d/san-jose-1994-toyota-4runner-sr5/57bR3iTYqUz8CmT69FdG8j,1900,264000.0,san jose
"2014 Hyundai Santa Fe Ltd - Great Condition, 1 Owner, Ultra Low Miles",https://www.craigslist.org/view/d/menlo-park-2014-hyundai-santa-fe-ltd/dAoY7kFYgeSMpEjfavrFMo,10500,51000.0,menlo park
2016 Land Rover,https://www.craigslist.org/view/d/san-jose-2016-land-rover/2LsJQzz6SzsP4RHUBLhMWz,12599,47000.0,san jose east
2006 Subaru Outback,https://www.craigslist.org/view/d/aptos-2006-subaru-outback/9gbAuMdCYD82hC4P8UGDHC,4000,131000.0,santa cruz
2007 Lexus Rx350 Awd Suv,https://www.craigslist.org/view/d/milpitas-2007-lexus-rx350-awd-suv/f9E3PXdVmyzRNJeQpJukUL,8500,155000.0,milpitas
2014 Chevrolet Volt Premium. Smogd. Clean Title / Carfax & Registered,https://www.craigslist.org/view/d/concord-2014-chevrolet-volt-premium/gyDPYy4gCcGAyF6awHLyCi,5500,141000.0,concord / pleasant hill / martinez
2008 Buick Enclaves Cxl,https://www.craigslist.org/view/d/oakland-2008-buick-enclaves-cxl/hHQfSygjoQQCLqE1mSVxZc,4000,170000.0,emeryville
Jeep Patriot Latitude 2015,https://www.craigslist.org/view/d/campbell-jeep-patriot-latitude-2015/9h9TMTSTTTa86atybduzGv,5000,153000.0,campbell
2002 Ford Thunderbird Roadster Low Mileage,https://www.craigslist.org/view/d/union-city-2002-ford-thunderbird/jpyr5wSdvfsMeedq2tfi5e,11500,76000.0,union city
2005 Toyota Tundra,https://www.craigslist.org/view/d/oakland-2005-toyota-tundra/7C2VyfuexnNcuCfjkvk2PU,5700,240000.0,oakland lake merritt / grand
Acura Ltx 2015,https://www.craigslist.org/view/d/san-jose-acura-ltx-2015/h1GaUJEJJEpK6r4dhtdnhM,17890,74000.0,san jose downtown
2014 Kia Soul Red Zone Edition – 41K Miles – Rare – Clean Title,https://www.craigslist.org/view/d/santa-rosa-2014-kia-soul-red-zone/uGqdwjVeNXSreJzVTpBcN9,11500,41000.0,santa rosa
2018 Ford Focus Se,https://www.craigslist.org/view/d/el-cerrito-2018-ford-focus-se/iTThtPpbsLBm8uB3MYfonv,9500,34000.0,albany / el cerrito
2011 Lincoln Mkz,https://www.craigslist.org/view/d/napa-2011-lincoln-mkz/vhuxm2NugiefjyYb4s9fxT,1000,140000.0,napa
Car For Sale,https://www.craigslist.org/view/d/san-jose-car-for-sale/4AJTZMedCtr849zmwrBw3r,750,232000.0,san jose east
1999 Honda Accord Lx Sedan,https://www.craigslist.org/view/d/richmond-1999-honda-accord-lx-sedan/jDoxKjWaAV1UdTzwX8tSq5,4999,213000.0,richmond / point / annex
2014 Honda Odyssey Touring,https://www.craigslist.org/view/d/oakland-2014-honda-odyssey-touring/wqbaG3rB6d2yVSG9a5Z5yA,11500,165000.0,oakland east
2015 Toyota Prius,https://www.craigslist.org/view/d/san-jose-2015-toyota-prius/7zDuu3niNwurx5PqUhSHjq,9500,147000.0,san jose north
For Sale,https://www.craigslist.org/view/d/millbrae-for-sale/djQGGFhbfC3oYhcDNBUXkC,9750,52000.0,burlingame
2023 Tesla Model 3,https://www.craigslist.org/view/d/fremont-2023-tesla-model/h4YDVJr7JgUN9zT2ysquKn,25990,39000.0,fremont / union city / newark
2014 Ford Focus Se Flexfuel,https://www.craigslist.org/view/d/brentwood-2014-ford-focus-se-flexfuel/xzdBkWz6XhQQcf7NPnLW2q,1500,185000.0,brentwood
2008 Subaru Impreza Wagon Awd (Honda Civic/Toyota Corolla),https://www.craigslist.org/view/d/fremont-2008-subaru-impreza-wagon-awd/siGfWfcngEDPGhGDS6QnXJ,6450,96000.0,milpitas
2008 Honda Fit Sports,https://www.craigslist.org/view/d/antioch-2008-honda-fit-sports/gn56qDebgzMjy8Ksh92h2W,6800,98000.0,sf bay area
2022 911 Turbo S,https://www.craigslist.org/view/d/pittsburg-turbo/g9USPXiVLucx78expW3hYK,250200,10000.0,concord / pleasant hill / martinez
2016 Ford Fusion,https://www.craigslist.org/view/d/antioch-2016-ford-fusion/aYqqw38Af6k3XC13JPS2Ud,5900,152000.0,pittsburg / antioch
2006 Mega Cab 2500 Dodge Ram 4X4,https://www.craigslist.org/view/d/santa-rosa-2006-mega-cab-2500-dodge-ram/hg6oDg6QRLxwP9z9WZKWU2,29000,171000.0,north bay / marin
2018 Nissan Rouge,https://www.craigslist.org/view/d/antioch-2018-nissan-rouge/4v5veqweAyx6ECczT4zbZz,7900,137000.0,pittsburg / antioch
"Single Owner 2003 Honda Accord Lx — Silver — Runs Great, Priced To Sell!",https://www.craigslist.org/view/d/newark-single-owner-2003-honda-accord/rDVrDhTmyrNqGK227Hra63,2900,289000.0,fremont / union city / newark
1996 Toyota Camry Le V6 Mechanic Owned! Reliable!,https://www.craigslist.org/view/d/concord-1996-toyota-camry-le-v6/niRN4gS6NiMV8zvnMQLFao,2000,277000.0,concord / pleasant hill / martinez
2017 Ford Focus St,https://www.craigslist.org/view/d/san-jose-2017-ford-focus-st/gJt4R9MPukZzQ93FcAggMB,10000,88000.0,san jose north
2007 Nissan Pathfinder Le 152K Miles,https://www.craigslist.org/view/d/vallejo-2007-nissan-pathfinder-le-152k/wsn1Y9pPohqmztdTaaDSQN,3250,152000.0,vallejo / benicia
2022 Hyundai Venue Limited,https://www.craigslist.org/view/d/santa-cruz-2022-hyundai-venue-limited/3YM7cicS9wfG3Ywk9hnoxF,17500,39000.0,santa cruz
2012 Hyundai Sonata Automatic Leather 2.4 Engine,https://www.craigslist.org/view/d/fremont-2012-hyundai-sonata-automatic/m9AFt5HfwefRZzC4r8YYqn,2195,230000.0,fremont / union city / newark
"2010 Audi A5 Quattro Cabriolet Premium Plus, Gray, New Audi Engine",https://www.craigslist.org/view/d/felton-2010-audi-a5-quattro-cabriolet/oSeavHfdr58uk5hjMFxSh6,7200,170000.0,scotts valley
Wts: 2011 Subaru Impreza Sti,https://www.craigslist.org/view/d/santa-rosa-wts-2011-subaru-impreza-sti/jveKvTmHbSSzzARxwwNADb,1,67000.0,santa rosa
Porsche 911,https://www.craigslist.org/view/d/brisbane-porsche-911/epcVfdhZjMrn8LF8BemWfF,19000,174000.0,brisbane
"Electric Jaguar Xjs, V12  (1989) Converted To Electric",https://www.craigslist.org/view/d/san-jose-electric-jaguar-xjs-converted/rGctvDn1DyqBjbPTwUog6K,18500,73000.0,san jose south
2017 Subaru Forester,https://www.craigslist.org/view/d/san-jose-2017-subaru-forester/8ZUBWpq7uty5gSVcSrLe6t,14550,120000.0,san jose downtown
"Like New Honda Fit, Clean Title And Very Low Miles! 9696",https://www.craigslist.org/view/d/san-francisco-like-new-honda-fit-clean/1srEj3qicm7SRtTUQhJN83,25990,9696.0,ingleside / sfsu / ccsf
"2015 Nissan Leaf (S-Trim) 74K, For Sale By Owner",https://www.craigslist.org/view/d/el-cerrito-2015-nissan-leaf-trim-74k/o2eq6ei1szMbP4XX139678,6000,74000.0,albany / el cerrito
2002 Lexus Lx470,https://www.craigslist.org/view/d/pleasant-hill-2002-lexus-lx470/3bJ5BtJk1RcwzPmH8oMxAP,11800,271000.0,concord / pleasant hill / martinez
2015 Ford F-250 Super Duty Lariat 4X4 Diesel – Lifted – 37” New Tires,https://www.craigslist.org/view/d/port-costa-2015-ford-250-super-duty/6jtGq8kG8fmChCuBnSAdh9,30900,200000.0,vallejo / benicia
2021 Jeep Wrangler Rubicon – 2 Door – Built & Trail Ready,https://www.craigslist.org/view/d/fairfield-2021-jeep-wrangler-rubicon/222u5AeNMRHQk3AS6GG4yV,32000,69000.0,fairfield / vacaville
1987 Lincoln Continental,https://www.craigslist.org/view/d/oakland-1987-lincoln-continental/dcJ8wm9eMen4hdhFFYV9Gq,2000,89000.0,oakland lake merritt / grand
Toyota Camry,https://www.craigslist.org/view/d/san-rafael-toyota-camry/e9M5k8XSH5mZghGZvDmhrb,3500,215000.0,san rafael
2015 Toyota Rav4 Xle Suv,https://www.craigslist.org/view/d/fremont-2015-toyota-rav4-xle-suv/1ZTy9SQyZa3VaDBaDGhSP7,14750,108000.0,fremont / union city / newark
Rare Color 4X4 Toyota Fj Cruiser,https://www.craigslist.org/view/d/santa-cruz-rare-color-4x4-toyota-fj/xnhYXrMjRTnDH2TcgTM993,10000,220000.0,scotts valley
Honda Civic Lx,https://www.craigslist.org/view/d/el-verano-honda-civic-lx/5gsQWQRWWmQoaqZ5qNz6Xh,4300,235000.0,santa rosa
Dodge B150 Shorty Van,https://www.craigslist.org/view/d/oakland-dodge-b150-shorty-van/89bq8r1RauA7ssRT8hzf5e,2500,79000.0,oakland lake merritt / grand
1993 Dodge Ram Truck 250 V8 Magnum Clean Carfax Ca Truck,https://www.craigslist.org/view/d/south-san-francisco-1993-dodge-ram/uj9z1vv1mYXJMNQHyBKwrq,5350,151000.0,south san francisco
2017 Toyota Yaris Ia,https://www.craigslist.org/view/d/el-cerrito-2017-toyota-yaris-ia/o65mTL17YAQ38fzEbtP8Nw,13000,61000.0,albany / el cerrito
2017 Toyota Sienna Le - Clean Title,https://www.craigslist.org/view/d/san-jose-2017-toyota-sienna-le-clean/7nmtEC5VLRz87KZRUZPurc,14800,96000.0,san jose
2011 Honda Fit,https://www.craigslist.org/view/d/oakland-2011-honda-fit/rASjQJ8ppWkJGJ4AgaZ8Xx,4000,153000.0,oakland lake merritt / grand
]2001 Toyota Mr2 Spyder,https://www.craigslist.org/view/d/san-rafael-2001-toyota-mr2-spyder/dHCjFHJFsRvEcgJUFtZKmm,8500,145000.0,san rafael
2015 Nissan Nv200 Company Van,https://www.craigslist.org/view/d/vallejo-2015-nissan-nv200-company-van/3Rci8jF4wVWBuz1dV6RLJp,6300,161000.0,fairfield / vacaville
1990 Volkswagen Vanagon Westfalia Gl -- 5-Speed Orininal Blue,https://www.craigslist.org/view/d/san-anselmo-1990-volkswagen-vanagon/eEwws7A3h6nsLRKhrWtWwq,24000,139000.0,san anselmo
2010 Toyota Sequoia Limited 4Wd - Excellent Condition,https://www.craigslist.org/view/d/belmont-2010-toyota-sequoia-limited-4wd/pYEVy7xvnRScQXppinZvmt,24800,53000.0,belmont
2003 Chevy Silverado,https://www.craigslist.org/view/d/oakland-2003-chevy-silverado/bqNGGCVtBLrWBgg8gkq9Qt,2600,2020000.0,oakland
2007 Infiniti M35 Rwd Clean Title Smog Good June 2027 Registration,https://www.craigslist.org/view/d/oakland-2007-infiniti-m35-rwd-clean/f2T6Nevc9QCUVgTUxU1G79,3900,202000.0,east bay area
1973 F150,https://www.craigslist.org/view/d/santa-clara-1973-f150/byEe3WPQREb8xKk1ayZEJt,19000,10000.0,santa clara
2008 Toyota Yaris,https://www.craigslist.org/view/d/milpitas-2008-toyota-yaris/hzPCqwWug4hS6fCPe6ouWW,220,116000.0,milpitas
1978 Rolls Royce Silver Shadow 2 Joan Rivers,https://www.craigslist.org/view/d/albany-1978-rolls-royce-silver-shadow/vX2hvWCMUcXihE9KKdibrw,5000,114000.0,albany / el cerrito
1956 Kiekhafer Chrysler Racing Hemi Engine #6 +1956 Dodge Convertible,https://www.craigslist.org/view/d/redwood-city-1956-kiekhafer-chrysler/wfyhyjFyYaSa1oz3MWdYhq,18000,100000.0,redwood city
Honda Civic 2010 For Sale,https://www.craigslist.org/view/d/santa-clara-honda-civic-2010-for-sale/fbgDeUH658nxFHCKkKXxsa,6500,130000.0,santa clara
2010 Toyota Sienna Xle Minivan,https://www.craigslist.org/view/d/alameda-2010-toyota-sienna-xle-minivan/sgdghiJKnWQy4irbSfN6gF,7600,133000.0,alameda
2016 Volkswagen Golf Gti Se Hatchback Sedan 4D,https://www.craigslist.org/view/d/oakland-2016-volkswagen-golf-gti-se/73q3YwbnazqCb3zXYPh148,18900,58000.0,alameda
2002 Blue  Bmw 325I For Sale As Is Repair Or For Parts,https://www.craigslist.org/view/d/campbell-2002-blue-bmw-325i-for-sale-as/s3WSND3KkNiuz4trTXWs6w,1000,117000.0,campbell
2001 Chevrolet Silverado,https://www.craigslist.org/view/d/menlo-park-2001-chevrolet-silverado/35jgfdZJ3tFp4xfBGYxenS,9500,172000.0,menlo park
"2010 Mercedes-Benz S550 Luxury Sedan Fully Loaded, One Owner",https://www.craigslist.org/view/d/san-jose-2010-mercedes-benz-s550-luxury/tSbTkughYhVs1pRDRjJt9q,8800,144000.0,south bay area
Ford Expedition 4Wd 3Rd Row Tow Pkg,https://www.craigslist.org/view/d/windsor-ford-expedition-4wd-3rd-row-tow/1kuWpwMoGw7fx35ovqUBWY,3000,213000.0,windsor
2006 Toyota Tacoma V6 4.0L Trd Off Road Clean Title,https://www.craigslist.org/view/d/sacramento-2006-toyota-tacoma-v6-40l/ur7KGPo7tEZkk2jf42VyPr,12500,153000.0,sacramento
2012 Scion Xb,https://www.craigslist.org/view/d/menlo-park-2012-scion-xb/wVuVmhb1iFeMyv6PWioWCR,6900,162000.0,redwood city
"2011, Honda Odyssey Ex L,Clean Title,Current Reg,Smog, Miles,108,K",https://www.craigslist.org/view/d/pinole-2011-honda-odyssey-ex-lclean/gTRHruZ9JD55YM51cU1Apj,6250,108000.0,pinole
2013 Ford Fusion Energi Se,https://www.craigslist.org/view/d/morgan-hill-2013-ford-fusion-energi-se/ajh5zJr4mrkwMkxZwebBLB,6750,133000.0,morgan hill
2003 Ford E350 Camper Conversion - Triton V10 - Solid Diy Canvas!,https://www.craigslist.org/view/d/hopland-2003-ford-e350-camper/okxbAJTqZ8mEVvqU4ZGGpE,11000,190000.0,santa rosa
1998 Dodge 3500 5.9L Diesel 11’ Body 2Wd,https://www.craigslist.org/view/d/napa-1998-dodge-diesel-11-body-2wd/3KwrUWaASNqHFgDzEquBKR,12000,363000.0,napa county
2000 Honda Odyssey,https://www.craigslist.org/view/d/oakley-2000-honda-odyssey/27ZcMMX59FX2MkRf9yokyB,3200,176000.0,oakley
2014 Toyota Yaris L,https://www.craigslist.org/view/d/fremont-2014-toyota-yaris/aG9B4XNnLDSk3oHAYeGp81,7500,88000.0,fremont
"2006 Mazda 5 Touring 3Rd Row, New Tires $3,000 Obo",https://www.craigslist.org/view/d/union-city-2006-mazda-touring-3rd-row/29twZEfvPjCvQV1fptcuc6,3000,124000.0,fremont / union city / newark
Ford F550 Stake Bed W/ Lift Gate,https://www.craigslist.org/view/d/martinez-ford-f550-stake-bed-lift-gate/uDqe1zXoFjgSJkGtLhAag4,25450,39000.0,concord / pleasant hill / martinez
2012 Ford F-150 Super-Crew Xlt 4X4,https://www.craigslist.org/view/d/mountain-view-2012-ford-150-super-crew/dRi7RUsAWuWsS5K1DNv61Y,11900,152000.0,mountain view
2014 F250 Utility Truck W/Liftgate,https://www.craigslist.org/view/d/napa-2014-f250-utility-truck-liftgate/8GK5cPgDm3U6bKqg4sBwjb,12500,128000.0,napa county
2001 Gmc Sierra 2500Hd Sle,https://www.craigslist.org/view/d/mountain-view-2001-gmc-sierra-2500hd-sle/com5hg3GEQZa5rajJX1dLs,11900,142000.0,palo alto
2005 Honda Accord Coupe. Smogged & Registered $2400 Obo,https://www.craigslist.org/view/d/antioch-2005-honda-accord-coupe-smogged/1wWjLEDXSbXiFUXBd5v6eJ,2400,170000.0,pittsburg / antioch
"2020 Toyota Corolla Le – One Owner – Only 45,500 Miles – Excellent Con",https://www.craigslist.org/view/d/cupertino-2020-toyota-corolla-le-one/iVHUjF7y2vFrbmYUzjkm6B,18500,45000.0,cupertino
2002 Vw Beetle,https://www.craigslist.org/view/d/san-jose-2002-vw-beetle/59GHefikT6zuZF3dopEUZw,2850,90000.0,campbell
2001 Nissan Sentra. Smogged & Registered $1800,https://www.craigslist.org/view/d/antioch-2001-nissan-sentra-smogged/arUEY5RbFCnbXtyQiV5eiM,1800,200000.0,pittsburg / antioch
2019 Toyota Highlander Xle,https://www.craigslist.org/view/d/san-rafael-2019-toyota-highlander-xle/1QcPYD1XDijjXEiCmvLGm2,21000,94000.0,san rafael
Mazda  3 S Touring 2008,https://www.craigslist.org/view/d/aptos-mazda-s-touring-2008/4MpdHKqnZ3NLrvBWNUano9,4500,150000.0,aptos
Toyota Camry Xle Hybrid,https://www.craigslist.org/view/d/milpitas-toyota-camry-xle-hybrid/9d5XvbrZgNn916XQxXaLt4,7800,132000.0,milpitas
Cash Talks !!72 Chevelle 4 Door. 350 Motor,https://www.craigslist.org/view/d/morgan-hill-cash-talks-72-chevelle-door/7vN1CsqU2rsRZHZHMrJGPX,2350,5500.0,morgan hill
"2003 Chevy S10 -- 126,000 Miles Approx. (Clean Title)",https://www.craigslist.org/view/d/san-jose-2003-chevy-miles-approx-clean/p5CNxZxas1ZoXXLx4ScXYD,3350,126000.0,san jose east
2013 Jeep Wrangler Sahara 9400 Miles,https://www.craigslist.org/view/d/santa-rosa-2013-jeep-wrangler-sahara/mbauwT1r1zTif4uAFksntG,29990,9405.0,santa rosa
"2016 Audi Q5 3.0T Quattro Premium Plus, S-Line",https://www.craigslist.org/view/d/stanford-2016-audi-q5-30t-quattro/fLDs83T13gqVf3zMg2i9AU,13700,76000.0,palo alto
2015 Ford Mustang Ecoboost Premium - Rare Yellow - Track Pack Upgraded,https://www.craigslist.org/view/d/san-jose-2015-ford-mustang-ecoboost/iDwmxpii1HAumzWHqcw6e7,12500,151000.0,san jose north
Lexus Is350 Sport Automatic,https://www.craigslist.org/view/d/san-jose-lexus-is350-sport-automatic/pU4XpRJJHPwX1JvLMktL5d,6500,132000.0,san jose
1990  Jeep Wrangler,https://www.craigslist.org/view/d/sunnyvale-1990-jeep-wrangler/3RErGjua1Z5w791WwrYtNs,6800,155000.0,cupertino
Chrysler White Mini Van,https://www.craigslist.org/view/d/watsonville-chrysler-white-mini-van/mim5TytfSUw6zwv6jB2NNT,3500,189000.0,watsonville
2014 Toyota Rav4 Xle All Wheel Drive Suv,https://www.craigslist.org/view/d/milpitas-2014-toyota-rav4-xle-all-wheel/tiGU5stpQxxFUpoLdFrTGe,13800,90000.0,milpitas
1990  Jeep Wrangler,https://www.craigslist.org/view/d/sunnyvale-1990-jeep-wrangler/qZitUnBXzh2y2yMo4oAJHa,6500,155000.0,cupertino
2020 Ford Transit 250  Hr Extended,https://www.craigslist.org/view/d/san-jose-2020-ford-transit-250-hr/7Sunz3FAWvzV18uzzNVoNX,23999,71000.0,san jose
2001 Nissan Pathfinder,https://www.craigslist.org/view/d/capitola-2001-nissan-pathfinder/fZBrL57WZzGqo2ACq4Efss,8000,167000.0,capitola
2007 Ford F150 (Mechanic Special),https://www.craigslist.org/view/d/san-jose-2007-ford-f150-mechanic-special/1MwGAvwPQ5eULR5PiAFSxf,1500,111000.0,san jose north
2007 Volvo 4-Door Sedan - Manual Transmission,https://www.craigslist.org/view/d/sunnyvale-2007-volvo-door-sedan-manual/tdss8T1oscPjVHtEK1YcLp,7000,50000.0,sunnyvale
2014 Hyundai Elantra Loaded And Clean,https://www.craigslist.org/view/d/gilroy-2014-hyundai-elantra-loaded-and/gSiwfTLweneoYGh4gN7w5K,5600,154000.0,gilroy
"2024 Honda Civic Sport 4D - Like New, 7,100 Miles (Sonic Gray Pearl)",https://www.craigslist.org/view/d/los-altos-2024-honda-civic-sport-4d/q59PSf4Bnt1yCpankJ7EQL,25500,7118.0,los altos
Ram 3500 Mega Cab 2014,https://www.craigslist.org/view/d/hollister-ram-3500-mega-cab-2014/wLUccXH7RjfXsHoWTipyyZ,27500,171000.0,hollister
2016 Sonata Hybrid,https://www.craigslist.org/view/d/los-gatos-2016-sonata-hybrid/ktTSF2An8mgoU4kxYMWwby,10200,87000.0,los gatos
2007 Honda Cr-V Ex Awd (One Owner/Low Mileage),https://www.craigslist.org/view/d/fremont-2007-honda-cr-ex-awd-one-owner/w8i5GXVAn4YRtc4iDKjtyJ,7995,123000.0,fremont / union city / newark
1999 Porsche Boxster 2.5 6 Cylinder Convertible,https://www.craigslist.org/view/d/san-jose-1999-porsche-boxster-25/xmdKkH7JcThYcPqDiF7KZb,19500,178000.0,san jose east
2000 Toyota Camry,https://www.craigslist.org/view/d/santa-cruz-2000-toyota-camry/w8jYaRSPyrESarjBXNFLcW,3500,179000.0,santa cruz
*Updated* 2009 Bmw 535I With All Packages Included,https://www.craigslist.org/view/d/san-jose-updated-2009-bmw-535i-with-all/stFrTTHZasXYxx3WviivYQ,3390,289000.0,san jose north
1996 Jeep Cherokee Sport,https://www.craigslist.org/view/d/pleasant-hill-1996-jeep-cherokee-sport/8KfzQ6G4FKLsTuiRhH5AiG,2500,223000.0,concord / pleasant hill / martinez
2020 Can-Am  Maverick X3 Xrs Turbo Rr,https://www.craigslist.org/view/d/hayward-2020-can-am-maverick-x3-xrs/1bqAAGwrvDQEjx3ZJBLZcL,27000,1084.0,dublin / pleasanton / livermore
06 Dodge Diesel 2500 6 Speed Manual,https://www.craigslist.org/view/d/santa-clara-06-dodge-diesel-speed-manual/topJHwi5WRMpR65cm54JTi,18900,233000.0,santa clara
2012 Honda Odyssey Ex-L Low Miles,https://www.craigslist.org/view/d/san-ramon-2012-honda-odyssey-ex-low/crhhybVt4mN25nrRq8LdeK,12000,80000.0,san ramon
2007 Mercedes Benz E350,https://www.craigslist.org/view/d/san-francisco-2007-mercedes-benz-e350/mAQG5LbL5kLWmRwxw3dRNJ,3200,136000.0,inner sunset / ucsf
2016 Mini Cooper S 4D Hardtop,https://www.craigslist.org/view/d/walnut-creek-2016-mini-cooper-4d-hardtop/7oMUa8r6TVetZ4cBk5hitc,14000,54000.0,walnut creek
2016 Sonata Plug-In Hybrid,https://www.craigslist.org/view/d/morgan-hill-2016-sonata-plug-in-hybrid/1BAzS8noLKibvmvtSRY9hG,5000,130000.0,morgan hill
Ls Swapped 1975 Fj40 Toyota Land Cruiser,https://www.craigslist.org/view/d/redwood-city-ls-swapped-1975-fj40/rynNPrv2gL7yu24VDfDgtd,43000,5500.0,atherton
1987 Toyota Mr2 20V (Non-Running) Obo,https://www.craigslist.org/view/d/san-jose-1987-toyota-mr2-20v-non/dvWqWnhDyMMBidmXkUptG4,6000,120000.0,san jose east
2010 Acura Tsx,https://www.craigslist.org/view/d/san-francisco-2010-acura-tsx/4sfuEBrGSaQAfZW9S9d585,7800,137000.0,fresno
Immaculate 2015 Prius Plug In,https://www.craigslist.org/view/d/fremont-immaculate-2015-prius-plug-in/9V3p4RTZJXrtWZcpkkoRHR,12900,125000.0,milpitas
2012 Buick Verano Black,https://www.craigslist.org/view/d/dublin-2012-buick-verano-black/ruRwVSoWR7J4FMUgCNPcj4,4100,109000.0,dublin / pleasanton / livermore
2009 Mercedes E350,https://www.craigslist.org/view/d/santa-clara-2009-mercedes-e350/38WZnmXMBH4AE2UjmGReDZ,5800,110000.0,hayward
Wheel Chair Van,https://www.craigslist.org/view/d/oakland-wheel-chair-van/pyPaSDU7zD6K5AsbMCJJ4C,10450,145000.0,oakland east
"2007 Porsche Cayman — Great Condition, Rare Color And Michelin Tires",https://www.craigslist.org/view/d/tracy-2007-porsche-cayman-great/qov177nk4feEzPbJqgPiKh,31950,74000.0,dublin / pleasanton / livermore
2007 Pontiac Solstice,https://www.craigslist.org/view/d/rohnert-park-2007-pontiac-solstice/4wWutkyZxchcXmh4K9mXWC,12500,68000.0,rohnert pk / cotati
2015 Prius Plug In,https://www.craigslist.org/view/d/santa-cruz-2015-prius-plug-in/mv5DNKjSAysCPUMJZadszD,12900,124000.0,santa cruz
"Volvo S40 2010 - $3,500",https://www.craigslist.org/view/d/redwood-city-volvo/8pkxWsXJSWNojeJgVem4NM,3500,135000.0,redwood city
For Sale - Volvo / 2012,https://www.craigslist.org/view/d/richmond-for-sale-volvo-2012/vtNuXzhGcvLo998SG4EvHz,43000,622000.0,"hercules, pinole, san pablo, el sob"
2003 Volvo S60,https://www.craigslist.org/view/d/richmond-2003-volvo-s60/pWXgSBKiLRbuvFGYJ82c5a,2400,147000.0,albany / el cerrito
1973 Ford Baja Bronco By Stroppe,https://www.craigslist.org/view/d/santa-rosa-1973-ford-baja-bronco-by/fwVge2fKEAZACqQpJZyNHD,125,120000.0,santa rosa
Bmw 328I 2008  Make An Offer??,https://www.craigslist.org/view/d/oakland-bmw-328i-2008-make-an-offer/szLkun9pH5EGhyPJHzXpCH,4000,157000.0,oakland downtown
"Lexus Is 250 2006, 197K Miles",https://www.craigslist.org/view/d/dublin-lexus-is-miles/589kkExYVwcjeNsronE8zx,6400,197000.0,dublin / pleasanton / livermore
Good Condition 2011 Lexus Is250,https://www.craigslist.org/view/d/san-jose-good-condition-2011-lexus-is250/5Y58D8VN3xLS2tZjrsEout,7500,208000.0,san jose east
1951 Chevy Deluxe-Vintage Modern,https://www.craigslist.org/view/d/novato-1951-chevy-deluxe-vintage-modern/iuYdURkTwtogvyiGqpq7du,25900,5108.0,novato
2018 Honda Odyssey Elite,https://www.craigslist.org/view/d/morgan-hill-2018-honda-odyssey-elite/jsfRG2KMBb9Jw3pNdDS7FE,15500,162000.0,morgan hill
Mechanic Special,https://www.craigslist.org/view/d/antioch-mechanic-special/p5nxqfqqLHeRK36jiKP5rz,800,248000.0,antioch
2007 Toyota Sequoia,https://www.craigslist.org/view/d/vallejo-2007-toyota-sequoia/4ZW3XWvJk1KZNu4EqYEcGu,4150,201000.0,vallejo / benicia
2011 Subaru Outback 2.5 6Spd Manual 165K Miles New Head Gaskets,https://www.craigslist.org/view/d/san-mateo-2011-subaru-outback-25-6spd/hJQbu1jtFkBDkiwxDwsrnP,5600,165000.0,san mateo
2013 Bmw Model X1 $9500-Obo,https://www.craigslist.org/view/d/redwood-city-2013-bmw-model-obo/5mTQhk44Z9HwExjZvDgYc5,9500,134000.0,redwood city
"2016 Bmw X1 Xdrive28I Awd – Original Owner – 74,000 Miles – Clean Titl",https://www.craigslist.org/view/d/santa-clara-2016-bmw-x1-xdrive28i-awd/6eFxu8YwcnhK9G1XvsTQrW,13500,74000.0,santa clara
1995 Toyota Celica St Hatchback - 5-Speed Manual - 176K Miles - Clean,https://www.craigslist.org/view/d/pleasant-hill-1995-toyota-celica-st/q7zm9tVCPNk3QAdwbXzGWK,6495,176000.0,concord / pleasant hill / martinez
1966 Buick Wildcat - 2 Door Hardtop,https://www.craigslist.org/view/d/novato-1966-buick-wildcat-door-hardtop/e5mpVxNJbKWM2ZtgJnVqzp,17500,98000.0,novato
2004 Chevy Tahoe Lt 4X4 3Rd Row Seats,https://www.craigslist.org/view/d/san-mateo-2004-chevy-tahoe-lt-4x4-3rd/1YcwvYYUk97AWnXQpTnnVD,3450,210000.0,san mateo
2010 Lexus Rx 450H+ Luxury Sport Utility,https://www.craigslist.org/view/d/san-jose-2010-lexus-rx-450h-luxury/uALBisD4krHFut5CeNPqWr,9500,212000.0,san jose
2006 Honda Accord,https://www.craigslist.org/view/d/vallejo-2006-honda-accord/f7qrmDctSwyHUoo4RAi2AB,4500,185000.0,vallejo / benicia
2016 Kia Optima Hybrid,https://www.craigslist.org/view/d/vallejo-2016-kia-optima-hybrid/3wD4LPgEDLGDX22eA3f8wm,7500,86000.0,vallejo / benicia
"2006 Vw Jetta Gli 2.0T - 105K Miles - 1 Owner - Apple Carplay - $4,495",https://www.craigslist.org/view/d/pleasant-hill-2006-vw-jetta-gli-20t/u8KbtxKRfSbsNsR11v4t5L,4495,105000.0,concord / pleasant hill / martinez
1996 Toyota 4Runner Limited 4X4 W/Rear/Diff Lock !!!,https://www.craigslist.org/view/d/san-francisco-1996-toyota-4runner/f6gvZMnd5a1345ncN2L9XE,5800,300000.0,city of san francisco
2012 Porsche Panamera Turbo Yachting Blue $161K Msrp,https://www.craigslist.org/view/d/san-francisco-2012-porsche-panamera/9Ync5w4zFsRZJBU5ZHqY3b,40000,62000.0,soma / south beach
2011 Toyota Prius,https://www.craigslist.org/view/d/san-jose-2011-toyota-prius/t9eSdEEDtGGcGYwChCW7VT,5900,150000.0,san jose downtown
2011 Subaru Outback,https://www.craigslist.org/view/d/san-jose-2011-subaru-outback/1K9fqwXcW3CzUgyJadGSM6,4000,180000.0,san jose downtown
2015 Buick Enclave Leather Sport Utility 4D,https://www.craigslist.org/view/d/fremont-2015-buick-enclave-leather/asL6ZK3PY8RC8ynXHh3wMe,9800,102000.0,alameda
Ford F-150 Xlt-Triton,https://www.craigslist.org/view/d/san-francisco-ford-150-xlt-triton/qWGS1v2aA6hGrp5AAAraLA,8000,148000.0,sausalito
5.0 Saleen Mustang Convertible),https://www.craigslist.org/view/d/rodeo-50-saleen-mustang-convertible/pWZ58kMZcCZ4SCQrWMzQKf,9800,59000.0,rodeo
1991 Chevy S10 Pickup - 85K Original Miles,https://www.craigslist.org/view/d/san-carlos-1991-chevy-s10-pickup-85k/wvMoRuwtSdYWiT2adc1HFd,9500,85000.0,san carlos
Toyota Avalon,https://www.craigslist.org/view/d/san-jose-toyota-avalon/baCF3nUEvmRBNb5xEmsGBg,2150,196000.0,san jose east
2015 Bmw Series 328I,https://www.craigslist.org/view/d/san-rafael-2015-bmw-series-328i/5YCF3pvbeK3cwfNVJVKyKL,6500,158000.0,san rafael
1999 Ford Mustang V6,https://www.craigslist.org/view/d/san-jose-1999-ford-mustang-v6/hemspxhe4devanVwNXpcwd,4000,128000.0,san jose east
2005 Toyota Camry Xle V6,https://www.craigslist.org/view/d/hayward-2005-toyota-camry-xle-v6/qukHEUqFvrsWru1F1yPk1F,7500,98000.0,hayward
Nissan X Terra,https://www.craigslist.org/view/d/alameda-nissan-terra/t5GNCdPJ7W2UoN5iwAbu53,45,183000.0,alameda
Pt Cruiser Convertible Deep Lava Red 2005,https://www.craigslist.org/view/d/penngrove-pt-cruiser-convertible-deep/jSDcosA1jjdU85qtKg8vpn,6850,45000.0,petaluma
1989 Ford Probe Lx,https://www.craigslist.org/view/d/san-jose-1989-ford-probe-lx/eny5MMTE6kYtX9GL4FwqBn,2300,255000.0,san jose north
2007 Chrysler Pacifica Touring,https://www.craigslist.org/view/d/san-leandro-2007-chrysler-pacifica/bRFnZzwnVSca8zy247wyDf,4000,73000.0,san leandro
1992 Gmc Topkick C 6000,https://www.craigslist.org/view/d/south-san-francisco-1992-gmc-topkick/pA1kzcJSJ3tHSbjVqiSLhq,3000,195000.0,sf / ssf
2009 F250 Diesel Mechanics Special,https://www.craigslist.org/view/d/san-rafael-2009-f250-diesel-mechanics/rKQDBhh6ymNo9H3BKMBxNH,6500,150000.0,greenbrae
2002 Acura Tl S-Type Fully Loaded Great Shape Runs Great,https://www.craigslist.org/view/d/san-mateo-2002-acura-tl-type-fully/7QBhxkF8a4RuKKBqsZL4U4,3200,204000.0,san mateo
1988 5.0 Customer Convertible Mustang Gt 5Spd With All The Tricks,https://www.craigslist.org/view/d/belmont-customer-convertible-mustang-gt/xfHquG62KMZ7LRmTBb8hoB,5000,11000.0,belmont
2016 Toyota Rav4 Xle Hybrid Awd (70K Miles),https://www.craigslist.org/view/d/san-rafael-2016-toyota-rav4-xle-hybrid/nn4D6jTb1JFVTmn9Wau1aF,25750,70000.0,san rafael
Volkswagen Camper Van W Kitchen And Pop Out Bed.,https://www.craigslist.org/view/d/watsonville-volkswagen-camper-van/fuJQwVjnP8h1v8suxprMNp,20000,158000.0,watsonville
2015 Toyota Camry Le Runs Absolutely Perfectly,https://www.craigslist.org/view/d/martinez-2015-toyota-camry-le-runs/sn3NGZZr5A9UnNtAmh53KV,9900,145000.0,concord / pleasant hill / martinez
2010 Toyota 4 Runner Limited,https://www.craigslist.org/view/d/capitola-2010-toyota-runner-limited/uy5W9g8cnNL6RBRXjeF9Df,15450,190000.0,santa cruz
2014 Mercedes-Benz Glk 350 – Excellent Condition,https://www.craigslist.org/view/d/san-jose-2014-mercedes-benz-glk-350/bbS1DYVYSTQa9qD5c3YxWi,6299,132000.0,campbell
2022 Toyota Corolla Se Nightshade Edition,https://www.craigslist.org/view/d/campbell-2022-toyota-corolla-se/1oAHruoLU3fiHSCZghYcV5,20299,63000.0,campbell
1997 Chevrolet Express Conversion Van By Trailwagon Fully Loaded Road,https://www.craigslist.org/view/d/berkeley-1997-chevrolet-express/49M7nhJLwB8hxLoEqrDfyb,6900,167000.0,berkeley
2015 Honda Civic Lx. 105K Orig. Smog. Like New.,https://www.craigslist.org/view/d/san-jose-2015-honda-civic-lx-105k-orig/kNqQjYQYkG8cWvXLzjV67k,11500,105000.0,san jose south
2009 Bmw Z4 Sdrive30I Hardtop (Only 37K Miles),https://www.craigslist.org/view/d/fremont-2009-bmw-z4-sdrive30i-hardtop/7j6DHmwdTBF71W4WybXk72,20250,37000.0,fremont / union city / newark
International Scout 1969,https://www.craigslist.org/view/d/aptos-international-scout-1969/8WFArvtkQWcSkjB2PCXoGu,13000,85000.0,aptos
2013 Ford  Mustang Boss 302 Laguna Seca,https://www.craigslist.org/view/d/windsor-2013-ford-mustang-boss-302/sakNARzp8KFxbdfqD2QesX,49500,2746.0,healdsburg / windsor
1977 Oldsmobile 98 Regency 2Dr. Sedan - Low Miles.,https://www.craigslist.org/view/d/rohnert-park-1977-oldsmobile-98-regency/iTVEqDHsHaK332vEYdGHD8,9500,101000.0,rohnert pk / cotati
1976 Chevy Stepside Available,https://www.craigslist.org/view/d/pleasanton-1976-chevy-stepside-available/bpU8MHDuA466C2BY48Grjj,21500,90000.0,dublin / pleasanton / livermore
2000 Volkswagen Eurovan T4,https://www.craigslist.org/view/d/sausalito-2000-volkswagen-eurovan-t4/dg3Tb3jLT8U6nTSpRQWUym,15000,167000.0,sausalito
2002 Ford F350 Dually 7.3 Powerstroke 4X4,https://www.craigslist.org/view/d/san-ramon-2002-ford-f350-dually-73/xytG8NJhi1esx4R41UdhN6,12000,369000.0,danville / san ramon
2010 Lexus For Sale,https://www.craigslist.org/view/d/san-jose-2010-lexus-for-sale/k1g3ygcfWbfUfSR5Dpev4o,7300,202000.0,san jose south
Red Mini Cooper 2 Door,https://www.craigslist.org/view/d/millbrae-red-mini-cooper-door/ixt4ENyngNXQJ9cM36j1G7,9000,65000.0,millbrae
Electric Invader- (Ferrari Replica),https://www.craigslist.org/view/d/san-jose-electric-invader-ferrari/9z9cdEnkg2pYU3P9YFX13C,4750,16000.0,san jose south
2018  Fully Loaded Honda Accord Sport 2.0T Low Miles,https://www.craigslist.org/view/d/knightsen-2018-fully-loaded-honda/n2kzsKeMBnmeFm98fR833b,1,57000.0,pittsburg / antioch
Clean 2018 Honda Accord Sport 2.0T Black Out Tinting Low Miles,https://www.craigslist.org/view/d/knightsen-clean-2018-honda-accord-sport/q1pYDKd8pFUHkDB6ujpwes,1,57000.0,richmond / point / annex
1997 Nissan Hardbody 4X4 5 Speed Low Miles Excellent Condition,https://www.craigslist.org/view/d/reno-1997-nissan-hardbody-4x4-speed-low/b8RpVUzz8SggpyDkyyZ2Fh,8950,150000.0,reno
2013 Ford F150 King Ranch,https://www.craigslist.org/view/d/lafayette-2013-ford-f150-king-ranch/uSPRikNmEGZ7RkbSPbe2m3,20800,52000.0,lafayette / orinda / moraga
2004 Toyota Tundra Clean Title,https://www.craigslist.org/view/d/tracy-2004-toyota-tundra-clean-title/n7ALadBe21j4ScNWhwXaH7,4300,313000.0,dublin / pleasanton / livermore
C10 1975,https://www.craigslist.org/view/d/milpitas/7uhL4Q65erUNwSrRLmvipb,7500,50000.0,morgan hill
2022 Chevrolet Bolt 1Lt,https://www.craigslist.org/view/d/san-francisco-2022-chevrolet-bolt-1lt/7MVBCUKmTDSYzwsY2mtgHk,16995,62000.0,potrero hill
2017 Ford Fusion,https://www.craigslist.org/view/d/brentwood-2017-ford-fusion/8aMsAirSsggzhFGXgjc1SH,6000,150000.0,brentwood
2015 Subaru Forester Premium,https://www.craigslist.org/view/d/saratoga-2015-subaru-forester-premium/kSTaRi3YJUJ6ELjz5oTngg,12800,111000.0,los gatos
2003 Honda Crv Awd Just Passed Smog Tons Of Service Records,https://www.craigslist.org/view/d/pleasanton-2003-honda-crv-awd-just/ugYFD1xZfku9gK2TqGJ2F8,5800,188000.0,pleasanton
2012 Subaru Forester Premium,https://www.craigslist.org/view/d/campbell-2012-subaru-forester-premium/qXhicVKjEYU9Buk2oNNEDD,10500,117000.0,los gatos
2015 Honda Accord Sport,https://www.craigslist.org/view/d/san-jose-2015-honda-accord-sport/sui1yGRL3281HZeKW9sfni,14800,97000.0,los gatos
2017 Jeep Grand Cherokee Limited,https://www.craigslist.org/view/d/los-gatos-2017-jeep-grand-cherokee/1Xp283iKPabhZxM9s4tsgc,14900,79000.0,los gatos
2009 Mini Cooper S 62K Miles Excellent Cond. No Accidents Clean Title,https://www.craigslist.org/view/d/corte-madera-2009-mini-cooper-62k-miles/2Y6k3URtZyrUJQ7UrpAvZd,8300,62000.0,north bay / marin
2015 Mercedes Ml350 4 Matic 4X4 Smogged Clean Title No Accidents,https://www.craigslist.org/view/d/corte-madera-2015-mercedes-ml350-matic/oQHbSuFiwQaz8nMtvczupb,11900,110000.0,excellent condition
2002 Jaguar X-Type 2.5,https://www.craigslist.org/view/d/martinez-2002-jaguar-type-25/97vFe6bb829KBTMRymPepQ,3000,104000.0,martinez
"2010, Volkswagen,Cc,Clean Title,Current Reg,Smog,Low Mileage,107,K",https://www.craigslist.org/view/d/hercules-2010-volkswagenccclean/479aMBB55Ma9QajfBQstm2,2750,107000.0,hercules
"2013,Mini Cooper,S,Turbo,Clean Title,Current Reg,Smog,Miles,151,K",https://www.craigslist.org/view/d/hercules-2013mini-coopersturboclean/rD9HK3D92cQuzMwfjE2PAG,3850,151000.0,hercules
2025 Honda Hrv Sport Pearl White,https://www.craigslist.org/view/d/hayward-2025-honda-hrv-sport-pearl-white/s9M6sx8gShze9qDLDdq65z,15300,42000.0,east bay area
2005 Bmw X3 2.5I (E83) 6-Speed Manual Suv Factory Performance Aero Kit,https://www.craigslist.org/view/d/santa-rosa-2005-bmw-x3-25i-e83-speed/1fktYcUCWbEkP8EZDi5z9v,4700,253000.0,santa rosa
1995 Chevy Impala Ss,https://www.craigslist.org/view/d/hayward-1995-chevy-impala-ss/d59C9L5NiQAxioTnsa1ZAG,16500,101000.0,peninsula
2016 Porsche Cayenne S E-Hybrid,https://www.craigslist.org/view/d/sunnyvale-2016-porsche-cayenne-e-hybrid/1mYErY2vP23aRNqFm1Cp12,14800,121000.0,sunnyvale
"*Mobile Tire/Oil Shop* $0 Down - 2023 Mercedes Sprinter - 3,366 Miles",https://www.craigslist.org/view/d/san-francisco-mobile-tire-oil-shop-down/nrsFHmKGpZbKveR3ScD3bT,1823,3366.0,soma / south beach
1988 Alfa Romeo Spider,https://www.craigslist.org/view/d/fremont-1988-alfa-romeo-spider/53vcWpTV9RiPhzzgUvVtub,5000,66000.0,fremont / union city / newark
2010 Toyota Prius Two Hybrid,https://www.craigslist.org/view/d/fremont-2010-toyota-prius-two-hybrid/6zTnyKPU7tM2NPQiGB1srv,11500,82000.0,fremont / union city / newark
2000 Toyota Tundra Sr5,https://www.craigslist.org/view/d/santa-rosa-2000-toyota-tundra-sr5/6g1fuop9ieKCVeu1gULDZt,4200,276000.0,santa rosa
Black Suburban Ltz For Sale,https://www.craigslist.org/view/d/castro-valley-black-suburban-ltz-for/wkeZ8vvS1oKGT2hjgXjiE3,4800,249000.0,hayward / castro valley
2020 Chevrolet Silverado Ltz One Owner Low Mileage,https://www.craigslist.org/view/d/sacramento-2020-chevrolet-silverado-ltz/kbffRS9UsoWAfrsf3jC3BF,31500,54000.0,sacramento
1997 4Runner Limited 4Wd W/ Factory E Locker,https://www.craigslist.org/view/d/san-jose-runner-limited-4wd-factory/swknkFY9vTJY85Bo7kv17q,8500,334000.0,san jose west
Bmw X3 3.0Si – Mechanic Special – $2000 (Novato),https://www.craigslist.org/view/d/novato-bmw-x3-30si-mechanic-special/5caqgVW1YntMLKRggsvr41,2000,149000.0,novato
2013 Lexus Ls 460,https://www.craigslist.org/view/d/san-ramon-2013-lexus-ls-460/pcz5zTnjXjdJ7zZaDZLzvk,11200,168000.0,san ramon
"2023 Mercedes Benz Eqs 450+, 12K Miles! One Owner, Clean Title, Warran",https://www.craigslist.org/view/d/walnut-creek-2023-mercedes-benz-eqs/vugEA7qZNdfMhamVYFbMc6,42900,13000.0,walnut creek
"2017 Toyota Camry  Le, Clean Title, 1 Owner, Clean Title!",https://www.craigslist.org/view/d/walnut-creek-2017-toyota-camry-le-clean/9mxXUGPhurEE2uR6A9HYmw,13900,111000.0,walnut creek
2003 Lexus Gx 470 With Roof Rack,https://www.craigslist.org/view/d/pleasanton-2003-lexus-gx-470-with-roof/oDjXaJ4s66NUcR1yqhD4jx,5900,255000.0,san jose
1998 Honda Accord V6,https://www.craigslist.org/view/d/walnut-creek-1998-honda-accord-v6/9ygVz6SARqgH6KJL8Nsz4P,5000,170000.0,walnut creek
1993 Mercedes 500Sel 85K Miles,https://www.craigslist.org/view/d/vacaville-1993-mercedes-500sel-85k-miles/fhdQyLxtk1e9t6vNjoZtJx,6750,86000.0,fairfield / vacaville
2005 Lexus Ls 430,https://www.craigslist.org/view/d/pleasanton-2005-lexus-ls-430/tJmLDtQykKEothNNeWABka,3900,350000.0,concord
Chrysler Town And Country,https://www.craigslist.org/view/d/dublin-chrysler-town-and-country/9wUDFqBhphEXZmPEGMsaNu,4350,197000.0,east bay area
Clean Title Runs Great No Issues Pink Slip In Hand,https://www.craigslist.org/view/d/santa-clara-clean-title-runs-great-no/2S9HNSz7ektEw1kApHi9po,3500,149000.0,santa clara
2013 Toyota Scion  Fr-S 6Speed Excellent Condition,https://www.craigslist.org/view/d/tracy-2013-toyota-scion-fr-6speed/gWa9candtpYZE2ivByBDnH,9600,98000.0,dublin / pleasanton / livermore
2016 Tacoma Trd Off Road 4X4,https://www.craigslist.org/view/d/los-gatos-2016-tacoma-trd-off-road-4x4/aHYCM1sKKE72nGT7ENVrc4,28600,46000.0,los gatos
🔥 2014 Toyota Camry Le • 86K Miles • Major Tune Up • Clean Title 🔥,https://www.craigslist.org/view/d/fremont-toyota-camry-le-86k-miles-major/hXeXEHXQr9DZ1CcohdBZxV,14950,87000.0,fremont / union city / newark
2014 Subaru Outback Limited Wagon,https://www.craigslist.org/view/d/fremont-2014-subaru-outback-limited/r3napqo8VHjRu3VoGTvtGw,6950,192000.0,fremont
Pt Cruiser,https://www.craigslist.org/view/d/capitola-pt-cruiser/8NJ7L5B4q3K3M9PLTdJpkt,500,110000.0,capitola
1957 Chevrolet Bel Air 2 Door  Coupe Hot Rod Super Nice & Clean!,https://www.craigslist.org/view/d/livermore-1957-chevrolet-bel-air-door/aGLs3p7PoT8WiXgpD9HziS,35900,21000.0,dublin / pleasanton / livermore
"Good Condition 2009 Honda Ridgeline Rtl 4X4, Low Miles",https://www.craigslist.org/view/d/san-jose-good-condition-2009-honda/hgBGHntGj8FbXaWKYp47AM,11999,145000.0,san jose east
2013 Toyota Prius Plug-In Hybrid – Low Mileage,https://www.craigslist.org/view/d/redwood-city-2013-toyota-prius-plug-in/c4A274FRoHrCegdEhMrj28,14995,65000.0,redwood city
Toyota Prius 3,https://www.craigslist.org/view/d/san-francisco-toyota-prius/xrhsoKGxYk4SaY9R2omnej,4000,265000.0,san francisco
1954 Pre A Porsche Speedster,https://www.craigslist.org/view/d/lagunitas-1954-pre-porsche-speedster/krLSvWaSdTFeSf9CJiiFbN,399999,48000.0,corte madera
Sprinter 4X4 Camper - Light Build - Top Tear Gear,https://www.craigslist.org/view/d/oakland-sprinter-4x4-camper-light-build/bHdCyN9T4Tzukwit5iwoPE,60000,110000.0,oakland piedmont / montclair
"2010 Ford Focus, Only 49,000 Miles , Excellent Running",https://www.craigslist.org/view/d/san-ramon-2010-ford-focus-only-miles/9xN4p6gWtKW4MCW6MCMW78,6400,49000.0,san ramon
Toyota Landcruiser Fj55,https://www.craigslist.org/view/d/san-carlos-toyota-landcruiser-fj55/pa3VQzaQt3c8jpd9gHZ84N,25000,135000.0,san carlos
Toyota 1992,https://www.craigslist.org/view/d/san-rafael-toyota-1992/4CFudmFo5ALyxMenk3qTVs,5500,230000.0,san rafael
Toyota Tacoma 2004,https://www.craigslist.org/view/d/san-rafael-toyota-tacoma-2004/kXRFjaVaopj4AVRJPqLEAH,9500,290000.0,san rafael
Toyota Tacoma 2003,https://www.craigslist.org/view/d/san-rafael-toyota-tacoma-2003/gZWfeheLTbibP4E5mWxPKC,9800,110000.0,san rafael
Toyota Rav4 2014,https://www.craigslist.org/view/d/san-rafael-toyota-rav4-2014/wtsuLm9uihpuyoCMYGpQ4i,3500,130000.0,san rafael
Subaru Baja 2005,https://www.craigslist.org/view/d/hercules-subaru-baja-2005/hPNiytNmB5df1bMemJNLMv,1750,258000.0,"hercules, pinole, san pablo, el sob"
2013 Scion Fr-S · Coupe 2D,https://www.craigslist.org/view/d/hayward-2013-scion-fr-coupe-2d/qwkuPZMiauLMQCqiZAA1DT,8500,178000.0,hayward
2013 Volkswagen Jetta Gli Autobahn 4Dr Sedan,https://www.craigslist.org/view/d/pacifica-2013-volkswagen-jetta-gli/pK9VMRwCuce8f55wnG4xB1,5200,147000.0,pacifica
2013 Dodge Grand Caravan Sxt,https://www.craigslist.org/view/d/san-leandro-2013-dodge-grand-caravan-sxt/wBt7MAMPntJ23aqUSoVoU5,4800,179000.0,san leandro
2006 Toyota Prius One Owner!,https://www.craigslist.org/view/d/pleasanton-2006-toyota-prius-one-owner/rvguK2SoAC8JYZuUMhxGYk,5900,166000.0,dublin / pleasanton / livermore
2011 Volkswagen Jetta Se,https://www.craigslist.org/view/d/san-leandro-2011-volkswagen-jetta-se/9TyxzsrSjKj4KXFbhpdG5i,5800,140000.0,san leandro
2003 Honda Crv Ex,https://www.craigslist.org/view/d/oakley-2003-honda-crv-ex/iR3rVMxJnd14tbUi9nqCw9,4800,190000.0,brentwood
2017 Ford Fusion Hybrid Energi Se,https://www.craigslist.org/view/d/san-leandro-2017-ford-fusion-hybrid/venF8mSFv33ewJx2Zprva8,5800,212000.0,san leandro
2007 Toyota Tacoma,https://www.craigslist.org/view/d/milpitas-2007-toyota-tacoma/wvYQHuoMB4FP2htqio7LJn,17000,202000.0,fremont
2015 Mercedes S550,https://www.craigslist.org/view/d/san-ramon-2015-mercedes-s550/3a1kQdwdUdH9pCUeoasQDV,40000,85000.0,san ramon
"1963 Ford Thunderbird- Ca Car- No Rust- Drives Great-Clean - $15,000",https://www.craigslist.org/view/d/belvedere-tiburon-1963-ford-thunderbird/mEiuq7xq1xxdJuoqX9RHJh,15000,57000.0,tiburon / belvedere
2019 Mercedes Benz Glc 300,https://www.craigslist.org/view/d/san-francisco-2019-mercedes-benz-glc-300/hZGbNQXojxvNjPdasEPVq4,24000,26000.0,sunset / parkside
2011 Gmc Yukon Xl Denali Awd,https://www.craigslist.org/view/d/san-jose-2011-gmc-yukon-xl-denali-awd/hXAjhi2YXbNFna3ZVtXzEK,16700,54000.0,san jose north
2004 Honda Civic Lx,https://www.craigslist.org/view/d/vallejo-2004-honda-civic-lx/chJJnf14oeonRa1VBkY9Bk,1000,213000.0,vallejo / benicia
2006 Toyota Sequoia Firm On Price,https://www.craigslist.org/view/d/brentwood-2006-toyota-sequoia-firm-on/gVdny3rchhSVnQBgDzzbaS,2800,230000.0,brentwood / oakley
Toyota Sienna 1999 Le Runs And Drives - Needs Repair Due To Crash,https://www.craigslist.org/view/d/san-ramon-toyota-sienna-1999-le-runs/vHofnuj53G6FjdvSPXq6rh,999,225000.0,danville / san ramon
2005 Ford Thunderbird 50Th Anniversary 0130 Of 1500,https://www.craigslist.org/view/d/milpitas-2005-ford-thunderbird-50th/c98YqYQbAF4qzyHiJ6851j,12000,116000.0,milpitas
"2011 Ford F-150 Fx4 Supercrew 4X4 – 3.5L Ecoboost – $11,500 Obo",https://www.craigslist.org/view/d/santa-rosa-2011-ford-150-fx4-supercrew/kJSmNgchnKKGkHS52gxsoh,11500,156000.0,santa rosa
06 Mini/Clean Title/Only 55K Origjnal Miles,https://www.craigslist.org/view/d/santa-rosa-06-mini-clean-title-only-55k/sfo4b9XdVbs4UtvobwUPSk,7300,55000.0,santa rosa
2012 Jeep Grand Cherokee,https://www.craigslist.org/view/d/fremont-2012-jeep-grand-cherokee/u5qtnE3Q2Ex3Epuf7LZWMS,5750,151000.0,fremont
"1995 Bmw 750Il, 12 Cylinder Very Clean",https://www.craigslist.org/view/d/sausalito-1995-bmw-750il-12-cylinder/jyZv4TXVpZPeuNgeD2eEZs,14900,88000.0,sausalito
1998 Toyota 4Runner Limited 4X4 - Clean Title - 167K Miles,https://www.craigslist.org/view/d/sunnyvale-1998-toyota-4runner-limited/2xGzLGe2JGi5Ez1jR7E9om,14900,166000.0,sunnyvale
2021 Chevy Silverado 2500 Hd Double Cab Lt 8Ft Bed,https://www.craigslist.org/view/d/brentwood-2021-chevy-silverado-2500-hd/mmbNDJ4GWf4xPmeZ2V4nUd,18495,187000.0,brentwood / oakley
1986 Toyota P/U Low Mile'S 100K,https://www.craigslist.org/view/d/union-city-1986-toyota-u-low-miles-100k/cr4vkyy8cqSTc5VDtzQ9iK,8500,103000.0,fremont / union city / newark
Porsche Cayenne,https://www.craigslist.org/view/d/novato-porsche-cayenne/hFSR69TuTTmKS29gdQrQJb,6500,133000.0,novato
2015 Camry Xle Hybrid,https://www.craigslist.org/view/d/hayward-2015-camry-xle-hybrid/nLPD4u3bZ98tuvGGuBFsNg,12800,74000.0,hayward
2013 Toyota Tundra Sr5 Double Cab • 5.7L V8 • Long Bed • Snugtop Shell,https://www.craigslist.org/view/d/santa-cruz-2013-toyota-tundra-sr5/eXKwMSqt5JrrL4unxWTTew,17900,174000.0,santa cruz
2006 Toyota Solara Sle Convertible,https://www.craigslist.org/view/d/moraga-2006-toyota-solara-sle/a7dAfVCKug51Dbo5gP1Cbu,8500,123000.0,lafayette / orinda / moraga
2001 7.3 Diesel Excursion,https://www.craigslist.org/view/d/san-jose-diesel-excursion/k3HTMuj3wyKwnKdbRZxkWh,15000,371000.0,san jose north
2008 Lexus Es350,https://www.craigslist.org/view/d/san-mateo-2008-lexus-es350/kVnaLtGeJTQ6gwxScWqv29,3900,225000.0,san mateo
1962 Chevrolet Corvair Monza Convertible,https://www.craigslist.org/view/d/santa-clara-1962-chevrolet-corvair/uRmVzbiSzJpNWhU4y5Nd6C,8500,38000.0,santa clara
2006 Toyota Avalon One Owner,https://www.craigslist.org/view/d/san-francisco-2006-toyota-avalon-one/mmdiKwze9LTX3SctjN1YY2,2999,174000.0,city of san francisco
2006 Bmw M3 Slick Top *Clean Title*,https://www.craigslist.org/view/d/danville-2006-bmw-m3-slick-top-clean/uTFeiaMoHhmFCPtydqKWHS,25000,78000.0,danville / san ramon
Flexible Monthly Vehicle Lease Available As Low As $650 Per Month,https://www.craigslist.org/view/d/stanford-flexible-monthly-vehicle-lease/fTwBMxjxeqtdhG7JKNQ5Cy,650,40000.0,mountain view
1931 Ford Model A Coupe With Rumble Seat,https://www.craigslist.org/view/d/santa-rosa-1931-ford-model-coupe-with/qonSXb5bqVpWC4znZo7JEs,13000,100000.0,santa rosa
2020 Kia Stinger,https://www.craigslist.org/view/d/fairfield-2020-kia-stinger/pf9ssUvrrPbW9T7mSYiSHH,25500,53000.0,fairfield / vacaville
"2007 Bmw 328I Convertible - 69,200 Miles - Great Mechanical Condition!",https://www.craigslist.org/view/d/brentwood-2007-bmw-328i-convertible/t5vv48nCKu51frqoaxwm5u,8500,69000.0,brentwood
2017 Kia Sorento   Ph# 510.604.9290,https://www.craigslist.org/view/d/knightsen-2017-kia-sorento-ph/9HmNvRqJNJ9jEWJh9HnYeA,3333,119000.0,brentwood / oakley
2021 Ford F250 Xl Supercab W/ Liftgate,https://www.craigslist.org/view/d/san-mateo-2021-ford-f250-xl-supercab/ukP7nqLfsgzPLQquSgs23v,27000,70000.0,san mateo
2011 Toyota Prius,https://www.craigslist.org/view/d/san-jose-2011-toyota-prius/kG3ikcQHxra3L7Zo4riNj6,7800,148000.0,san jose
2000 Bmw Z3 Roadster.  $4400/Offer,https://www.craigslist.org/view/d/el-sobrante-2000-bmw-z3-roadster-4400/9BuHZMqbCREYHN3x3PzPiz,4400,264000.0,"hercules, pinole, san pablo, el sob"
"2010 Subaru Impreza Outback Sport Wagon, Awd, Automatic",https://www.craigslist.org/view/d/oakland-2010-subaru-impreza-outback/7dxHW3Jmj31cshB1hRuFMG,3900,179000.0,berkeley
2013 Subaru Xv Crosstrek Premium - Clean Title - 125K Miles,https://www.craigslist.org/view/d/richmond-2013-subaru-xv-crosstrek/hEEdbKL7pFUbcbCA7nckZJ,7500,125000.0,richmond / point / annex
Toyota Camry 2012,https://www.craigslist.org/view/d/san-jose-toyota-camry-2012/15ocepjB6QowZuq3vVi4jc,5000,153000.0,san jose
2009 Sl63 Amg,https://www.craigslist.org/view/d/santa-rosa-2009-sl63-amg/gXhSvt8theGdWioK7Wmt9E,19000,135000.0,santa rosa
1964 Int’L Harvester Metro Step Van,https://www.craigslist.org/view/d/cupertino-1964-intl-harvester-metro/5hdb3VJRbske6VtnKTVpFH,100,25000.0,saratoga
Car For Sale,https://www.craigslist.org/view/d/oakland-car-for-sale/5iCaQusQXNGKpBgh6UpP9m,10,79000.0,oakland
2023 Kia Soul,https://www.craigslist.org/view/d/san-francisco-2023-kia-soul/8gK2MSd2vQVN22KSKZMMZY,142000,45000.0,inner sunset / ucsf
2020 Ford Transit 250 Awd Low Roof,https://www.craigslist.org/view/d/san-carlos-2020-ford-transit-250-awd/oCQUyRG7FhVwxVjgiRE63U,20880,122000.0,san carlos
2011 Jeep Wrangler,https://www.craigslist.org/view/d/san-francisco-2011-jeep-wrangler/98zMsiEqvhdQnvipuy6CBQ,10000,77000.0,san francisco
2001 Bmw 740Il E38 – Refurbished 59K-Mile M62Tu – Clean California Car,https://www.craigslist.org/view/d/san-francisco-2001-bmw-740il-e38/k4e9ukkX68h4BvGt4FsBmL,7500,176000.0,downtown / civic / van ness
1980 Dodge Sportsman Camper Van,https://www.craigslist.org/view/d/santa-rosa-1980-dodge-sportsman-camper/574qHfXMc4kiSkqsVECK1P,15000,44000.0,santa rosa
2018 Toyota 4Runner Off-Road Premium 4Wd,https://www.craigslist.org/view/d/san-francisco-2018-toyota-4runner-off/xdh2Zfqbtco1yi6GVLP5od,38000,106000.0,west portal / forest hill
2010 Lexus Rx350,https://www.craigslist.org/view/d/windsor-2010-lexus-rx350/trEWwxR5Vo6zHskYBjg1WX,6000,196000.0,healdsburg / windsor
2008 Toyota Camry Le,https://www.craigslist.org/view/d/san-jose-2008-toyota-camry-le/d7ksUWMmq8mU99Y7hvy9Xy,4700,175000.0,san jose north
"2009 Honda Fit, 5 Door, Hatchback, $3000 (Obo)",https://www.craigslist.org/view/d/mill-valley-2009-honda-fit-door/wBJyN5YfQUPkQgLSw4ZLy4,3000,246000.0,mill valley
For Sale Chevy Colorado Lt,https://www.craigslist.org/view/d/napa-for-sale-chevy-colorado-lt/59AgLpX9EdGcRvXCRThjUT,15999,81000.0,napa
"2003 Porsche Boxster, Bring A Trailer",https://www.craigslist.org/view/d/bolinas-2003-porsche-boxster-bring/t8Can1Ek1D9pWTy6YASKKh,6000,63000.0,west marin
2001 Bmw 740Il E38 – Rare Moire Grey – Factory M-Parallels / Edc,https://www.craigslist.org/view/d/san-francisco-2001-bmw-740il-e38-rare/x8rKrFSmSn87UtAd2FHnb5,6500,186000.0,downtown / civic / van ness
"2013 Honda Crv Ex-L Sport,Awd",https://www.craigslist.org/view/d/san-jose-2013-honda-crv-ex-sportawd/1Tp8qG1SzDpVP3gE6LPffu,8950,146000.0,campbell
***2016 Land Rover Range Rover Autobiography Lwb***,https://www.craigslist.org/view/d/hollister-2016-land-rover-range-rover/giHCLjnNrx5BPRJBvKysJg,21500,99000.0,hollister
2017 Mercedes Benz C Class; Only 2222 Miles,https://www.craigslist.org/view/d/san-mateo-2017-mercedes-benz-class-only/jkyq5H3qTUsSrUyM3mEa9r,22000,2222.0,san mateo
2002 Audi A6 2.7T Quattro,https://www.craigslist.org/view/d/san-anselmo-2002-audi-a6-27t-quattro/4gpau9jXEchCZhbXoaqNmj,2450,124000.0,san anselmo
"1964.5 Mustang ""F"" Code Coupe",https://www.craigslist.org/view/d/windsor-mustang-code-coupe/ekQPtEYoXTtmk7T5NhFgqf,12500,61000.0,healdsburg / windsor
***1995 Ford F350 Xlt Crewcab Dually 2Wd***,https://www.craigslist.org/view/d/hollister-1995-ford-f350-xlt-crewcab/jVsCgB2v7SiZxPL21aRgcx,14500,225000.0,hollister
Mercedes Benz E320,https://www.craigslist.org/view/d/santa-rosa-mercedes-benz-e320/kG7oQqfNJyM6LJvScqFMHt,3200,132000.0,santa rosa
2020 Mercedes-Benz Amg G63,https://www.craigslist.org/view/d/san-jose-2020-mercedes-benz-amg-g63/6pzpGGXq4w7Tky5AofwZVF,142000,52000.0,san jose
2016 Nissan Versa. 101K Orig Mile. Néw Smog. Exc Cond,https://www.craigslist.org/view/d/san-jose-2016-nissan-versa-101k-orig/tbGZ2UCsBoRvvzJQUhUJzg,4350,101000.0,san jose south
2008 Subaru Outback Xt Limited Mechanical Special Runs And Drives,https://www.craigslist.org/view/d/fremont-2008-subaru-outback-xt-limited/q9PeVnxAb9FhXALWRdCSNB,2200,148000.0,fremont / union city / newark
***2002 Chevrolet Silverado 2500 Hd Extended-Cab Short Bed***,https://www.craigslist.org/view/d/hollister-2002-chevrolet-silverado-2500/bn9gCLubBuNGJAXxFqGsJV,8200,201000.0,hollister
2020 Chevrolet Suburban Lt- 8 Seater,https://www.craigslist.org/view/d/san-jose-2020-chevrolet-suburban-lt/qEXp18c6KM7bpkQgUd6eKX,18500,128000.0,san jose
2011 Ford Explorer Limited Awd,https://www.craigslist.org/view/d/dublin-2011-ford-explorer-limited-awd/gKhK89emHNUBAjy722LGQr,3000,150000.0,dublin
2011 Tacoma Trd Off Road - Gfc - Overland Build,https://www.craigslist.org/view/d/livermore-2011-tacoma-trd-off-road-gfc/rSWbhorRGxE6Z4o13JU2xH,31500,206000.0,dublin / pleasanton / livermore
Econoline 2007 Campervan,https://www.craigslist.org/view/d/santa-rosa-econoline-2007-campervan/rDbUFvb665aowR9DaLVKgk,26000,124000.0,santa rosa
2010 Subaru Outback,https://www.craigslist.org/view/d/fremont-2010-subaru-outback/txGrQKS4xn7j7Xiuy9yNHD,3300,215000.0,fremont / union city / newark
2005 Lexus Ls 430,https://www.craigslist.org/view/d/pleasanton-2005-lexus-ls-430/4Zhe6ukR9vcmV5quyHQx6X,3900,350000.0,concord
2002 Toyota Prius One Owner Clean Title,https://www.craigslist.org/view/d/fairfield-2002-toyota-prius-one-owner/1c86HLftEP4oDbm7rGZng2,5995,131000.0,north bay / marin
2007 Toyota Prius One Owner Clean Title,https://www.craigslist.org/view/d/fairfield-2007-toyota-prius-one-owner/q6BNucdzqTUPfQDJuwS6dz,4995,195000.0,north bay / marin
2021 Ram 4500Hd,https://www.craigslist.org/view/d/sebastopol-2021-ram-4500hd/3RZQfwd9FFyM8tiu12EtqH,55000,98000.0,sebastopol
335 Bmw 2008,https://www.craigslist.org/view/d/port-costa-335-bmw-2008/oHGM8nc6vqETurYT8AGhS4,4000,170000.0,port costa
2014 Range Rover Supercharged 5.0 V8,https://www.craigslist.org/view/d/fairfield-2014-range-rover-supercharged/tvJnSjgvkVrVcNptrtTepu,13995,147000.0,north bay / marin
2014 Toyota Camry Le 4Cylinder 2.5L Clean Title,https://www.craigslist.org/view/d/fairfield-2014-toyota-camry-le/28qDeeCvVLK9NKKYmdJhxZ,6500,192000.0,north bay / marin
2015 Subaru Forester Awd Clean Title One Owner,https://www.craigslist.org/view/d/fairfield-2015-subaru-forester-awd/jfcofdwVNdLqBiEtSqmxAB,6500,184000.0,north bay / marin
2012 Mitsubishi Galant,https://www.craigslist.org/view/d/hayward-2012-mitsubishi-galant/f6SXfGNfSbK1oAYw5mQNaE,2400,200000.0,hayward
1996 Lincoln Town Car,https://www.craigslist.org/view/d/hayward-1996-lincoln-town-car/uxTym74vvtYW4rjzzmcz5j,7000,45000.0,hayward / castro valley
2007 Nissa Armada 22” Wheels!,https://www.craigslist.org/view/d/hayward-2007-nissa-armada-22-wheels/9zq39p7Xbdmb35QVbViS2H,2300,200000.0,hayward
"Vw Eurovan 1995 138,000 Miles",https://www.craigslist.org/view/d/santa-cruz-vw-eurovan-miles/azMgYG7qqeKMutpLbu2vH8,22000,138000.0,santa cruz
Tesla Model S P100D | Fsd | Mcu2 | Excellent Condition,https://www.craigslist.org/view/d/pleasanton-tesla-model-p100d-fsd-mcu2/wi1nY5oo35TtK9AYSVhA6V,26000,103000.0,dublin / pleasanton / livermore
2006 Ford E150 V8 Cargo High Roof,https://www.craigslist.org/view/d/fairfield-2006-ford-e150-v8-cargo-high/fQ9zQnyMpAncW56f5qsBft,3995,291000.0,north bay / marin
2005 Porsche Boxster S,https://www.craigslist.org/view/d/lafayette-2005-porsche-boxster/ndTAyNPY8w2fYDYuuM4iUg,20000,94000.0,lafayette / orinda / moraga
2009 Nissan Rogue,https://www.craigslist.org/view/d/campbell-2009-nissan-rogue/ncFmMCy4FZU8iYFY84cuLB,3000,173000.0,campbell
"2018 Ford Explorer Xlt, Clean Title",https://www.craigslist.org/view/d/san-jose-2018-ford-explorer-xlt-clean/xcDzftbnmwpChi3aycv3Lo,8800,139000.0,san jose west
2009 Nissan Versa,https://www.craigslist.org/view/d/pleasant-hill-2009-nissan-versa/3GuhCHSp4gQBwsmTc2Hox4,1000,114000.0,walnut creek
2000 Toyota Tundra Awd,https://www.craigslist.org/view/d/santa-rosa-2000-toyota-tundra-awd/6Nd1raRxz4YigQpgiHzYj1,5900,201000.0,santa rosa
2020 Nissan Sentra Sv,https://www.craigslist.org/view/d/san-jose-2020-nissan-sentra-sv/fkqb7gXTsxZyNX68jJqs9s,11500,97000.0,san jose
2016 Mercedes Metris Cargo Van,https://www.craigslist.org/view/d/alameda-2016-mercedes-metris-cargo-van/gNZhE6GfHFhoBbs1imwwYa,16000,71000.0,alameda
2003 Lexus Gx 470 With Roof Rack,https://www.craigslist.org/view/d/pleasanton-2003-lexus-gx-470-with-roof/x2iHayFJuRscxgEyoUZj5R,5900,255000.0,san jose
"2015 Honda Crv  45,250 Miles.  Pristine.  Original Owner",https://www.craigslist.org/view/d/napa-2015-honda-crv-miles-pristine/qXFfQ1wx7HFQR7DdXcTiyM,17850,46000.0,napa county
2024 Subaru Outback One Owner No Accident Only 19K Miles,https://www.craigslist.org/view/d/san-jose-2024-subaru-outback-one-owner/rcgnRLkqTAHGz3BbGeMsDQ,29000,19000.0,san jose west
1973 Dodge Challenger,https://www.craigslist.org/view/d/antioch-1973-dodge-challenger/gaMuNTXMuSNjjdMeuJxnGD,40000,72000.0,brentwood / oakley
2013 Chevrolet Volt Plug In Hybrid,https://www.craigslist.org/view/d/mountain-view-2013-chevrolet-volt-plug/3YRQ2o2R9DQ4TpDDc1Pife,6000,173000.0,mountain view
2017 Chrysler Pacific Limited Mini Van,https://www.craigslist.org/view/d/santa-rosa-2017-chrysler-pacific/mk1gKJsEqDQVH9zP6okNJB,7450,162000.0,santa rosa
2023 Jeep Gladiator Rubicon,https://www.craigslist.org/view/d/scotts-valley-2023-jeep-gladiator/gsbbVVj2diD9C4Nrx3zwKN,64950,18000.0,scotts valley
2009 Nissan Rouge S,https://www.craigslist.org/view/d/san-jose-2009-nissan-rouge/g5HPhdqGvBocNUKobASG9B,2500,138000.0,san jose south
2008 Smart Car Passion Coupe - Low Miles!,https://www.craigslist.org/view/d/napa-2008-smart-car-passion-coupe-low/gPUyT3knKKhKQfwMjasFaT,4995,18000.0,napa county
1954 Chevy 3100 5 Window,https://www.craigslist.org/view/d/vacaville-1954-chevy-window/4Lgu3gSMWvS3kJe8foh7BQ,22700,54000.0,fairfield / vacaville
Has Loose Lifter And Pully,https://www.craigslist.org/view/d/santa-rosa-has-loose-lifter-and-pully/heq796pbm79NgNULY7DcG8,950,290000.0,santa rosa
2017 Mercedes-Benz C300 Luxury Edition Sedan – Clean Title,https://www.craigslist.org/view/d/dublin-2017-mercedes-benz-c300-luxury/mKuHJDJFUytkRFQyJNfPcX,15000,86000.0,dublin / pleasanton / livermore
2011 Mercedes Sprinter Van Conversion Wb 170 High Roof,https://www.craigslist.org/view/d/los-gatos-2011-mercedes-sprinter-van/7358zn472SrMwF3dhHvd9j,23500,287000.0,los gatos
2010 Honda Pilot Ex-L 112K Miles,https://www.craigslist.org/view/d/canyon-2010-honda-pilot-ex-112k-miles/toR21twiovQVUHgUmcvibL,12500,112000.0,oakland piedmont / montclair
2015 Honda Civic,https://www.craigslist.org/view/d/tracy-2015-honda-civic/1mnVeyuiaxpWe2baGuECup,13700,67000.0,east bay area
2004 Toyota 4Runner Sr5/Sport,https://www.craigslist.org/view/d/santa-rosa-2004-toyota-4runner-sr5-sport/tzCzfa4xAGMx5HynhqYdsy,6500,272000.0,santa rosa
2010 Mercedes Glk 350-Low Miles 132K- Nice Sport Luxury S U V-Smogged,https://www.craigslist.org/view/d/vallejo-2010-mercedes-glk-350-low-miles/fUHwzojN7FhXBC7epZ3VZP,7500,132000.0,vallejo / benicia
2018 Toyota Rav4,https://www.craigslist.org/view/d/tracy-2018-toyota-rav4/ej99nQ9kkSH6nX3Vae4eKa,19700,99000.0,east bay area
2006 Dodge Ram 2500 Laramie,https://www.craigslist.org/view/d/olema-2006-dodge-ram-2500-laramie/4ji1rTS8F93Zxc4xdaeNcf,30000,140000.0,west marin
2002 Gmc Sierra (Silverado) 2Nd Owner 121K Miles 2Wd 5.3L V8,https://www.craigslist.org/view/d/san-jose-2002-gmc-sierra-silverado-2nd/eN2MGNpyw1dYFJ5jVhsnVM,11500,121000.0,san jose east
2008 Jeep Wrangler Unlimited Rubicon – Runs & Drives – Ca Smog Issue – Gre,https://www.craigslist.org/view/d/oakland-2008-jeep-wrangler-unlimited/9EJQfyv5QHwHb38tzJp16w,6500,218000.0,alameda
2012 Bmw 750Li,https://www.craigslist.org/view/d/lafayette-2012-bmw-750li/vyevL6jqBNVyTwXfpFgtmc,7900,120000.0,lafayette / orinda / moraga
2013 Nissan Maxima,https://www.craigslist.org/view/d/san-jose-2013-nissan-maxima/3TwLHyZ2rc4iE7zDcQaefx,3900,170000.0,san jose north
"2013 Mercedes-Benz Gl450 4Matic - 1 Owner, Clean Title, Gps, Lane & Blind Spot",https://www.craigslist.org/view/d/san-jose-2013-mercedes-benz-gl450/dYxzPPcphmyJFaW8h3pfok,10995,104000.0,san jose
1988 Dodge Ram Van,https://www.craigslist.org/view/d/oroville-1988-dodge-ram-van/b4jCgn9UGmFV33j8WgXjPe,20000,21000.0,oroville ca
2008 Nissan Altima Runs And Drives Great $$2250$$ Obo,https://www.craigslist.org/view/d/oakland-2008-nissan-altima-runs-and/vFgZXVrfCUEoykVSmwv3EA,2250,189000.0,oakland
Nissan Mv2500 Cargo Van Navigation,https://www.craigslist.org/view/d/livermore-nissan-mv2500-cargo-van/rNBRNU9P1yN2siHrWsN5K7,6700,276000.0,dublin / pleasanton / livermore
2015 Fiat Abarth Convertible,https://www.craigslist.org/view/d/walnut-creek-2015-fiat-abarth/vFJSBZ7rK1jsbF6ndFEc1y,13650,41000.0,walnut creek
2004 Dodge Ram 1500 Hemi – Only 53K Miles – Bright Yellow Beauty Supe,https://www.craigslist.org/view/d/dublin-2004-dodge-ram-1500-hemi-only/aGRvjcaFbcBybZLNn7qxsH,10000,53000.0,dublin / pleasanton / livermore
1966 Volkswagen Bug,https://www.craigslist.org/view/d/cotati-1966-volkswagen-bug/pTjTF5JusXjsNLuNmk1j9A,5500,84000.0,santa rosa
"2011 Mini Cooper Country Man S All4 Awd - 1 Owner, No Accidents, Gps, Bluetooth",https://www.craigslist.org/view/d/san-jose-2011-mini-cooper-country-man/2eABQm8cmtzXaSpNVtRsVi,7995,123000.0,san jose
2001 Ford Excursion 4X4 7.3 Diesel Limited!,https://www.craigslist.org/view/d/dublin-2001-ford-excursion-4x4-73/kCUnKaMFW7wsR6LXkQW15c,19000,288000.0,dublin / pleasanton / livermore
2018 Chevrolet Suburban K1500Lt Low Mileage Rebuilt,https://www.craigslist.org/view/d/redwood-city-2018-chevrolet-suburban/xAwtk5YWJ1u3E5em1va5hV,14950,99000.0,redwood city
2010 Pt Cruiser Gas Saver,https://www.craigslist.org/view/d/san-jose-2010-pt-cruiser-gas-saver/nQsezN17yeNozsEps2Ena4,3500,100000.0,san jose downtown
"2010 Pontiac G6, 98K Miles, 4 Cylinder, Excellent Condition.",https://www.craigslist.org/view/d/hayward-2010-pontiac-g6-98k-miles/oKN5eBQMrf7g5oroHuHNPd,4300,98000.0,hayward / castro valley
2020 Cadillac Escalade Esv Platinum. 1 Owner. 80K Miles. Great Shape,https://www.craigslist.org/view/d/concord-2020-cadillac-escalade-esv/x1By6WRFApX4jdtwWqyfYa,38999,80000.0,concord / pleasant hill / martinez
Classic 1969 Vw Beetle,https://www.craigslist.org/view/d/cazadero-classic-1969-vw-beetle/tG15n2zA1Nb1n1smZ5Amw1,4900,34000.0,russian river
"2014 Bmw X3 Xdrive -1 Owner, No Accidents, Gps, Bluetooth,Rear Camera, Xlnt Cond",https://www.craigslist.org/view/d/san-jose-2014-bmw-x3-xdrive-owner-no/6XQnHjQkCyJA75qpuWFZaQ,8989,108000.0,san jose
"2013 Audi A6 Prestige 3.0T, 67K Miles",https://www.craigslist.org/view/d/fairfax-2013-audi-a6-prestige-30t-67k/d9WxWPt5Ari3JBibjRYMBe,9950,68000.0,fairfax
2002 Chevy Silverado 1500,https://www.craigslist.org/view/d/san-jose-2002-chevy-silverado-1500/nfMB1drBvxLDJFTEojoCuP,3500,178000.0,san jose
1997 Nissan Hardbody 4X4 5 Speed Low Miles Excellent Condition,https://www.craigslist.org/view/d/reno-1997-nissan-hardbody-4x4-speed-low/97BWMgWhmL6VSSLLpKVfSN,8950,150000.0,reno
2014 Jeep Wrangler Sahara 4 Door,https://www.craigslist.org/view/d/san-anselmo-2014-jeep-wrangler-sahara/1YkXXXwvbC6rb5iWQpQigf,14800,147000.0,fairfax
2019 Gmc Terrain Slt Ecodiesel,https://www.craigslist.org/view/d/salinas-2019-gmc-terrain-slt-ecodiesel/26fyZWuh733MdDTWzsvGHu,11000,114000.0,gilroy
Toyota Sienna,https://www.craigslist.org/view/d/san-jose-toyota-sienna/nAD2fhU4mbAzxdzvJGhbpR,2300,195000.0,san jose east
"2017 Mini Cooper S Convertible - 1 Owner, No Accidents, Gps, Bluetooth,Xlnt Cond",https://www.craigslist.org/view/d/san-jose-2017-mini-cooper-convertible/iTs8KtLBkqnhnDxv4LoJ7G,8888,129000.0,san jose
2018 Acura Mdx Sh-Awd Tech (72000 Miles),https://www.craigslist.org/view/d/san-jose-2018-acura-mdx-sh-awd-tech/x2iPu78MTAmVGvY28fYbDC,20900,72000.0,san jose
Mercedes-Benz E350 4Matic ( Smogged!!),https://www.craigslist.org/view/d/concord-mercedes-benz-e350-4matic/eewvfMokaZhESLnkKvPuSg,3700,160000.0,concord
2016 Ford Fusion Hybrid Plug In,https://www.craigslist.org/view/d/mountain-view-2016-ford-fusion-hybrid/eh1XKqiEdTamgQsSc4cgha,7499,138000.0,mountain view
2000 Bmw 323Ci,https://www.craigslist.org/view/d/redwood-city-2000-bmw-323ci/ooGkenC33h2P47L1NWCDCH,4000,165000.0,redwood city
1999 Land Rover Discovery Ii,https://www.craigslist.org/view/d/san-jose-1999-land-rover-discovery-ii/3ZuLR6uzekszW49RNbDNpw,7500,150000.0,san jose
2007  Mercides Benz S550,https://www.craigslist.org/view/d/fremont-2007-mercides-benz-s550/qb52AZKoCGj8uMCstws8Qv,5700,150000.0,fremont
2016 Honda Pilot Elite (62000 Miles),https://www.craigslist.org/view/d/san-jose-2016-honda-pilot-elite-miles/m6RCNLCeucpP57JtHmiR38,18300,62000.0,san jose
2012 Mercides Benz Ml350,https://www.craigslist.org/view/d/fremont-2012-mercides-benz-ml350/ofKBsMB4Naobhj2pAASedU,7900,98000.0,fremont
"2023 Tesla Model Y Long Range Awd – 19,700 Miles",https://www.craigslist.org/view/d/palo-alto-2023-tesla-model-long-range/8i4szwfCos49nYNvSs72CG,36500,20000.0,menlo park
"1999 Jaguar Xk8 (Sports-Convertible) 145,000 Miles (Runs Fantastic)!!",https://www.craigslist.org/view/d/brentwood-1999-jaguar-xk8-sports/4c84BzHoWkwrDqM9Gz8bep,3750,145000.0,brentwood / oakley
2004 Ford Excursion Diesel,https://www.craigslist.org/view/d/san-jose-2004-ford-excursion-diesel/pYCP6KUUqFnUV4YEVbe5FH,10000,154000.0,san jose north
1997 Toyota Camry Le V6 - Clean Title - 205K Miles,https://www.craigslist.org/view/d/santa-rosa-1997-toyota-camry-le-v6/eu7YsF1Z3m3nuBMYFgirav,2500,205000.0,santa rosa
2012 Subaru Outback Limited,https://www.craigslist.org/view/d/el-verano-2012-subaru-outback-limited/5XyWZRaa14heLA635GHbR8,8000,152000.0,north bay / marin
Toyota Pruis 2012,https://www.craigslist.org/view/d/discovery-bay-toyota-pruis-2012/ub81vyZf1FvUHBdRcGUKN4,7500,165000.0,discovery bay
2004 Chevy Colorado Crew-Cab (5-Cylinder-Vortec) Runs-Exc,https://www.craigslist.org/view/d/san-francisco-2004-chevy-colorado-crew/cydNx2UmxsgoFFXT4WYedm,3900,189000.0,sunset / parkside
"2011 Chevrolet Suburban Ltz - 233,000 Miles",https://www.craigslist.org/view/d/cupertino-2011-chevrolet-suburban-ltz/3VHY74mxk9u7XR5fGRq1fw,4200,233000.0,cupertino
1968 Ford Mustang Fastback Highly Original California Black-Plate 2Owner All Doc,https://www.craigslist.org/view/d/san-jose-1968-ford-mustang-fastback/3oQDBTZMH5CYZJ3phvEAFN,39500,82000.0,san jose
2016 Acura Tlx,https://www.craigslist.org/view/d/san-francisco-2016-acura-tlx/7etiQfH3RyQ943GkTVLvYg,10500,140000.0,pacific heights
"2012 Mercedes Benz E350 Bluetec Diesel, 94K Miles. Meticulously Maint.",https://www.craigslist.org/view/d/morgan-hill-2012-mercedes-benz-e350/2rF4L7dUFxauzVKZtBkXbP,12500,94000.0,morgan hill
Excellent Condition 2016 Land Rover Range Rover Se Supercharged 4X4,https://www.craigslist.org/view/d/san-jose-excellent-condition-2016-land/6yri6tmGDW5Faj4JRPRNCj,12800,102000.0,san jose south
2001 Nissan Pathfinder 4X4 (5-Speed-Manual)  Service-Records,https://www.craigslist.org/view/d/pleasant-hill-2001-nissan-pathfinder/s6kCArZLQ9stcVk8ThU1JW,2500,80000.0,concord / pleasant hill / martinez
2017 Porsche 911 Turbo Clean Title Low Mileage Stage 4,https://www.craigslist.org/view/d/redwood-city-2017-porsche-911-turbo/kSs6qihBmGwQ1GcCPrHSpN,139950,43000.0,redwood city
"Extremely Low Miles 2004 Bmw 530I, Very Good Condition",https://www.craigslist.org/view/d/san-jose-extremely-low-miles-2004-bmw/p3R9SzJDf9CC7rvTuCKaaC,8500,55000.0,san jose south
2015 Honda Civic Lx Sedan (1St-Owner) Well-Maintained Runs-Excellent,https://www.craigslist.org/view/d/pleasant-hill-2015-honda-civic-lx-sedan/8oYWQF3Siuc11fjznLYp4g,6500,200000.0,concord / pleasant hill / martinez
Mgb Roadster 1976,https://www.craigslist.org/view/d/redwood-city-mgb-roadster-1976/ipL2fgU2bnNnAEB2V3UeQu,4000,70000.0,redwood city
Awesome Vw Beetle R-Line,https://www.craigslist.org/view/d/santa-rosa-awesome-vw-beetle-line/xuNjXus7AfYAvHGjQC8iJx,9400,75000.0,santa rosa
2021 Polestar 2 Launch Edition,https://www.craigslist.org/view/d/san-jose-2021-polestar-launch-edition/vLWq3ft6h8HvgcDYvDxRt7,24000,40000.0,san jose south
2021 Jeep Grand Cherokee Laredo 4Wd,https://www.craigslist.org/view/d/berkeley-2021-jeep-grand-cherokee/qzpYoC9hYqi6yKSurygqVy,18700,87000.0,berkeley
2016 Ford Diesel Super Duty 4X4 Crew Cab,https://www.craigslist.org/view/d/el-verano-2016-ford-diesel-super-duty/vwNqcTD8UBmzr7f3pzAEpD,54000,50000.0,sonoma
2016 Dodge Grand Caravan Se,https://www.craigslist.org/view/d/antioch-2016-dodge-grand-caravan-se/eNeBGc5b5j2HnooQA74BEt,8900,114000.0,pittsburg / antioch
Excellent Condition; 2010 Nissan Frontier Se V6 Kingcab 4X4,https://www.craigslist.org/view/d/san-jose-excellent-condition-2010/iM1mJXDr9rVfyzsSSz43SR,9999,130000.0,san jose south
Truck And Trailer Combo,https://www.craigslist.org/view/d/petaluma-truck-and-trailer-combo/9uQmXn8FLGRe4WLJXVEjPH,56000,152000.0,petaluma
2012 Bmw 328 X Drive Awd Wagon. Records. Well Maintained With Records.,https://www.craigslist.org/view/d/deer-park-2012-bmw-328-drive-awd-wagon/iwcyr4sQL4XN8etEh4cFYq,6900,129000.0,napa county
•Gem• Suburban 1500 5.3L V8 .4Wd. Ltz,https://www.craigslist.org/view/d/san-francisco-gem-suburban-v8-4wd-ltz/eBHPjDrePdfzuqRppnR6hk,14800,155000.0,san francisco
2008 Acura Tl,https://www.craigslist.org/view/d/concord-2008-acura-tl/7miGNmoCv2xiFUZRSFs371,1600,230000.0,concord
2016 Freighliner Cascadia Dd13,https://www.craigslist.org/view/d/concord-2016-freighliner-cascadia-dd13/xcCkHktNujDVEPfGuLSN3n,16000,175000.0,concord
2017 Ford Van T150,https://www.craigslist.org/view/d/capitola-2017-ford-van-t150/x7nxaKdyzNqSwkgK2bbz1C,32000,16000.0,santa cruz
2011 F150 Lariat,https://www.craigslist.org/view/d/hayward-2011-f150-lariat/55mt88g8LrDEuQYVw4L6pB,8500,171000.0,hayward / castro valley
1944 Jeep,https://www.craigslist.org/view/d/fremont-1944-jeep/o16ePfVxK7y3tSMGQsn7gX,15000,23000.0,fremont / union city / newark
1930 Ford Model Aa Stake Truck,https://www.craigslist.org/view/d/fremont-1930-ford-model-aa-stake-truck/uhUGrFA9yzTELi2DHSKSx4,15000,16000.0,fremont / union city / newark
2006 Mercedes S350,https://www.craigslist.org/view/d/napa-2006-mercedes-s350/pCmSd5qBMhxLPbq2wqkfTg,5250,166000.0,napa
2007 Be Passat Comfort Wagon Needs Fuel Pump,https://www.craigslist.org/view/d/south-dos-palos-2007-be-passat-comfort/qpJof4dYPk95ANVeZ7szah,1500,150000.0,hollister
2019 Honda Cr-V Ex-L – 67K Miles – Excellent Condition – Salvage Title,https://www.craigslist.org/view/d/dublin-2019-honda-cr-ex-67k-miles/tqrdFuaU9THATcgusniHqq,17500,67000.0,dublin / pleasanton / livermore
2010 Vw Jetta Runs And Drives Needs Motor Reg Is Paid In Full,https://www.craigslist.org/view/d/south-dos-palos-2010-vw-jetta-runs-and/i4D5FEynuJRdcb1qXMXMPN,1200,222000.0,hollister
2017 Porsche Cayenne 4Dr Suv. W/57K Miles. Smogd. Clean Title & Carfax,https://www.craigslist.org/view/d/concord-2017-porsche-cayenne-4dr-suv/f7PEXjJz4FcirUeSyfA5Ps,20900,58000.0,concord / pleasant hill / martinez
"Beautiful 2021 Toyota Mirai ~ 40K, Hydrogen Car For Bay Area Residents",https://www.craigslist.org/view/d/fremont-beautiful-2021-toyota-mirai-40k/68QuKDtpGfBnmDP7QwidJf,7750,40000.0,fremont / union city / newark
2012 Ford Econoline E 150 Cargo Work Van - Professional,https://www.craigslist.org/view/d/san-francisco-2012-ford-econoline-150/1Wo5xPqzq8EPi8Sz76oCxe,10900,107000.0,lower haight
2020 Range Rover Sport Hst,https://www.craigslist.org/view/d/concord-2020-range-rover-sport-hst/vWa9VD6ZwNq3UATSg2Jcqc,23000,102000.0,concord
Own A Classic M-B 1983 380Sl,https://www.craigslist.org/view/d/mountain-view-own-classic-b-sl/4vMYMFSeodgjMhoMfCGrFA,6000,314000.0,mountain view
2013 Bmw 335Is,https://www.craigslist.org/view/d/san-bruno-2013-bmw-335is/wg6rLh5BtsrvjzRXFdg7Hy,5900,162000.0,east bay area
1987 Jeep Cherokee Off-Road Vehicle/ Dessert Runner,https://www.craigslist.org/view/d/el-verano-1987-jeep-cherokee-off-road/g2yNKmurkx58whh4FFyukJ,6500,163000.0,sonoma
2011 Subaru Outback 2.5 6Spd Manual 165K Miles New Head Gaskets,https://www.craigslist.org/view/d/san-mateo-2011-subaru-outback-25-6spd/wwwA3sdvAYEE813g6AASUp,5800,165000.0,san mateo
2008 Mercedes Sprinter 2500 - Custom Camper Van (Needs New Engine),https://www.craigslist.org/view/d/emeryville-2008-mercedes-sprinter/5XimKpQGf26h2TmtGyVyAA,19950,185000.0,emeryville
2012 Volvo S80 Awd ( Great Condition- Smogged!!),https://www.craigslist.org/view/d/concord-2012-volvo-s80-awd-great/3KWtw33eoiULtMphhH15xW,3500,170000.0,concord
2016 Nissan Rogue Rebuild Motor,https://www.craigslist.org/view/d/fairfield-2016-nissan-rogue-rebuild/nDfkTk8vp1MBFCgxpeWtxC,3600,263000.0,fairfield / vacaville
2016 Nissan Rogue Rebuild Motor,https://www.craigslist.org/view/d/fairfield-2016-nissan-rogue-rebuild/1GjbfQxL26P5WNpAqsdndG,3600,263000.0,fairfield / vacaville
Pacifica Touring,https://www.craigslist.org/view/d/san-leandro-pacifica-touring/ghNcMMFUJmEKWsoqmCVvPn,9800,131000.0,san leandro
2018 Chevrolet Malibu ( Smogged/ Clean!!),https://www.craigslist.org/view/d/concord-2018-chevrolet-malibu-smogged/cXM5qKNJdkqfRYKkEuSbvQ,4600,159000.0,concord
"Cash For Your Car, Truck Or Suv. Quick Deal, No Hassle",https://www.craigslist.org/view/d/berkeley-cash-for-your-car-truck-or-suv/nzb6HaUnd1EdBiPWwqwzGY,1,4225.0,berkeley/north oakland
Subaru Forester,https://www.craigslist.org/view/d/burlingame-subaru-forester/3xQABgQMkatD2zxeKVKud3,1400,2008.0,burlingame
2007 Nissan Xterra Good Condition,https://www.craigslist.org/view/d/greenbrae-2007-nissan-xterra-good/nfHbHPZQwfuQrH6JtBhKgz,7000,219000.0,larkspur
2022 Toyota Corolla Se Nightshade Edition,https://www.craigslist.org/view/d/campbell-2022-toyota-corolla-se/e1B87DFS4VpTGWtffxEvbB,20299,63000.0,campbell
2013 Mazda 3 - Clean Title,https://www.craigslist.org/view/d/santa-clara-2013-mazda-clean-title/j1hbAhUwSENdc4Y8de6EC8,4750,138000.0,santa clara
2010 Acura Tl,https://www.craigslist.org/view/d/newark-2010-acura-tl/mSbXYyhEavpXmKGYv8aAR8,4900,199000.0,fremont / union city / newark
1966 Pontiac Bonneville Convertible,https://www.craigslist.org/view/d/selma-1966-pontiac-bonneville/vZJnMLK1RVqvcw8pukaV8u,12000,55000.0,selma
2003 Toyota Rav4,https://www.craigslist.org/view/d/hayward-2003-toyota-rav4/kTKrfhkv8S8kHEVsyj4Vd9,2500,200000.0,hayward
2015 Ford Fusion Se,https://www.craigslist.org/view/d/newark-2015-ford-fusion-se/9eJxzzQGDa4mtpVW2JnCLa,6900,159000.0,fremont / union city / newark
2017 Kia Forte5 Lx,https://www.craigslist.org/view/d/newark-2017-kia-forte5-lx/7TDabn4r8dbPdxziw9miZa,5900,126000.0,fremont / union city / newark
2004 Acura Mdx Touring Awd,https://www.craigslist.org/view/d/newark-2004-acura-mdx-touring-awd/q4ahjKT6MYqFXZEyHjYyfC,3900,207000.0,fremont / union city / newark
2010 Subaru Outback Awd Automatic Very Good Cond 207K,https://www.craigslist.org/view/d/pleasanton-2010-subaru-outback-awd/4p1jUS7gXRUniGyurFgQbo,3800,207000.0,dublin / pleasanton / livermore
2012 Nissan Altima 2.5S,https://www.craigslist.org/view/d/newark-2012-nissan-altima-25s/s7Nb8qV1w8maydRPMFTBvj,4900,154000.0,fremont / union city / newark
2000 Bmw 528I,https://www.craigslist.org/view/d/newark-2000-bmw-528i/uEsu4CTLAaAiJ9rytXGzDA,4900,132000.0,fremont / union city / newark
2021 Toyota Highlander Limited Awd W/ Warranty,https://www.craigslist.org/view/d/fremont-2021-toyota-highlander-limited/3aQopTEUh4A8UW1wnfkywc,39500,30000.0,fremont
2008 Ford Escape Hybrid,https://www.craigslist.org/view/d/mountain-view-2008-ford-escape-hybrid/dF4oJYkUZHtwFzBVsPitGA,6900,63000.0,mountain view
2013 Hyundai Sonata Hybrid,https://www.craigslist.org/view/d/newark-2013-hyundai-sonata-hybrid/d5bNxknBNsCZBT1jim6MUS,5500,157000.0,fremont / union city / newark
2012 Dodge Grand Caravan Minivan,https://www.craigslist.org/view/d/newark-2012-dodge-grand-caravan-minivan/j98e6xJtz76PVhRdmEhkZG,3900,118000.0,fremont / union city / newark
2016 Ford Explorer Excellent,https://www.craigslist.org/view/d/riverbank-2016-ford-explorer-excellent/22m3zDeMBaKg6FFEeDM57n,13950,34000.0,city of san francisco
2004 Subaru Outback,https://www.craigslist.org/view/d/santa-cruz-2004-subaru-outback/fujnSpxMj3SRGRDAnsR3fm,2900,166000.0,santa cruz
2016 Nissan Leaf – Upgraded 40Kwh Battery,https://www.craigslist.org/view/d/san-jose-2016-nissan-leaf-upgraded/vrxGWTznDuAuF2AWUkRT82,8300,108000.0,san jose south
2013 Isuzu Npr 16 Ft Crew Cab Chassis 4 Door Liftgate V8 Gasoline,https://www.craigslist.org/view/d/san-jose-2013-isuzu-npr-16-ft-crew-cab/oiTztREWJBobA7B4gemmLt,18500,126000.0,san jose downtown
"2015 Mercedes Gl450: 98K Miles, Meticulously Maintained, Garage-Kept",https://www.craigslist.org/view/d/san-jose-2015-mercedes-gl450-98k-miles/tmrSGdpPkgRwPfRr1duCRN,13500,98000.0,san jose west
2003 Ford F150 Heavy Duty Worktruck 411K Runs Excellent Firm$1900,https://www.craigslist.org/view/d/san-leandro-2003-ford-f150-heavy-duty/aogCMbK3xFvxNQXFfhDSrC,1900,411000.0,san leandro
2018 Ram 1500 Express V6 Gasoline 4 Door Quad Cab Truck,https://www.craigslist.org/view/d/san-jose-2018-ram-1500-express-v6/w8SoU97zix841ZknCsT1DU,12500,102000.0,san jose north
2017 Toyota Camry Se 4 Cylinder (Clean Title),https://www.craigslist.org/view/d/citrus-heights-2017-toyota-camry-se/iMEXpFcUPSsSkfzZ6UQszX,12900,137000.0,fairfield / vacaville
1981 Puma Gti 1600 1.8 Liter Coupe,https://www.craigslist.org/view/d/san-jose-1981-puma-gti-liter-coupe/fQkctV3URfXkp1ExEnN3MB,15500,59000.0,san jose downtown
1994 Buick Roadmaster Limited Fully Loaded Runs Great Low Miles,https://www.craigslist.org/view/d/hayward-1994-buick-roadmaster-limited/9UmZAYEg8h72eFzK95emvq,9500,105000.0,hayward / castro valley
2015 Volvo V60 Awd W 54K Miles,https://www.craigslist.org/view/d/gilroy-2015-volvo-v60-awd-54k-miles/tANKPyp9xXCMatEYDTRsJH,11900,54000.0,gilroy
2011 Bmw Z4 S Drive 35Is Convertible,https://www.craigslist.org/view/d/san-jose-2011-bmw-z4-drive-35is/dkDd493TBYARswFQzWES8r,17800,53000.0,san jose north
2010 Project Mini Cooper S,https://www.craigslist.org/view/d/el-verano-2010-project-mini-cooper/iu7xXPkPb5x4eWj2nJv7Xk,1600,98000.0,sonoma
2005 Honda Crv All-Wheel-Drive,https://www.craigslist.org/view/d/santa-rosa-2005-honda-crv-all-wheel/iQgbiNR5LR763XtjdwFp2W,5900,185.0,santa rosa
2001 Monte Carlo,https://www.craigslist.org/view/d/antioch-2001-monte-carlo/5dFADfJnBAo9fPyvMSohc1,2200,140000.0,pittsburg / antioch
2018 Honda Hr-V Ex-L 58K Miles,https://www.craigslist.org/view/d/san-francisco-2018-honda-hr-ex-58k-miles/fbN2BWHc5ALS9qqCiQVNhn,16900,58000.0,san francisco
1998 Toyota Corolla Le,https://www.craigslist.org/view/d/mountain-view-1998-toyota-corolla-le/dcDzhMtxsS5P4uxp5yme51,6000,95000.0,mountain view
"2009 Toyota Corolla Le, Low Mile, Clean Title",https://www.craigslist.org/view/d/santa-clara-2009-toyota-corolla-le-low/oKD4cXxUwCJieJzMxQsHxa,7200,118000.0,santa clara
"2005 Ford E350, 95K Miles,",https://www.craigslist.org/view/d/san-francisco-2005-ford-e350-95k-miles/3W2QwjUbJKKGjFKdYTcLdW,6500,95000.0,russian hill
1972 Corvette T-Top 4-Speed Numbers Matching,https://www.craigslist.org/view/d/eureka-1972-corvette-top-speed-numbers/tBV8wheYTiViPRHFXNNTuq,38500,97000.0,hayward / castro valley
2013 Nissan Rogue,https://www.craigslist.org/view/d/san-jose-2013-nissan-rogue/pabZ6JQwEfwK7kQ2EZ4zTg,2900,196000.0,san jose west
2005 Cadillac Escalade 154K Miles,https://www.craigslist.org/view/d/santa-clara-2005-cadillac-escalade-154k/kXKvwVBpytsw8gLhvy9xTj,4150,154000.0,santa clara
2000 Toyota Tundra Sr5,https://www.craigslist.org/view/d/santa-rosa-2000-toyota-tundra-sr5/3XDNzTFuFZ5tGxJpCTYPyy,4200,276000.0,santa rosa
2006 Ford F-150 Lariat Triton V8,https://www.craigslist.org/view/d/berkeley-2006-ford-150-lariat-triton-v8/amjYRpUaviPmxj1WG3N8a4,6000,200000.0,berkeley
"2017 Honda Civic Ex With Start/Stop, 62K Low Mileage",https://www.craigslist.org/view/d/hayward-2017-honda-civic-ex-with-start/6mYzfn34PV5i2oKRAWBWb1,16995,63000.0,hayward / castro valley
Great Condition 2006 Honda Odyssey Touring,https://www.craigslist.org/view/d/cupertino-great-condition-2006-honda/eHUyKDoMkNUs6vymHBgB7d,4000,190000.0,cupertino
"2013 Chevrolet Cruze 1Ls, Clean Title",https://www.craigslist.org/view/d/hayward-2013-chevrolet-cruze-1ls-clean/wVhZ6f8joLfxDoRaGBpeAy,3700,160000.0,hayward / castro valley
2009 Mini Cooper S 62K Miles Excellent Cond. No Accidents Clean Title,https://www.craigslist.org/view/d/corte-madera-2009-mini-cooper-62k-miles/78V7MDGS6d6SsvtbonJzMV,8995,62000.0,north bay / marin
1997 Chevrolet Model: 2500 Pickup Truck (4X4,https://www.craigslist.org/view/d/aptos-1997-chevrolet-model-2500-pickup/7p6VEKDzjEbrzru4Jw2mhM,14500,244000.0,aptos
2005 Ford Crown Victoria P71 Police Interceptor,https://www.craigslist.org/view/d/san-rafael-2005-ford-crown-victoria-p71/4LigvGJSqD67w3sEsJGTN8,6000,189000.0,san rafael
2017 Porsche Macan Awd,https://www.craigslist.org/view/d/sunnyvale-2017-porsche-macan-awd/rDRFPDCYMJhSQ3TqNX9Pza,14500,102000.0,sunnyvale
Gmc Sierra Silverado 1500 Truck - 4X4 - Crew Cab - Clean!,https://www.craigslist.org/view/d/alameda-gmc-sierra-silverado-1500-truck/ix1gHobh21YgCKiLMiXwc9,11500,185000.0,foster city
2010 Ford Escape Hybrid Awd,https://www.craigslist.org/view/d/lodi-2010-ford-escape-hybrid-awd/3KWWTBLbYAUqB9Le2MRXbJ,5250,185000.0,east bay area
2006 Chevrolet Monte Carlo Only 140K,https://www.craigslist.org/view/d/oakland-2006-chevrolet-monte-carlo-only/trkXr3xXtaUUXDui3vZ3x3,3500,140000.0,oakland lake merritt / grand
2004 Land Rover Discovery Se – Exceptionally Clean | Only 92K Miles,https://www.craigslist.org/view/d/mountain-view-2004-land-rover-discovery/noVArZFYYvMkcBziMf9zSC,15500,92000.0,mountain view
1962 Chrysler,https://www.craigslist.org/view/d/napa-1962-chrysler/gRbUCfv4SfE6rFS7zXbfxp,24500,25000.0,napa county
2022 Tesla Model 3 – Low Miles– Excellent Condition,https://www.craigslist.org/view/d/concord-2022-tesla-model-low-miles/jGU1WQU5YMhWbFwK7JHTTy,18500,47000.0,concord / pleasant hill / martinez
Exceptional 2 Owner Chevrolet Express 1500 Cargo Van,https://www.craigslist.org/view/d/burlingame-exceptional-owner-chevrolet/5BWLRtwuDJX4sKNrv2CBp3,9650,216000.0,portola valley
2018 Kia Forte S | $7500 Obo,https://www.craigslist.org/view/d/santa-rosa-2018-kia-forte-obo/hZANLUUyBdW33gNE2dvDLP,7500,128000.0,santa rosa
2007 Mercedes-Benz Sl 550,https://www.craigslist.org/view/d/sunnyvale-2007-mercedes-benz-sl-550/6JbEZWV1iXVS5A8ZaSzACR,12600,62000.0,sunnyvale
Super Clean Mercedes Benz Cl 550,https://www.craigslist.org/view/d/dublin-super-clean-mercedes-benz-cl-550/nDfxe5Qd4jgLAKsHEfaz6B,12000,90000.0,hayward/ castro valley
Super Clean Mercedes Benz Cl 550,https://www.craigslist.org/view/d/dublin-super-clean-mercedes-benz-cl-550/9fSRbyKAXjDCTmDcKft27A,12000,90000.0,dublin
2011 Chevrolet Express 2500 Cargo Van Clean Title Only 65K Miles,https://www.craigslist.org/view/d/hayward-2011-chevrolet-express-2500/4ADuU4EPNYWb7e5uzcoLZb,11500,65000.0,hayward / castro valley
2016 Mercedes-Benz Gle 350 Clean Title Low Miles Automatic Gle350,https://www.craigslist.org/view/d/hayward-2016-mercedes-benz-gle-350/d8BNjvpH7UtL1ngEcJbYZg,12500,99000.0,hayward / castro valley
2019 Ford Fusion Hybrid Se Clean Title Gas Saver Automatic Prius,https://www.craigslist.org/view/d/hayward-2019-ford-fusion-hybrid-se/5CQFbanKVq8Ei7k5RPqRut,7950,128000.0,hayward / castro valley
2008 Chevrolet Malibu Ls..Clean Title ..Great Condition..,https://www.craigslist.org/view/d/rocklin-2008-chevrolet-malibu-lsclean/2XeXwgT5A4ebFmNihvjriv,2900,190000.0,east bay area
2008 Lexus Ls 460 Clean Title Only 125K Miles Automatic Ls460,https://www.craigslist.org/view/d/hayward-2008-lexus-ls-460-clean-title/3CNEsPJadfZmrQW2QQqr47,6950,125000.0,hayward / castro valley
2019 Toyota Camry Le Clean Title Gas Saver Automatic Accord Corolla,https://www.craigslist.org/view/d/hayward-2019-toyota-camry-le-clean/dN15zoiDrSpJVQSZrrfu5F,12900,118000.0,hayward / castro valley
2008 Chevrolet Malibu Ls Classic ..Clean Title ..,https://www.craigslist.org/view/d/rocklin-2008-chevrolet-malibu-ls/wx6JNPfEA2nLvjzAqT6yS9,2600,200000.0,east bay area
2008 Cadillac Escalade Esv,https://www.craigslist.org/view/d/santa-rosa-2008-cadillac-escalade-esv/3CsqPaE8icFtAYiLqbyFLw,5595,204000.0,north bay / marin
2005 Caddillac Escalade,https://www.craigslist.org/view/d/san-jose-2005-caddillac-escalade/muBE1L8CUbeLJD6qFAhFyr,5000,160000.0,san jose south
2015 Mustang Shelby Gt350 Clone Supercharged 800 Hp,https://www.craigslist.org/view/d/santa-rosa-2015-mustang-shelby-gt350/fXvXinXJtGeiSAcudfoXnR,45000,28000.0,santa rosa
2024 Tesla Model Y – Low Miles– Excellent Condition,https://www.craigslist.org/view/d/concord-2024-tesla-model-low-miles/gnweyAdQ3f1vspS3zm7cvs,28500,9007.0,concord / pleasant hill / martinez
2013 Porsche Panamera Platinum Edition,https://www.craigslist.org/view/d/cupertino-2013-porsche-panamera/uca9BpBSiTrFmvDjLzBuk8,15999,84000.0,cupertino
Test Drive Available Wed - Sat 2009 Audi A4 Quattro Cabriolet,https://www.craigslist.org/view/d/san-francisco-test-drive-available-wed/bC8GEtTEjiVALamAH6Gqyd,7250,131000.0,hayes valley
"1966 Pontiac Gto Convertible #,S Match 4-Speed",https://www.craigslist.org/view/d/san-francisco-1966-pontiac-gto/gr5VLFgyKTCiXQEZxAq2oN,49900,100000.0,city of san francisco
2023 Honda Accord Hybrid Sport,https://www.craigslist.org/view/d/san-jose-2023-honda-accord-hybrid-sport/bRRywzMY8MMWe2SgjZjxYw,17500,102000.0,san jose south
2012 Hyundai Sonata,https://www.craigslist.org/view/d/santa-rosa-2012-hyundai-sonata/78JgBVguZEJD7ckXm5cnZG,4900,180000.0,santa rosa
1968 Mustang 302,https://www.craigslist.org/view/d/pittsburg-1968-mustang-302/rQ7amBpGX551DX8gDu59He,23500,76000.0,concord / pleasant hill / martinez
2016 Dodge Grand Caravan Se,https://www.craigslist.org/view/d/antioch-2016-dodge-grand-caravan-se/igBV4EctnbehbBeHgkm85c,8900,114000.0,pittsburg / antioch
2019 Ford  F-350 Utility Bed F350  Mechanic Special!!!,https://www.craigslist.org/view/d/pleasanton-2019-ford-350-utility-bed/iQaCxCj3m98jqbPhUW7yLv,12900,171000.0,dublin / pleasanton / livermore
2016 Chevrolet Silverado 2500Hd Utility Bed !! Excellent Conditions,https://www.craigslist.org/view/d/pleasanton-2016-chevrolet-silverado/dCW5WYsPePdHVu74tJeEjX,12900,210000.0,dublin / pleasanton / livermore
2013 Fiat 500 Sport,https://www.craigslist.org/view/d/pleasanton-2013-fiat-500-sport/4uX4yDzTiaVnancv8diFNk,7200,109000.0,pleasanton
Ford F150 Clt,https://www.craigslist.org/view/d/san-rafael-ford-f150-clt/4gjSQTLWbCwxGu767Ax9uh,12500,122000.0,san rafael
2013 Ford E150 9 Passinger Van Fleet Maintained,https://www.craigslist.org/view/d/knightsen-2013-ford-e150-passinger-van/7MnD2ZVu8rHjzzXRRxZbAB,3650,204000.0,city of san francisco
Land Rover Range Rover Sport Supercharged,https://www.craigslist.org/view/d/san-jose-land-rover-range-rover-sport/xtqxpEQTN7MUJGz38f2cLW,12988,98000.0,san jose
2013 Ford E150 9 Passinger Van Fleet Maintained,https://www.craigslist.org/view/d/newark-2013-ford-e150-passinger-van/wG1VWZW1tmT7LoTquuNUju,3650,204000.0,peninsula
2001 Ford F250 Super Duty Long Head Diesel,https://www.craigslist.org/view/d/antioch-2001-ford-f250-super-duty-long/eEJ75muuhAfAUFWTpJqQpX,15000,170000.0,pittsburg / antioch
2011 Mercedes-Benz C300 Sport - Clean Title - Excellent Condition,https://www.craigslist.org/view/d/san-leandro-2011-mercedes-benz-c300/eq82oZQSkSAjogBmMYs2rt,6450,144000.0,san leandro
2024 Lexus Rx 500H F Sport Performance Awd,https://www.craigslist.org/view/d/lafayette-2024-lexus-rx-500h-sport/sjXgW1aiVwEx7PWxvqTKeQ,58900,22000.0,lafayette / orinda / moraga
"For Sale: 1999 Porsche 911 Carrera (996.1) – 65,650 Miles",https://www.craigslist.org/view/d/san-bruno-for-sale-1999-porsche-911/qCMVgSA7WitQP9DthY1kMz,25000,66000.0,san bruno
2012 Vw Gti 2.0L Turbo 2 Door Coupe,https://www.craigslist.org/view/d/san-jose-2012-vw-gti-20l-turbo-door/drN3FunWRqDNJo7deNqMtv,8999,83000.0,san jose
"2013 Hyundai Sonata Gls ""Clean Title""",https://www.craigslist.org/view/d/hayward-2013-hyundai-sonata-gls-clean/2DyoPAbpG1ZjtgrnhkQstG,4700,142000.0,hayward / castro valley
"2010 Infiniti G37 Convertible, 109 K Low Mileage",https://www.craigslist.org/view/d/hayward-2010-infiniti-g37-convertible/8JXtaFt9rTxYJErRZbMLgi,8500,110000.0,hayward / castro valley
2006 Honda Pilot Exl Awd,https://www.craigslist.org/view/d/san-leandro-2006-honda-pilot-exl-awd/tqsjeKS6fQdoP3awNN9TpH,3800,132000.0,san leandro
"2001 Mercedes Slk320 Roadster 3.2Lv6,",https://www.craigslist.org/view/d/san-mateo-2001-mercedes-slk320-roadster/mRwLwx53VUuPiYDrXEPZjo,5500,90000.0,san mateo
"2013 Subaru Impreza Limited Awd, Low 78K Miles, Clean Title  & Carfax",https://www.craigslist.org/view/d/pleasanton-2013-subaru-impreza-limited/r25u8G1D1KyRM9e6dLNjD6,11800,78000.0,dublin / pleasanton / livermore
2018 Toyota Rav4 Hybrid Clean Title,https://www.craigslist.org/view/d/oakland-2018-toyota-rav4-hybrid-clean/dZ7Ee55ZGrrJCx3KmAHuEx,19500,127000.0,oakland east
2009 Toyota Prius,https://www.craigslist.org/view/d/fremont-2009-toyota-prius/2VcW561n5RsqtNVQgFdmG8,6950,132000.0,fremont / union city / newark
2015 Nissan Rogue Select,https://www.craigslist.org/view/d/san-leandro-2015-nissan-rogue-select/rZJogt3BHVJ8NCSuG7mkff,3800,160000.0,san leandro
2024 Nissan Z Performance – 6-Speed Manual | 500 Whp | 9K Miles,https://www.craigslist.org/view/d/fremont-2024-nissan-performance-speed/q4cG5gUr2W7MyHyHMtCWRu,53500,9000.0,fremont / union city / newark
2015 Nissan Leaf (One Owner/80Miles Per Charge),https://www.craigslist.org/view/d/fremont-2015-nissan-leaf-one-owner/3DGXzNPoLvp6wM113fiKix,5950,33000.0,fremont / union city / newark
1995 Toyota Corolla Wagon,https://www.craigslist.org/view/d/santa-cruz-1995-toyota-corolla-wagon/ccq4zShm8NKaN3T65tvdGk,4000,121000.0,santa cruz co
2018 Mazda 6 Touring Rebuilt,https://www.craigslist.org/view/d/redwood-city-2018-mazda-touring-rebuilt/s9xX8XR8nmxwTEsKW1ybRM,8950,94000.0,redwood city
2005 Ford Freestyle Limited Awd,https://www.craigslist.org/view/d/san-leandro-2005-ford-freestyle-limited/p6vxxQNdZ2RRymXS53WXrT,2800,144000.0,san leandro
2008 Gmc Sierra 85K Miles $9000,https://www.craigslist.org/view/d/san-bruno-2008-gmc-sierra-85k-miles-9000/62ixQAp5B4mAXCMg6sMZ29,9000,85000.0,san bruno
2018 Chevrolet Silverado 1500 Crew Cab Clean Work Truck  Company Owed,https://www.craigslist.org/view/d/walnut-creek-2018-chevrolet-silverado/iaywYagHoeB7feZjWPttsF,13900,161000.0,walnut creek
2006 Bmw M3 Convertible E46,https://www.craigslist.org/view/d/napa-2006-bmw-m3-convertible-e46/cyfCaRpaibNdtBMpSN2Fk4,17000,102000.0,napa county
Immaculate 2022 Chevrolet Bolt Euv Premier Trim,https://www.craigslist.org/view/d/daly-city-immaculate-2022-chevrolet/ofJDtWKQiydHxVqqHrcgxt,23500,30000.0,daly city
2008 Dodge Ram 1500 Quad Cab Fresh Engine 4.7Liter,https://www.craigslist.org/view/d/novato-2008-dodge-ram-1500-quad-cab/geUBANuK8of4GqRExH3d3Q,5100,90000.0,novato
"2021 Toyota Rav4 Le Awd – 89,462 Miles",https://www.craigslist.org/view/d/san-francisco-2021-toyota-rav4-le-awd/7Jv7XX48NTwGEA7Kv8PTQr,20400,89000.0,hayes valley
1968 Karmann Ghia Convertible,https://www.craigslist.org/view/d/san-francisco-1968-karmann-ghia/nQuNRY5BD9LghpTiZziXqD,22500,7500.0,potrero hill
2014 Tesla S P85+ ---> Rare Model/Free Supercharging /Low Miles,https://www.craigslist.org/view/d/millbrae-2014-tesla-p-rare-model-free/bGaASg7S584gNyEGqQ9hmR,32500,45000.0,peninsula
"2017 Toyota Sienna Xle W/8 Seats - Fully Loaded, Clean Title",https://www.craigslist.org/view/d/santa-clara-2017-toyota-sienna-xle-8/f3SjnQcQhhwpX6eEymnMee,16800,143000.0,santa clara
2001 Jeep Wrangler Tj,https://www.craigslist.org/view/d/burlingame-2001-jeep-wrangler-tj/tdTQZwY8BZo9AFzb8zvsmw,7500,212000.0,burlingame
"2019 Subaru Crosstrek Premium Awd – Low Miles, Clean Title",https://www.craigslist.org/view/d/novato-2019-subaru-crosstrek-premium/eZUs6z3SUTaiiEmmC6cavC,22500,61000.0,novato
2023 Lexus Nx 350 Awd F Sport | 40K Miles | Excellent Condition,https://www.craigslist.org/view/d/san-francisco-2023-lexus-nx-350-awd/sYVS8S2tv3WQyTPU9VfRCh,38000,40000.0,inner richmond
1973 Dodge Challenger,https://www.craigslist.org/view/d/redwood-estates-1973-dodge-challenger/oPZ4EiFThosdRRkziZff2y,24500,86000.0,los gatos
2012 Toyota Corolla S,https://www.craigslist.org/view/d/campbell-2012-toyota-corolla/83pVsCCfyy35N9f5TogrUG,13300,78000.0,los gatos
1964 Pontiac Lemans,https://www.craigslist.org/view/d/stockton-1964-pontiac-lemans/eRerZoKPPHsoYCV8Uh395E,31000,64000.0,manteca
2019 Honda Accord Lx,https://www.craigslist.org/view/d/san-jose-2019-honda-accord-lx/5a9F9AvdVWKouLshSvoRJy,17950,109000.0,san jose
"2011 Honda Cr-V Lx, 110 K Low Mile & Clean Title",https://www.craigslist.org/view/d/hayward-2011-honda-cr-lx-110-low-mile/wMuX16e8QHuqiq1y5GVZht,8600,111000.0,hayward / castro valley
"2016 Hyundai Elantra Se, 32K Low Mileage",https://www.craigslist.org/view/d/hayward-2016-hyundai-elantra-se-32k-low/k2ibxEzHNaGHaAdU2HVHya,10200,32000.0,hayward / castro valley
"2016 Macan S Black/Black 107K $14,999",https://www.craigslist.org/view/d/palo-alto-2016-macan-black-black-107k/puTsGGZx56zTiX1boFe5ap,14999,108000.0,palo alto
2018 Honda Accord Sport,https://www.craigslist.org/view/d/san-jose-2018-honda-accord-sport/ax2BmmoVHCBZp7d2u2seNT,16950,130000.0,san jose
"Classic, Cruiser",https://www.craigslist.org/view/d/santa-clara-classic-cruiser/ei7gazuCfzEZgZMnnxY23n,10000,60000.0,santa clara
2016 Honda Civic,https://www.craigslist.org/view/d/french-camp-2016-honda-civic/5Q7ejtxGHjs9XCPMsYAV2h,9900,150000.0,east bay area
2007 Gmc Denali,https://www.craigslist.org/view/d/brentwood-2007-gmc-denali/rtH5ZAcpdnxAPJiqwMNJxD,9800,132000.0,brentwood
Toyota Fj Clean Title,https://www.craigslist.org/view/d/san-jose-toyota-fj-clean-title/pDrEaGa7kTF3bJY6Bv6RGh,12500,164000.0,san jose
"2011 Toyota Prius Iv, 135K Low Mileage & Clean Title",https://www.craigslist.org/view/d/hayward-2011-toyota-prius-iv-135k-low/mpqdKafTEiTRcwdhnTRzty,7700,136000.0,hayward / castro valley
2005 Bmw X3 2.5I (E83) 6-Speed Manual Suv Factory Performance Aero Kit,https://www.craigslist.org/view/d/santa-rosa-2005-bmw-x3-25i-e83-speed/4BDdBW7At2oxip3vEn9b8X,4700,253000.0,santa rosa
"2010 Toyota Corolla Le  ""Clean Title""",https://www.craigslist.org/view/d/hayward-2010-toyota-corolla-le-clean/szCPk5UmH1WpUf33MqzNvw,4400,208000.0,hayward / castro valley
2018 Bmw 320I - Clean!,https://www.craigslist.org/view/d/walnut-creek-2018-bmw-320i-clean/rHc61oAL25UgvK7CGt7hKQ,12980,81000.0,concord / pleasant hill / martinez
2007 Toyota 4Runner Sr5 4X4  Suv - Original Owner,https://www.craigslist.org/view/d/campbell-2007-toyota-4runner-sr5-4x4/gNhDKf1TKxb5VvRzz7WPKz,10495,194000.0,los gatos
2013 Ford Taurus Police Intercepter,https://www.craigslist.org/view/d/san-leandro-2013-ford-taurus-police/9BkFNH69hbeAA1DuXoiDum,3900,110000.0,san leandro
White 2014 Mitsubishi Outlander 1 Driver 101K Miles,https://www.craigslist.org/view/d/san-francisco-white-2014-mitsubishi/iuhVQhZpHZ5KdWgKiP3zRs,6800,102000.0,san francisco
2008 Ford F-250 Xl Extended Cab Long Bed,https://www.craigslist.org/view/d/vallejo-2008-ford-250-xl-extended-cab/58dixwRBngpmkYfct1PSZh,9995,133000.0,vallejo / benicia
2008 Mazda 3,https://www.craigslist.org/view/d/pleasanton-2008-mazda/ntcsQ1ETT44jaPMa8XLyk7,4900,140000.0,dublin / pleasanton / livermore
2004 Ford F-250 Crew Cab 4X4 - Original Owners ~ 90K Miles,https://www.craigslist.org/view/d/santa-clara-2004-ford-250-crew-cab-4x4/hPNnPUXkxVByfJkQ62NQtm,15500,95000.0,santa clara
2018 Jeep Wrangler,https://www.craigslist.org/view/d/san-rafael-2018-jeep-wrangler/d78mmQFRseueurJCFmk91R,26500,82000.0,san rafael
🛻1995 Ford F 350 Flat Bed With Lowmiles  Clean Title Mechanic Special,https://www.craigslist.org/view/d/san-mateo-1995-ford-350-flat-bed-with/8khsB8f873rRnPuQa4GWGi,2900,149000.0,san mateo foster city
**Reliable 5 Speed Manual. 2013 Fiat 500 Black Color Car For Sale**,https://www.craigslist.org/view/d/san-francisco-reliable-speed-manual/jYuTnfwzJVN5MVCBca2ozG,2499,129000.0,san francisco
2016 Kia Forte - Clean Title - Excl Condition - Private Seller,https://www.craigslist.org/view/d/fremont-2016-kia-forte-clean-title-excl/2X1u8uVNwHBeD7QpPTZUHy,6100,127000.0,fremont / union city / newark
2007 Mercedes Cl550 Clean,https://www.craigslist.org/view/d/san-leandro-2007-mercedes-cl550-clean/8hweqDYauAJdsYQsEEyeGW,7900,106000.0,san leandro
2016 Lincoln Navigator 3.5 V6 Turbo,https://www.craigslist.org/view/d/santa-rosa-2016-lincoln-navigator-35-v6/74vpGyJPaULicoXRaMKpfH,12500,170000.0,santa rosa
Looking For A Project Have Sl500 And Sl550,https://www.craigslist.org/view/d/oakland-looking-for-project-have-sl500/c1PsjrvVvY5Ft8MZ88xJRp,4500,127000.0,emeryville
Looking To Buy 1965-1970 Ford Mustang,https://www.craigslist.org/view/d/san-jose-looking-to-buy-ford-mustang/cgTRyf744Tq1aXFLuypMbq,35000,100000.0,san jose
2015 Kia Rio - Private Seller - Clean Title,https://www.craigslist.org/view/d/fremont-2015-kia-rio-private-seller/2zMPMUEq6zVqLmAquFsbP2,5800,108000.0,fremont / union city / newark
"1994 Chevrolet Silverado ,Extended Cab Short Bed 106K Original Miles !",https://www.craigslist.org/view/d/san-mateo-1994-chevrolet-silverado/a2FTRUQajvrzTvBQMBBSsg,7250,106000.0,san mateo
2016 Ford Transit 350 Hd High Roof Extended Wheelbase,https://www.craigslist.org/view/d/san-carlos-2016-ford-transit-350-hd/rM86ZW7kqFuz395dGZnyW8,19950,113000.0,san carlos
"2001 Dodge Ram 1500 Truck; 68K Miles, Solid Work Truck ! 2027 Reg.",https://www.craigslist.org/view/d/millbrae-2001-dodge-ram-1500-truck-68k/6hsXJT1ag5WDp9LniDbmFE,6900,68000.0,burlingame
2015 Acura Mdx Sh- Awd,https://www.craigslist.org/view/d/cupertino-2015-acura-mdx-sh-awd/vKsnuffA3xnSyUntCyzVcA,13690,125000.0,fremont / union city / newark
2010 Ford Escape Se 123K Miles Second Owner,https://www.craigslist.org/view/d/san-rafael-2010-ford-escape-se-123k/sgf74mHqK19jtoEMHr2C7H,5500,123000.0,san rafael
Owner,https://www.craigslist.org/view/d/vallejo-owner/d6GnExuiyhS8yUyku3VTBr,6500,135000.0,vallejo
2006 Toyota Avalon,https://www.craigslist.org/view/d/pleasanton-2006-toyota-avalon/rkRAzGmU7FdVczXQQkDyR1,5900,170000.0,dublin / pleasanton / livermore
2015 Toyota Prius – Silver – Mint Condition – Fully Maintained,https://www.craigslist.org/view/d/fremont-2015-toyota-prius-silver-mint/fc3p5PvcSepRSNLbPJyNyU,10975,137000.0,fremont
2000 Mercedes C280,https://www.craigslist.org/view/d/san-rafael-2000-mercedes-c280/dgxij2aYGVs6v1zRgd5rjN,1500,200000.0,san rafael
2015 Audi A4 S Line Premium,https://www.craigslist.org/view/d/boyes-hot-springs-2015-audi-a4-line/ajKPZqa4zM42Pj2J6xo8EQ,7200,155000.0,sonoma
"2013 Bmw X3 (F25) — 96,760 Miles — As-Is / Mechanic'S Special",https://www.craigslist.org/view/d/alameda-2013-bmw-x3-miles-as-is/dvHkPDeVRN3prTLDgr9vKd,4000,97000.0,alameda
1990 Mazda Miata,https://www.craigslist.org/view/d/santa-rosa-1990-mazda-miata/kE8H3siptiCfLFh3V85Qmt,5900,221000.0,santa rosa
2021 Ford Transit 350 High Roof Extended,https://www.craigslist.org/view/d/san-carlos-2021-ford-transit-350-high/k4yNEGJnhSAnFQEBAUBtAf,22880,140000.0,san carlos
2012 Bmw 328I,https://www.craigslist.org/view/d/knightsen-2012-bmw-328i/ea5kbGAkjRf3PHvvHCQrRA,6800,179000.0,brentwood / oakley
1983 Jaguar Vanden Plas Xj6,https://www.craigslist.org/view/d/alameda-1983-jaguar-vanden-plas-xj6/h52RXD7sB3BSY6JHvHNXC1,12000,77000.0,alameda
2003 Jaguar S-Type,https://www.craigslist.org/view/d/novato-2003-jaguar-type/hKYJhEDzGdpDwXp5LyPoJd,4500,104000.0,novato
2013 Tundra 5.7 Crewmax Rock Warrior 4X4 - Will Trade For Tacoma,https://www.craigslist.org/view/d/pleasanton-2013-tundra-57-crewmax-rock/kFszi8kWDPoJ3c7DgfgCoi,28000,116000.0,dublin / pleasanton / livermore
2015 Ford Transit Connect Xlt For Sale,https://www.craigslist.org/view/d/hayward-2015-ford-transit-connect-xlt/rk9CieA2L3VzUcWUEMjUMU,6900,135000.0,hayward / castro valley
2020 Ford F150 Xl 3.0 Turbo Diesel,https://www.craigslist.org/view/d/hayward-2020-ford-f150-xl-30-turbo/af95zUhCjaTchfRyJpAyyu,24950,98000.0,hayward
2018 Nissan Rogue Sport,https://www.craigslist.org/view/d/vallejo-2018-nissan-rogue-sport/5MDzPQQHtbGLUnHJfSVpcp,12800,56000.0,vallejo
1997 Dodge Ram Ext Cab,https://www.craigslist.org/view/d/berkeley-1997-dodge-ram-ext-cab/miMn8kcdNKPZYukzcMwgtP,2000,171000.0,berkeley
1990 Bmw 325I 5-Speed Coupe,https://www.craigslist.org/view/d/oakland-1990-bmw-325i-speed-coupe/3ZYYC71SjRSaePAfCfQqU9,7500,240000.0,oakland rockridge / claremont
2001 Toyota Camry For Sale,https://www.craigslist.org/view/d/fairfield-2001-toyota-camry-for-sale/qGzCm7vRUmy2pvRyFEEudL,1300,296000.0,fairfield / vacaville
2004 Bmw 330Ci 85K Miles,https://www.craigslist.org/view/d/pleasant-hill-2004-bmw-330ci-85k-miles/7Hf2XKGVubzeqvFwrouRFz,5900,85000.0,concord / pleasant hill / martinez
2016.  Acura Mdx Technology,https://www.craigslist.org/view/d/san-jose-2016-acura-mdx-technology/55KPJtXnYrBXFznMbbdrEB,11499,134000.0,san jose west
2016 Toyota Tacoma Sr5 4X4 Access Cab V6 Clean Title,https://www.craigslist.org/view/d/san-jose-2016-toyota-tacoma-sr5-4x4/5ja9jQpM3AWPQyUMzXphzH,16500,202000.0,san jose
2007 Lexus Es 350,https://www.craigslist.org/view/d/san-jose-2007-lexus-es-350/nwy2HxLgGuX9roxzw9EaVt,4900,199000.0,san jose west
"2016 Acura Mdx ,Advance / Sh-Awd W/Res",https://www.craigslist.org/view/d/san-jose-2016-acura-mdx-advance-sh-awd/xp1RHbLCC1hcAkGMmnjZ5T,11700,146000.0,san jose west
"2010 Toyota Rav4, 4Wd, Limited, Excellent Condition",https://www.craigslist.org/view/d/san-jose-2010-toyota-rav4-4wd-limited/wchs8uWrwhPgsxCTL82fL9,7000,186000.0,san jose west
2010 Honda Cr-V Exl 4Wd,https://www.craigslist.org/view/d/san-jose-2010-honda-cr-exl-4wd/eA6wKRMAbc1ZJL3eNkL4vB,8700,117000.0,san jose west
2017 Honda Civic Le 4-Door - ☎ 650-575-8192,https://www.craigslist.org/view/d/san-jose-2017-honda-civic-le-door/vFVkjaPWQaoLT84aBYkgTB,13900,90000.0,san jose
2012 Nissan Altima,https://www.craigslist.org/view/d/san-jose-2012-nissan-altima/cqVUua4EV9dxGB3m3bJqDf,3800,180000.0,san jose north
2001 Cadillac Deville | Clean Title | Recently Smogged | Kicker Sound,https://www.craigslist.org/view/d/san-jose-2001-cadillac-deville-clean/9oVqfxchBWP6GY5d9mYsmb,5000,182000.0,san jose south
"Sale!! 2007 Lexus Es 350 – Clean Title, 1 Owner, Low Miles",https://www.craigslist.org/view/d/san-jose-sale-2007-lexus-es-350-clean/2QiXJq3knAYQSo6oULG8pe,6800,127000.0,san jose downtown
1954 Chevrolet Bel Air Project Car,https://www.craigslist.org/view/d/fresno-1954-chevrolet-bel-air-project/54VSBSRcVXxkiHJKgnMkJu,15000,101000.0,watsonville
2012 Chevrolet Suburban,https://www.craigslist.org/view/d/watsonville-2012-chevrolet-suburban/8EYfxkQ97J4VALCs1VHUh4,8499,143000.0,santa cruz
Transmission Has Reverse And 2Nd Gear Only,https://www.craigslist.org/view/d/oakland-transmission-has-reverse-and/rC2GiWdase3ibrGf6sX2Lj,345,158000.0,oakland piedmont / montclair
2008 Honda Crv Ex,https://www.craigslist.org/view/d/san-jose-2008-honda-crv-ex/tsZS2s2uSsWSGvkBDrTYCX,6000,168000.0,san jose north
2007 Volkswagen Passat 2.0T Value Edition Wagon 4D,https://www.craigslist.org/view/d/san-jose-2007-volkswagen-passat-20t/5jYpVn1NTGq6L8BsVYJxJt,4000,88000.0,san jose south
2020 Bmw 840I Gran Coupe,https://www.craigslist.org/view/d/fremont-2020-bmw-840i-gran-coupe/1p2eLz1jM9U47BDjYn36gP,29850,39000.0,fremont / union city / newark
2002 Toyota Sienna Xle • Clean Title • 1 Owner,https://www.craigslist.org/view/d/san-jose-2002-toyota-sienna-xle-clean/kpMTExFNDArpTtsmKTZm2T,2999,163000.0,san jose downtown
2006 Acura Suv Car For Sell,https://www.craigslist.org/view/d/newark-2006-acura-suv-car-for-sell/3REuMXKMfBvtkGmNSdTWxM,6500,121000.0,fremont / union city / newark
2009 Subaru Forester 2.5X,https://www.craigslist.org/view/d/pleasanton-2009-subaru-forester-25x/oWxTQHgjxKEDUU4XNXrN3N,5500,167000.0,dublin / pleasanton / livermore
🚙 1999 Gmc Sonoma  S-10 — 5-Speed Manual — $3:500 Work Truck,https://www.craigslist.org/view/d/san-jose-gmc-sonoma-speed-manual-work/965kWVPVKvi8rhNi1KPTpq,3500,188000.0,san jose west
1987 Suburban 2500 454,https://www.craigslist.org/view/d/sonoma-1987-suburban/qjypfz4qEyu47SRLWwEbFz,20000,97000.0,sonoma
2010 Jeep Wrangler,https://www.craigslist.org/view/d/morgan-hill-2010-jeep-wrangler/n8T18ujfBmzrbffAAEYuda,18000,129000.0,morgan hill
2023 Dodge Charger Sxt,https://www.craigslist.org/view/d/fremont-2023-dodge-charger-sxt/drJLQ9vx36rYQz4RzhTemW,13950,30000.0,fremont / union city / newark
"1995 Ford Ranger Xlt Regular Cab – 2.3L 5-Speed – ~95,140 Miles",https://www.craigslist.org/view/d/petaluma-1995-ford-ranger-xlt-regular/mcPH8B5hu91jvXbm7pVyMD,7500,95000.0,petaluma
2023 Kia Niro Wave,https://www.craigslist.org/view/d/el-cerrito-2023-kia-niro-wave/gNKuGeC67L4SQVqpV65zbc,17500,4207.0,albany / el cerrito
2006 Subaru Outback Wagon Awd Major Service Was Done Have All Records,https://www.craigslist.org/view/d/fremont-2006-subaru-outback-wagon-awd/4reJgpgQmnzPKixWfXS9Wv,3400,170000.0,fremont / union city / newark
Black Acura Mdx 2004 4 Door,https://www.craigslist.org/view/d/emeryville-black-acura-mdx-door/ekMUeVkedK4TQup7VRV7Aq,4500,179000.0,emeryville
1965 F250 ‘Rthqwke’ Performance Patina Truck,https://www.craigslist.org/view/d/alameda-1965-f250-rthqwke-performance/gmNteEbF2aV8FUrart3Ufm,12450,15000.0,alameda
2015 Chevrolet Ss Sedan 4D At Ls3 Black,https://www.craigslist.org/view/d/san-jose-2015-chevrolet-ss-sedan-4d-at/7Whnqg5EXQvmmjBQ3bVsAY,26000,123000.0,san jose west
2012 Toyota Tacoma Access Cab Automatic,https://www.craigslist.org/view/d/san-jose-2012-toyota-tacoma-access-cab/qKhruoUkTAd5bju3r1gtzD,15900,175000.0,san jose south
2006 F-250 Fx-4 6.0 Short Bed Crew Cab - Low Miles And Nice!,https://www.craigslist.org/view/d/hayward-2006-250-fx-60-short-bed-crew/g1WC4NwreZgJDVMzLGVFzh,14950,129000.0,hayward / castro valley
F-150 Bullnose 1985,https://www.craigslist.org/view/d/santa-rosa-150-bullnose-1985/6uQzrQbpvo5kPBHYe5EMtY,8000,53000.0,santa rosa
2006 Honda Accord,https://www.craigslist.org/view/d/hayward-2006-honda-accord/ftjhXhpyPxCo6HDUFjEAnj,1375,180000.0,hayward / castro valley
2017 Audi Q5 2.0T Premium Plus Quattro | 63K Miles,https://www.craigslist.org/view/d/oakland-2017-audi-q5-20t-premium-plus/cpDWBh1oGgZiKBAareTf6M,19000,64000.0,berkeley
Nissan Atltima Sv,https://www.craigslist.org/view/d/roseville-nissan-atltima-sv/9MYeqMBtCTr5RSCtJzfH7y,6989,89000.0,roseville
2004 Toyota Highlander,https://www.craigslist.org/view/d/concord-2004-toyota-highlander/eVKvNC35CWx8e1rvNWW9SG,1400,304000.0,concord / pleasant hill / martinez
2007 Honda Odyssey,https://www.craigslist.org/view/d/concord-2007-honda-odyssey/2zqQjPABuahwteZhy3ehau,2800,190000.0,concord / pleasant hill / martinez
2021 Audi S5 · Prestige Tfsi Quattro Tiptronic,https://www.craigslist.org/view/d/oakland-2021-audi-s5-prestige-tfsi/t2GiZy5ypFqwvEF8dThM8E,28000,51000.0,pleasant hill
2007 Chevrolet Suburban Ls 2500 Clean Title Smog Passed,https://www.craigslist.org/view/d/campbell-2007-chevrolet-suburban-ls/9izw3A3CsxEeNrAnvMd32u,8800,137000.0,campbell
"Tilt Bed Truck, Chevrolet Sierra 3500",https://www.craigslist.org/view/d/burlingame-tilt-bed-truck-chevrolet/jqJ4fxeU2PbJ5YdqKJ6FsS,9500,67000.0,burlingame
2002 White Mercedes-Benz C240 Sedan In Good Condition - Clean Title,https://www.craigslist.org/view/d/san-rafael-2002-white-mercedes-benz/vGaJWBBqkXZVqE9F1xxvHP,6495,122000.0,san rafael
2003 Chevy Duramax Diesel 2500 Hd 4X4,https://www.craigslist.org/view/d/santa-clara-2003-chevy-duramax-diesel/vUEase43YmdQzHKcNZBBWY,17000,138000.0,santa clara
1966 Imperial Crown Convertable,https://www.craigslist.org/view/d/novato-1966-imperial-crown-convertable/sMJV3Pjpg8oY5pKPXocHkB,10000,64000.0,novato
"2004 Gmc 90,000 Millas",https://www.craigslist.org/view/d/santa-rosa-2004-gmc-millas/eGY8ZmvrRGzLpeiBYtb8xC,3000,90000.0,santa rosa
"1969 Ford Mustang Mach 1, 351W/At- Not Running",https://www.craigslist.org/view/d/oakland-1969-ford-mustang-mach-351w-at/jKf4Jv5AtZtTnVX5cZ2n9Y,33000,33000.0,emeryville
2005 Toyota Tundra 4.0 V6 / 2Wd Rare Factory Tacoma / 4Runner Engine,https://www.craigslist.org/view/d/san-jose-2005-toyota-tundra-40-v6-2wd/6fVedLV9uk2vMhbYgvJbtF,16900,116000.0,willow glen / cambrian
1985 Volkswagen Westfalia Vanagon,https://www.craigslist.org/view/d/el-sobrante-1985-volkswagen-westfalia/ajMbT5GfAvt5gfmzts3vDP,7400,143000.0,"hercules, pinole, san pablo, el sob"
1957 Ford Thunderbird – Star Mist Blue – One Family Owned,https://www.craigslist.org/view/d/novato-1957-ford-thunderbird-star-mist/e2E2pQcTKsKRrV8xDu4YN7,55000,29000.0,novato
2000 Dodge Ram 1500 Quad Larmie Slt,https://www.craigslist.org/view/d/san-mateo-2000-dodge-ram-1500-quad/gKTmoYgJ4hEtQSjBZ2dzL1,5500,279000.0,san mateo
**Fedex Isp'S** 2023 Brightdrop Zevo 600 Awd - $0 Down Lease Takeover,https://www.craigslist.org/view/d/san-francisco-fedex-isps-2023/tirGr547AhVzUEpAZDzDhY,2062,706.0,soma / south beach
"2011 Toyota Tundra Crewmax Platinum 5.7L 4Wd - 1 Owner, Low Mileage",https://www.craigslist.org/view/d/cupertino-2011-toyota-tundra-crewmax/t8KwqkcusCP69LBT2t3MV6,22500,132000.0,cupertino
Suburban,https://www.craigslist.org/view/d/scotts-valley-suburban/hvWUgvfTeKGvtCWFjpaGB2,6450,128000.0,scotts valley
"Mbz Ml500, 2003, V8, Detailed & Sparkling",https://www.craigslist.org/view/d/santa-cruz-mbz-ml-v8-detailed-sparkling/pDpdxtnguRcpFGqrnbjPJc,3500,169000.0,santa cruz
2009 Lexus Is 250 – Clean Title – Only 106K Miles,https://www.craigslist.org/view/d/campbell-2009-lexus-is-250-clean-title/rdTEBzzAZekfh4jSecqzhH,10300,106000.0,campbell
1992 Chevy Silverado 4X4,https://www.craigslist.org/view/d/santa-rosa-1992-chevy-silverado-4x4/4iDpuC43CfPccw2NAAchCd,6900,195000.0,santa rosa
2008 Toyota Tacoma Prerunner V6 – Reliable Daily Driver – Runs Great,https://www.craigslist.org/view/d/los-gatos-2008-toyota-tacoma-prerunner/4GBFS5PBmVkBj8vbuiapNt,10300,205000.0,los gatos
2004 Chevrolet Avalanche 1500 Clean Title Smog Passed,https://www.craigslist.org/view/d/los-gatos-2004-chevrolet-avalanche-1500/fXUo5ooajQcvxkU8ckwPvt,5900,172000.0,campbell
2005 Lexus Is 300 Smog Passed Clean Title,https://www.craigslist.org/view/d/campbell-2005-lexus-is-300-smog-passed/mkx6EhrF8DSfyVdvCbaor2,7800,169000.0,campbell
Bmw 2010 328,https://www.craigslist.org/view/d/san-rafael-bmw/1WTdcsubsFmDscWLbjY9te,8100,125000.0,san rafael
"2008 Ford F-150 Stx Regular Cab – 5-Speed Manual – Only 70,214 Origina",https://www.craigslist.org/view/d/campbell-2008-ford-150-stx-regular-cab/qriQ7fhehuLT8yLCLGPqcx,8200,70000.0,campbell
2007 Hyundai Entourage Gls Minivan 4D_New Tires_Excellent Driving Van,https://www.craigslist.org/view/d/san-jose-2007-hyundai-entourage-gls/9yU6mvDdyk5WJPatDuVXHE,3300,218000.0,san jose west
2007 Lexus Is 250 For Sale,https://www.craigslist.org/view/d/santa-cruz-2007-lexus-is-250-for-sale/pLy9uChtYgATzC899XMsab,2000,184000.0,santa cruz
2000 Ford E150 Cargo Van,https://www.craigslist.org/view/d/san-ramon-2000-ford-e150-cargo-van/uaMjeuc1ABMddzHRLpa9ds,3000,219000.0,east bay area
2012 Volkswagen Eos Hardtop Convertible - Well Maintained,https://www.craigslist.org/view/d/oakland-2012-volkswagen-eos-hardtop/tu5NGKsyBQeYKWTwBGixD5,5250,102000.0,oakland
2010 Ford Expedition Eddie Bauer 4X4,https://www.craigslist.org/view/d/san-lorenzo-2010-ford-expedition-eddie/pkn88umVcJjBKMMmu2JxEG,4950,169000.0,san leandro
2011 Chevy Camaro Ss Auto Original Owner 120K Miles All Stock,https://www.craigslist.org/view/d/san-jose-2011-chevy-camaro-ss-auto/1fFreKriE7qrWwqHMCh3fN,13800,120000.0,san jose south
2004 Mazda 3,https://www.craigslist.org/view/d/santa-cruz-2004-mazda/jKpfiMjstLoUhZUSseKRhM,4500,96000.0,santa cruz
Chevrolet Suburban Lt 4X4,https://www.craigslist.org/view/d/menlo-park-chevrolet-suburban-lt-4x4/mNcHKzs6PMU4EFZLHeA3bp,25600,38000.0,menlo park
2011 Acura Mdx Advance Pkg Sh-Awd (Original Owner) 7 Seating Suv,https://www.craigslist.org/view/d/san-jose-2011-acura-mdx-advance-pkg-sh/kRPAYZ8AWGB9qfqUJmcrRo,9600,146000.0,san jose west
2013 Toyota Prius Hybrid,https://www.craigslist.org/view/d/oakland-2013-toyota-prius-hybrid/5gVJ6SUqhn5WYpNJqGxmmq,2600,300000.0,oakland
2005 Mini Cooper Convertible Jcw,https://www.craigslist.org/view/d/san-mateo-2005-mini-cooper-convertible/5NpYM3xPHA9sFDS5qKY5zc,8000,48000.0,san mateo
2008  Mini Cooper Clubman,https://www.craigslist.org/view/d/redwood-city-2008-mini-cooper-clubman/aVHD9bLUJwzKxY8Sdq1J9n,1000,164000.0,oakland
1963 Rambler Classic 770 Cross Country Wagon,https://www.craigslist.org/view/d/newark-1963-rambler-classic-770-cross/v4GmB8LMaXh6Dg5uN4AR4n,28000,35000.0,fremont / union city / newark
2011 Honda Cr-V Ex — Clean Title Low Miles,https://www.craigslist.org/view/d/san-jose-2011-honda-cr-ex-clean-title/9fgFdza658B2M3mA6NMaPC,7000,122000.0,san jose
1955 Chevrolet Bel Air 2 Door Hardtop Project,https://www.craigslist.org/view/d/san-martin-1955-chevrolet-bel-air-door/ahab5XZLiV3Ybd6HqzRQX9,9500,12000.0,san martin
"2022 Ram Promaster City Tradesman Cargo Van, 86K, Nice!",https://www.craigslist.org/view/d/walnut-creek-2022-ram-promaster-city/wyZ7LcAv2PpYDFUHf1otNQ,15900,86000.0,walnut creek
2007 Chevy Silverado Runs Excellent,https://www.craigslist.org/view/d/san-jose-2007-chevy-silverado-runs/4HABH78wThzhzwqRdN86km,5300,210000.0,san jose east
1999 Toyota 4 Runner Limited 4Wd,https://www.craigslist.org/view/d/knightsen-1999-toyota-runner-limited-4wd/79XXy8WEQqJSzDphEf78V3,7300,220000.0,brentwood / oakley
2003 Bmw Z4 Convertible,https://www.craigslist.org/view/d/san-leandro-2003-bmw-z4-convertible/w53LXn82wvouvwETQ7Dy9x,3900,159000.0,san leandro
2006 Toyota Camry,https://www.craigslist.org/view/d/knightsen-2006-toyota-camry/pTxLFhv2fZdWxLFdqt2hby,3800,180000.0,brentwood / oakley
2004 Toyota Corolla,https://www.craigslist.org/view/d/knightsen-2004-toyota-corolla/rVPpM6xQj2zWNcnPrxUSji,3500,180000.0,brentwood / oakley
2000 Bmw 328I,https://www.craigslist.org/view/d/san-jose-2000-bmw-328i/xhMXijeBPojeNXmosEw1dD,3500,265000.0,san jose south
2003 Ford 150 V6,https://www.craigslist.org/view/d/san-jose-2003-ford-150-v6/nfQE67hZVqcoFUUSD59xov,1100,142000.0,north san jose
2002 Jaguar Xk8 Convertible Blue,https://www.craigslist.org/view/d/san-jose-2002-jaguar-xk8-convertible/fGVRnRD4CJUoyAUyZSqQ6W,9500,52000.0,willow glen / cambrian
"1974 Triumph Tr6, Overdrive, Hardtop",https://www.craigslist.org/view/d/san-jose-1974-triumph-tr6-overdrive/mtdW11F9JSxfr6YFNDfP9w,22000,91000.0,willow glen / cambrian
2020 Toyota Rav4 Xle Clean Title Low Milage,https://www.craigslist.org/view/d/campbell-2020-toyota-rav4-xle-clean/9FmAzLDCdq36z5m2CQXZQz,21500,64000.0,campbell
2006 Honda Pilot Ex-L W/Navigation Awd Clean Title Smog Passed,https://www.craigslist.org/view/d/campbell-2006-honda-pilot-ex-w/1dFskhg9oAWzYgmbAFoFq5,7300,134000.0,campbell
Wanted Classic Vehicles Porsche Mustang Etc I'Ll Pay More,https://www.craigslist.org/view/d/union-city-wanted-classic-vehicles/mi4jqEKrNpBdKeHXszQauc,900000,51000.0,fremont / union city / newark
"2006 Toyota Prius – Reliable, Fuel-Efficient, And Well-Maintained (Fsb",https://www.craigslist.org/view/d/san-jose-2006-toyota-prius-reliable/pgemReRvBzERA5mQMwLdsL,6500,127000.0,san jose north
2014 Audi Q7 Tdi Turbo Diesel,https://www.craigslist.org/view/d/roseville-2014-audi-q7-tdi-turbo-diesel/7vxeWdmonhQ3KBGiFj91C3,7500,160000.0,roseville
"🔥 2017 Lexus Ct 200H Hybrid – Only 46,624 Miles 🔥Clean Title",https://www.craigslist.org/view/d/campbell-lexus-ct-200h-hybrid-only/rHHs6Qwq4q3xUoX9Qg1sg8,19300,46000.0,campbell
2000 Lexus Es300,https://www.craigslist.org/view/d/san-francisco-2000-lexus-es300/cYaQdtVFkKsgrt26CQJ6qd,3450,209000.0,san francisco
2002 Toyota Sequoia Sr5 - Strong & Reliable Suv Clean Title,https://www.craigslist.org/view/d/campbell-2002-toyota-sequoia-sr5-strong/1KgXEgPZfKNoHq1kcgBbDb,6100,159000.0,campbell
2014 Mercedes-Benz E350 Sport Sedan Clean Title Low Very Miles,https://www.craigslist.org/view/d/campbell-2014-mercedes-benz-e350-sport/wxKAtxTSDbYWtAVsx3RYxF,12400,60000.0,los gatos
2007 Chevrolet Avalanche Ltz 4X4 – Well Maintained & Smog Passed,https://www.craigslist.org/view/d/campbell-2007-chevrolet-avalanche-ltz/x6W941HYqe8KzwdTm4jy48,8800,150000.0,campbell
Sale!!! 2012 Toyota Prius Three – Clean Title – 1 Owner – Clean Carfax,https://www.craigslist.org/view/d/san-jose-sale-2012-toyota-prius-three/beVmHMk7QfGo3Z4MhwsHxC,6999,119000.0,san jose downtown
2002 Toyota Camry Se - Clean Title - 1 Owner - 2.4L 4 Cylinder,https://www.craigslist.org/view/d/san-jose-2002-toyota-camry-se-clean/4TWJdSZNYKxXg57aJV3XUZ,2999,208000.0,san jose downtown
2019 Subaru Forester Sport Awd **Low Miles,https://www.craigslist.org/view/d/santa-cruz-2019-subaru-forester-sport/mrRcrK9gbgLgGUughn8tPS,24300,52000.0,santa cruz
Rare 7-Seater Model S Tesla,https://www.craigslist.org/view/d/san-jose-rare-seater-model-tesla/6BiF1ADRfq5KDAfVDrCSAv,21500,96000.0,san jose south
"2021 Ford F150 Long Bed With 104,000 Miles (1 Owner) F 150 F-150",https://www.craigslist.org/view/d/walnut-creek-2021-ford-f150-long-bed/81zsNy7kL2ys2jdUz5e53c,14900,104000.0,walnut creek
2003 Ford F250 Super Duty,https://www.craigslist.org/view/d/brentwood-2003-ford-f250-super-duty/gNYHCwMib1TaosqQukvdui,4500,226000.0,brentwood / oakley
2007 Honda Pilot 4Wd W Navigation And Reverse Camera,https://www.craigslist.org/view/d/diablo-2007-honda-pilot-4wd-navigation/ppwK7crD3zBxn4QJWqrKTH,5200,280000.0,danville san ramon
2011 Subaru Outback 2.5I Limited Awd,https://www.craigslist.org/view/d/los-gatos-2011-subaru-outback-25i/eVfRnVJZfSYJ3dSnrCxJ9t,8500,107000.0,campbell
2010 Infiniti G37S Convertible,https://www.craigslist.org/view/d/santa-rosa-2010-infiniti-g37s/hPQd4QR9pZh44wvd4cDTZf,11750,83000.0,sebastopol
Volkswagen Passat Limited 1.8 Turbo 2015,https://www.craigslist.org/view/d/hayward-volkswagen-passat-limited-18/9WesBzszfQYM1xn5EJKLUS,5000,158000.0,hayward
"2005 Honda Accord Ex-L Coupe Sport 2D, Excellent Shape, 4 New Tires",https://www.craigslist.org/view/d/san-jose-2005-honda-accord-ex-coupe/7zDvRmoGQV6PHEB3wE4wQT,6800,175000.0,san jose west
Vw Alltrack 2017,https://www.craigslist.org/view/d/san-rafael-vw-alltrack-2017/wVP3ciapxuHmF2gVLZnKwH,16000,65000.0,san rafael
1974 Bmw 2002 Tii,https://www.craigslist.org/view/d/vallejo-1974-bmw-2002-tii/1B2eBz1KrbiSWVsferERCw,40000,16000.0,vallejo
"2016 Subaru Brz, Manual",https://www.craigslist.org/view/d/san-francisco-2016-subaru-brz-manual/5XP4VkNHvVVsXDRbsvjMJz,7995,170000.0,potrero hill
2014 Honda Civic Ex Sedan,https://www.craigslist.org/view/d/concord-2014-honda-civic-ex-sedan/nwT6DYZEh4e3CTmY8ywhtH,2500,128000.0,concord / pleasant hill / martinez
Ford Fusion Platinum,https://www.craigslist.org/view/d/cotati-ford-fusion-platinum/n7PdNFjWLWexPbwdSAWntt,15000,37000.0,rohnert pk / cotati
2013 Lexus Rx 350,https://www.craigslist.org/view/d/cupertino-2013-lexus-rx-350/aAtRkebtCcqeUbdYNZty6Q,17800,58000.0,cupertino
Chevrolet Chevelle Malibu Ss 396,https://www.craigslist.org/view/d/san-jose-chevrolet-chevelle-malibu-ss/cMn5exwZoRPYMzrULP42ha,29000,10000.0,san jose south
2019 Honda Clarity,https://www.craigslist.org/view/d/san-jose-2019-honda-clarity/rB2kWy5FAHMr4XP7iM1LHF,18500,91000.0,san jose south
2013 Nissan Maxima,https://www.craigslist.org/view/d/san-jose-2013-nissan-maxima/16xdub1LbCVXhPUjdrnssd,3900,170000.0,san jose north
2018 Ford Fusion Has Saver Commuter Nice Reliable Car,https://www.craigslist.org/view/d/hollister-2018-ford-fusion-has-saver/1B9nuBVjRzXsawyjkREbt4,3000,160000.0,san jose downtown
2010 Chrysler Town & Country Touring $2800 Or Best Offer,https://www.craigslist.org/view/d/orinda-2010-chrysler-town-country/41y8MxSJvtQuGCfuj5q2h4,2800,146000.0,lafayette / orinda / moraga
F100,https://www.craigslist.org/view/d/san-martin-f100/oHepTJEngETJuxFaxDc5DS,23500,400.0,san martin
Cash Talks !!72 Chevelle 4 Door. 350 Motor,https://www.craigslist.org/view/d/morgan-hill-cash-talks-72-chevelle-door/fQEqPz2K9JWCzmVEJvgh27,2350,5500.0,morgan hill
2024 Jeep Wrangler Rubicon (Fully Loaded),https://www.craigslist.org/view/d/fremont-2024-jeep-wrangler-rubicon/oJWNd1h8HBwQEriwpBpnVW,47500,51000.0,fremont / union city / newark
2016 Nissan Altima 3.5 Sl ... Steel Gray,https://www.craigslist.org/view/d/walnut-creek-2016-nissan-altima-35-sl/9tJm971AUyDpv5vGdNvFdM,8998,141000.0,danville / san ramon
2017 Nissan Pathfinder Sv,https://www.craigslist.org/view/d/hayward-2017-nissan-pathfinder-sv/5NLcyPDBUYJVW7Q5qH6cHT,5200,202000.0,hayward / castro valley
"*2020 Toyota 4Runner Trd Pro 4Wd - Magnetic Gray - 63,607 Mi - Clean*",https://www.craigslist.org/view/d/walnut-creek-2020-toyota-4runner-trd/rK8TsVLzPxYz2q8k4w1Ld1,44500,64000.0,walnut creek
1998 Gmc Savana G3500 Sle  Heavy-Duty 1-Ton Excellent Cargo Van,https://www.craigslist.org/view/d/san-jose-1998-gmc-savana-g3500-sle/deVnmWr66mZzgRDH89FPXX,7750,171000.0,san jose west
2015 Bmw 328I,https://www.craigslist.org/view/d/santa-rosa-2015-bmw-328i/p61mqRpmRFysUzFq2Rftd8,6800,139000.0,santa rosa
2006 Bmw M6 Coupe,https://www.craigslist.org/view/d/san-francisco-2006-bmw-m6-coupe/4Z7g4DWfFduEBo1xvbnDbv,16500,70000.0,san francisco
"Classic Ford Performance Parts – Shelby, Fe, Mustang, Cobra, 427",https://www.craigslist.org/view/d/santa-rosa-classic-ford-performance/o9Sneci9uxXxwQX45Hcmu2,350,1969.0,santa rosa
2006 Ford Ranger,https://www.craigslist.org/view/d/san-francisco-2006-ford-ranger/e6GdxVShqfrYnVBMwTT5D9,7250,119000.0,portola district
2015 Chevrolet Suburban Lt 4Wd – One Owner,https://www.craigslist.org/view/d/sunnyvale-2015-chevrolet-suburban-lt/rTdCkktGHjmrdQBPkwXyZn,13900,175000.0,sunnyvale
2023 Mini Cooper S Hardtop 2-Door For Sale,https://www.craigslist.org/view/d/cupertino-2023-mini-cooper-hardtop-door/tdbyHfEyxJtreqzfgac2yN,26988,7688.0,cupertino
Land Rover Nas Defender 90**,https://www.craigslist.org/view/d/los-angeles-land-rover-nas-defender-90/uYXsAoE9nh2a79n4Dj32aT,65000,25000.0,redwood city
2001 Toyota Tacoma Prerunner!!!,https://www.craigslist.org/view/d/san-jose-2001-toyota-tacoma-prerunner/m5mCYgyfz6uwTyUJ3gfCtt,10000,140000.0,san jose north
2017 Chevrolet Silverado 1500 – Regular Cab Short Bed – 5.3L V8 – Oem Blac,https://www.craigslist.org/view/d/benicia-2017-chevrolet-silverado/x2z1f7uWk8ks53ZHyN75Dk,32000,73000.0,benicia
2013 Vw Golf 2.5 5-Cyl,https://www.craigslist.org/view/d/richmond-2013-vw-golf-25-cyl/u6pB2EwpHwdzg61uewsiUF,5000,132000.0,richmond / point / annex
2017 Bmw 330I Sport Package Clean Title,https://www.craigslist.org/view/d/mountain-view-2017-bmw-330i-sport/6BEJXxUPnwbKQzZg3r9MSW,5300,150000.0,mountain view
2003 Bentley Arnage T,https://www.craigslist.org/view/d/san-jose-2003-bentley-arnage/i4E4a7qVS6qUQQMzYq7wyH,32000,14000.0,san jose south
"2013 Nissan Frontier Sv – Clean Title – Newer Jdm Engine – $7,500",https://www.craigslist.org/view/d/emeryville-2013-nissan-frontier-sv/2Apz6ARccByRAwsCpj5jC4,7500,79000.0,emeryville
2008 Lexus Rx 400H - Excellent Condition,https://www.craigslist.org/view/d/los-gatos-2008-lexus-rx-400h-excellent/vn8LEFDBBzH2ccvAwxV8rN,6300,152000.0,los gatos
2002 Mercedes Clk,https://www.craigslist.org/view/d/cupertino-2002-mercedes-clk/i7Vq8sGMkWGkAhGbBMmezq,2000,206000.0,mountain view
2004 Mercedes-Benz Clk 500,https://www.craigslist.org/view/d/san-pablo-2004-mercedes-benz-clk-500/7rbSPHRq5Dn8NGmyybT4jT,5500,125000.0,"hercules, pinole, san pablo, el sob"
2021 Toyota Mirai Xle *Like New *Auto Breaking *No Accident,https://www.craigslist.org/view/d/san-jose-2021-toyota-mirai-xle-like-new/o3EBayirNAgiwCaf9GcoR7,6950,50000.0,san jose south
2014 Nissan Sentra | Clean Title | 173.8K Miles | Replacement Transmission,https://www.craigslist.org/view/d/emeryville-2014-nissan-sentra-clean/9qnn7FP5r98dqYNQLtSfTj,2950,174000.0,emeryville
Bmw X5M Deal Awd 6 Cyl Trade With Motorcycle,https://www.craigslist.org/view/d/fremont-bmw-x5m-deal-awd-cyl-trade-with/5LHCEkCP8faH6M3TWQJvui,9500,125000.0,east bay area
2016 Range Rover Sport - 49K Miles,https://www.craigslist.org/view/d/san-francisco-2016-range-rover-sport/sYE1sekaj7MJSCfcSLXK4u,21000,49000.0,marina / cow hollow
2013 Nissan Altima 240K Miles. Super Clean,https://www.craigslist.org/view/d/san-francisco-2013-nissan-altima-240k/6PMMxzcHN9YgbZLb1AsC37,2700,241000.0,richmond / seacliff
Sport Bike Vfr800 Great Bike,https://www.craigslist.org/view/d/fremont-sport-bike-vfr800-great-bike/x2SghhMmSayzT6BskqJ2oA,3900,45000.0,city of san francisco
2006 Mercedes R500,https://www.craigslist.org/view/d/oakland-2006-mercedes-r500/2ahFdouNuGqi8YiHs7j3Ca,2000,130000.0,east bay area
2014 Dodge Ram 2500,https://www.craigslist.org/view/d/napa-2014-dodge-ram-2500/nRJRDRuEKS2hvJqBuGv4R8,35000,105000.0,napa county
2010 Ford Transit Connect,https://www.craigslist.org/view/d/rohnert-park-2010-ford-transit-connect/fkeYbKum1dHcLAq8XURmyY,12000,69000.0,rohnert pk / cotati
2019 Bmw 240I M-Sport Convertible 41000 Miles Excellent For Sale,https://www.craigslist.org/view/d/concord-2019-bmw-240i-sport-convertible/nmZ5XYsgW6zTRJFdCAUJyH,19950,41000.0,east bay area
2004 Mercedes-Benz Sl 500 - Red Interor,https://www.craigslist.org/view/d/mountain-view-2004-mercedes-benz-sl-red/1F1zjHiuaJyNMZRWfbaUJQ,11500,84000.0,mountain view
Jaguar 1998 Xk8 Convertible,https://www.craigslist.org/view/d/san-rafael-jaguar-1998-xk8-convertible/gKjR8iNPkL3W81rf4gQATA,4000,263000.0,san rafael
2023 Mini Cooper S Convertible 16000 Miles For Sale,https://www.craigslist.org/view/d/concord-2023-mini-cooper-convertible/tdw6gwp2nKykPkYxmErzg6,19500,16000.0,east bay
"1961 Rio Firetruck – Iconic ""The Saddlerack"" History",https://www.craigslist.org/view/d/fremont-1961-rio-firetruck-iconic-the/kHzWZLAKJbFbhA9v5mpCic,2000,360000.0,fremont / union city / newark
2017 Mercedes Benz C300  4Matic Convertble 33000 Mile Excellent,https://www.craigslist.org/view/d/concord-2017-mercedes-benz-c300-4matic/9UgmHzAfsfAbxiJvvJk12q,21950,33000.0,east bay
"1990 Volkswagen Caravelle Gl, Customized Vanagon",https://www.craigslist.org/view/d/el-cerrito-1990-volkswagen-caravelle-gl/tNejE2bsWqtR9X6aL9J64X,19000,192000.0,albany / el cerrito
"2010 Jeep Wrangler Sport 2-Door - New Engine, Lifted & Smogged",https://www.craigslist.org/view/d/milpitas-2010-jeep-wrangler-sport-door/ofN5A3VMsAeNUGpsEFGjXr,11000,35000.0,milpitas
1966   Mustang /  Nice  !,https://www.craigslist.org/view/d/carmichael-1966-mustang-nice/1dwTU3L1MWjgmarBy5SeSV,14750,15.0,sacramento
2018 Vw Beetle S 46000 Miles Excellent Condition,https://www.craigslist.org/view/d/san-francisco-2018-vw-beetle-miles/sboMun1jfiE4KXMRDxiBGQ,11500,46000.0,east bay area
2014 Toyota Prius Plug In 2Nd Owner,https://www.craigslist.org/view/d/hayward-2014-toyota-prius-plug-in-2nd/8BCjjv9zGZ19kqpDqa78M1,7500,184000.0,hayward / castro valley
2022 Vw Golf Gti Autobohn 33000 Miles Loaded For Sale -,https://www.craigslist.org/view/d/concord-2022-vw-golf-gti-autobohn-miles/8UENwPCD5eG3f2if2Qs39e,19950,33000.0,east bay area
For Sale: 2019 Toyota Tacoma Sr5,https://www.craigslist.org/view/d/los-gatos-for-sale-2019-toyota-tacoma/pBL7dHaYQF6KmHgCNdirJh,25500,72000.0,los gatos
2018 Isuzu Nrr Box Truck Diesel,https://www.craigslist.org/view/d/san-jose-2018-isuzu-nrr-box-truck-diesel/iWfh4QMp4MzQwXMjDT3VKK,28000,90000.0,san jose south
2014 Kia Optima Hybrid,https://www.craigslist.org/view/d/richmond-2014-kia-optima-hybrid/ca5Kkq8ngGSgxNRWReU86C,2200,200000.0,albany / el cerrito
2006 Infiniti G35 Coupe Low Miles Clean Title One Owner Smog Passed,https://www.craigslist.org/view/d/los-gatos-2006-infiniti-g35-coupe-low/jvWvTEPrrMymVwHRjZA3LD,9500,70000.0,los gatos
2009 Toyota Highlander Limited Awd – Reliable V6 – Family Suv,https://www.craigslist.org/view/d/san-jose-2009-toyota-highlander-limited/dNgWGavRmGjSNwCMxbyTf7,9700,156000.0,san jose
2005 Toyota Tundra Sr5 – Clean Title,https://www.craigslist.org/view/d/campbell-2005-toyota-tundra-sr5-clean/9kczrirzZd39kZbc9YpPb7,9300,176000.0,campbell
"2015 Honda Civic Si, Clean Title, 91K Miles",https://www.craigslist.org/view/d/mountain-view-2015-honda-civic-si-clean/vSxSVzMnXKALHMUMWXKA2s,14300,91000.0,mountain view
"2015 Kia Optima, Clean Title, 99K Miles",https://www.craigslist.org/view/d/mountain-view-2015-kia-optima-clean/p4JxLAD4hvL4LsrmY1tvg7,6850,99000.0,mountain view
"2011 Acura Mdx Tech Package, Clean Title",https://www.craigslist.org/view/d/mountain-view-2011-acura-mdx-tech/4wrmj6CVziZfLB5pBPCWtp,10500,125000.0,mountain view
"2014 Lexus Rx350 Awd, Super Loaded,  Very Low 64K Miles, Prestine",https://www.craigslist.org/view/d/san-carlos-2014-lexus-rx350-awd-super/pDK2bbvT6Svq2hanX79g2q,21800,65000.0,san carlos
2014 Ford Explorer Police Interceptor Low Miles,https://www.craigslist.org/view/d/san-leandro-2014-ford-explorer-police/qCf8k2VopHtjrCPQk8ujrd,8800,64000.0,san leandro
2011 Audi A4 Quattro Premium,https://www.craigslist.org/view/d/san-leandro-2011-audi-a4-quattro-premium/2DLuo31zs4hEkxHjWxQxWk,3900,209000.0,san leandro
1987 Chevrolet Silverado 1500 All Original With Bucket Seats,https://www.craigslist.org/view/d/visalia-1987-chevrolet-silverado-1500/b2ts2Br1uTZJgWwEBAUKnm,7500,120000.0,visalia
2015 Nissan Altima 2.5 Sv,https://www.craigslist.org/view/d/hayward-2015-nissan-altima-25-sv/rBdAH6jEbSN976Zjtk2DPq,6300,130000.0,east bay area
2004 Chevrolet Silverado 1500,https://www.craigslist.org/view/d/hayward-2004-chevrolet-silverado-1500/r55QirSyJsWYinsh2U8T1Y,5800,180000.0,east bay area
2017 Kia Sorento,https://www.craigslist.org/view/d/hayward-2017-kia-sorento/trQiaU5zcfNmeJQ8uUhGZg,8700,110000.0,east bay area
2025 Volkswagen Id.4,https://www.craigslist.org/view/d/walnut-creek-2025-volkswagen-id4/9VD2M158NsgNR4XrHB6QWZ,22900,7900.0,walnut creek
"2004 Toyota 4Runner 4Wd Limited V8, 1-Owner, Regularly Serviced.",https://www.craigslist.org/view/d/pleasanton-2004-toyota-4runner-4wd/uU7rMsFPSQnk7uKcwfPEND,14900,176000.0,dublin / pleasanton / livermore
2006 Nissan Frontier One Owner! Low Mileage!,https://www.craigslist.org/view/d/pleasanton-2006-nissan-frontier-one/t2o7nNZzfqUhXpgn3T3Ckt,9900,113000.0,dublin / pleasanton / livermore
2004 Chrysler Pt Cruiser One Owner!,https://www.craigslist.org/view/d/pleasanton-2004-chrysler-pt-cruiser-one/heRPCyegdkaDaGUTnSDo5E,4900,126000.0,dublin / pleasanton / livermore
2012 Nissan Sentra,https://www.craigslist.org/view/d/pleasanton-2012-nissan-sentra/nDnp16cwdSV11SHDg3nnZa,4900,134000.0,dublin / pleasanton / livermore
2007 Toyota Camry One Owner!,https://www.craigslist.org/view/d/pleasanton-2007-toyota-camry-one-owner/uNVHnf9mtw71A5qDayZr73,5900,147000.0,dublin / pleasanton / livermore
2010 Nissan Altima Sl,https://www.craigslist.org/view/d/sacramento-2010-nissan-altima-sl/1WSXh2fi74KGTTrbkPbK1R,3000,220000.0,sacramento
2018 Audi Q5 Premium (64000 Miles),https://www.craigslist.org/view/d/san-jose-2018-audi-q5-premium-miles/6vLzwP8ToWyQMJudU9Zcsd,16400,64000.0,san jose
Bmw 528I Ultra Low Miles (56K),https://www.craigslist.org/view/d/dublin-bmw-528i-ultra-low-miles-56k/xkt5cXFFrf5zh8aNzHZojx,9999,56000.0,dublin / pleasanton / livermore
2002 Saturn L300,https://www.craigslist.org/view/d/oakland-2002-saturn-l300/aMr4MMMFp8BQiNHaD3vopW,2000,137000.0,berkeley
2011 Bmw 328I 3 Series Coupe,https://www.craigslist.org/view/d/scotts-valley-2011-bmw-328i-series-coupe/8P6za7b3XCbHH7q6LZSwAW,9900,82000.0,scotts valley
1955 Chevrolet Nomad,https://www.craigslist.org/view/d/morgan-hill-1955-chevrolet-nomad/pMx3fHXh8mT3Qi99Y3EDjZ,65000,2000.0,morgan hill
"2007 Toyota Camry Hybrid Sedan, 40 Mpg Great Commuter, Clean Title",https://www.craigslist.org/view/d/san-jose-2007-toyota-camry-hybrid-sedan/p9ESQLExPS2Wc1ovRyE9aH,6800,168000.0,san jose west
2014 Ford Escape Se Ecoboost | 2-Owner,https://www.craigslist.org/view/d/pleasanton-2014-ford-escape-se-ecoboost/nJwYzUuBrNoHBkwvMg3Bx2,5000,146000.0,fremont / union city / newark
2013 Honda Crv Ex Awd,https://www.craigslist.org/view/d/san-jose-2013-honda-crv-ex-awd/iNGBwcxQN3vxaGFPwsnbWB,10900,135000.0,saratoga
2002 Acura Tl-With-Nav-Two Owner,https://www.craigslist.org/view/d/sacramento-2002-acura-tl-with-nav-two/vwN6He5GSWzMVAnj5GZfbG,7900,109000.0,burbank ca
1934 Ford Model Bb Truck,https://www.craigslist.org/view/d/sonoma-1934-ford-model-bb-truck/gprYzjeYKnSssU4tBw4g1Q,3500,1000000.0,sonoma
Hunday,https://www.craigslist.org/view/d/santa-rosa-hunday/mWVmvGzmtjqpb5B2yP1BXy,3999,176000.0,santa rosa
2018 Audi Sq5 3.0T Quattro Premium Plus S Line,https://www.craigslist.org/view/d/sunnyvale-2018-audi-sq5-30t-quattro/povkUnRwidTw23mddb37P5,21500,68000.0,sunnyvale
2011 Infiniti Qx56,https://www.craigslist.org/view/d/san-leandro-2011-infiniti-qx56/scDVUAthtCRMJPCgYnBjJe,7900,127000.0,san leandro
2017 Ford Explorer Police Intercepter,https://www.craigslist.org/view/d/san-leandro-2017-ford-explorer-police/87eHizXRcZ563gsG6XTVGX,6600,125000.0,san leandro
2010 Pt Cruiser Gas Saver,https://www.craigslist.org/view/d/san-jose-2010-pt-cruiser-gas-saver/k9qNTEAeU3JhMM9tybVcqG,3500,100000.0,san jose downtown
2006 Ford E350 Cutaway Diesel Super Low Miles,https://www.craigslist.org/view/d/south-san-francisco-2006-ford-e350/5EBYF91W79GCcy6NbP9ZTe,5000,87000.0,south san francisco
"1969 Buick Wildcat - 40K Orig Miles, 2 Owners, Mint",https://www.craigslist.org/view/d/san-francisco-1969-buick-wildcat-40k/k4h6afNbsUDKNY3izvPoDy,21000,40000.0,castro / upper market
2004 Bmw Z4 2.5I 6 Speed,https://www.craigslist.org/view/d/pinole-2004-bmw-z4-25i-speed/4es7KpZ5oPrn4iVVZcUotr,7000,176000.0,"hercules, pinole, san pablo, el sob"
2007 Honda Odyssey,https://www.craigslist.org/view/d/oakland-2007-honda-odyssey/joZU4djk5oFwW9oLemnDmM,3800,211000.0,oakland
2008 Honda Pilot,https://www.craigslist.org/view/d/santa-rosa-2008-honda-pilot/kbdsE9x2SMHshcMDkGsMGc,3000,300000.0,santa rosa
2006 Honda Pilot Ex Sport,https://www.craigslist.org/view/d/san-jose-2006-honda-pilot-ex-sport/cpMfJ63RoCFQkA7QDbptvM,4800,183000.0,san jose
2007 Toyota Camry Ce 144K Miles Passed Smog,https://www.craigslist.org/view/d/san-mateo-2007-toyota-camry-ce-144k/m9qeXYnTB8g5snCTfvWtXr,4999,145000.0,san mateo
2008 Dodge Charger Dub Edition,https://www.craigslist.org/view/d/brentwood-2008-dodge-charger-dub-edition/ai14CKLFp7DEbpn1yyfXHN,4000,141000.0,brentwood / oakley
2016 Ford E-350 Super Duty Mini Bus – 10 Passenger - Ada Wheelchair,https://www.craigslist.org/view/d/san-francisco-2016-ford-350-super-duty/8R35ADj8apQL42xon6zBGT,11500,119000.0,twin peaks / diamond hts
1973 Chevrolet Impala Ls Swapped 6.0 Liter On 26’!! Needs Love 🚨,https://www.craigslist.org/view/d/emeryville-1973-chevrolet-impala-ls/qCD8KeLRDupTfpSTMWoPat,8900,126000.0,east bay area
2013 Ford Focus (Smogged!),https://www.craigslist.org/view/d/concord-2013-ford-focus-smogged/uua653UHRqBXmD1Y8Rn39i,2500,135000.0,concord
2018 Chevy Malibu Lt ( Runs Good/ Smog In Hand!!),https://www.craigslist.org/view/d/concord-2018-chevy-malibu-lt-runs-good/1ZdR5W2SezwzfzR4kFfBei,4000,140000.0,concord
2016 Gmc Terrain,https://www.craigslist.org/view/d/hayward-2016-gmc-terrain/1KXaKNtcF5X2fbY9xhKeNX,4900,133000.0,hayward / castro valley
"1979 Chevy Camaro Berlinetta, 13,900 Miles, Factory 4-Speed",https://www.craigslist.org/view/d/vacaville-1979-chevy-camaro-berlinetta/fQmC4hAhYzCgCatsSYiRhR,20900,14000.0,fairfield / vacaville
2007 Volkswagen Passat– Excellent Condition – Clean Title – Runs Great,https://www.craigslist.org/view/d/alameda-2007-volkswagen-passat/gsTXYEQtUoqC21ePuouFUf,3800,180000.0,alameda
2023 Dodge Charger Hellcat Jailbreak “Last Call”,https://www.craigslist.org/view/d/oakland-2023-dodge-charger-hellcat/q7qkjo5zAVDEGaftLmZrh4,65000,5200.0,oakland east
2014 Subaru Impreza 2.0I Sport Limited ( Very Low Mile  74K ) Excellen,https://www.craigslist.org/view/d/campbell-2014-subaru-impreza-20i-sport/oUVRbAGU7SeViD1S5aa71r,10700,74000.0,campbell
2010 Tundra Crewmax 5.7L V8,https://www.craigslist.org/view/d/hollister-2010-tundra-crewmax-57l-v8/rPY9VD3WEYhBHrZ6WRPQRe,14000,70000.0,hollister
2015 Mercedes Benz Gl550 V8 Twin Turbo Awd 3Rd Row Suv Very Nice!,https://www.craigslist.org/view/d/livermore-2015-mercedes-benz-gl550-v8/4jdrtYe7PE8WaQJ5QPGGWV,16500,89000.0,dublin / pleasanton / livermore
2016 Nissan Nv200 Camper Van,https://www.craigslist.org/view/d/santa-cruz-2016-nissan-nv200-camper-van/bBvqJVerCDBvxxT6Fz8eAY,21500,65000.0,santa cruz
"2019 Mercedes Metris W/ Weekender Conversion, Black",https://www.craigslist.org/view/d/santa-cruz-2019-mercedes-metris/tWM1F6HadeJSxouVdQfM4X,49750,67000.0,santa cruz
"Accura 2000 Tl, Must Sell Excellent Condition",https://www.craigslist.org/view/d/san-ramon-accura-2000-tl-must-sell/9Aox5Fx4UH5A2byTS5qQ8P,3400,214000.0,danville / san ramon
"2019 Honda Odyssey Elite — Loaded, Well-Maintained, Silver — $[23,500]",https://www.craigslist.org/view/d/saratoga-2019-honda-odyssey-elite/555ZJwY8av8ZR6J4padouT,23500,89000.0,saratoga
2013 Veloster Turbo - Clean Title - Smog Check Clear,https://www.craigslist.org/view/d/san-francisco-2013-veloster-turbo-clean/tP6FZtoep6hUZzwQUfBjQs,2000,116000.0,inner richmond
2005 Mercedes S500 4Matic,https://www.craigslist.org/view/d/santa-cruz-2005-mercedes-s500-4matic/aLXTaSY4FZsQKQoxYJMPaf,1200,107000.0,santa cruz
Honda Crv Awd,https://www.craigslist.org/view/d/hayward-honda-crv-awd/dCYfmQzbLQ4kHzFAsBn2hE,7500,125000.0,hayward
"Lincoln Navigator L (Full Size Suv, 8 Passenger)",https://www.craigslist.org/view/d/pleasanton-lincoln-navigator-full-size/iMqX9Mss2TUz4ym1fCqFXY,5900,338000.0,alameda
2012 Volkswagen Beetle 2.5L Manual 5 Speed,https://www.craigslist.org/view/d/aptos-2012-volkswagen-beetle-25l-manual/bdwtpyzNnkyNum3RAUXKTE,12000,73000.0,aptos
2018 Honda Civic Ex 128K Miles For Sale,https://www.craigslist.org/view/d/santa-rosa-2018-honda-civic-ex-128k/rdUWx4Ykscx7kFQdcanyp4,10900,128000.0,santa rosa
2016 Volkswagen E-Golf,https://www.craigslist.org/view/d/san-jose-2016-volkswagen-golf/cmNAfGckAN3dE8BDBfiBkc,6300,80000.0,san jose
2015 Lexus Rx350 4Wd (One Owner),https://www.craigslist.org/view/d/fremont-2015-lexus-rx350-4wd-one-owner/pBcF6SQjYTz6phzBasaL4t,12500,188000.0,fremont / union city / newark
1982 Jeep Cj7 On 1-Ton Axles V8 Engine W/Ac Cj-7,https://www.craigslist.org/view/d/martinez-1982-jeep-cj7-on-ton-axles-v8/anhMte5KpoUM8WpnTWpFzP,20000,261000.0,concord / pleasant hill / martinez
"2009 Acura Tl Tech Pkg | New Tires, Rotors & Battery | Extra Oem Wheel",https://www.craigslist.org/view/d/union-city-2009-acura-tl-tech-pkg-new/add8FCTLwywbnBai4Qqihh,8495,188000.0,fremont / union city / newark
2020 Tesla Model 3 Standard Range Plus Rwd With Fsd,https://www.craigslist.org/view/d/oakland-2020-tesla-model-standard-range/aLWee951wVDKG2jTJjJrdV,19900,92000.0,oakland piedmont / montclair
2003 Toyota  Tundra V8 Truck Clean!,https://www.craigslist.org/view/d/burlingame-2003-toyota-tundra-v8-truck/s55S8QjTttMQ4jS8eJj8gV,7900,203000.0,burlingame
2019 (New Engine) Ford Escape: Se Sport  (Blacked Out),https://www.craigslist.org/view/d/petaluma-2019-new-engine-ford-escape-se/15V563UXR5C3f4xrz4wknW,10900,98000.0,petaluma
2008 Toyota Camry Le,https://www.craigslist.org/view/d/fairfield-2008-toyota-camry-le/7k8ndv8kveRYznDnk1aFBY,4500,151000.0,fairfield / vacaville
2011 Toyota Camry Le,https://www.craigslist.org/view/d/gilroy-2011-toyota-camry-le/cME973vphaFmp85R1HxMME,7000,163000.0,gilroy
1971 Mg Midget,https://www.craigslist.org/view/d/petaluma-1971-mg-midget/5xfQnkzJhyoMTAaU6Yv5BN,5500,64000.0,petaluma
John Cooper Works Convertible – 231 Hp Turbo – Navigation – Heated Sea,https://www.craigslist.org/view/d/burlingame-john-cooper-works/i4o4szXibYKN4qW9VL2k4F,19500,97000.0,walnut creek
2008 Toyota Highlander Hybrid Limited,https://www.craigslist.org/view/d/menlo-park-2008-toyota-highlander/kcuVxgLkACsGx29VQchshb,8500,183000.0,menlo park
2015 Ford F150 Platinum,https://www.craigslist.org/view/d/danville-2015-ford-f150-platinum/iHSEgZPMVC1G4taBWWz2Vp,19000,165000.0,danville / san ramon
1974 K20,https://www.craigslist.org/view/d/santa-rosa-1974-k20/2E98ZY9NTAJ2Gn1QjziMwZ,35000,80000.0,santa rosa
2014 Mci J4500 Deluxe Motorcoach 58 Passenger W/ Lavatory,https://www.craigslist.org/view/d/fort-shafter-2014-mci-j4500-deluxe/gtbxxgn3ZBJaSCxQ6rXVh3,169000,210000.0,honolulu
F350 2024,https://www.craigslist.org/view/d/livermore/5iL7d6DxiAQpCdcvAmcn9G,51900,89000.0,livermore
2001 Toyota Camry Le,https://www.craigslist.org/view/d/san-francisco-2001-toyota-camry-le/odacZuSWjSNidmXQgdMCxB,4900,133000.0,san francisco
2006 Subaru Impreza Wrx Limited Awd,https://www.craigslist.org/view/d/santa-cruz-2006-subaru-impreza-wrx/oiFhwYhXJD6e6sCNkF77hb,4500,154000.0,santa cruz
2012 Volkswagen Passat Se * 1-Owner * Great Sedan,https://www.craigslist.org/view/d/vallejo-2012-volkswagen-passat-se-owner/4idKWzza8Ci7yRHPAg7bAV,4750,165000.0,vallejo / benicia
2005 Toyota Tundra Sr5 *  Great Truck *,https://www.craigslist.org/view/d/vallejo-2005-toyota-tundra-sr5-great/6jqUKhu8JhGj811nHApT3Q,4750,340000.0,vallejo / benicia
2011 Acura Mdx Sh-Awd*  * 3Rd Row Seat,https://www.craigslist.org/view/d/vallejo-2011-acura-mdx-sh-awd-3rd-row/uSnE73TbS9PipHJzweK3DP,4495,220000.0,vallejo / benicia
2009 Ford Focus Sel * 150K Miles * 5Spd Manual Transmission,https://www.craigslist.org/view/d/vallejo-2009-ford-focus-sel-150k-miles/i5sU1ACfxkgzLLCwCChWUK,3450,150000.0,vallejo / benicia
2010-Nissan Rouge For Sale 214K Clean Title - (San Jose),https://www.craigslist.org/view/d/san-jose-2010-nissan-rouge-for-sale/xkNFAB34chMbApbKfs7SNZ,2500,215000.0,san jose south
2013 Range Rover Evoque Dynamic – Orkney Gray – Luxury Suv,https://www.craigslist.org/view/d/morgan-hill-2013-range-rover-evoque/raueEbNXbSzQvqchMAKeLx,9700,120000.0,morgan hill
2015 Mercedes Benz Glk250 4Wd Diesel 4Motion 95K Miles,https://www.craigslist.org/view/d/roseville-2015-mercedes-benz-glk250-4wd/m1T2mmnHDDCb9nZErvXytY,12500,96000.0,"sacramento, ca"
2006 Chevy Express Van,https://www.craigslist.org/view/d/palo-alto-2006-chevy-express-van/8642XJ8bjs45kZm86u4pL8,1900,249000.0,palo alto
2013 Bmw 535I,https://www.craigslist.org/view/d/walnut-creek-2013-bmw-535i/sYiGScW53Ab7axqm4VLvHc,11900,85000.0,walnut creek
2009 Jeep Wrangler,https://www.craigslist.org/view/d/rohnert-park-2009-jeep-wrangler/j7bKqVLre1LtcAF73zMXCc,13600,116000.0,rohnert park
2026 Chevrolet Tahoe Z71 Sport Utility 4D,https://www.craigslist.org/view/d/mill-valley-2026-chevrolet-tahoe-z71/fASJ3m1CQRnKm2Zmt97Vue,72500,3600.0,mill valley
2003 Honda Cr-V Ex * 4Wd Suv Gas Saver *,https://www.craigslist.org/view/d/vallejo-2003-honda-cr-ex-4wd-suv-gas/j7LZ4b48qZGdVNcppng5CN,4495,197000.0,vallejo / benicia
2005 Ford Escape Xlt 4Wd * Only 123K Miles * Gas Saver,https://www.craigslist.org/view/d/vallejo-2005-ford-escape-xlt-4wd-only/b9URvbAdCykrirZ1ndSDGo,3450,123000.0,vallejo / benicia
Bmw 740 Il 1999 For Sale “Mechanic” Special,https://www.craigslist.org/view/d/santa-rosa-bmw-740-il-1999-for-sale/atfvAiZH5pPGWnZYAyHN1n,1,200000.0,santa rosa
2019 Mercedes Sprinter 2500 12-Passenger High Roof 79K V6 Turbo Diesel,https://www.craigslist.org/view/d/los-gatos-2019-mercedes-sprinter/nuVpVGzvnx6CNjoDQdHsiN,41500,79000.0,los gatos
2011 Mazda3,https://www.craigslist.org/view/d/san-francisco-2011-mazda3/8eX7yuRp5ei7ifEak82L6z,4250,193000.0,potrero hill
2015 Toyota Camry Le Hybird Clean,https://www.craigslist.org/view/d/sacramento-2015-toyota-camry-le-hybird/3fvEFZUrm5iSxTKh3aKeJN,12800,113000.0,sacramento
2000 Lexus Rx300,https://www.craigslist.org/view/d/oakland-2000-lexus-rx300/4KN17QRVVUkFKt2EHJJy1R,650,245000.0,oakland east
Pontiac,https://www.craigslist.org/view/d/moss-beach-pontiac/bXtnGzrxVahXSWbXcrgfwo,1800,110000.0,san francisco
Salvage,https://www.craigslist.org/view/d/san-jose-salvage/mSyWGPmXvKx1LFad5Tzr29,58000,20000.0,san jose east
2012 Chevy Cruze Ls Manual Transmission Sedan,https://www.craigslist.org/view/d/san-jose-2012-chevy-cruze-ls-manual/18yidS5R2b5uzPL6AEmpaV,8500,21000.0,san jose north
Bmw X3 28I Xdrive Clean Title 87K Miles,https://www.craigslist.org/view/d/berkeley-bmw-x3-28i-xdrive-clean-title/xgpP6UtJy8WKELHQAQm4p9,9000,87000.0,berkeley
Mercedes Benz E Class E63 Amg Clean Title,https://www.craigslist.org/view/d/berkeley-mercedes-benz-class-e63-amg/kK8pZjjRtf8JhkkRTsqEnN,6500,200000.0,berkeley
2014 F150 Xlt Crew Cab,https://www.craigslist.org/view/d/santa-clara-2014-f150-xlt-crew-cab/1K1rFmVMn1UnrpzDrPariM,8900,200000.0,santa clara
1982 Volkswagen Vanagon 1.9L Turbo Diesel,https://www.craigslist.org/view/d/forestville-1982-volkswagen-vanagon-19l/oTyJzmjUF5W8n7JB4rLkJ6,6500,235000.0,russian river
Nissan 240Sx - S13 - Drift Car - Track Car *Price Reduced*,https://www.craigslist.org/view/d/rohnert-park-nissan-240sx-s13-drift-car/wArkHpGWKdZdjRQpGJ9G7A,10500,1.0,rohnert pk / cotati
2016 Chevrolet Colorado  Lt Duramax Diesel,https://www.craigslist.org/view/d/santa-rosa-2016-chevrolet-colorado-lt/fyTtB4eFqwVR1T2uxSKKkP,26500,80000.0,santa rosa
1999 Honda Cr-V,https://www.craigslist.org/view/d/richmond-1999-honda-cr/2fb4ohSdWLaMQb3segnLDX,2500,205000.0,richmond
2001 Audi Tt Convertible Quatro 6 Speed,https://www.craigslist.org/view/d/forestville-2001-audi-tt-convertible/8YhiTgS1agVn8njHW8Trq1,3750,160000.0,russian river
2008 Honda Cr-V- Low Miles,https://www.craigslist.org/view/d/vacaville-2008-honda-cr-low-miles/jQjvcSTzuXrAUzXp83LdMp,9450,119000.0,davis
"2015 Sprinter Van Tall Roof, Long Wheelbase, High Trim Package",https://www.craigslist.org/view/d/walnut-creek-2015-sprinter-van-tall/e9ap2mEUUf5zJqbeBjM2Fn,14500,400000.0,walnut creek
2004 Chrysler Pt Cruiser Limited Turbo,https://www.craigslist.org/view/d/el-verano-2004-chrysler-pt-cruiser/hfpNPNQ8DStbn5YgXwiTMi,4200,125000.0,sonoma
2018 Chrysler Pacifica Touring Limited,https://www.craigslist.org/view/d/san-leandro-2018-chrysler-pacifica/fk4ATRHnfAw78LPCApiivL,8500,101000.0,san leandro
2013 Honda Accord Coupe !!!Low Miles!!! $8500 Obo,https://www.craigslist.org/view/d/san-francisco-2013-honda-accord-coupe/o3Fq8KouV34Srg2jEjNfGT,8500,144000.0,downtown / civic / van ness
Used 2024 Mercedez Benz Cargo Van,https://www.craigslist.org/view/d/pleasanton-used-2024-mercedez-benz/31unWSfHxKiTwup1p37VGM,51995,11000.0,pleasanton
1965 Ford Mustang Gt,https://www.craigslist.org/view/d/milpitas-1965-ford-mustang-gt/1UquYvDcRqdP5YQz3STS1E,25000,50000.0,milpitas
"2000 Nissan Xterra Se 4Wd, Trophy Bronze- Clean Title-",https://www.craigslist.org/view/d/emeryville-2000-nissan-xterra-se-4wd/68j8jQmJzJFi9GChv9sniz,2500,191000.0,berkeley
2019 Ford Transit Connect ! One Owner ! Excellent Conditions,https://www.craigslist.org/view/d/pleasanton-2019-ford-transit-connect/cKnriTTe8TNQMUdEbHxFNE,13900,120000.0,dublin / pleasanton / livermore
2013 Nissan Maxima Sv Sedan 4D,https://www.craigslist.org/view/d/fremont-2013-nissan-maxima-sv-sedan-4d/orVEazKLtb63rBNeRSGsQZ,4999,185000.0,fremont / union city / newark
2012 Toyota Sienna • Se Premium Minivan 4D,https://www.craigslist.org/view/d/redwood-city-2012-toyota-sienna-se/fgTm2UJUu2hVm2L3CJZj1Z,12350,94000.0,redwood city
Bmw X3,https://www.craigslist.org/view/d/san-jose-bmw-x3/auPbCZe5Ledpwc1Wr91oaS,9500,88000.0,san jose west
"Volkswagen Jetta Se Tsi Beautiful!! 82, 575 Miles 2017 Powerful!!!",https://www.craigslist.org/view/d/san-rafael-volkswagen-jetta-se-tsi/m1nZjipumNdD7nzJrRGphW,8800,83000.0,san rafael
2011 Dodge Ram 3500 Cummins 6-Speed Regular Cab Dually 4X4,https://www.craigslist.org/view/d/san-jose-2011-dodge-ram-3500-cummins/e3EvJD13TxpJDK4LUJ2vgR,10900,214000.0,san jose south
Toyota Rav4 Beautiful Condition Low Miles,https://www.craigslist.org/view/d/san-rafael-toyota-rav4-beautiful/2JZjqKJgdBCR5JgSJg37yV,9200,143000.0,san rafael
2010 Nissan Rogue  – Clean Carfax  – 1 Owner – Only 90K Miles,https://www.craigslist.org/view/d/san-jose-2010-nissan-rogue-clean-carfax/ecg1iDknwgtk8WCoFPsyRE,4999,90000.0,san jose downtown
2008 Bmw 528I - 170K Miles - Runs Great,https://www.craigslist.org/view/d/yountville-2008-bmw-528i-170k-miles/v4oeMMZ7iQE6Y4cLGELLwA,3100,170000.0,napa county
2015 Gmc Sierra 1500 4X4,https://www.craigslist.org/view/d/novato-2015-gmc-sierra-x4/4g38tg2QsymEmAuXkLjxvA,16000,126000.0,novato
2004 Subaru Outback,https://www.craigslist.org/view/d/santa-cruz-2004-subaru-outback/okyip1rrkXXbCZXGjYTeov,3500,166000.0,santa cruz
2022 Mazda 3 Preferred Hatchback Automatic 52K Miles Mazda3,https://www.craigslist.org/view/d/san-jose-2022-mazda-preferred-hatchback/1CbatoF3MYJk4hFyxpd4Wh,18500,52000.0,san jose south
"2024 Sprinter 2500 Custom Campervan  (144"" Wheelbase)",https://www.craigslist.org/view/d/san-francisco-2024-sprinter-2500-custom/uKezLC7NodQxvBNe6uQzWn,118000,16000.0,portola district
2014 Mercedes-Benz Ml 350 – Luxury Suv For Sale,https://www.craigslist.org/view/d/hayward-2014-mercedes-benz-ml-350/3tKp83DRWfPWCMMALudJcZ,8900,129000.0,hayward / castro valley
1990 Porsche 944S2,https://www.craigslist.org/view/d/fairfax-1990-porsche-944s2/4oBfaqUXhWJnVBzxA3rSjH,19500,130000.0,fairfax
2016 Tesla Model X P90D,https://www.craigslist.org/view/d/walnut-creek-2016-tesla-model-p90d/rLdjfNUP5gYUQqf1zwu4QE,22500,117000.0,walnut creek
2003 Mitsubishi Lancer Oz Rally,https://www.craigslist.org/view/d/san-jose-2003-mitsubishi-lancer-oz-rally/s31fzEVS7RAMZSVmxEGzqc,2000,216000.0,san jose west
2019 Honda Clarity Plug-In Hybrid,https://www.craigslist.org/view/d/fremont-2019-honda-clarity-plug-in/ota8Ah9gX98LtrM8NSuvd9,20000,51000.0,fremont / union city / newark
2018 Chevrolet Tahoe 4X4 - Low Mileage,https://www.craigslist.org/view/d/sunnyvale-2018-chevrolet-tahoe-4x4-low/2JWE2WSx6D8ijPAaTBZArH,14700,129000.0,sunnyvale
Lowered 2007 Mazda 3 With 2.3L And A/Trans,https://www.craigslist.org/view/d/fairfield-lowered-2007-mazda-with-23l/gHCSCx78yrSxBZkNaYGANH,3600,251000.0,fairfield / vacaville
2013 Toyota Prius,https://www.craigslist.org/view/d/san-rafael-2013-toyota-prius/ecDRJjFa3S68DG2Ud8Suxk,4500,239000.0,san rafael
"2006  Lexus Rx 400 Hybrid, Excellent Condition",https://www.craigslist.org/view/d/san-jose-2006-lexus-rx-400-hybrid/bWJcbLG6kuE1sidzEFr1So,6700,157000.0,san jose west
2010 Acura Mdx,https://www.craigslist.org/view/d/pleasanton-2010-acura-mdx/mu4VboCnRkx1xYpw4ZF8Je,7000,123000.0,dublin / pleasanton / livermore
2015 Bmw X3 Xdrive28I (Clean Title/ Excellent Condition),https://www.craigslist.org/view/d/newark-2015-bmw-x3-xdrive28i-clean/nCsAhxdF8AbDLLKwpJX8sf,9988,81000.0,fremont / union city / newark
1995 Gmc,https://www.craigslist.org/view/d/brentwood-1995-gmc/ngiuJRP5kwHLf4AJHSDjNp,7900,172000.0,brentwood
2005 Lexus Rx330 Sport Utility 4D,https://www.craigslist.org/view/d/fremont-2005-lexus-rx330-sport-utility/pUZnTghquZLGbSCzhKrTjA,5500,164000.0,fremont / union city / newark
2011 Honda Pilot Exl 4Wd * 3Rd Row Seats * Back Up Camera,https://www.craigslist.org/view/d/vallejo-2011-honda-pilot-exl-4wd-3rd/j8tz9BpTifPgfGSUxnTQ6x,4750,215000.0,vallejo / benicia
2009 Audi A5 Quattro Coupe Awd * Excellent Condition * 140K Miles *,https://www.craigslist.org/view/d/vallejo-2009-audi-a5-quattro-coupe-awd/wkZQact4dT5Xt6Qo4WbYhi,5450,140000.0,vallejo / benicia
"2006 Toyota Corolla S (Clean Title, 143K Miles)",https://www.craigslist.org/view/d/oakland-2006-toyota-corolla-clean-title/qFfgMjEkRo5Up45nxKzX52,3500,143000.0,oakland downtown
Audie A4 V6,https://www.craigslist.org/view/d/oakland-audie-a4-v6/fU5mT6o4gwdMbjP6eNREWj,700,156000.0,oakland lake merritt / grand
1995 Cadillac Deville 4Dr.,https://www.craigslist.org/view/d/los-gatos-1995-cadillac-deville-4dr/fEZ5i8GPUdHKuHL7VE8MsX,1750,96000.0,hollister
2023 Mini Cooper Electric,https://www.craigslist.org/view/d/oakland-2023-mini-cooper-electric/x4RvLYpdkpL47td1jeRq9w,20000,27000.0,oakland lake merritt / grand
2014 Honda Pilot 3.5L V6 Super Clean,https://www.craigslist.org/view/d/martinez-2014-honda-pilot-35l-v6-super/wd4kXd4UJAhCv6nxnxU7Ax,15900,52000.0,concord / pleasant hill / martinez
2015 Cadillac Srx Awd,https://www.craigslist.org/view/d/concord-2015-cadillac-srx-awd/uqqxukrkVYiWYKHTjCghpZ,4450,154000.0,concord / pleasant hill / martinez
1974  Camaro  V8 Manual Transmission,https://www.craigslist.org/view/d/concord-1974-camaro-v8-manual/vkypP4rn7vAq75vDZa3Sim,5200,24000.0,concord / pleasant hill / martinez
2008 Nissan Quest**** Low Miles***,https://www.craigslist.org/view/d/novato-2008-nissan-quest-low-miles/pH1uQgHppiziYNgifcpHoH,1800,89000.0,novato
2013 Subaru Outback Winter Package All Service Was Done,https://www.craigslist.org/view/d/daly-city-2013-subaru-outback-winter/rRCAj7ARQeRyLSRmCDQiUo,6200,155000.0,inner sunset / ucsf
2011 Audi A4 2.0 Sedan Only 133K Miles New Smog,https://www.craigslist.org/view/d/san-jose-2011-audi-a4-20-sedan-only/dhhuVFgtZbF62vUY8BSJyp,3900,133000.0,san jose south
2016 Nissan Murano Hybrid Platinum Awd,https://www.craigslist.org/view/d/san-jose-2016-nissan-murano-hybrid/fV6oZ3JXHYthJGBbu7LMGU,10900,125000.0,campbell
2013 Toyota Camry Le,https://www.craigslist.org/view/d/san-jose-2013-toyota-camry-le/pAVfodQwFH2R5BoUYdqJvz,10900,122000.0,campbell
Sporty & Stylish Mini Countryman Sport – Original Owner – Great Condit,https://www.craigslist.org/view/d/san-rafael-sporty-stylish-mini/o52vKXEuxKMse6u6Z6rgim,7500,72000.0,san rafael
1991 Nissan Hardbody Truck,https://www.craigslist.org/view/d/healdsburg-1991-nissan-hardbody-truck/i96vdsooBJ8TtsmxxmjHqe,3000,106000.0,healdsburg / windsor
1987 Mercedes Benz 560Sel 60K Original Miles,https://www.craigslist.org/view/d/san-francisco-1987-mercedes-benz-560sel/hbjnEk6QSZABiii7oAMJoy,29,60000.0,south san francisco
"2020 Acura Rdx Sh-Awd With 54,000 Miles",https://www.craigslist.org/view/d/santa-clara-2020-acura-rdx-sh-awd-with/g24WocRTSMuvARzusmbh6i,28889,54000.0,santa clara
2014 Honda Accord,https://www.craigslist.org/view/d/palo-alto-2014-honda-accord/wGaKQJteZ8mnG44DRh4rK7,13200,88000.0,palo alto
Mercedes Benz 240D 1981 (Manual Transmission),https://www.craigslist.org/view/d/scotts-valley-mercedes-benz-240d-1981/vTVoX9p166UMa6prXbig9X,2000,137000.0,scotts valley
2008 Mercury Mariner Hybrid - Excellent Condition,https://www.craigslist.org/view/d/walnut-creek-2008-mercury-mariner/21TnKkp4KDeobbLPZ1wkgN,5800,129000.0,lafayette
2007 Toyota Tacoma Prerunner,https://www.craigslist.org/view/d/fairfield-2007-toyota-tacoma-prerunner/f2ESuEYx6H7AvY6tHMY4zj,12000,224000.0,fairfield
"2009 Honda Civic Ex - 93K Miles, 1 Owner",https://www.craigslist.org/view/d/santa-clara-2009-honda-civic-ex-93k/dJhAu1uDBvVCW1qULfGZjZ,9400,93000.0,santa clara
2014 Acura Mdx Sh-Awd W/Tech * Leather * Sunroof * Excellent Suv,https://www.craigslist.org/view/d/vallejo-2014-acura-mdx-sh-awd-tech/mQ7dckYz5PzzJBcLHMWv1S,6450,195000.0,vallejo / benicia
2004 Subaru Forester Xs Awd Wagon * Leather Sunroof * Good Wagon,https://www.craigslist.org/view/d/vallejo-2004-subaru-forester-xs-awd/vSg9wfaEJsXSUAmF7VHcDL,2950,190000.0,vallejo / benicia
2003 Chevy Trailblazer Ext * Only 136K Miles * 3Rd Row Seat,https://www.craigslist.org/view/d/vallejo-2003-chevy-trailblazer-ext-only/p678bJht4t8DyCncrqXHyq,4250,136000.0,vallejo / benicia
2011 Toyota Prius – Clean Title – 158K Miles – Excellent Conditions,https://www.craigslist.org/view/d/mountain-view-2011-toyota-prius-clean/so22nwBd1VkVfzRzd81cVQ,7800,158000.0,mountain view
2003 Honda Odyssey Ex-L * 3Rd Row Seat * Dvd Player,https://www.craigslist.org/view/d/vallejo-2003-honda-odyssey-ex-3rd-row/3J3147EPtA4KBTgGXdVX4G,2950,190000.0,vallejo / benicia
2017 Chevrolet Express 2500 Cargo,https://www.craigslist.org/view/d/daly-city-2017-chevrolet-express-2500/47sSeUjCJEGmooT7anEmv1,13500,142000.0,daly city
2008 Volvo Xc70 Wagon Awd * Only 160K Miles *,https://www.craigslist.org/view/d/vallejo-2008-volvo-xc70-wagon-awd-only/pLbaDB1MQKnDrMyVtSWM3h,3250,160000.0,vallejo / benicia
2013 Mercedes Ml350 V6 Loaded With Features!,https://www.craigslist.org/view/d/san-jose-2013-mercedes-ml350-v6-loaded/mKdq5y8f45qZ9VMUXkbEWN,9800,125000.0,san jose
2008 Mercedes Benz Slk 280 Convertible Runs Great,https://www.craigslist.org/view/d/oakland-2008-mercedes-benz-slk-280/rr5az5xcNT84MR4rLMyHYB,5100,106000.0,alameda
2002 Ford F-250Xlt With 7.3L 8-Cylinder Turbo Diesel Engine,https://www.craigslist.org/view/d/mill-valley-2002-ford-250xlt-with-73l/gyLXpy8ceEbNL4vREw4rtw,10000,195000.0,mill valley
2012 Lexus Ct200H,https://www.craigslist.org/view/d/san-francisco-2012-lexus-ct200h/9PuavdT9XFqTuJrzDmiRwf,5000,185000.0,twin peaks / diamond hts
"2000 Toyota Tundra Sr5 4X2 – 86,000 Original Miles",https://www.craigslist.org/view/d/hayward-2000-toyota-tundra-sr5-4x/sR6JtC5gVLxctb4ZHtkrxD,14500,86000.0,hayward / castro valley
Sprinter Van 3500 Aistream Interstate Grand Tour Ext,https://www.craigslist.org/view/d/san-francisco-sprinter-van-3500/wVfqGqAEYpvUgqA6QZYQna,78000,87000.0,san francisco
2007 Jeep Grand Cherokee 4X4 Overland,https://www.craigslist.org/view/d/mountain-view-2007-jeep-grand-cherokee/wVgGq6RgWCaCCaxKWu7Rvw,4400,146000.0,mountain view
2001 Chevrolet Corvette -5.7L V8- 1 Owner Clean Title & Carfax,https://www.craigslist.org/view/d/belmont-2001-chevrolet-corvette-57l-v8/wTk2gBPmAYipshhpjqQ3Bo,15000,84000.0,twain harte or sf bay area
"$$$,,,I Buy Used Vehicles Running Or Not..$$$",https://www.craigslist.org/view/d/san-jose-buy-used-vehicles-running-or/gidsiiwFDbrNrsoPfJ8boT,99999,889000.0,san jose
2005 Honda Odyssey,https://www.craigslist.org/view/d/hayward-2005-honda-odyssey/cvWUUaLFyE9ELRQWvGEpDV,3750,220000.0,hayward / castro valley
Porsche Boxster 2002 Stickshift,https://www.craigslist.org/view/d/daly-city-porsche-boxster-2002/3Pa86qScWuHcvqjjNrRveg,8000,159000.0,daly city
****Simply****Amazing****,https://www.craigslist.org/view/d/san-francisco-simplyamazing/3RmejTFMBvYQHKvyVhk3Yh,8500,165000.0,downtown / civic / van ness
"2016 Bmw M4 Gts - Low Miles, Clean Title, Full Ppf!! Price Reduced!",https://www.craigslist.org/view/d/cupertino-2016-bmw-m4-gts-low-miles/5KhzNJKJ9SNh9qmfgPU6o9,94999,7700.0,cupertino
2002 Ford Thunderbird,https://www.craigslist.org/view/d/saratoga-2002-ford-thunderbird/mNXki88r1Eu9yqyvbSwuQd,8995,131000.0,saratoga
2013 Ford E150 9 Passinger Van Fleet Maintained,https://www.craigslist.org/view/d/newark-2013-ford-e150-passinger-van/8A8qhzR81vFVdGmhLoMPdW,3650,204000.0,peninsula
2009 Toyota Tacoma Super Clean 4X4,https://www.craigslist.org/view/d/lafayette-2009-toyota-tacoma-super/vtPwohCNzLnPCujxufN1KE,23800,53000.0,lafayette / orinda / moraga
2014 Ford Escape,https://www.craigslist.org/view/d/antioch-2014-ford-escape/aYdjUGLqvXcBCKD68WWmC2,2500,190000.0,antioch
"2007 Bmw 328Xi 132,327Miles Xdrive Awd 328I Cleantitle 4X4",https://www.craigslist.org/view/d/san-francisco-2007-bmw-328xi-miles/7C92uryqJeJTp9gSGLBG3e,4300,132000.0,twin peaks / diamond hts
2006 Saab 9-3 2.0L Turbo 146K Miles All Service Done,https://www.craigslist.org/view/d/san-mateo-2006-saab-turbo-146k-miles/tuVsr5KzV8mz7zqgePcX9n,2700,146000.0,foster city
1961 Oldsmobile 98 Holiday Sedan Lowrider?,https://www.craigslist.org/view/d/oakland-1961-oldsmobile-98-holiday/4pa4mnEkDR28h9mA8z32HW,6000,78000.0,oakland east
2002 Dodge Ram  4X4,https://www.craigslist.org/view/d/concord-2002-dodge-ram-4x4/gfH9D3KMBRGBP6ohgCj7Wm,21000,107000.0,concord
1967 Volkswagen Type 3 Parts Automatic Transmission,https://www.craigslist.org/view/d/vallejo-1967-volkswagen-type-parts/4PVfKh92R7UQTarjLenDGx,1000,1000.0,napa county
🔥 2006 Toyota 4Runner Sport Edition 4X4 — Extra Clean 🔥,https://www.craigslist.org/view/d/san-jose-toyota-4runner-sport-edition/n2nrCqNYESjiuGnF8scCTq,13995,184000.0,san jose north
Hino (2016) Diesel-Clean Title -215K,https://www.craigslist.org/view/d/soledad-hino-2016-diesel-clean-title/5RnQ4bQyWHED6GeqeTCz1W,14800,215000.0,sunnyvale
2005 Honda Crv,https://www.craigslist.org/view/d/san-francisco-2005-honda-crv/wTS2pVtYMo6BArPQ15oaWq,3900,187000.0,san francisco
Family Friendly Wheelchair Van,https://www.craigslist.org/view/d/el-cerrito-family-friendly-wheelchair/4vRQBiJ83Z7X2ShxU8yRGv,55000,25000.0,richmond
Mechanic Special/1985 Jeep Grand Cherokee,https://www.craigslist.org/view/d/sebastopol-mechanic-special-1985-jeep/r1Zn8Q8BiMQmXdtSX3db8V,1200,165000.0,santa rosa
Ambulance,https://www.craigslist.org/view/d/vallejo-ambulance/gwNvFGWCaY4VtUKijckVgB,5500,150000.0,napa county
2015 Bmw 328I,https://www.craigslist.org/view/d/los-gatos-2015-bmw-328i/isBCE73rU21RifLn79PMWV,13000,91000.0,los gatos
2015 Mercedes Ml350 4Matic W/58K Miles !!! Very Loaded,https://www.craigslist.org/view/d/union-city-2015-mercedes-ml350-4matic/1u7SNJBzSbtq6dCVTgD6rZ,18000,58000.0,fremont / union city / newark
Dodge Ram 2500 Laramie,https://www.craigslist.org/view/d/windsor-dodge-ram-2500-laramie/xzUBKE5nYd5SmRe7ogcwNj,59000,60000.0,santa rosa
2009 Toyota Sienna Xle- Clean Title (177K Miles),https://www.craigslist.org/view/d/soquel-2009-toyota-sienna-xle-clean/fUWb8AmfhmB7BsLEdHf95E,5800,178000.0,soquel
Ford Truck F350 Sd 4X4 2008,https://www.craigslist.org/view/d/santa-rosa-ford-truck-f350-sd-4x4-2008/9UuQYuhj2aRykhUnvjwrR2,16000,133000.0,sonoma
Gmc 2009 Acadia,https://www.craigslist.org/view/d/fremont-gmc-2009-acadia/rrzJUDPf6wCw9SmFPbx6NQ,3900,106000.0,fremont
2007 Bmw 325 Low Miles 150K!,https://www.craigslist.org/view/d/hayward-2007-bmw-325-low-miles-150k/oETxVfG6KFDGo8Pyhgiukt,2400,150000.0,hayward
2016 Ford F250 Xl 120K Miles,https://www.craigslist.org/view/d/concord-2016-ford-f250-xl-120k-miles/sQkhtP2pz4iGsHMTqd3qPy,11900,120000.0,concord
Beautiful Maserati Ghibli S Q4  Awd Clean Title,https://www.craigslist.org/view/d/pleasanton-beautiful-maserati-ghibli-q4/umbbrQYmYGNh8Ec1JwLfU7,11000,70000.0,dublin / pleasanton / livermore
2008 Ford Edge Sel * Only 155K Miles * Nice Suv,https://www.craigslist.org/view/d/vallejo-2008-ford-edge-sel-only-155k/kU5VHNP8jwdQUEj2UMhHpe,3450,155000.0,vallejo / benicia
2013 Mazda Cx-5 Touring Awd Exellent Condition,https://www.craigslist.org/view/d/san-jose-2013-mazda-cx-touring-awd/aKsacUgSYjmHzcC6fdFGYn,6500,177000.0,willow glen / cambrian
2003 Mercedez Cl55 Amg,https://www.craigslist.org/view/d/san-jose-2003-mercedez-cl55-amg/nF9Mb91wbkw56gm71amxLC,3500,140000.0,south bay area
2007 Lexus Ls460 Luxury Sedan,https://www.craigslist.org/view/d/vallejo-2007-lexus-ls460-luxury-sedan/tZ9HCVuJ9Hc5auPunY379L,3750,270000.0,vallejo / benicia
2008 Lexus Is250 Sports Sedan * Backup Camera * Navigation,https://www.craigslist.org/view/d/vallejo-2008-lexus-is250-sports-sedan/jzqn3aGhfqjUEfFn9jDtpf,3950,190000.0,vallejo / benicia
1966 Cj5 Jeep,https://www.craigslist.org/view/d/windsor-1966-cj5-jeep/ojpkkTWsjsjMpnFX1nBm32,6800,68000.0,windsor
2009 Vw Jetta Tdi Diesel Clean Car Runs But Needs Work,https://www.craigslist.org/view/d/hayward-2009-vw-jetta-tdi-diesel-clean/6jNunYGZGduRBkgJRJU6EF,1500,190000.0,hayward / castro valley
2007 Lexus Is250 Sedan * Nice Car,https://www.craigslist.org/view/d/vallejo-2007-lexus-is250-sedan-nice-car/6n5Vrs1Wr7sF99c2FfdCfN,3950,227000.0,vallejo / benicia
2006 Chrysler 300 Touring * Sedan,https://www.craigslist.org/view/d/vallejo-2006-chrysler-300-touring-sedan/4uLwB371NzgvpwM72cGYv4,2250,155000.0,vallejo / benicia
"1968 Oldsmobile 442 Holiday Coupe, Numbers Matching 400Ci 4 Speed",https://www.craigslist.org/view/d/petaluma-1968-oldsmobile-442-holiday/gNx1wTRQv1nJGfgj8ro1w4,48500,80000.0,petaluma
2008 Subaru Impreza Wrx Very Clean 125K Miles New Clutch,https://www.craigslist.org/view/d/hayward-2008-subaru-impreza-wrx-very/t3TEtvcVSeieXZ4zVUGjhA,5000,125000.0,hayward / castro valley
1999 Subaru Forester 101K Miles $3500 Obo,https://www.craigslist.org/view/d/fremont-1999-subaru-forester-101k-miles/mxHusi3aQ6rbYcXKvnxDLm,3500,101000.0,fremont / union city / newark
2012 Ford E350 Cutaway Paratransit Shuttle Bus * 5.4L V8,https://www.craigslist.org/view/d/vallejo-2012-ford-e350-cutaway/g3ho2cjW6e7XqMU7mdRjWi,7950,225000.0,vallejo / benicia
2008 Subaru Legacy Gt 134K Miles Motor Runs Smooth,https://www.craigslist.org/view/d/hayward-2008-subaru-legacy-gt-134k/gZcHi4RckVhvoKgbvdTxox,1500,134000.0,hayward / castro valley
2010 Toyota Camry Le * Gas Saver,https://www.craigslist.org/view/d/vallejo-2010-toyota-camry-le-gas-saver/dpHf8cA1RURz343E1ttzX6,4250,228000.0,vallejo / benicia
2006 Dodge Caravan Sxt * 3.8L * 7 Passengers,https://www.craigslist.org/view/d/vallejo-2006-dodge-caravan-sxt-38l/fxhXvJpfEu7Jgqn9rcVMm2,2750,155000.0,vallejo / benicia
2012 Toyota Sienna Le,https://www.craigslist.org/view/d/fairfax-2012-toyota-sienna-le/awyGK8tfzkj7xs4cDr99q5,8200,125000.0,fairfax
"2021 Chevy Spark Hatchback, 87K, Clean Title, Runs Great!",https://www.craigslist.org/view/d/walnut-creek-2021-chevy-spark-hatchback/2n66PChxC2huBXtoNuEMbG,7900,87000.0,walnut creek
2011 Mercedes Glk350 Shiny And Clean,https://www.craigslist.org/view/d/gilroy-2011-mercedes-glk350-shiny-and/bWqh7RRKKg5jh6ggZNKeGR,6500,138000.0,gilroy
2008 Chevy Impala Lt * Only 160K Miles * Great Sedan,https://www.craigslist.org/view/d/vallejo-2008-chevy-impala-lt-only-160k/8MX1TJ2vZHMs7puDBguP1M,3450,160000.0,vallejo / benicia
2022 Mercedes Benz S580 4Matic Custom,https://www.craigslist.org/view/d/newport-beach-2022-mercedes-benz-s580/a6kk8Nmx8jQ4hVV9fW59eW,42500,105000.0,newport beach
2016 Hyundai Accent,https://www.craigslist.org/view/d/san-leandro-2016-hyundai-accent/bQzAgXHWCwiCVox9nM8bzu,4300,174000.0,san leandro
"2009 Porsche 911 Carerra S Convertible,One Family Owned, Rare Color",https://www.craigslist.org/view/d/pleasanton-2009-porsche-911-carerra/eGv8nMWLVgKobfG3UwtmMX,48900,91000.0,dublin / pleasanton / livermore
"2014 Hyundai Sonata Limited 2.0T-Moonroof, Leather",https://www.craigslist.org/view/d/san-francisco-2014-hyundai-sonata/9R5zMxcFDDpXBPBWXhqpAG,6900,101000.0,soma / south beach
2007 Toyota Camry Xle * Sunroof  * Leather,https://www.craigslist.org/view/d/vallejo-2007-toyota-camry-xle-sunroof/2mk7VKbnKQM4JrWfz74acs,4750,209000.0,vallejo / benicia
2003 Ford Ranger Manual Transmission 4X4,https://www.craigslist.org/view/d/rohnert-park-2003-ford-ranger-manual/nFMAG4makeDx78Vz8eViLi,11900,145000.0,rohnert pk / cotati
Ram 2500 6.4 Hemi - 2Wd - 8' Bed,https://www.craigslist.org/view/d/pleasant-hill-ram-hemi-2wd-bed/k9RY6xGqGW82vvwsZF8Fib,18000,90000.0,concord / pleasant hill / martinez
2004 Mercedes Benz Ml350 * Awd Suv,https://www.craigslist.org/view/d/vallejo-2004-mercedes-benz-ml350-awd-suv/6qkTTHHM7AL1fuTS35f4sW,2450,178000.0,vallejo / benicia
2013 Toyota Tacoma V6 4Wd,https://www.craigslist.org/view/d/vallejo-2013-toyota-tacoma-v6-4wd/odXQiUv1YsEbmcA8t51ePj,13500,230000.0,vallejo / benicia
Honda Cr-V Exl  2007,https://www.craigslist.org/view/d/vacaville-honda-cr-exl-2007/2a97xWJdR1sxXM1JKYbi8T,7900,98000.0,fairfield / vacaville
2012 Nissan Quest Van 3.5L * Only 108K Miles,https://www.craigslist.org/view/d/vallejo-2012-nissan-quest-van-35l-only/xigwJGjTECAdBhHe9zmZ85,4450,108000.0,vallejo / benicia
Bmw 335I Twin-Turbo Convertible 2009,https://www.craigslist.org/view/d/san-jose-bmw-335i-twin-turbo/8na8ZYHZfAL7CNqAZuWA1J,9900,88000.0,san jose east
"Best Car Ever? Saturn Ion 245,000K Runs Well Mechanic Owned Reg & Smog",https://www.craigslist.org/view/d/sebastopol-best-car-ever-saturn-ion/xubWjhGiWFdSaHzBaXwu5G,1500,245000.0,santa rosa
2020 Awd Dodge Charger Pursuit / Police 5.7L V8 Hemi (Same As Rt),https://www.craigslist.org/view/d/san-jose-2020-awd-dodge-charger-pursuit/7ebbTZbcgePvV5D6qoGwrB,13000,102000.0,san jose west
1999 Subaru Impreza Outback Wagon * Awd * Rare Find,https://www.craigslist.org/view/d/vallejo-1999-subaru-impreza-outback/nEJJSkDYAQDANjg5P5oDYW,2950,190000.0,vallejo / benicia
2014 Ford F150 Fx4 Clean Title 4Wd,https://www.craigslist.org/view/d/daly-city-2014-ford-f150-fx4-clean/wmsN1oyjEsQH6AV9uvSrcp,17900,52000.0,daly city
2004 Acura Mdx Mechanic Special,https://www.craigslist.org/view/d/santa-rosa-2004-acura-mdx-mechanic/piftxeNbBAznTT53JjpWin,1000,259000.0,santa rosa
2016 Kia Optima Lx Turbo,https://www.craigslist.org/view/d/vallejo-2016-kia-optima-lx-turbo/8Vd4hKxFP2nvnZ6ZeHyyUs,3450,230000.0,vallejo / benicia
"Selling Gas Not Hybrid 2019 Lexus Ux 200 16,500 Miles, Like New Condition",https://www.craigslist.org/view/d/san-jose-selling-gas-not-hybrid-2019/6P4fb6RNbFkVbo1Q2Sc2a5,27000,17000.0,san jose south
2015 Honda Odyssey · Ex-L Minivan 4D,https://www.craigslist.org/view/d/concord-2015-honda-odyssey-ex-minivan-4d/fr6tsQTbDHn4BgYuzRaNjY,10600,164000.0,walnut creek
2002 Honda Odyssey Ex-L * 164K Miles * 7 Passengers,https://www.craigslist.org/view/d/vallejo-2002-honda-odyssey-ex-164k/8naP6R1Zzf7mspJPKSdVWq,3250,164000.0,vallejo / benicia
2018 Toyota Corolla Le,https://www.craigslist.org/view/d/santa-clara-2018-toyota-corolla-le/tcKR81xhd5GVJQ9CPt3wJW,13500,82000.0,santa clara
2008 Chevy Trailblazer Lt * Mid Size Suv,https://www.craigslist.org/view/d/vallejo-2008-chevy-trailblazer-lt-mid/tLEtRd2yfLEQdNugRvhBm3,3250,194000.0,vallejo / benicia
1994 Ford Explorer Xlt,https://www.craigslist.org/view/d/vallejo-1994-ford-explorer-xlt/tMdSRWR9gXiguNjktdXcZo,1795,250000.0,vallejo / benicia
2003 Gmc Envoy Xl Sle * Only 155K Miles,https://www.craigslist.org/view/d/vallejo-2003-gmc-envoy-xl-sle-only-155k/efNgHu3cB679Gw621aKVrn,3450,155000.0,vallejo / benicia
2016 Nissan Quest Sv Mini Van * Only 114K Miles * 3Rd Row,https://www.craigslist.org/view/d/vallejo-2016-nissan-quest-sv-mini-van/uAJQEu7CRKosfooinEBG8E,4950,132000.0,vallejo / benicia
2011 Bmw 328I 3 Series,https://www.craigslist.org/view/d/mount-hermon-2011-bmw-328i-series/monW4ePXcrnMtnVH4aHaVP,7999,113000.0,scotts valley
We Pay Cash On Site In Minutes Any Car,https://www.craigslist.org/view/d/san-mateo-we-pay-cash-on-site-in/omPVLJiYr8MeM2xdFaLaph,30000,70000.0,san mateo
1997 Chevy Ck 2500 Work Truck * Tow Hitch,https://www.craigslist.org/view/d/vallejo-1997-chevy-ck-2500-work-truck/1Mj38S4D7TRoEE93pCoJk8,4495,210000.0,vallejo / benicia
Ford F-250,https://www.craigslist.org/view/d/san-jose-ford-250/nzd7Ua4cYEf9bTdiEcPyqy,8700,98000.0,san jose
62 Volvo P1800,https://www.craigslist.org/view/d/santa-clara-62-volvo-p1800/m5AEKP2zzn9XAT8SgdNwMq,4800,9999.0,south bay area
2002 Lexus Rx 300 Pearl White All-Wheel-Drive,https://www.craigslist.org/view/d/alameda-2002-lexus-rx-300-pearl-white/cPXASB8kosGXSQhxLmYxsi,3180,172000.0,east bay area
"2024 Ford F150 Hybrid 4 X 4 Only 21,000 Miles",https://www.craigslist.org/view/d/san-francisco-2024-ford-f150-hybrid-x/gJRhFACZ8S66HAUD2ECdkF,34750,21000.0,soma / south beach
2022 Audi Q5 Sportback S Line 45 Tfsi Quattro - Premium Plus,https://www.craigslist.org/view/d/napa-2022-audi-q5-sportback-line-45/1uzXttv52XBumdPovURhLX,38500,11000.0,napa county
2011 Toyota Sienna Xle – One Owner – 122K Miles – Excellent Condition,https://www.craigslist.org/view/d/cupertino-2011-toyota-sienna-xle-one/7b9rPnSxZRzsf7JUrf8BTA,11200,122000.0,cupertino
2012 Mazda 5 Runs And Drives,https://www.craigslist.org/view/d/santa-rosa-2012-mazda-runs-and-drives/bEH9M2jYM3BeMqPoDrEnMp,1500,250000.0,santa rosa
2018 Porsche Targa 4 991.2,https://www.craigslist.org/view/d/capitola-2018-porsche-targa/mawqXXWGavL8YKRGxMonKw,129500,28000.0,aptos
2022 Chevrolet Silverado Crew Cab Trail Boss Z71 4X4 Custom 5.3L V8,https://www.craigslist.org/view/d/san-francisco-2022-chevrolet-silverado/wh2bsaCP1Yj2TQAZUGieQ4,27995,60000.0,sfbay
2016 Porsche Cayman,https://www.craigslist.org/view/d/monterey-2016-porsche-cayman/mvWnKbiRKhzn8mMLUVPVoL,42300,41000.0,monterey
2001 Subaru Outback Wagon,https://www.craigslist.org/view/d/santa-cruz-2001-subaru-outback-wagon/4J6wNUJfb6DJMVpC2zWPgt,2500,192000.0,santa cruz
2016 Ford Fusion Hybrid 31000 Miles Only,https://www.craigslist.org/view/d/santa-clara-2016-ford-fusion-hybrid/rYNz9g9vcEuyk9f6javMow,16800,31000.0,santa clara
1999 Toyota Solara Sle,https://www.craigslist.org/view/d/sacramento-1999-toyota-solara-sle/48cjkDU3hcPLu5yyerQJ4N,2000,240000.0,sacramento
2007 Toyota Yaris Clean Carfax  Low Miles Gas Saver!,https://www.craigslist.org/view/d/vacaville-2007-toyota-yaris-clean/uP7iJ5MaiiUrEL2ZZ4BXJc,8000,88000.0,fairfield / vacaville
2003 Honda Civic Ex Coupe Low Miles Gas Saver!,https://www.craigslist.org/view/d/fairfield-2003-honda-civic-ex-coupe-low/5VxQthEubrLbPFbChYbDhW,6000,133000.0,fairfield / vacaville
2015 Jeep Wrangler Unlimited Sahara,https://www.craigslist.org/view/d/sunnyvale-2015-jeep-wrangler-unlimited/dB5HMjib5m2nieZ6BvDWR1,12000,115000.0,sunnyvale
1968 Chevrolet Camaro Z28 Restomod Cars And Bids,https://www.craigslist.org/view/d/sunnyvale-1968-chevrolet-camaro-z28/m6tbkjLLSCGqQZ2kfVCY52,25000,4082.0,sunnyvale
2014 Mercedes Benz E350 4Matic,https://www.craigslist.org/view/d/san-francisco-2014-mercedes-benz-e350/jfE8589WiJhFuxuoTxV5DJ,10800,108000.0,inner sunset / ucsf
2014 Honda Accord Lx Gas Saver!!,https://www.craigslist.org/view/d/fairfield-2014-honda-accord-lx-gas-saver/2B6UMy1G9wNe5ALh4JP2rh,8000,179000.0,fairfield / vacaville
2009 Toyota Prius Touring!,https://www.craigslist.org/view/d/fairfield-2009-toyota-prius-touring/cVtkJvJcobvP8V3esgGVys,6500,179000.0,fairfield / vacaville
Eurovan Winnebego Camper Well Loved!,https://www.craigslist.org/view/d/palo-alto-eurovan-winnebego-camper-well/mBFSopFWAnMNZAbDkNPfML,22000,156000.0,palo alto
Mercedez Benz,https://www.craigslist.org/view/d/petaluma-mercedez-benz/9zDaSLyiwNkU9WpSg1Gn5a,7800,75000.0,novato
"Immac! 4Wd Toyota Tundra Trd 4X4 Reg Service, Low Mlles, Sr5, Accessca",https://www.craigslist.org/view/d/sacramento-immac-4wd-toyota-tundra-trd/tpSvdQfxVEZ55kACaWSsMe,13200,184000.0,sacramento ca_l
1989 Bmw 635Csi Silver On Black 5 Speed 173K 635 Csi,https://www.craigslist.org/view/d/los-altos-1989-bmw-635csi-silver-on/85Y7tKswzU1AqAcR4A5bzn,20000,173000.0,los altos
"2001 Infinity I30, 160K Orig. Néw Smog. A/C, Runs Nice. Clean.",https://www.craigslist.org/view/d/san-jose-2001-infinity-i30-160k-orig-nw/pdZj1XSwYzwu5ewWHogFng,2250,160000.0,san jose north
2000 Mazda Mpv Lx Minivan - 167K Miles - Runs Great - Clean Title,https://www.craigslist.org/view/d/petaluma-2000-mazda-mpv-lx-minivan-167k/2Yvq4pHx6TPzY2pW5eYTrX,3495,167000.0,santa rosa
1998 Toyota Tacoma,https://www.craigslist.org/view/d/windsor-1998-toyota-tacoma/sBQNM3t7ipd7FHJsngwS8i,7900,170000.0,healdsburg / windsor
"2001 Toyota Camry Le. 200K, Néw Smog. All Power Opts. Clean. 29 Mpg.",https://www.craigslist.org/view/d/san-jose-2001-toyota-camry-le-200k-nw/6uaM4ZGkJ9YQ26UkiMz6rA,3250,200000.0,san jose south
2007 Jeep Wrangler Unlimited,https://www.craigslist.org/view/d/san-mateo-2007-jeep-wrangler-unlimited/32LKj7XDBzwYTDAm1xnXep,6500,164000.0,san mateo
2008 Ford F-150 Xl..Clean Carfax ..Camper Shell..Work Truck…,https://www.craigslist.org/view/d/rocklin-2008-ford-150-xlclean-carfax/rCktxVAynszR2r6GScqmcu,900,334000.0,east bay area
Lumber Racks,https://www.craigslist.org/view/d/morgan-hill-lumber-racks/44qxdVwyrDcrrWmTnYLwuj,500,,morgan hill
2016 Mercedes Conversion Van,https://www.craigslist.org/view/d/pittsburg-2016-mercedes-conversion-van/rXqkttrN99EDL1n397RjtJ,37000,92000.0,pittsburg
2000 Toyota Tundra Sr5,https://www.craigslist.org/view/d/santa-rosa-2000-toyota-tundra-sr5/rNoVkyEgLtxZfzpPTcJ8f3,4400,276000.0,santa rosa
2017 Nissan Rogue,https://www.craigslist.org/view/d/san-jose-2017-nissan-rogue/m95MUdJHCFCLnf57tN36j2,9400,86000.0,santa clara
Nissan Leaf Ev 2012,https://www.craigslist.org/view/d/fremont-nissan-leaf-ev-2012/ggQubNvC3Kgb6XPBwTs9mb,1700,85000.0,fremont
2001 Nissan Frontier S/C Supercharged Crew Crab 4Doors,https://www.craigslist.org/view/d/dublin-2001-nissan-frontier-c/62Lm3nPkNJegraktkrLypu,5500,158000.0,dublin / pleasanton / livermore
2012 Hyundai Sonata Sedan (2.4L 4-Cyl),https://www.craigslist.org/view/d/palo-alto-2012-hyundai-sonata-sedan-24l/nzFFiuYDFFKZoRCvjCvyCH,3900,154000.0,palo alto
2000 Ford F-250,https://www.craigslist.org/view/d/san-jose-2000-ford-250/gsqCf8tCgfUxt96Dt2FFfw,9000,205000.0,san jose
2018 Ford Transit Connect Xl,https://www.craigslist.org/view/d/cupertino-2018-ford-transit-connect-xl/jrNC9G3TNNY8VtbLzsRN87,9500,166000.0,san jose west
01 Mazda Mx-5 Miata,https://www.craigslist.org/view/d/fremont-01-mazda-mx-miata/gEQwQMcSaCAUQCGAPQCGVp,8150,99000.0,fremont
1951 Lincoln  (Baby),https://www.craigslist.org/view/d/san-francisco-1951-lincoln-baby/sAb1yLwFJ31vS9rxEUE7m5,18000,78000.0,peninsula
2015 Jeep Wrangler Unlimited Rubicon,https://www.craigslist.org/view/d/fremont-2015-jeep-wrangler-unlimited/49NXwofnQqRy1zvvfwmgcJ,13850,169000.0,fremont
2009 Hyundai Sonata Gls Sedan 4D,https://www.craigslist.org/view/d/fremont-2009-hyundai-sonata-gls-sedan-4d/ksLBK3fkudDCGzNTShtVW8,4500,141000.0,fremont / union city / newark
2013 Mini Cooper S Convertible,https://www.craigslist.org/view/d/concord-2013-mini-cooper-convertible/3XQ2Eu9Dv7R9kJcqLvupXu,7000,120000.0,concord / pleasant hill / martinez
2020 Chevy Suburban Lt,https://www.craigslist.org/view/d/san-francisco-2020-chevy-suburban-lt/k35queJT8q5pxS74MjnWZu,11500,200000.0,san francisco
2005 Dodge Grand Caravan - Camper Setup,https://www.craigslist.org/view/d/oakland-2005-dodge-grand-caravan-camper/qRgoaYnGutG4xJs6QnYG17,3500,126000.0,oakland
2000 Toyota Celica Gts 6-Speed Manual,https://www.craigslist.org/view/d/pleasanton-2000-toyota-celica-gts-speed/eAeBZzVnXkrf8WYuhT68sD,4900,216000.0,dublin / pleasanton / livermore
2003 Corvette C5 Z06,https://www.craigslist.org/view/d/union-city-2003-corvette-c5-z06/mVsgophJk1Sj6q9yksgTGt,23500,102000.0,fremont / union city / newark
"2015 Audi A4, One Owner Excellent Condition",https://www.craigslist.org/view/d/fremont-2015-audi-a4-one-owner/fFacpHR7m7xPbDbQZeVsg5,9000,116000.0,fremont / union city / newark
Honda Pilot Awd 2017,https://www.craigslist.org/view/d/belmont-honda-pilot-awd-2017/3X2JChrKp5eNgDoc9GtW4h,23500,48000.0,belmont
"2013 Vw Golf, 4 Door, Excellent Condition 91,000 Miles",https://www.craigslist.org/view/d/oakland-2013-vw-golf-door-excellent/pbtWKZ62BeWCnPMawjSnPJ,6750,91000.0,oakland hills / mills
*** 1971 Vw Camper ***,https://www.craigslist.org/view/d/santa-rosa-vw-camper/kcyDb6r9LWvVgoeSLhzmoz,18000,106000.0,north bay
Ford Excursion Mechanic Special,https://www.craigslist.org/view/d/hayward-ford-excursion-mechanic-special/pPqWZdu1q9YrXR9M9pBYwC,5000,288000.0,castro valley
Chev  1500,https://www.craigslist.org/view/d/cloverdale-chev-1500/wdpXRPAqAsXqZ1F3HCFbcj,11988,160000.0,cloverdale
2016 Toyota Camry Le Sedan 4D,https://www.craigslist.org/view/d/mountain-view-2016-toyota-camry-le/o7TC4mW469NGN74pCgMuYU,11999,124000.0,mountain view
Rv For Sale,https://www.craigslist.org/view/d/orinda-rv-for-sale/8eD4ynZkoiDp1nqUGNMPzp,1500,150000.0,oakland lake merritt / grand
2016 Ford F350 Super Duty Lariat Fx4 Off Road 6.7L Diesel,https://www.craigslist.org/view/d/campbell-2016-ford-f350-super-duty/beV9m4g5PLMsk2Ssq1oG5Y,38700,51000.0,campbell
2014 Bmw I328 Gt For Sale,https://www.craigslist.org/view/d/san-francisco-2014-bmw-i328-gt-for-sale/jkxFJkZJAqgAe5PWXhX1qF,15000,123000.0,mission district
1962 Chrysler 300H Letter Car Rare And 62 Newport Convertible,https://www.craigslist.org/view/d/san-francisco-1962-chrysler-300h-letter/6ighg6EzQptjRb3hVhXexV,10000,11000.0,bayview
"2003 Toyota Camry Le – $4,500 Obo",https://www.craigslist.org/view/d/pittsburg-2003-toyota-camry-le-obo/g7rx4zz4jSEPTxmhwtQojH,4500,125000.0,pittsburg
2006 Lexus Rx 400H,https://www.craigslist.org/view/d/hercules-2006-lexus-rx-400h/f98DkDX2GVyfsqswuR41Wj,3500,252000.0,"hercules, pinole, san pablo, el sob"
1939 Ford Convertible Custom,https://www.craigslist.org/view/d/san-francisco-1939-ford-convertible/mARerwi8K5z1AgttgUHHAA,18000,1500.0,bayview
2018 Ford Fusion Hybrid,https://www.craigslist.org/view/d/santa-clara-2018-ford-fusion-hybrid/gUEYP2TNYJnS4V3rQvt76J,7900,160000.0,santa clara
2012 Nissan Altima,https://www.craigslist.org/view/d/san-jose-2012-nissan-altima/sK2Po81Wrgr14ka4bZmiXn,3800,180000.0,san jose north
2006 Subaru Impreza Wrx Limited Awd,https://www.craigslist.org/view/d/santa-cruz-2006-subaru-impreza-wrx/7bXkVp899bv4FfSiztr5Yd,4500,154000.0,santa cruz
2015 Toyota Corolla Le Eco,https://www.craigslist.org/view/d/pittsburg-2015-toyota-corolla-le-eco/dxsoKh5KCRrQr1HkCwYYAy,7800,174000.0,concord / pleasant hill / martinez
2012 Mercedes Benz Gl450,https://www.craigslist.org/view/d/richmond-2012-mercedes-benz-gl450/v4mTJwXw1uXXN3maH3LuR7,6000,142000.0,richmond
2015 Ford F-150 Xlt Crew Cab,https://www.craigslist.org/view/d/sunnyvale-2015-ford-150-xlt-crew-cab/ciAaGLndwUSsbDQ6QFQzq4,12500,210000.0,south bay area
2007 Nissan Altima Smog 190K Miles,https://www.craigslist.org/view/d/oakland-2007-nissan-altima-smog-190k/idQAfgpLqocztp3iQzjUz8,1300,190000.0,berkeley
Nice Clean 2014 Ford Fiesta Low Miles!!!,https://www.craigslist.org/view/d/vacaville-nice-clean-2014-ford-fiesta/xp7eMKYu53kbEdzVn7gfTm,5500,94000.0,fairfield / vacaville
2021 4Xe Rubicon Wrangler Unlimited,https://www.craigslist.org/view/d/san-jose-xe-rubicon-wrangler-unlimited/eRHTL8i8451XTxr6VTLtsH,25000,42000.0,san jose south
Limpio,https://www.craigslist.org/view/d/san-mateo-limpio/a53u4nKxAddyHnoejnqr6j,9700,220000.0,richmond / seacliff
2014 Chevy Camaro Lt Coupe 2D,https://www.craigslist.org/view/d/pittsburg-2014-chevy-camaro-lt-coupe-2d/1UAiuNrBstwtqZDcWpfqWD,9600,110000.0,pittsburg / antioch
Chevy Express 4.3 1500 V6,https://www.craigslist.org/view/d/redwood-city-chevy-express-v6/29YLU8sbwo7yoC6aB5zAqN,4200,190000.0,redwood city
Toyota Highlander 2007 Awd,https://www.craigslist.org/view/d/san-mateo-toyota-highlander-2007-awd/4EbQG3MtUGeQLHsVMUeaGp,5500,168000.0,foster city
"2017 Lexus Nx 200T – Good Condition – $21,000",https://www.craigslist.org/view/d/san-francisco-2017-lexus-nx-200t-good/xzdAV6tjxeWPgDdr19Zzec,21000,87000.0,san francisco
"Pinstriping/ Lettering/Patina'D Look ,Airbrush Etc.",https://www.craigslist.org/view/d/santa-rosa-pinstriping-lettering/fbCCTfJxBuYozXBBkdto94,1,2000.0,norcal
Toyota Camry Hybrid 2010,https://www.craigslist.org/view/d/daly-city-toyota-camry-hybrid-2010/kkbWpQtnwhVWW5xJpsB7xu,3700,251000.0,daly city
2003 Toyota Corolla S,https://www.craigslist.org/view/d/montara-2003-toyota-corolla/s4YvJnuoptHSCE6aBHSF6R,5000,176000.0,montara
2004 Chevy Venture,https://www.craigslist.org/view/d/oakland-2004-chevy-venture/2gnSjymuCcZFhE2BhECQA2,500,100000.0,oakland west
🚗🚗🚙🚙2012 Honda Fit Sport  Gas Saver No Mechanical Problems,https://www.craigslist.org/view/d/san-mateo-2012-honda-fit-sport-gas/uNcr7WMvcerU3bsADg53rp,3700,170000.0,san mateo foster city
1971 Datsun 240 Z Project Car Running Condition,https://www.craigslist.org/view/d/alameda-1971-datsun-240-project-car/eQZi2B2Nt2mpCZ6ZmuL4GF,3000,56000.0,alameda
"2009 Toyota Camry Le, 156K Miles",https://www.craigslist.org/view/d/san-jose-2009-toyota-camry-le-156k-miles/i5cBJdBFdpRB4aVbZjgMEx,5100,156000.0,san jose south
2007 Hyundai Azera Limited With 87000 Mile,https://www.craigslist.org/view/d/san-jose-2007-hyundai-azera-limited/g1M7KAZ76FRYQuJSVzQfkt,6900,87000.0,san jose south
2012 Lexus Gx 460 Premium Pkg,https://www.craigslist.org/view/d/santa-clara-2012-lexus-gx-460-premium/5D1NJcYLAsGKgoGQJ9rBk2,18200,136000.0,south bay area
2013 Toyota Sienna Le “1 Original Owner Low Miles”,https://www.craigslist.org/view/d/berkeley-2013-toyota-sienna-le-original/j1XzZa6Nq9c8P4Bohc59su,14000,100000.0,berkeley
2007 Acura Mdx Sports And Entertainment Package,https://www.craigslist.org/view/d/san-leandro-2007-acura-mdx-sports-and/5cop52D96Hri8yAr3JTtwH,5500,207000.0,san leandro
"2002 Toyota Camry Solara Convertible A/T, A/C, 165K Miles,  Exc. Cond.",https://www.craigslist.org/view/d/burlingame-2002-toyota-camry-solara/sR8mVvfvgWhxVLpBWwtdNr,4800,165000.0,burlingame
2003 Jeep Wrangler Rubicon Tj,https://www.craigslist.org/view/d/sunnyvale-2003-jeep-wrangler-rubicon-tj/pLQPZnMmb38dNFrp3BvEmV,11000,101000.0,sunnyvale
2013 Toyota Sienna,https://www.craigslist.org/view/d/san-jose-2013-toyota-sienna/1nkYa8P5bvvopgAEj1Gp7t,14000,100000.0,san jose downtown
2006 Porsche Cayenne S Titanium,https://www.craigslist.org/view/d/brookdale-2006-porsche-cayenne-titanium/6ZkrLA6HLkkXJkbieaPAgQ,6975,127000.0,scotts valley
2001 Mercedes-Benz E320 • Clean Carfax • Low Miles • Luxury Sedan,https://www.craigslist.org/view/d/san-jose-2001-mercedes-benz-e320-clean/4L9SErbjSbntP75XgSVCYQ,3999,122000.0,san jose downtown
1929 Chevy Coupe,https://www.craigslist.org/view/d/burlingame-1929-chevy-coupe/hiDRVQKAW8FWnm5ezeGU1e,38000,45000.0,burlingame
Dodge Charger R/T,https://www.craigslist.org/view/d/san-jose-dodge-charger-t/x6xvdHLPMad1ti5QJ85iv8,7999,183000.0,san jose
1991 Honda Crx Dx,https://www.craigslist.org/view/d/santa-clara-1991-honda-crx-dx/meTXrDtAiaUQGnNVArDxVd,7500,290000.0,san jose north
2011 Chevy Cruze,https://www.craigslist.org/view/d/hollister-2011-chevy-cruze/cHXdvBi7DC4EkAg8ULwxW9,2500,177000.0,hollister
2002 Nissan Frontier Sc (Supercharged),https://www.craigslist.org/view/d/hayward-2002-nissan-frontier-sc/qZACXVyWh3GAoyN3aDs2cJ,8000,174000.0,hayward / castro valley
2017 Ford C-Max Hybrid Plug In Se. Only 61K Miles. 40+ Combined Mpg,https://www.craigslist.org/view/d/walnut-creek-2017-ford-max-hybrid-plug/8kwAb1rH8GcQCWtB9tjmU7,12900,62000.0,walnut creek
1997 Ford F150 Xl Step Side Pickup Low Miles,https://www.craigslist.org/view/d/san-jose-1997-ford-f150-xl-step-side/4PgZj52ohQzPghf2xB512q,3100,140000.0,san jose south
2008 Land Rover Lr3 Hse Sport,https://www.craigslist.org/view/d/santa-clara-2008-land-rover-lr3-hse/mg6Az6rMvWhfLD4sgCvdPo,3000,240000.0,santa clara
Audi A4 2005 Quattro Cabriolet 3.0 - Black - Mechanics Special,https://www.craigslist.org/view/d/san-mateo-audi-quattro-cabriolet-30/pKLsJBXzuJGiBD4xirAHx7,1599,81000.0,san mateo
2010 Toyota Sienna Le  8 Passenger,https://www.craigslist.org/view/d/san-jose-2010-toyota-sienna-le-passenger/oXzHNWmYEPjys5NkPecj7H,5600,193000.0,san jose south
2010 Audi A4 • 2.0T Avant Quattro Premium Wagon 4D,https://www.craigslist.org/view/d/santa-rosa-2010-audi-a4-20t-avant/1UE9xoXsAzvQETuxBvNgTV,3900,148000.0,santa rosa
•Gem• Suburban 1500 5.3L V8 .4Wd. Ltz,https://www.craigslist.org/view/d/san-francisco-gem-suburban-v8-4wd-ltz/ntfgjRATw6MmjasUCqYsW1,14800,155000.0,san francisco
2007 Toyota Tacoma Prerunner V6 4.0 Manual. 1 Owner. One Of A Kind,https://www.craigslist.org/view/d/walnut-creek-2007-toyota-tacoma/qUNMPREVgi4BrUNvYigkHZ,18900,150000.0,walnut creek
2003 Chevrolet Avalanche 1500,https://www.craigslist.org/view/d/san-mateo-2003-chevrolet-avalanche-1500/9qqBJadKuZE6fhDmxMYhCN,3500,274000.0,san mateo
2009 Chevrolet Silverado 5.3 Litre V8 Registered Clean Title In Hand,https://www.craigslist.org/view/d/san-jose-2009-chevrolet-silverado-53/7ByWosUf9bZFzkf3nQ2xbJ,7000,168000.0,san jose downtown
2008 328I Bmw,https://www.craigslist.org/view/d/fremont-bmw/hQmKfJyyR4SMQrtuopGttH,2000,259000.0,fremont / union city / newark
2000 Infinity I30,https://www.craigslist.org/view/d/san-jose-2000-infinity-i30/oBMnXhEfhc6rVwx1BgvGV8,2500,96000.0,san jose
2007 Pontiac G6,https://www.craigslist.org/view/d/san-rafael-2007-pontiac-g6/9DzfHYt5ud7BvzZoKq4h8p,1500,161000.0,san rafael
Lexus Es330 2004,https://www.craigslist.org/view/d/redwood-city-lexus-es/aYHXLEdmtMyfrhSsDu55Wg,2999,241000.0,redwood city
Immaculate 2001 Ford F250 7.3 4X4 White Diesel Long Bed,https://www.craigslist.org/view/d/novato-immaculate-2001-ford-x4-white/pkLbKQtP1oSW9FQ66oikVQ,19500,210000.0,petaluma
2015 Acura Mdx Technology Package – Under 92K Miles – 3-Row Suv,https://www.craigslist.org/view/d/cupertino-2015-acura-mdx-technology/wMjAMZ22YiagwsTbrqF8vE,16500,92000.0,cupertino
2005 Lexus Ls430 Clean Title,https://www.craigslist.org/view/d/san-jose-2005-lexus-ls430-clean-title/3ueccGDBrTRGsK1pi6wFk8,8500,184000.0,san jose south
1959 Cadillac Needs Transmission Work,https://www.craigslist.org/view/d/san-rafael-1959-cadillac-needs/nFBbPym6G8Gcyo1YdkqdeT,999,100000.0,san rafael
2010 Mazda 6 - Good Condition,https://www.craigslist.org/view/d/san-jose-2010-mazda-good-condition/6aDmH536nsXptarvFwtNJh,4000,148000.0,san jose south
2011 Mercedes Gl450,https://www.craigslist.org/view/d/oakland-2011-mercedes-gl450/m5BZmY2H81CpKpARpt9sYZ,5490,156000.0,oakland piedmont / montclair
Toyota Prius For Sale 2005,https://www.craigslist.org/view/d/concord-toyota-prius-for-sale-2005/914c6QjrP5D4JDcDrRK2dA,3800,130000.0,concord
"🚙⚡ 2023 Bmw I4 Edrive40 Premium Package | Only 9,500 Miles | Like New",https://www.craigslist.org/view/d/milpitas-bmw-i4-edrive40-premium/7cYNgqKB3yhcytgJ3io2fL,39999,9500.0,milpitas
2021 Bmw X3 Xdrive30I - Well Maintained - Awd/Sunroof,https://www.craigslist.org/view/d/palo-alto-2021-bmw-x3-xdrive30i-well/4PcEUGMbP7CngHGCfnUqbT,22000,64000.0,palo alto
2012 Acura Tl,https://www.craigslist.org/view/d/hayward-2012-acura-tl/fbKVTihWbY6JKLomGaXxQV,8400,139000.0,alameda
Mercedes 300D 1985,https://www.craigslist.org/view/d/santa-clara-mercedes-300d-1985/66F3ko1xmSe7LJBXV6tZnq,2900,317000.0,santa clara
2020 Jeep Gladiator Jt,https://www.craigslist.org/view/d/santa-rosa-2020-jeep-gladiator-jt/bRFYKFoKdcVRdRRJwifULM,30000,52000.0,santa rosa
2005 Honda Element Lx 4Wd - Low Miles!!!,https://www.craigslist.org/view/d/el-cerrito-2005-honda-element-lx-4wd/tUz65CNx4DiGHKqUY3GsU2,6000,160000.0,richmond / point / annex
2013 Ford E150 9 Passinger Van Fleet Maintained,https://www.craigslist.org/view/d/newark-2013-ford-e150-passinger-van/kMtzpJm5jg8JcT4zUcdttA,3650,204000.0,peninsula
"2016 Vw Jetta Hybrid Sel Premium - Reliable Daily Driver - $8,985",https://www.craigslist.org/view/d/travis-afb-2016-vw-jetta-hybrid-sel/skubb1iHChu4wvDSXY1Z89,8985,97000.0,fairfield / vacaville
2015 Mini Cooper,https://www.craigslist.org/view/d/san-jose-2015-mini-cooper/hi8ZpYZ8bKXN8aWaHoATzh,7450,87000.0,san jose
"2008 Ford E-150 Econoline - 52,100 Miles - 2 Removable Seat Rows",https://www.craigslist.org/view/d/livermore-2008-ford-150-econoline-miles/bCGMhTvtsU6NVAms5txpJR,17900,52000.0,dublin / pleasanton / livermore
2013 Toyota Camry Se,https://www.craigslist.org/view/d/campbell-2013-toyota-camry-se/w9rfSLh2jkAvgzBafaiY1m,6800,140000.0,campbell
Food Truck For Rent – Ready To Operate!,https://www.craigslist.org/view/d/mountain-view-food-truck-for-rent-ready/rVqZxbuM5SSpMrteLMkHT7,1500,111000.0,mountain view
2012 Vw Jetta Gli. Stick,https://www.craigslist.org/view/d/pittsburg-2012-vw-jetta-gli-stick/jasYj9iNJreiwqQxpSxDe2,7500,141000.0,albany / el cerrito
"2009 Mercedes C300 ~ 87K Miles, Excellent Cond ,1 Owner From 2010",https://www.craigslist.org/view/d/fremont-2009-mercedes-k-miles-excellent/qPQnvBf8MQGaRbJuFxv5Y1,6880,87000.0,fremont / union city / newark
"Chevy 1988 Silverado 1500; 129K Miles, V-8, At, Clean Title, 2027 Reg",https://www.craigslist.org/view/d/millbrae-chevy-1988-silverado-miles-8/tKThh4fGfh3GHrKvXJKTAJ,8500,129000.0,burlingame
"2003 Chevrolet Tahoe, One Owner",https://www.craigslist.org/view/d/livermore-2003-chevrolet-tahoe-one-owner/mpWgaiWQBGXCMyq4etyc85,5500,193000.0,dublin / pleasanton / livermore
"2004 Trail-Lite, R Vision  Class B “Tiny Home, Fits In Legal Parking Space”",https://www.craigslist.org/view/d/capitola-2004-trail-lite-vision-class/nod6NeC1X3ZkYGANUJvTus,21500,77000.0,capitola
1980 Jeep Cj5 | Ca Smog Certified & Registered | ~48K Miles,https://www.craigslist.org/view/d/san-rafael-1980-jeep-cj5-ca-smog/dF99pxdieKvCZS57YesJAH,11500,48000.0,san rafael
2021 Bmw X7 M Sport,https://www.craigslist.org/view/d/fairfield-2021-bmw-x7-sport/xtXoG1YjZediWBsox6SrEQ,38500,58000.0,fairfield / vacaville
"***2007 Mercedes-Benz Clk350 Coupe 170K, Auto,Reg,Runs And Drives***",https://www.craigslist.org/view/d/fremont-2007-mercedes-benz-clk350-coupe/hjB94ZWwBkS7KFj6hPvcSQ,975,174000.0,fremont
"2021 Mini Cooper S 2-Door  Automatic, 1-Owner Full Electric",https://www.craigslist.org/view/d/fremont-2021-mini-cooper-2-door/vc1rX1zfQG65WapCY8AwcH,3800,195000.0,fremont / union city / newark
2006 Mini Cooper,https://www.craigslist.org/view/d/sebastopol-2006-mini-cooper/2xmukwMmyonViXo2q8GXk2,4700,131000.0,sebastopol
2020 Porsche Macan S | Premium Plus | Acc | Surround View | Ppf | Clea,https://www.craigslist.org/view/d/san-mateo-2020-porsche-macan-premium/23Y1urpGanu43rBg4gotnb,38900,52000.0,san mateo
2015 Nissan Nv200 Company Van,https://www.craigslist.org/view/d/vallejo-2015-nissan-nv200-company-van/2U5DnCDFCvTdsMFv2kMbVj,5900,161000.0,fairfield / vacaville
Ram- 1500 Big Horn Package. Lower Miles In Excellent Condition,https://www.craigslist.org/view/d/los-gatos-ram-big-horn-package-lower/wpdm6J5hX2ZWsY1hsCR2Fy,19999,83000.0,san jose west
1969 Cougar Eliminator,https://www.craigslist.org/view/d/clayton-1969-cougar-eliminator/3637oSZJeFrFeW3qwKg4EH,32500,60000.0,concord / pleasant hill / martinez
2000 Toyota Camry With Blown Engine - 138K Miles,https://www.craigslist.org/view/d/santa-clara-2000-toyota-camry-with/ivxUpp7eiP8ezVfLY8rxua,1200,138000.0,santa clara
Rare 2002 Range Rover Westminster Edition,https://www.craigslist.org/view/d/vallejo-rare-2002-range-rover/qgumDTPKER79n9BpAceKHX,17000,154000.0,vallejo / benicia
2013 Honda Fit  Auto  4 Door  ***One Owner And Low Miles***Clean Title,https://www.craigslist.org/view/d/san-jose-2013-honda-fit-auto-door-one/bbwTdaq4nysRnWjhU7uBpC,9800,93000.0,san jose south
Chevy Express 3500 Hd Box Van,https://www.craigslist.org/view/d/napa-chevy-express-3500-hd-box-van/tdmXG7Kh1QtrJGNdJR24Q6,20000,45000.0,napa county
1988 Bmw 528E,https://www.craigslist.org/view/d/morgan-hill-1988-bmw-528e/4F1sugZFPWgLpmQCNY4Qru,500,174000.0,morgan hill
2017 Dodge Durango Sxt Clean Title 1 Owner,https://www.craigslist.org/view/d/vallejo-2017-dodge-durango-sxt-clean/dZmC7dMjz7Vp7NRag7gFZi,8500,110000.0,fairfield / vacaville
2008 Chevrolet Silverado Z71 Off Road Pack With 4Wheel Pop Up Camper,https://www.craigslist.org/view/d/santa-rosa-2008-chevrolet-silverado-z71/qK2omp1dBxfbUJcYvqFik4,20000,235000.0,santa rosa
2012 Ford F550 Flatbed Spray Truck,https://www.craigslist.org/view/d/capitola-2012-ford-f550-flatbed-spray/gD34SXCyJssxK8jjKYys3h,26800,99000.0,capitola
2023 Toyota Tacoma Double Cab Trd Sport Pickup 4D 5Ft,https://www.craigslist.org/view/d/redwood-city-2023-toyota-tacoma-double/hTuwBbK9D5LUsbWqjSG17a,37995,31000.0,redwood city
Toyota Rav4 Beautiful Condition Low Miles,https://www.craigslist.org/view/d/san-rafael-toyota-rav4-beautiful/dRQnWXn7zrXYFwoizY98CE,9200,143000.0,san rafael
"Volkswagen Jetta Se Tsi Beautiful!! 82, 575 Miles 2017 Powerful!!!",https://www.craigslist.org/view/d/san-rafael-volkswagen-jetta-se-tsi/apyimExSCzKWKMaQr57VuH,8800,83000.0,san rafael
1991 Toyota 4Runner,https://www.craigslist.org/view/d/morgan-hill-1991-toyota-4runner/33JVvjEPj8J6zRs3bFkZXw,3600,276000.0,morgan hill
Toyota Tacoma Trd Pro,https://www.craigslist.org/view/d/orinda-toyota-tacoma-trd-pro/jhyp5A4zB9WvXrEtZ42tk2,29500,136000.0,lafayette / orinda / moraga
2010 Bmw 335Xi Dinan F 90 Pack.E M5 Exp 95K Garaged  Like New!,https://www.craigslist.org/view/d/angwin-2010-bmw-335xi-dinan-90-packe-m5/1Vq7rcXCFK3EEv1ro7FS26,9550,95000.0,sf ca
"2015 Bmw M4 F82 Austin Yellow 44,000 Miles",https://www.craigslist.org/view/d/knightsen-2015-bmw-m4-f82-austin-yellow/w2M9KNmGTccdFfCQcGCiJc,44000,44000.0,oakley
2003 Ford Expedition El Eddie Bower Edition,https://www.craigslist.org/view/d/santa-cruz-2003-ford-expedition-el/5tjHU6YNnVLLDpvFiARAHW,4000,201000.0,santa cruz
2008 Mazda 3 Sport,https://www.craigslist.org/view/d/san-jose-2008-mazda-sport/akrpFmw9kKeRSbc5DCvK1f,5400,149000.0,san jose south
2012 Nissan Juke Awd Low Mileage Smog Excellent Condition,https://www.craigslist.org/view/d/san-jose-2012-nissan-juke-awd-low/p1VtTHYePvvDDdoUsrSbaf,4950,126000.0,san jose south
2012 Cadillac Cts-V Sedan,https://www.craigslist.org/view/d/hollister-2012-cadillac-cts-sedan/a5WAwoJh5R1nf3SRf9TmW4,45000,28000.0,hollister
Bmw 530,https://www.craigslist.org/view/d/mountain-view-bmw-530/bkwrW6QkbzSctQrzxjupj3,14999,100.0,mountain view
2003 Honda Odyssey Ex-L Automatic Very Good Cond 178K,https://www.craigslist.org/view/d/pleasanton-2003-honda-odyssey-ex/6HwP1dhVwB5rEuizHx7Lcz,3800,178000.0,dublin / pleasanton / livermore
"$$$,,,I Buy Used Vehicles Running Or Not..$$$",https://www.craigslist.org/view/d/walnut-creek-buy-used-vehicles-running/6KuYL9AZAiXJzY4mg94QJA,99999,889000.0,walnut creek
"$$$,,,I Buy Used Vehicles Running Or Not..$$$",https://www.craigslist.org/view/d/berkeley-buy-used-vehicles-running-or/tU7MsbEFQ2KoEPy4H6cbCt,99999,889000.0,berkeley
"$$$,,,I Buy Used Vehicles Running Or Not..$$$",https://www.craigslist.org/view/d/san-jose-buy-used-vehicles-running-or/r6Cyrb5gaZEg3baVQcAYf9,99999,889000.0,san jose
2003 Jeep Wrangler,https://www.craigslist.org/view/d/hayward-2003-jeep-wrangler/teNHSnzuq3A3mocVXDvo23,6500,147000.0,hayward / castro valley
1999 Jeep Wrangler Sport,https://www.craigslist.org/view/d/concord-1999-jeep-wrangler-sport/jMnTcSGn1P9PQGNGEPwd9W,6500,164000.0,concord / pleasant hill / martinez
"$$$,,,I Buy Used Vehicles Running Or Not..$$$",https://www.craigslist.org/view/d/san-francisco-buy-used-vehicles-running/gNP5F5vy8qXg2de2jemFD5,99999,889000.0,san francisco
Toyota Corolla 2016 Sport,https://www.craigslist.org/view/d/hayward-toyota-corolla-2016-sport/3BhNRYaCsX4QGpEenfJPRJ,8300,129000.0,hayward / castro valley
2009 Mercedes-Benz C300 Luxury Sedan W Modern Backup Camera Technology,https://www.craigslist.org/view/d/millbrae-2009-mercedes-benz-c300-luxury/neZjE1eDzM5hWRcsSP7NUf,6850,120000.0,millbrae
2023 Ford F-250 Lariat Loaded Diesel 4X4,https://www.craigslist.org/view/d/santa-rosa-2023-ford-250-lariat-loaded/fDL1R1Up4991jWe4xtQGGc,72000,34000.0,north bay / marin
2017 Isuzu Box Truck,https://www.craigslist.org/view/d/san-rafael-2017-isuzu-box-truck/3H61pXFMRptc1B761CsgC1,22500,270000.0,san rafael
Toyota 4Runner 1998 One Owner,https://www.craigslist.org/view/d/san-jose-toyota-4runner-1998-one-owner/bFwRGjuJNckDLsSvPPrwpH,8800,260000.0,san jose east
06 Mini/Clean Title/Only 55K Origjnal Miles,https://www.craigslist.org/view/d/santa-rosa-06-mini-clean-title-only-55k/fpiWtGUCkek6WwGEsrP69Q,7300,55000.0,santa rosa
"2014 Bmw 320I - 1 Owner, No Accidents, Gps, Bluetooth, Rear Camera, Smoged",https://www.craigslist.org/view/d/san-jose-2014-bmw-320i-owner-no/8hbdgKLnML9XNCvxiTi2hc,8995,135000.0,san jose
2015 Audi A3 Quattro Premium Plus / 2.0 Turbo / 68K Miles,https://www.craigslist.org/view/d/hayward-2015-audi-a3-quattro-premium/gmPZwHCTKz9r1hDNENxBvv,11400,68000.0,hayward / castro valley
Toyota Camry,https://www.craigslist.org/view/d/south-san-francisco-toyota-camry/41V8pX9xswe5VmS9uPWxvn,5500,140.0,south san francisco
2005 Jeep Grand Cherokee 4X4 Runs Great,https://www.craigslist.org/view/d/fremont-2005-jeep-grand-cherokee-4x4/xtzU5h8THaz5KG2iYNAxdx,3800,150000.0,fremont / union city / newark
2025 Rivian R1S Dual Standard Gen 2,https://www.craigslist.org/view/d/sunnyvale-2025-rivian-r1s-dual-standard/c5N4wMfAJ33PRzrpakK5ZP,73900,18000.0,sunnyvale
"2014 Land Rover Range Rover Sport Supercharged - Loaded, Gps, Camera",https://www.craigslist.org/view/d/san-jose-2014-land-rover-range-rover/33hypDHQDW1isiMbfuF4DF,13995,82000.0,san jose
2005 Mini Cooper S – 6-Speed Manual,https://www.craigslist.org/view/d/san-jose-2005-mini-cooper-speed-manual/g37r5NVGgvwU1z9a3Chnkw,2500,178000.0,campbell
2012 Mazda 5 Grand Touring,https://www.craigslist.org/view/d/novato-2012-mazda-grand-touring/vobVtnsZzg3P17iHVV4FRm,5500,156000.0,novato
2002 Dodge Ram Club Cab 2500,https://www.craigslist.org/view/d/petaluma-2002-dodge-ram-club-cab-2500/rGTYedLJvm72Ai6MjMcCCC,25000,90000.0,petaluma
2016 Audi Q5 Quattro Premium Plus Suv Mustsee 2015 2017 X3 Q3,https://www.craigslist.org/view/d/san-jose-2016-audi-q5-quattro-premium/kugXVvjYqZmexZRy54hsx3,9999,101000.0,san jose west
Pre-Owned 2006 Honda Civic Ex Coupe,https://www.craigslist.org/view/d/san-francisco-pre-owned-2006-honda/nMNqVH2tfWZrTbhDudCzzk,4999,163000.0,san francisco
2012 Honda Cr-V Ex-L Awd Suv 1 Owner Records 2013 2014 2015 Touring,https://www.craigslist.org/view/d/san-jose-2012-honda-cr-ex-awd-suv-owner/gqMqVLEJnvsiRZjG4XyJdX,10998,148000.0,san jose west
"2014 Rav4. $2,800.00.!!!!",https://www.craigslist.org/view/d/daly-city-2014-rav/aKE4PJSQbWmw64LmVNJu6X,2800,234000.0,daly city
2001 Toyota Tacoma,https://www.craigslist.org/view/d/san-francisco-2001-toyota-tacoma/6twK8Jwo6RZFZv6sh7wmJr,9000,198000.0,sunset / parkside
2014 Mercedes-Benz Gl 63,https://www.craigslist.org/view/d/santa-clara-2014-mercedes-benz-gl-63/8bgaJfH1YWv4QfE7Q9ZdCY,28000,53000.0,santa clara
"2015 Bmw 528I - 1 Owner, No Accidents, Gps, Bluetooth, Rear Camera",https://www.craigslist.org/view/d/san-jose-2015-bmw-528i-owner-no/7BtPCrTr1p1Qzz3RmXDGUu,9900,135000.0,san jose
Pristine! 2008 Toyota Tundra Dbl Cab 6.5Ft Bed Low Miles! Carfax{Clean,https://www.craigslist.org/view/d/sacramento-pristine-2008-toyota-tundra/efwAbBGeemcMtJb5HevFSQ,13900,142000.0,sacramento//ca.liforn
2013 Nissan Altima,https://www.craigslist.org/view/d/sacramento-2013-nissan-altima/6edayM4v3AbWaR2tzfMEm5,4000,250000.0,sacramento
1966 Mgb,https://www.craigslist.org/view/d/walnut-creek-1966-mgb/x1Mua9QZhRRekWPwMrVd1D,10000,13000.0,walnut creek
Morgan Plus  8  1973,https://www.craigslist.org/view/d/torrance-morgan-plus/ciphnF5wFLU9aceFb5JCtu,24500,106000.0,torrance
Gmc Sierra 1500 Regular Cab,https://www.craigslist.org/view/d/antioch-gmc-sierra-1500-regular-cab/nCwuqWGMZC44nsrScBXnA7,12500,190000.0,pittsburg / antioch
2017 Ford F250 4X4 Service Body,https://www.craigslist.org/view/d/scotts-valley-2017-ford-f250-4x4/hnHqv9rscLcv2fxbYtD5T6,35000,90000.0,scotts valley
1967 Fastback Sbf Turbo,https://www.craigslist.org/view/d/south-san-francisco-1967-fastback-sbf/5fyFqkE9KyShzUqtqAUU4e,105,250.0,south san francisco
1996 Suburban K2500 7.4 L 4Wd As A Whole Parts Vehicle Or Project.,https://www.craigslist.org/view/d/vallejo-1996-suburban-l-4wd-as-whole/ixRktN6Y9QHNBi8adZ8bEL,800,317000.0,vallejo / benicia
2017 Kia Sedona – Reliable & Well Maintained – 114K Miles,https://www.craigslist.org/view/d/moraga-2017-kia-sedona-reliable-well/mzyodv7EWnSf5WHNSYCLQK,10500,114000.0,lafayette / orinda / moraga
2014 Chevrolet Volt Hybrid Clean Low Mileage,https://www.craigslist.org/view/d/hayward-2014-chevrolet-volt-hybrid/oTY5TXkTamRSmecbjYn3rt,6499,107000.0,hayward / castro valley
1967 Chrysler Newport Convertible,https://www.craigslist.org/view/d/san-francisco-1967-chrysler-newport/vGZc1CvxyANbZoPMYG5xCs,12900,15000.0,potrero hill
2005 Ford Ranger Regular Cab,https://www.craigslist.org/view/d/hayward-2005-ford-ranger-regular-cab/nkYHSy2ipBKwQm9iTSt9cW,7500,101000.0,hayward / castro valley
1990 Vw Vanagon,https://www.craigslist.org/view/d/danville-1990-vw-vanagon/gpKWmFCroJGdf76YJXz4CZ,12500,171000.0,danville / san ramon
2006 Toyota Sienna Le Good Running Condition - Clean Title,https://www.craigslist.org/view/d/san-ramon-2006-toyota-sienna-le-good/7PQpzvRSG17MapFfVJ7tzt,3850,184000.0,danville / san ramon
2007  Volvo S80 3.2,https://www.craigslist.org/view/d/fremont-2007-volvo-s80-32/e1EjrpZHCr2cHFH3s3Mv2t,2900,196000.0,fremont / union city / newark
2015 Kia Optima Hybrid 38Mpg 164K. Clean Title. Excellent.,https://www.craigslist.org/view/d/newark-2015-kia-optima-hybrid-38mpg/9iqvaJmGrUSBjYdFLaF9sz,5500,164000.0,fremont / union city / newark
2014 Dodge Journey Se. A Well Loved Family Car,https://www.craigslist.org/view/d/fairfield-2014-dodge-journey-se-well/eP19EFhmafbXW9C7h3wQMT,3800,159000.0,fairfield / vacaville
"2014 Gmc Extended Cab, 4 Wheel Drive Truck",https://www.craigslist.org/view/d/santa-rosa-2014-gmc-extended-cab-wheel/7ad8FQwcvAasgez678wiQq,11500,169000.0,santa rosa
1966 Pontiac Lemans Classic Car,https://www.craigslist.org/view/d/milpitas-1966-pontiac-lemans-classic-car/wUfwH7jvgnxqBZQoj1A6xj,7000,2064.0,milpitas
1965 Mustang Fastback A Code 289,https://www.craigslist.org/view/d/berkeley-1965-mustang-fastback-code-289/ry3nMaTWY7JJ61rfVHQccy,46500,77000.0,berkeley north / hills
1998 Volkswagen Beetle,https://www.craigslist.org/view/d/santa-rosa-1998-volkswagen-beetle/npCRXRh2FbAQQWAq5NCAyo,3950,74000.0,santa rosa
1974 Ford F-250 Classic Truck,https://www.craigslist.org/view/d/milpitas-1974-ford-250-classic-truck/5UCkygp7fNrzb43jKJ98MB,5000,63000.0,milpitas
1992 Toyota Celica Gt Convertible,https://www.craigslist.org/view/d/concord-1992-toyota-celica-gt/pr6UNorSs1ciAyu8mG7gim,3900,230000.0,concord / pleasant hill / martinez
Infiniti G35 Coupe 2007,https://www.craigslist.org/view/d/san-jose-infiniti-g35-coupe-2007/hTxuhkqsVQjx1ZW45JCcpw,9875,115000.0,san jose south
"2006 Nissan Frontier V6 Nismo 69K Miles, 6 Spd Manual",https://www.craigslist.org/view/d/san-francisco-2006-nissan-frontier-v6/rbxCz6Rq4qGHFrwWDZ3D8w,17000,69000.0,glen park
1994 Gmc Truck,https://www.craigslist.org/view/d/forestville-1994-gmc-truck/9rt1jJTxi3E5AFjLGFh6SV,7999,85000.0,russian river
2002 Nissan Pathfinder,https://www.craigslist.org/view/d/forestville-2002-nissan-pathfinder/9eti2Pe3mEpWchR5Lnyu5z,2999,212000.0,russian river
1979 Chevy C10,https://www.craigslist.org/view/d/forestville-1979-chevy-c10/4bNCKtmwhonNSZ6GM6z6Tw,15999,27000.0,russian river
2006 Toyota Sienna Good Condition Clean Title ..,https://www.craigslist.org/view/d/san-jose-2006-toyota-sienna-good/dTDYZfgd5CKgx2z2cdxV7c,4100,190000.0,san jose downtown
"2005 Mercedes Benz Cl500 Coupe, Low 53K Miles, Immaculate Condition",https://www.craigslist.org/view/d/pleasanton-2005-mercedes-benz-cl500/rfTHd9v44CFHoVwTs2U7xT,13750,53000.0,dublin / pleasanton / livermore
2008 Toyota Prius Clean Title Good Condition,https://www.craigslist.org/view/d/san-jose-2008-toyota-prius-clean-title/9aQb4gPQv13dLjojqWB4a4,3900,220000.0,san jose downtown
1998 Cadillac Deville,https://www.craigslist.org/view/d/novato-1998-cadillac-deville/nnZtaHfPVCHtJUgTodWFxw,3500,12000.0,novato
2016 Ford Fiesta 4 Door Hatchback,https://www.craigslist.org/view/d/milpitas-2016-ford-fiesta-door-hatchback/7EiZV8ujy6CAmMd3vXLoFL,3650,133000.0,milpitas
2025 Ford F-150 5.0 V8 Super Cab Short Bed 2Wd Lowered On 22” Clean!,https://www.craigslist.org/view/d/pleasanton-2025-ford-v8-super-cab-short/3rx64JraS6MGMvLm7r9W1D,49000,8000.0,dublin / pleasanton / livermore
05 Mustang Gt,https://www.craigslist.org/view/d/moraga-05-mustang-gt/w45xCDbuYZArKzRx2u5Ktr,6888,200000.0,moraga
2006 Toyota Avalon Limited Super Clean Inside Out Clean Title,https://www.craigslist.org/view/d/santa-clara-2006-toyota-avalon-limited/uEoC6r9FPjAgu9osYCsBo5,3990,210000.0,santa clara
1977 Chevy C10,https://www.craigslist.org/view/d/redwood-city-1977-chevy-c10/28FyYo7FAqKdd5VRoSNqBy,11000,38000.0,redwood city
Jaguar 1987 Xjsc V 12,https://www.craigslist.org/view/d/cloverdale-jaguar-1987-xjsc-12/dCHNSKpZybtuFqEh7BHyMU,10500,103000.0,healdsburg / windsor
2012 Mercedes Benz Gl450,https://www.craigslist.org/view/d/richmond-2012-mercedes-benz-gl450/6Ea28eJCmMYTVr8V74w2GL,6000,142000.0,richmond
"2020 Mazda Cx-9 Grand Touring Awd | 1-Owner | Clean Title | 56,888 Mi",https://www.craigslist.org/view/d/san-jose-2020-mazda-cx-grand-touring/kn4jHSxJGnSwKvXoLcdQ1G,22500,57000.0,los gatos
2007 Toyota Tacoma Prerunner,https://www.craigslist.org/view/d/salinas-2007-toyota-tacoma-prerunner/12YiVVFA7RYs9i4bn8PTpu,15900,236000.0,watsonville
"2022 Mercedes-Benz Glc300 4Matic Sport Utility 4D (15,400 Mi.)",https://www.craigslist.org/view/d/berkeley-2022-mercedes-benz-glc300/6vG76KFoXYf5hSD26iJqnB,32000,15000.0,berkeley
2021 Chevy Colorado Z71 4Wd Crew Cab,https://www.craigslist.org/view/d/oakland-2021-chevy-colorado-z71-4wd/cA3Zw5gZzZvSfyKVfKwhz1,24999,90000.0,oakland
2004 Dodge Ram 1500 St,https://www.craigslist.org/view/d/san-jose-2004-dodge-ram-1500-st/rd2bP9zdgJVKF4WTTGQPVz,4400,212000.0,san jose north
Spormobile 1996- Only 88K Miles Loaded 150K Proven Invested,https://www.craigslist.org/view/d/san-rafael-spormobile-only-88k-miles/a2ZQH2CtG98kmC3aQ7F2LM,36500,88000.0,san rafael
2012 Chevrolet 3/4 Ton Crew Cab 4X4,https://www.craigslist.org/view/d/petaluma-2012-chevrolet-4-ton-crew-cab/tsX8yg7tGZyzpDo9TidGQT,12000,133000.0,petaluma
92 Toyota Corolla,https://www.craigslist.org/view/d/san-jose-92-toyota-corolla/ndwa6SeMkiFsjs6dYmSjSU,400,260000.0,san jose south
John Deer Diesel Engine,https://www.craigslist.org/view/d/gilroy-john-deer-diesel-engine/75zoDhAvsfefCYFW5hKsEQ,6000,100000.0,gilroy
1999 Ford F350,https://www.craigslist.org/view/d/tracy-1999-ford-f350/goSD2EX6wngfkwHnSQUY7G,17500,220000.0,dublin / pleasanton / livermore
Sale!!! 2002 Honda Cr-V Ex • 1-Owner Awd • Moonroof • Clean Title,https://www.craigslist.org/view/d/san-jose-sale-2002-honda-cr-ex-owner/tGfFV9ESaj2Ce3AXMVqZPN,2999,230000.0,san jose downtown
"2019 Mercedes-Benz Sprinter 2500 Passenger · High Roof W/170"" Wb Van 3",https://www.craigslist.org/view/d/daly-city-2019-mercedes-benz-sprinter/fPAQjtMct7HAan3cx7QSU4,42500,77000.0,city of san francisco
1963 Rambler Classic 770 Cross Country Wagon,https://www.craigslist.org/view/d/newark-1963-rambler-classic-770-cross/wB5RLkVeECdHNb2b4jBGMc,28000,35000.0,fremont / union city / newark
2020 Ram 2500 Laramie,https://www.craigslist.org/view/d/brentwood-2020-ram-2500-laramie/dVePmoeztrm9XmNWsZUMMd,35500,161000.0,brentwood / oakley
Dodge Cummins 4X4 Crew Cab 2000,https://www.craigslist.org/view/d/capitola-dodge-cummins-4x4-crew-cab-2000/xhoD1wvpPwDvdb41yKZTKo,15000,227000.0,capitola
2023 Toyota Rav4 Hybrid Woodland Edition Awd 1Owner 2024,https://www.craigslist.org/view/d/san-jose-2023-toyota-rav4-hybrid/h2AEZmdyajk8DFz78tE2XC,33988,42000.0,san jose west
2005 Chevy Silverado (Work Truck),https://www.craigslist.org/view/d/martinez-2005-chevy-silverado-work-truck/hYt8CcyfGd3tSaEDsGAgLU,4999,127000.0,concord / pleasant hill / martinez
2008 Ford F250 Super Duty 4X4,https://www.craigslist.org/view/d/morgan-hill-2008-ford-f250-super-duty/fGUacqoJrb3qWaoc7ouwdc,12500,250000.0,morgan hill
2002 Lexus Rx300,https://www.craigslist.org/view/d/martinez-2002-lexus-rx300/hxuUy4iFu2vqZVRFGiY7gC,3500,184000.0,concord / pleasant hill / martinez
2002 Ford Explorer Sport - Black 4.0L V6 Rwd,https://www.craigslist.org/view/d/hayward-2002-ford-explorer-sport-black/7hCVssUFhzLgebAxyamdqz,2200,265000.0,hayward
2012 Ford Escape Flex Fuel (Gas Saver),https://www.craigslist.org/view/d/port-costa-2012-ford-escape-flex-fuel/4KWUukPAuGh1QHiZKBRURB,5000,150000.0,concord / pleasant hill / martinez
2014 Nissan Versa 4 Cylinder Gas Saver,https://www.craigslist.org/view/d/martinez-2014-nissan-versa-cylinder-gas/sGt1vwj2xzCKNmtXkbLpbA,3999,151000.0,concord / pleasant hill / martinez
Jaguar 1987 Xjsc V 12,https://www.craigslist.org/view/d/cloverdale-jaguar-1987-xjsc-12/19aWpZJpxtWj2RK77Cs4St,10500,103000.0,healdsburg / windsor
1990 Miata 5 Speed 167K,https://www.craigslist.org/view/d/oakland-1990-miata-speed-167k/9k58mMkaPYiEXL4NX4RxAJ,6300,167000.0,hayward / castro valley
Chevrolet Silverado 1500 Extended Cab Long Bed,https://www.craigslist.org/view/d/san-jose-chevrolet-silverado-1500/7WwtzzCTBdESxQEebd78CN,3800,199000.0,san jose downtown
2017 Toyota Tacoma,https://www.craigslist.org/view/d/san-jose-2017-toyota-tacoma/vWsEDLfxqizrhnjxGiQSf2,24000,52000.0,san jose east
2005 Ford F250,https://www.craigslist.org/view/d/walnut-creek-2005-ford-f250/516aHFzbpu468QJMe3jy1e,22500,175000.0,walnut creek
2001 Ford Econoline,https://www.craigslist.org/view/d/pacifica-2001-ford-econoline/7T12vkKY9nm6qVnpS4WTXt,6000,146000.0,pacifica
2018 Nissan Leaf Sv – Upgraded With A 2025 Battery,https://www.craigslist.org/view/d/petaluma-2018-nissan-leaf-sv-upgraded/6uhRnbbfzR1kHPgsx9JAZK,12500,120000.0,petaluma
"2004 Chevrolet Avalanche, Low Mileage",https://www.craigslist.org/view/d/santa-clara-2004-chevrolet-avalanche/4EAuBLqiZcAWq6ohfLWtfw,8100,91000.0,santa clara
"2019 Subaru Legacy 2.5I Premium, Clean Title",https://www.craigslist.org/view/d/santa-clara-2019-subaru-legacy-25i/cLGrkby5tVb4xgZuyBHAuU,11600,133000.0,santa clara
1977 Restored Ford Ranchero Squire,https://www.craigslist.org/view/d/vallejo-1977-restored-ford-ranchero/eRCfThuxHSDDyKSHYPSMFV,15,138000.0,vallejo / benicia
"2017 Toyota Prius – Silver – 38,000 Miles – Fully Repaired – $16,500",https://www.craigslist.org/view/d/redwood-city-2017-toyota-prius-silver/vLFqaXNwJbmCkV6J5FoEYz,16500,38000.0,redwood city
"2016 Jaguar F-Type Coupe – Silver With Red Interior – 54,000 Miles - $27,000",https://www.craigslist.org/view/d/redwood-city-2016-jaguar-type-coupe/oBG11Z8Kx9BjBakwpF88NY,27000,54000.0,redwood city
2011 Honda Cr-Z,https://www.craigslist.org/view/d/knightsen-2011-honda-cr/kDwRdPKPMvETwaPb2KyYuK,4499,189000.0,brentwood / oakley
Chevrolet Express 2500 Cargo Van,https://www.craigslist.org/view/d/san-francisco-chevrolet-express-2500/cdjJeUb3rr5SRcP43eEHQt,12888,86000.0,san francisco
"2023 Volvo Xc60 B5 Plus Bright, Sport Utility, Clean Title (49,950 Mi)",https://www.craigslist.org/view/d/los-gatos-2023-volvo-xc60-b5-plus/pcQmmLJjUH9Yw2HNX9D2Xe,29550,50000.0,los gatos
2007 Lexus Rx 350,https://www.craigslist.org/view/d/santa-cruz-2007-lexus-rx-350/6iffsH9aNkaNokSxWrUqe3,7200,121000.0,santa cruz
2013 Mini Cooper - Clean Title - No Issues - Smog,https://www.craigslist.org/view/d/boulder-creek-2013-mini-cooper-clean/eSp3uqi4NQdAA6ueuguU5h,3500,148000.0,boulder creek
"Jeep Wrangler Unlimited Rubicon, Hydro Blue, Hard & Soft Top",https://www.craigslist.org/view/d/los-gatos-jeep-wrangler-unlimited/cc6nGBfDJp4UbtJMPYNYb9,29850,101000.0,los gatos
"2004 Jaguar Xj-R Sedan, Rare Supercharged-V8, Liquidation Sale",https://www.craigslist.org/view/d/dublin-2004-jaguar-xj-sedan-rare/7mVN15M4vJoGmCUtUxzFCV,6900,125000.0,dublin / pleasanton / livermore
2015 Ford Taurus Police Interceptor - Clean Title - New Water Pump,https://www.craigslist.org/view/d/novato-2015-ford-taurus-police/1SDfZHpLGs27rKQzpnJhkZ,5900,112000.0,novato
2024 Mazda Cx-50 2.5 S Awd – Low Miles – Excellent Condition,https://www.craigslist.org/view/d/sunnyvale-2024-mazda-cx-awd-low-miles/idPPGr9JVznGLGbKm7tNBo,26500,23000.0,sunnyvale
2000 Lincoln Towncar Stretch Limo,https://www.craigslist.org/view/d/boyes-hot-springs-2000-lincoln-towncar/5TMS5rG16FafVbbjLhhQ7M,6000,150000.0,sonoma
2011 Toyota Sienna Le 8-Passenger,https://www.craigslist.org/view/d/livermore-2011-toyota-sienna-le/dnMojdMUqC42zM66RpknEu,7000,142000.0,dublin / pleasanton / livermore
"2018 Subaru Outback 140,000 - Adventure Setup (Solar, Fridge, Etc)",https://www.craigslist.org/view/d/redwood-city-2018-subaru-outback/5zCqFUoySz9LVpRrx6Ynph,9000,140000.0,redwood city
2017 Hyundai Accent,https://www.craigslist.org/view/d/brentwood-2017-hyundai-accent/a9pwxJHUTZ5WkDbS7k7Us6,6250,95000.0,brentwood / oakley
2016 Audi Q3 Quattro 75K+ Miles,https://www.craigslist.org/view/d/redwood-city-2016-audi-q3-quattro-75k/bWr7NV81GeD4BUY3XPBvDB,14990,75000.0,redwood city
2001 Nissan Sentra. Smogged & Registered $1800,https://www.craigslist.org/view/d/antioch-2001-nissan-sentra-smogged/hZ1WUhhzCLJHA9mu9njJHf,1800,200000.0,pittsburg / antioch
"2014 Mercedes Gl350 Bluetec Awd, Prem, Lighting And Lane-Tracking Pkg",https://www.craigslist.org/view/d/hayward-2014-mercedes-gl350-bluetec-awd/dZPNHV2h8PxZ3vdkujHQ18,11900,113000.0,hayward / castro valley
2006 Audi A3 2.0 Sport Hatchback Automatic,https://www.craigslist.org/view/d/san-francisco-2006-audi-a3-20-sport/v23pkvvxfE67hUDPhvtsMH,5500,146000.0,san francisco
"2021 Volkswagen Id.4 Pro S, 50,700 Mi",https://www.craigslist.org/view/d/san-mateo-2021-volkswagen-id4-pro-mi/iM8abZA93o4VDJgKPrDCoi,18800,51000.0,san mateo
2007 Volkswagen Wolfsburg 5 Speed Manual Transmission,https://www.craigslist.org/view/d/hayward-2007-volkswagen-wolfsburg-speed/7SmqkH3cRAXGfZBET5DQKJ,2900,157000.0,berkeley
2005 Chevrolet Malibu Ls V6,https://www.craigslist.org/view/d/san-jose-2005-chevrolet-malibu-ls-v6/8Tg5ZVcpAV9RLg8YYvnr2h,3000,202000.0,san jose
2001 Vw Eurovan Weekender,https://www.craigslist.org/view/d/daly-city-2001-vw-eurovan-weekender/3sv1EfmrrS2d2HPcvBf3AW,13500,210000.0,daly city
1970 Pontiac Grand Prix,https://www.craigslist.org/view/d/concord-1970-pontiac-grand-prix/sXtigu2aRdn9XyFUsxd3Su,9800,70000.0,concord / pleasant hill / martinez
2011 Audi A3 S Line Hatchback,https://www.craigslist.org/view/d/santa-rosa-2011-audi-a3-line-hatchback/astdNy2BJREwuB5bU3WHPu,3995,96000.0,santa rosa
2012 Volkswagen Mkvi 6 Speed Manual Transmission,https://www.craigslist.org/view/d/hayward-2012-volkswagen-mkvi-speed/3kKzk16zZRiLvAJTqjMPoP,3800,119000.0,berkeley
Scca Spec Racer For Sale,https://www.craigslist.org/view/d/capitola-scca-spec-racer-for-sale/fpdAe1qfR5EJbRFpWpLYS8,9000,3333.0,capitola
"1996 Ford F-150 Xl, Original Condition",https://www.craigslist.org/view/d/santa-rosa-1996-ford-150-xl-original/3LbYHFMCAg9UeP2yN71Hmt,22500,89000.0,santa rosa
2014 Jeep Wrangler Jk Unlimited - 125K Miles Clean Title,https://www.craigslist.org/view/d/san-ramon-2014-jeep-wrangler-jk/sjrRA7MzBGt9mLSmg1wdbM,13000,125000.0,danville / san ramon
Toyota 4 Runner,https://www.craigslist.org/view/d/newark-toyota-runner/r3yZY73f3HC6x9UG5Mydab,33000,93000.0,newark
2012 Scion Iq,https://www.craigslist.org/view/d/pacifica-2012-scion-iq/ngxZDM4g61MiX1YLy62Fur,3750,167000.0,pacifica
2011 328I X-Drive,https://www.craigslist.org/view/d/pacifica-x-drive/hpUyJzbSxYsynHP5JLNRjZ,2200,180000.0,pacifica
2019 Kia Optima,https://www.craigslist.org/view/d/hayward-2019-kia-optima/rRPSvExgWFkk1SfKSHU8Kb,7500,122000.0,hayward
1969  Chevrolet Corvair Convertible,https://www.craigslist.org/view/d/clayton-1969-chevrolet-corvair/gXkXUnbHrq1NwF1dPAWkHk,800,70000.0,concord / pleasant hill / martinez
2007 Nissan Pathfinder Le 152K Miles,https://www.craigslist.org/view/d/vallejo-2007-nissan-pathfinder-le-152k/c7x6S89ZTgjK2EYQ2EFVjw,3250,152000.0,vallejo / benicia
Extra Clean Title 2015 Chrysler Town &Country,https://www.craigslist.org/view/d/oakland-extra-clean-title-2015-chrysler/moG84tvB2LbQeWD5BzcCQX,4500,190000.0,oakland east
"2015 Lexus Rx 450H Awd, Clean Title",https://www.craigslist.org/view/d/cupertino-2015-lexus-rx-450h-awd-clean/8rerEtfEqTbTYnBS7Zeuhd,23500,48000.0,cupertino
2006 Audio A4,https://www.craigslist.org/view/d/pacifica-2006-audio-a4/fnoa2hQ4sbEwdWD1tPgpRT,3350,122000.0,pacifica
2023 Hyundai Santa Fe Sel 4Wd/Awd,https://www.craigslist.org/view/d/san-jose-2023-hyundai-santa-fe-sel-4wd/ezgDQFGjce6aE1dBsJHCn4,19500,77000.0,san jose west
2014 Ford Fusion Se,https://www.craigslist.org/view/d/santa-rosa-2014-ford-fusion-se/qPnoidqsVfFAR3RBPXWmjL,5400,177000.0,santa rosa
2004 Toyota Corolla,https://www.craigslist.org/view/d/knightsen-2004-toyota-corolla/8wow9QM1dFtXwJ3AdC4sWG,3500,180000.0,brentwood / oakley
2013 Mercedes-Benz Gl450 4Matic – Clean Title – Passed Smog – Only 96K,https://www.craigslist.org/view/d/hayward-2013-mercedes-benz-gl450-4matic/6bv1uSP8Jk9bAqiaFpxMic,9900,96000.0,hayward / castro valley
2006 Toyota Camry,https://www.craigslist.org/view/d/knightsen-2006-toyota-camry/gCpK4mG4oYXwBGRqH31Hmp,3800,180000.0,brentwood / oakley
2007 Lexus Rx350 Awd,https://www.craigslist.org/view/d/hayward-2007-lexus-rx350-awd/eaPKF289hRz2TGcRYAir9J,8400,136000.0,hayward / castro valley
1996 Dodge Ram Van 3500 - Customized For Road Touring & Living,https://www.craigslist.org/view/d/oakland-1996-dodge-ram-van-customized/9XBkpWB3KE6KgewpnPYQiC,5200,108000.0,oakland
2010 Honda Pilot Exl,https://www.craigslist.org/view/d/san-jose-2010-honda-pilot-exl/j1AJzQStHpGSVa36UgJgW8,7800,154000.0,san jose west
03 Ford F150 X Cab 4X4 Clean Title Only 86K Miles,https://www.craigslist.org/view/d/pacifica-03-ford-f150-cab-4x4-clean/vr5qVT6AVLqAe7Vs1RSiYy,7800,86000.0,pacifica
Ford F150 Limited 2013 For Sale Or Trade,https://www.craigslist.org/view/d/santa-rosa-ford-f150-limited-2013-for/3mKZPW3Tp3VaKGwHv2i9wc,8000,162000.0,santa rosa
Porsche 914 1974,https://www.craigslist.org/view/d/san-anselmo-porsche/c5YL5f4j3BGoWNDWGryVZB,11000,100000.0,san anselmo
Mini Cooper - Super Reliable - Gas Saved,https://www.craigslist.org/view/d/campbell-mini-cooper-super-reliable-gas/rzUv4Ry3UXZcTEKv8ijtGW,3500,148000.0,campbell
2012 Honda Odyssey Exl 133K Miles,https://www.craigslist.org/view/d/union-city-2012-honda-odyssey-exl-133k/9jRMEW3qThxF5JALWniUQT,9000,133000.0,fremont / union city / newark
1989 Bentley Mulsanne,https://www.craigslist.org/view/d/san-rafael-1989-bentley-mulsanne/djNAGWfqhDpK8H1qYo5KCJ,10000,85000.0,san rafael
2009 Infiniti M35,https://www.craigslist.org/view/d/brentwood-2009-infiniti-m35/jvK1RhLKABMk6icTtGKKfo,3800,176000.0,brentwood / oakley
2018 Audi Q5 Premium Plus 45 Tfsi Suv  Quattro 1Owner 2019 2020 Q3,https://www.craigslist.org/view/d/san-jose-2018-audi-q5-premium-plus-45/v6CdFv8MCuB3dC3V3MQCu8,13985,100000.0,san jose west
2010 Ford F-150 Xlt Supercab,https://www.craigslist.org/view/d/fremont-2010-ford-150-xlt-supercab/mAJE9Vr7qQbdxhbG7EE2uB,8400,169000.0,fremont / union city / newark
2000 Buick Lasabre Custom,https://www.craigslist.org/view/d/san-francisco-2000-buick-lasabre-custom/vzZg28Geu9795jhA2BbH7v,4000,81000.0,san francisco
2015 Chrysler 200C Sedan 4D,https://www.craigslist.org/view/d/hayward-2015-chrysler-200c-sedan-4d/sW2uo4Wfo67njdeaZDXyNL,5600,96000.0,hayward
2019 Maserati Levante Awd Clean Title Low Miles Navi/Backup Camera,https://www.craigslist.org/view/d/hayward-2019-maserati-levante-awd-clean/2Gewd2j1J5QPWnwQQfpqoZ,21800,64000.0,hayward
2017 Honda Ridgeline Rt Clean Title Awd Automatic Tacoma Tundra,https://www.craigslist.org/view/d/hayward-2017-honda-ridgeline-rt-clean/67WWH2Ttta3bmM6C6b7dBz,11800,145000.0,hayward
2015 Bmw 328Xi Low Miles Backup Camera Black/Black 328I,https://www.craigslist.org/view/d/hayward-2015-bmw-328xi-low-miles-backup/m7Jq7S97YXTvma24mPJh13,9800,81000.0,hayward
2023 Nissan Rogue Sv Clean Title One Owner Gas Saver Low Miles,https://www.craigslist.org/view/d/hayward-2023-nissan-rogue-sv-clean/hygGC5u1FtgvQvVJ938dyd,19800,19000.0,hayward / castro valley
2007 Subaru Outback Wagon,https://www.craigslist.org/view/d/knightsen-2007-subaru-outback-wagon/998N72QoxTxyJmpb5QYS1z,1700,188000.0,brentwood
"2008 Toyota Prius Hybrid+ Only 180,000 Miles+ Clean Title +40Mpg",https://www.craigslist.org/view/d/santa-rosa-2008-toyota-prius-hybrid/6mDdtisayC8T1745zC1DHS,4500,180000.0,santa rosa
2012 Bmw M3 Competition Coupe 2Dr 2013 E92,https://www.craigslist.org/view/d/san-jose-2012-bmw-m3-competition-coupe/ePnHVT3Kq4dvvnkJJAztR9,32995,120000.0,san jose west
"2012 Toyota Prius Hybrid Iv - Low Miles , Original Owner",https://www.craigslist.org/view/d/campbell-2012-toyota-prius-hybrid-iv/wjpUsk7jgadWZh9YoZ5668,8000,148000.0,santa clara
1987 Suzuki Samurai 4X4,https://www.craigslist.org/view/d/danville-1987-suzuki-samurai-4x4/4sri44T5KF6NPS2BiNb7ew,10000,70000.0,danville / san ramon
2003 Chevy S-10 Extended Cab,https://www.craigslist.org/view/d/santa-rosa-2003-chevy-10-extended-cab/dmjwpCP3dha1Pm95x4gmGV,5800,127000.0,santa rosa
"**2015 Toyota Tacoma 4X4 Access Cab – Clean Title – $11,750 Obo**",https://www.craigslist.org/view/d/soquel-2015-toyota-tacoma-4x4-access/f8utvWyfGHW75M72id8sBq,11750,174000.0,santa cruz
2013 Hyundai Sonata Hybrid,https://www.craigslist.org/view/d/vallejo-2013-hyundai-sonata-hybrid/pcxF1kSZmLAgTxaZ5z5izn,5000,98000.0,vallejo / benicia
2015 Audi Q3 Prestige,https://www.craigslist.org/view/d/concord-2015-audi-q3-prestige/q4aMewWYSsxHzZASqojWH1,8900,97000.0,concord
2003 Acura Tl-Stype,https://www.craigslist.org/view/d/san-jose-2003-acura-tl-stype/gsu5X1PYd5YVRKo2pfpbbL,1200,240000.0,san jose
2020 Tesla Model 3 Standard Range Plus Rear-Wheel Drive Low Mileage,https://www.craigslist.org/view/d/scotts-valley-2020-tesla-model-standard/m5zXctkNK5qXzwTbmaJXHx,21500,49000.0,scotts valley
2006 Porsche Cayman S,https://www.craigslist.org/view/d/scotts-valley-2006-porsche-cayman/3zV9ZTMgm7A4KVQDB5CaWj,23000,121000.0,scotts valley
2007 Ford Taurus Sel 4Dr Sedan Green Low Miles Sunroof Fwd,https://www.craigslist.org/view/d/cupertino-2007-ford-taurus-sel-4dr/iCVpKKcY3EPmweeEp9pdsQ,3295,80000.0,cupertino
2009 Toyota Highlander Hybrid Limited,https://www.craigslist.org/view/d/alameda-2009-toyota-highlander-hybrid/bGDRegUpUNS83jLHKwzvLu,7000,145000.0,alameda
(San Jose Ca 95111 ) 2013 Hyundai Santa Fe,https://www.craigslist.org/view/d/san-jose-san-jose-ca-hyundai-santa-fe/iPttiKTtZf6m4vG4WKtwLs,7800,110000.0,san jose
"Tesla Model 3 - 2018 - Long Range, Low Miles",https://www.craigslist.org/view/d/fairfax-tesla-model-long-range-low-miles/79eHXkmHCJAoLBoL8WCF2D,22000,38000.0,fairfax
1938 Buick Special Coupe,https://www.craigslist.org/view/d/santa-rosa-1938-buick-special-coupe/9UTJZhesd3kvrJ7h4j4inp,29500,53000.0,santa rosa
2019 Kia Optima Lx,https://www.craigslist.org/view/d/sunnyvale-2019-kia-optima-lx/fVFqfUW5kcm2Mq6yjbyuVP,7900,155000.0,sunnyvale
2006 Honda Pilot,https://www.craigslist.org/view/d/hayward-2006-honda-pilot/uH4taiEytTxVCigSj9JAm4,2300,200000.0,hayward
"2001 Ford Mustang, V6, Only 152Kmiles And Manual Transmission",https://www.craigslist.org/view/d/san-jose-2001-ford-mustang-v6-only/omAhqCEYZBdzqz5GUE1yj8,2500,152000.0,san jose downtown
2018 Dodge Grand Caravan Se,https://www.craigslist.org/view/d/san-leandro-2018-dodge-grand-caravan-se/d8Kh45Fb18NjNrtvnpXN4q,7900,102000.0,san leandro
2005 Chevrolet 2500 Hd Duramax Diesel 4X4 Crew Cab Long Bed.,https://www.craigslist.org/view/d/martinez-2005-chevrolet-2500-hd-duramax/65x69cKkuMV6nc4Nwjs2Sz,14999,240000.0,martinez
2010 Lexus Hs 250H – Exceptionally Maintained,https://www.craigslist.org/view/d/berkeley-2010-lexus-hs-250h/trf6kQzHF3pWKtGypvZMW4,12000,165000.0,berkeley
2015 Gmc Sierra 1500 Slt Crew Cab 4X4 – 68K Miles – Tow Package & Upgr,https://www.craigslist.org/view/d/petaluma-2015-gmc-sierra-1500-slt-crew/rPi58keH7i6GTmhPSDjycU,32000,68000.0,petaluma
2023 Subaru Outback Limited Wagon 4D,https://www.craigslist.org/view/d/burlingame-2023-subaru-outback-limited/grAhGJo8u2BENEmGmLwx3M,29000,21000.0,burlingame
1996 Honda Odyssey,https://www.craigslist.org/view/d/san-jose-1996-honda-odyssey/gvqXZPz3qLtmZeaPByQNdu,800,248000.0,milpitas
1999 Ford Econoline Camper Van 5.4 Triton 142Kmiles,https://www.craigslist.org/view/d/belmont-1999-ford-econoline-camper-van/ppc4KnAmF36kN6Uuj5My8c,3300,142000.0,san mateo
Gmc Sonoma Drag Race Truck,https://www.craigslist.org/view/d/el-verano-gmc-sonoma-drag-race-truck/cYfcEa8FRWRbE1yH8EH586,7000,1.0,sonoma
Comercial Isuzu Truck,https://www.craigslist.org/view/d/san-jose-comercial-isuzu-truck/nevVgu8XR7C1YCr4NzK7yo,30000,170000.0,san jose south
2012 Bmw X3 Xdrive28I,https://www.craigslist.org/view/d/oakland-2012-bmw-x3-xdrive28i/6Awmk1KzjNDktz12fe5upX,6200,112000.0,oakland downtown
2023 Lexus Nx 350 F Sport — Ultrasonic Blue / Black Interior,https://www.craigslist.org/view/d/alameda-2023-lexus-nx-350-sport/38RDcKwRJiFeMkB87KTFzx,42000,35000.0,alameda
2018 Nissan Sentra Sv,https://www.craigslist.org/view/d/pinole-2018-nissan-sentra-sv/5uhcZh8tA6Vcsvt2FUvUDD,8800,77000.0,pinole
2019 Ford Transit 350 Cutaway Reading Box Plumbers Electricians Van,https://www.craigslist.org/view/d/novato-2019-ford-transit-350-cutaway/9xTnsuHEsN2YeYvHVmqtuj,38000,106000.0,novato
2005 Toyota Corolla Ce,https://www.craigslist.org/view/d/san-jose-2005-toyota-corolla-ce/1CJ6RoCooAQP78LyxoEhPQ,5400,126000.0,san jose south
2007 Acura Tl Type-S,https://www.craigslist.org/view/d/san-mateo-2007-acura-tl-type/petK8uJBxG4SZ1orJYiSQt,5000,146000.0,san mateo
"2013 Toyota Corolla Le - Fresh Paint, 97K Miles, Many Extras",https://www.craigslist.org/view/d/san-jose-2013-toyota-corolla-le-fresh/nFrQgujTne8MnEYK1WxBM2,9600,97000.0,berkeley north / hills
Mercedes-Benz S550,https://www.craigslist.org/view/d/fremont-mercedes-benz-s550/cDCiyisw5g1WLmBgtpGEnj,15250,73000.0,fremont / union city / newark
1963 Volkswagen Vw Pick Up Project......Trade,https://www.craigslist.org/view/d/san-rafael-1963-volkswagen-vw-pick-up/bvtjYGtb6ZCVDj4tHXQ85J,5000,100000.0,san rafael
Gt500,https://www.craigslist.org/view/d/santa-rosa-gt500/qVKrDP29WUxpqLH6Vd53eD,88000,11000.0,santa rosa
2018 Toyota Rav4 Le,https://www.craigslist.org/view/d/fremont-2018-toyota-rav4-le/i35NSTBBZm1YbsU5EfLuBb,18500,82000.0,fremont / union city / newark
1998 Toyota Tacoma Truck,https://www.craigslist.org/view/d/san-jose-1998-toyota-tacoma-truck/f8HvMwR3z6hz4YN9Bev9Si,6000,133.0,san jose
2019 Ford Mustang Ecoboost Premium Convertible,https://www.craigslist.org/view/d/berkeley-2019-ford-mustang-ecoboost/a1NRpKgmAy2UVXe6f7eQEp,17000,80000.0,berkeley
2014 Jeep Grand Cherokee Limited,https://www.craigslist.org/view/d/san-jose-2014-jeep-grand-cherokee/qRgqLSmQyT5u6UyNbc3Nrq,6900,184000.0,san jose
2017 Bmw X1 Xdrive Awd,https://www.craigslist.org/view/d/daly-city-2017-bmw-x1-xdrive-awd/vvUnV3C8t1gotyFmjdtPek,21000,27000.0,daly city
2019 Toyota Tacoma Sr5 Double Cab 3.5L 4X4 Truck (Clean Title),https://www.craigslist.org/view/d/citrus-heights-2019-toyota-tacoma-sr5/itVnr4WujFugXWhbZ6Jiin,31000,72000.0,fairfield / vacaville
***1987 Cadillac Allante Project/Parts***,https://www.craigslist.org/view/d/hollister-1987-cadillac-allante-project/aZuHrVkRJUeTmSbRFJg3oA,1100,156000.0,hollister
2017 Kia Optima,https://www.craigslist.org/view/d/san-jose-2017-kia-optima/sY1FSqWGnvLYYh5Pft9Qte,4000,160000.0,san jose south
1939Chevy 2 Door Sedan 60'S Hot Rod,https://www.craigslist.org/view/d/windsor-1939chevy-door-sedan-60s-hot-rod/nc2knMSjDkkNYJoRS9AGgV,20000,84000.0,healdsburg / windsor
2007 Chevy Silverado Runs Excellent,https://www.craigslist.org/view/d/san-jose-2007-chevy-silverado-runs/hPqokq42WQHaPkZxgdLqoJ,5300,210000.0,san jose east
"1990 Chevrolet Ck 2500, 85K Original Miles.",https://www.craigslist.org/view/d/sacramento-1990-chevrolet-ck-original/u8mCKmsSoukfSmci8ekxyE,9500,85000.0,south bay area
2024 Gmc Sierra 2500Hd Denali Diesel,https://www.craigslist.org/view/d/burlingame-2024-gmc-sierra-2500hd/oz6WFcEE89M9n1irBQDWHG,79500,23000.0,santa cruz
Toyota Camry Le,https://www.craigslist.org/view/d/san-jose-toyota-camry-le/xA23sEaAVHDrSajPJqVvHY,4500,260000.0,san jose south
1999 Dodge Ram 1500 Slt California Concepts ~,https://www.craigslist.org/view/d/hayward-1999-dodge-ram-1500-slt/aLq8TggrS8YjJmfbNjKBVm,7800,160000.0,hayward / castro valley
Subaru Wrx Sti,https://www.craigslist.org/view/d/fremont-subaru-wrx-sti/3axFaWy8Ldf8PRLRWHKXih,22000,91000.0,fremont
2017 Ford Fusion Se,https://www.craigslist.org/view/d/san-leandro-2017-ford-fusion-se/9ncr6EiS9zSfERgocLguiQ,5800,93000.0,san leandro
2011 Chevy Cruz Ltz,https://www.craigslist.org/view/d/san-jose-2011-chevy-cruz-ltz/tj3Ent5vMYEGT8iCJdepUS,3500,153000.0,san jose south
2005 Honda Pilot,https://www.craigslist.org/view/d/gilroy-2005-honda-pilot/e3PvD44g4t9DozFPS6cZuN,1500,340000.0,gilroy
2005 Subaru Outback Awd,https://www.craigslist.org/view/d/berkeley-2005-subaru-outback-awd/kKmA9mXwACtzzJ5VdrUJfV,2850,221000.0,berkeley north / hills
2016 Polaris Razor 1000,https://www.craigslist.org/view/d/livermore-2016-polaris-razor-1000/jrraHBePSCvErPFewnQcry,15000,40.0,livermore
"2006 Scion Xb - Clean Title, Just Passed Smog",https://www.craigslist.org/view/d/oakland-2006-scion-xb-clean-title-just/8NY8Cn5d9UcZf1PzXGEkGR,3000,250000.0,oakland downtown
"Bmw 528I, Low Miles, 2008,Low Miles Clean This",https://www.craigslist.org/view/d/san-francisco-bmw-528i-low-miles/1JKHTmZs2vWgWeA3o6wWLA,3800,117000.0,ingleside / sfsu / ccsf
2011 Honda Odyssey Ex-L,https://www.craigslist.org/view/d/san-leandro-2011-honda-odyssey-ex/i7BQK8Eem8kQzRJLUBofks,6650,185000.0,san leandro
2010 Honda Accord,https://www.craigslist.org/view/d/livermore-2010-honda-accord/w1WU1Hn2e7iw9c4LB4iYQ3,2500,132000.0,livermore
2007 Toyota Corolla Type S  Clean Title,https://www.craigslist.org/view/d/san-jose-2007-toyota-corolla-type-clean/exVsWWhUrGnyCFwvdYpBay,5000,195000.0,san jose south
2010 Honda Accord,https://www.craigslist.org/view/d/livermore-2010-honda-accord/wtWB44DZfXqLY6oH7Co6Bo,2500,132000.0,livermore
"2015 Ford F-450 Flatbed – 6.7L Power Stroke Diesel Only 35,000 Miles",https://www.craigslist.org/view/d/brentwood-2015-ford-450-flatbed-67l/fDydaYehomcXYGsuSYjz9k,26500,35000.0,sunset / parkside
2011 Subaru Outback 2.5I 6Mt • 1 Owner • Clean Title •,https://www.craigslist.org/view/d/san-francisco-2011-subaru-outback-25i/4yszdEdFkmbLf4D4BjXduC,2900,203000.0,san francisco
2018 Hyundai Elantra Sel,https://www.craigslist.org/view/d/san-leandro-2018-hyundai-elantra-sel/n7TT9feCGyQj7WB29MQwQw,6800,141000.0,san leandro
2002 Ford F350 Lariat 7.3 Turbo Diesel Powerstroke Crewcab Dually Super Duty Lon,https://www.craigslist.org/view/d/mountain-view-2002-ford-f350-lariat-73/a1BPfWkwsE1UXhBCEhhEfT,13500,250000.0,mountain view
2018 Honda Cr-V Ex-L 2019 Crv Exl Rav4 2020 Touring,https://www.craigslist.org/view/d/san-jose-2018-honda-cr-ex-2019-crv-exl/1UWExCV4KHdFNagbbcrmBf,16500,130000.0,san jose west
1998 Suzuki Sidekick Sport Js,https://www.craigslist.org/view/d/los-gatos-1998-suzuki-sidekick-sport-js/vnHdPYfR36LJ1g94tUS7QV,900,230000.0,south bay area
2019 Ford F-250 Platinum - Charcoal Grey - Under 11K Miles - Flatbed +,https://www.craigslist.org/view/d/danville-2019-ford-250-platinum/n72Qwhi7a21EwTZhYU2Kma,100000,11000.0,danville / san ramon
Ford Escape Se 2013,https://www.craigslist.org/view/d/santa-rosa-ford-escape-se-2013/9Z4egtbgw8rNSg8KMxtT4z,3500,148000.0,santa rosa
2020 Toyota Corolla Se,https://www.craigslist.org/view/d/san-jose-2020-toyota-corolla-se/oT6owUqA1vyaDQ2hyezSrx,11995,173000.0,san jose south
"2008 Chevy Express_11,000 Mile_Handicap Uvl Wheelchair Access Lift Van",https://www.craigslist.org/view/d/san-jose-2008-chevy-express11000/fCSN5x5q9oxcxTivzMVT8A,47500,11000.0,saratoga
2013 Volkswagen Gti Wolfsburg Edition,https://www.craigslist.org/view/d/los-gatos-2013-volkswagen-gti-wolfsburg/qm8wgWrM5J429JtsXjJxMw,12400,60000.0,los gatos
"2025 Ford Maverick Lariat Hybrid Awd — 4,890 Miles — Black Appearance Packag",https://www.craigslist.org/view/d/san-rafael-2025-ford-maverick-lariat/w5ryFWyAZbEtXmyJ4x3UvG,38000,4890.0,san rafael
"2015 Toyota Sienna Xle Prem 8 Passenger • 1 Owner • Only 86,000 Miles",https://www.craigslist.org/view/d/danville-2015-toyota-sienna-xle-prem/cpkSBgw87g6JQWjU5bwtqJ,17495,86000.0,danville / san ramon
2023 Vw Taos S,https://www.craigslist.org/view/d/sunnyvale-2023-vw-taos/3z4CmoFhaWuXnQUZ6TsEwE,17700,31000.0,cupertino
Nissan Leaf,https://www.craigslist.org/view/d/aptos-nissan-leaf/drgd7PeMT3wN6HYpAVfSq1,6000,56000.0,aptos
1999 Plymouth Prowler (6400 Miles) Excellent Condition,https://www.craigslist.org/view/d/san-jose-1999-plymouth-prowler-6400/oUjLYVR6pBFXwTpMt3GRyF,36900,6400.0,willow glen / cambrian
2008 Chevrolet Hhr,https://www.craigslist.org/view/d/alameda-2008-chevrolet-hhr/rjFw4dsiy2g3ZCmPRW7DHy,3000,154000.0,alameda
2013 Jeep Wrangler Sahara One Family Owner All Records-Nice!,https://www.craigslist.org/view/d/san-jose-2013-jeep-wrangler-sahara-one/iM9dM8NjFcLfYS6NCJFMG1,16500,109000.0,willow glen / cambrian
2011 Honda Insight Ex W/Navigation (Civic/Prius),https://www.craigslist.org/view/d/fremont-2011-honda-insight-ex/mA2WTJn4Qt92RZJ9rWcfmP,7500,96000.0,fremont / union city / newark
"2017 Ford Fusion Se, Make Offer, Like New Cond",https://www.craigslist.org/view/d/san-jose-2017-ford-fusion-se-make-offer/vVYNGUH1PrFMQ1EW3AYRUP,12500,73000.0,san jose south
2013 Toyota Tacoma Access Cab,https://www.craigslist.org/view/d/fremont-2013-toyota-tacoma-access-cab/9CrSxsXitATAaCvZtmYoWu,16250,129000.0,fremont / union city / newark
2012 Toyota Camry Le,https://www.craigslist.org/view/d/san-leandro-2012-toyota-camry-le/fKBMxhNCpyieqW9csstLSd,6900,115000.0,san leandro
2017 Hyundai Sonata Se,https://www.craigslist.org/view/d/suisun-city-2017-hyundai-sonata-se/kR7G5mHpAuAqTeta7puMcG,7000,103000.0,vallejo / benicia
2011 Honda Cr-V Special Edition,https://www.craigslist.org/view/d/fremont-2011-honda-cr-special-edition/hegQ7qvQUpGR7HKPWV8VmJ,9850,113000.0,fremont / union city / newark
2011 Toyota Sienna Le 8-Passanger,https://www.craigslist.org/view/d/fremont-2011-toyota-sienna-le-passanger/xaFFwQQ681osnFGwrU7gNE,6950,195000.0,fremont / union city / newark
2002 Dodge 2500 Long Bed,https://www.craigslist.org/view/d/sebastopol-2002-dodge-2500-long-bed/5srD894yWTZViSA4TtSXU3,3500,237000.0,sebastopol
2016 Chevrolet Tahoe Ltz,https://www.craigslist.org/view/d/oakland-2016-chevrolet-tahoe-ltz/wb2WzGhme5zNc3mXfDDCoE,14000,184000.0,berkeley north / hills
2011 Mercury Grand Marquis Ls Low Miles 66K,https://www.craigslist.org/view/d/san-leandro-2011-mercury-grand-marquis/5KVTo9dkJyRCJNXzT2ipk2,8800,66000.0,san leandro
2015 Transit 350 High Roof Diesel Van,https://www.craigslist.org/view/d/san-leandro-2015-transit-350-high-roof/peGyrymdVZ4h3z3RXq6Wso,19900,122000.0,san leandro
2017 Volkswagen Golf R 4D Hatchback 6-Speed 57Kmiles 2018 2019 S3,https://www.craigslist.org/view/d/san-jose-2017-volkswagen-golf-4d/7UCXpgT96kyqJoa9ruzMEe,28800,57000.0,san jose west
1957 Chevrolet Bel Air Fuel Injected Classic Car With Air Conditioning,https://www.craigslist.org/view/d/lathrop-1957-chevrolet-bel-air-fuel/5QRsUpARjRCugMModfGFdf,42500,1.0,lathrop
2009 Hyundai Sonata Gls Low Miles 35K,https://www.craigslist.org/view/d/san-leandro-2009-hyundai-sonata-gls-low/bSUG1ANmcuCMWXLoz3RcTC,7900,35000.0,san leandro
1990 Mercedes 300 Se,https://www.craigslist.org/view/d/vallejo-1990-mercedes-300-se/kPBE55XyxkhLJv9LaMWpKN,3000,196000.0,vallejo
2014 Honda Crv,https://www.craigslist.org/view/d/sebastopol-2014-honda-crv/jUxxFWDpvu3DXE1BT8QYiu,8800,150000.0,sebastopol
2022 Toyota 4Runner Trd Off Road Premium,https://www.craigslist.org/view/d/petaluma-2022-toyota-4runner-trd-off/34Nq7h1s2WhjJG3ef4NmNS,46000,62000.0,petaluma
1991 Mercedes 560 Sel,https://www.craigslist.org/view/d/vallejo-1991-mercedes-560-sel/gyTRDQ6LgmmyFAEfLkCvDD,3000,132000.0,vallejo
2024 Bmw 228I Grand Coupe Lease Transfer / Takeover / Take Over,https://www.craigslist.org/view/d/fremont-2024-bmw-228i-grand-coupe-lease/pVLhekRupjUU5Rstb5VAaS,250,9880.0,fremont / union city / newark
2015 Dump Truck 58K Miles Heavy Duty 7 Seats Junk Removal Landscaping,https://www.craigslist.org/view/d/danville-2015-dump-truck-58k-miles/x1NzFcGuTiDV1QQqJpaN2M,32500,58000.0,danville / san ramon
2019 Toyota Prius Le,https://www.craigslist.org/view/d/palo-alto-2019-toyota-prius-le/pzhe23jCt9CxfSdjEsDwdt,16200,130000.0,palo alto
*** 2017 Toyota Camry Se Special Edition Sedan 4D - 33 Mpg ***,https://www.craigslist.org/view/d/vallejo-toyota-camry-se-special-edition/6KEyGNUPmif3GyzKZh5BgG,9750,174000.0,vallejo / benicia
1987 Vw Vanagon,https://www.craigslist.org/view/d/redwood-city-1987-vw-vanagon/ey23PcgaJ3toPJoy8GZetz,3000,115000.0,redwood city
2006 Mini Cooper S Jcw,https://www.craigslist.org/view/d/san-mateo-2006-mini-cooper-jcw/6ZkpumqUb45vWx5RhVZuvF,9995,113000.0,san mateo
2008 Nissan Versa Sl,https://www.craigslist.org/view/d/knightsen-2008-nissan-versa-sl/3wXdb8mgoYaZQSkudNMyUg,2800,122000.0,brentwood / oakley
2014 Ford Explorer Police Intercepter,https://www.craigslist.org/view/d/san-leandro-2014-ford-explorer-police/8Fj9ESHtkUE7rnqDJeyrRY,5400,81000.0,san leandro
2000 Dodge Ram Conversion Van Low Miles 43K,https://www.craigslist.org/view/d/san-leandro-2000-dodge-ram-conversion/kv9DYPNu9LHiTWZ5korsxQ,8800,43000.0,san leandro
2001 Jeep Cherokee Xj Classic – The Suv Legend! 4X4,https://www.craigslist.org/view/d/pleasanton-2001-jeep-cherokee-xj/9qEHxMXeH8VnGWK8uP2Zdq,17950,95000.0,dublin / pleasanton / livermore
2001 Lexus Ls 430 Low Miles 148K,https://www.craigslist.org/view/d/san-carlos-2001-lexus-ls-430-low-miles/6wEK4k522YXyKynzxerbwh,5600,148000.0,san carlos
Izusu Dump Truck,https://www.craigslist.org/view/d/martinez-izusu-dump-truck/3LuQjQiQg9rfaZyRT7ZQAo,24500,146000.0,concord / pleasant hill / martinez
Range Rover Velar R-Dynamic Se P380,https://www.craigslist.org/view/d/fremont-range-rover-velar-dynamic-se/3W32ViN26UcvNfJRk4oRyU,24000,45000.0,fremont ca
2017 Ford F-150 Xlt Sport 4Wd 4X4 — Max Trailer Tow Package,https://www.craigslist.org/view/d/mountain-view-2017-ford-150-xlt-sport/4JtpLpsx8nBVSHR9PaQT67,26000,99000.0,mountain view
Price Drop 2012 Nissan Sentra Se. As Is Sale,https://www.craigslist.org/view/d/san-jose-price-drop-2012-nissan-sentra/qusr49Eos6KyKwAA9QNSiu,2900,133000.0,san jose
2018 Xc90 T6 Momentum,https://www.craigslist.org/view/d/palo-alto-2018-xc90-t6-momentum/hKmDf29swTjdoaaK9DSmDx,13700,115000.0,palo alto
2012 Nissan Versa,https://www.craigslist.org/view/d/emeryville-2012-nissan-versa/sLemW66FDMCY42uHzCtE9z,2850,116000.0,emeryville
Truck For Sale,https://www.craigslist.org/view/d/union-city-truck-for-sale/6EG7BcHQLnrPbpuAeQvihT,60000,5500.0,alameda
Ford Econoline 150 Xl Van 1989,https://www.craigslist.org/view/d/union-city-ford-econoline-150-xl-van/4Kjk1RPy3GC8JkBuxitp6s,5000,83000.0,fremont / union city / newark
1968 Cadillac Deville Convertible,https://www.craigslist.org/view/d/san-leandro-1968-cadillac-deville/nAoYEandsCiUq3vT3WHHsy,18900,54000.0,san leandro
2010 Buick Enclave Cxl,https://www.craigslist.org/view/d/san-leandro-2010-buick-enclave-cxl/ukGhxriR8SjPNpMSLpYLUy,4900,180000.0,san leandro
"Toyota Rav4, 2015 Limited",https://www.craigslist.org/view/d/aptos-toyota-rav-limited/8h6SQxGiMc6mtJasaKWg82,16500,119000.0,aptos
2014 Yukon Xl Slt,https://www.craigslist.org/view/d/san-francisco-2014-yukon-xl-slt/2w2XY6SJhipGXBbsbg7cUp,5200,259000.0,twin peaks / diamond hts
Honda Civic Ef Hatchback For Sale,https://www.craigslist.org/view/d/san-jose-honda-civic-ef-hatchback-for/3Kxv69SSykr3ueaUmuUpVP,1800,177000.0,san jose downtown
1969 Chevrolet Camaro- Black,https://www.craigslist.org/view/d/gardnerville-1969-chevrolet-camaro-black/sYgXcvkDrerTfzhreokAh6,1234,78000.0,southlake tahoe
2022 Hyundai Santa Fe Sel Plug-In Hybrid Awd • Price Reduced,https://www.craigslist.org/view/d/cotati-2022-hyundai-santa-fe-sel-plug/uFbMKv84wSWj46wgapePHC,23000,54000.0,santa rosa
2018 Ford Fusion 1 Owner !!,https://www.craigslist.org/view/d/walnut-creek-2018-ford-fusion-owner/cLeLhzaav6TjJc8CuTnJ5t,8799,128000.0,walnut creek
2022 Chevy Silverado Pickup,https://www.craigslist.org/view/d/san-francisco-2022-chevy-silverado/xv7X1EHYyhv94QAvK2swFs,32500,78000.0,city of san francisco
2016 Toyota Camry Xle,https://www.craigslist.org/view/d/walnut-creek-2016-toyota-camry-xle/r8Pfpc6hnfjh7CDcnpnDxn,13000,138000.0,walnut creek
2015 Honda Accord First Owner Ex-L Model Price Reduced L,https://www.craigslist.org/view/d/holt-2015-honda-accord-first-owner-ex/jU9YCrSFQp7qDgCTtSSPdC,9000,181000.0,hayward / castro valley
1968 Chevrolet Camaro,https://www.craigslist.org/view/d/gardnerville-1968-chevrolet-camaro/5qiTYbz4gmGMsKftFsYZTf,37000,77000.0,southlake tahoe
2011 328 Coupe,https://www.craigslist.org/view/d/rohnert-park-coupe/kgE2rcRUd1KkJuQYWgWUSW,13500,50000.0,rohnert pk / cotati
Volkswagen Atlas,https://www.craigslist.org/view/d/berkeley-volkswagen-atlas/4FNM94B838xMiPZG6Mwq24,16000,85000.0,berkeley
2018 Hyundai Santa Fe Sport In Great Condition!!,https://www.craigslist.org/view/d/san-jose-2018-hyundai-santa-fe-sport-in/71TvKHjq9SA72FDvJ9aWaE,12600,132000.0,campbell
2018 Honda Civic Ex Reliable & Great Mpg,https://www.craigslist.org/view/d/richmond-2018-honda-civic-ex-reliable/kbkSjVZ2SGw9gyS78F7v8U,14950,120000.0,el cerrito
2013 Ford Fusion Runs Great,https://www.craigslist.org/view/d/richmond-2013-ford-fusion-runs-great/nsfPgPBMi59sc8K4BxPndB,2700,181000.0,richmond / point / annex
2006 Jaguar Xj8L,https://www.craigslist.org/view/d/union-city-2006-jaguar-xj8l/a8ieuvNissAYbUHWe7V6nM,2500,101000.0,union city
2016 Acura Mdx W/Tech Awd,https://www.craigslist.org/view/d/san-jose-2016-acura-mdx-tech-awd/mHsR5r5EYhc2c7fW68i93h,10500,90000.0,san jose east
2009 Infinit Fx 35 Awd Clean Title,https://www.craigslist.org/view/d/fairfield-2009-infinit-fx-35-awd-clean/2LC9HTMBspdvaX4zsehSDe,5500,160000.0,fairfield / vacaville
2017 Range Rover Hse Diesel,https://www.craigslist.org/view/d/pleasanton-2017-range-rover-hse-diesel/rGHzkWUSJe1PpdXnkSWeMg,21000,143000.0,dublin / pleasanton / livermore
2003 Toyota 4Runner Limited 4X4 V8,https://www.craigslist.org/view/d/santa-cruz-2003-toyota-4runner-limited/2vJQmLwhR25MepzdddgnEP,9900,240000.0,santa cruz
2009 Toyota Camry Hybrid. 128K Orig. Needs Bodywork.,https://www.craigslist.org/view/d/san-jose-2009-toyota-camry-hybrid-128k/aJR6XYS5MewC3BrcrmWs9x,1750,128000.0,san jose south
2009 Acura Mdx For Sale,https://www.craigslist.org/view/d/san-jose-2009-acura-mdx-for-sale/dCq7XBwrXU9JL3rMzm1edJ,5400,179000.0,los gatos
2025 Bmw I4 Edrive40,https://www.craigslist.org/view/d/palo-alto-2025-bmw-i4-edrive40/orZbv3f5LPTCSDu4xvJ2iz,570,9385.0,palo alto
Sprinter 4X4 Camper - Light Build - Top Tear Gear,https://www.craigslist.org/view/d/oakland-sprinter-4x4-camper-light-build/cm5PNnbPmiwJ9qutjAB2WZ,60000,110000.0,oakland piedmont / montclair
2003 Ford F250 6.0 Diesel 4X4 Clean Title,https://www.craigslist.org/view/d/fairfield-2003-ford-diesel-4x4-clean/dLZXYpuaSyiHktHzkaVois,6900,298000.0,fairfield / vacaville
2014 Bmw X1 Drive 28I,https://www.craigslist.org/view/d/petaluma-2014-bmw-x1-drive-28i/sebcatMpAYJ5Khdr1RHHgp,6550,137000.0,petaluma
2014 Chrysler 200 S,https://www.craigslist.org/view/d/san-ramon-2014-chrysler-200/6rvgU92o2rgoLZShmoHH2h,7000,68000.0,east bay area
2014 Ford Fusion *Clean Title,https://www.craigslist.org/view/d/rohnert-park-2014-ford-fusion-clean/6HCMt1nzWbVWRiXhaqWqr2,4000,199000.0,santa rosa
2014 Dodge Challenger Sxt Coupe,https://www.craigslist.org/view/d/dublin-2014-dodge-challenger-sxt-coupe/657btzfXLVD3h4ZjWrMLxs,9000,115000.0,dublin
2011 Bmw 328I Convertible,https://www.craigslist.org/view/d/san-jose-2011-bmw-328i-convertible/3NZpTSTuwKbaPAcoD4Xw2E,2800,86000.0,south bay area
1922 Model Tt Depot Hack,https://www.craigslist.org/view/d/alameda-1922-model-tt-depot-hack/fMf8QQgoPXqgZSKGhiS6Qe,12000,100000.0,alameda
Taylor/Dunn 36V Utility Cart,https://www.craigslist.org/view/d/alameda-taylor-dunn-36v-utility-cart/kr2iFZpPwkyPG9Nq5g6Ygq,1200,1234.0,alameda
2017 Mercedes C63 Amg Biturbo V8 Clean,https://www.craigslist.org/view/d/san-jose-2017-mercedes-c63-amg-biturbo/oMVXU1n96VQfNdZhaVFxtk,32500,85000.0,san jose south
2003 Mercedes Slk 32 Amg Hard Top Convertible With Rare Ssr Wheels,https://www.craigslist.org/view/d/san-jose-2003-mercedes-slk-32-amg-hard/kuGZrgGjF5edH9t944UEfE,6500,130000.0,san jose south
Nissan Juke Nismo 2014,https://www.craigslist.org/view/d/san-jose-nissan-juke-nismo-2014/h2e6UT3GnoGk4gVp3S7nZC,5900,75000.0,san jose north
1998 Honda Accord Sold 2100.00,https://www.craigslist.org/view/d/santa-rosa-1998-honda-accord-sold/t4fKx82w2YtqwYHtvW3Cun,2500,170000.0,novato
2014 Hyundai Elantra,https://www.craigslist.org/view/d/millbrae-2014-hyundai-elantra/uwTceBJb6nRJ5nRYGFRDjd,7500,109000.0,millbrae
2005 Toyota Corolla,https://www.craigslist.org/view/d/san-jose-2005-toyota-corolla/uuiLUMFzLcVnNXLtthHnQm,5300,126000.0,san jose south
"2019 Toyota Camry Se ~48,000 Miles",https://www.craigslist.org/view/d/san-francisco-2019-toyota-camry-se-miles/gtVFWsCoGjLxsaKL73ZBuW,22400,48000.0,inner sunset / ucsf
Mechanic  Special! 1982 Chevy G10 Cargo Van (Shorty),https://www.craigslist.org/view/d/san-jose-mechanic-special-1982-chevy/mJa66eNR8jUjtHZ8p147iU,3400,99000.0,san jose
Toyota Sienna Le,https://www.craigslist.org/view/d/santa-rosa-toyota-sienna-le/bhqrbLhqDtqXw83zbpfZD3,4500,150000.0,santa rosa
2011 Nissan Leaf / Short Commuter Ev,https://www.craigslist.org/view/d/los-gatos-2011-nissan-leaf-short/gwxVkPvQ5wrkHat4gxUHFM,1900,82000.0,los gatos
2014 Ram 2500 Big Horn 4Wd Diesel,https://www.craigslist.org/view/d/santa-rosa-2014-ram-2500-big-horn-4wd/uNEzWXWWyM9AS8auvDNL7x,26000,155000.0,lake county
2016 Nissan Juke Sv,https://www.craigslist.org/view/d/fremont-2016-nissan-juke-sv/gH8JVysSQK7R49Z513WKJ5,1,10000.0,fremont
1974 Rallye Charger 440,https://www.craigslist.org/view/d/manteca-1974-rallye-charger-440/h5bqvhiXrgRwX1jCNBGuvV,18500,56000.0,manteca
2015 Honda Accord Exl,https://www.craigslist.org/view/d/fremont-2015-honda-accord-exl/qFXK38TeP6JqmwZyRCMDUG,14500,52000.0,fremont
2013 Toyota Venza Awd Great Condition!,https://www.craigslist.org/view/d/hayward-2013-toyota-venza-awd-great/isT9Gh4cHh4Tv9tPiit7kD,7400,159000.0,hayward / castro valley
Mini Clubman S Fwd John Cooper Works Style,https://www.craigslist.org/view/d/oakland-mini-clubman-fwd-john-cooper/adH2ZxHZYJ4tVgREJ7iFj1,16240,75000.0,oakland lake merritt / grand
2001 Golf Gls 1.8T,https://www.craigslist.org/view/d/oakland-2001-golf-gls-18t/gyBBVneZoSgTqqCq8znRFm,2300,150000.0,oakland north / temescal
Lexus 2015 Rc 350 F Sport - 20K Obo,https://www.craigslist.org/view/d/el-cerrito-lexus-2015-rc-350-sport-20k/3JrkXBNfFSnvvaSPrqKPAH,20000,100000.0,albany / el cerrito
Toyota Camry,https://www.craigslist.org/view/d/san-mateo-toyota-camry/r5n1HxS4u4pJiFCkJLtmNr,8900,154000.0,san mateo
"2018 L5P Duramax 4X4 Crew Cab 76,500 Miles",https://www.craigslist.org/view/d/redwood-city-2018-l5p-duramax-4x4-crew/6sgc2eoieRNLTzBp5JLnTj,33065,77000.0,redwood shores
Truck  Ford F450,https://www.craigslist.org/view/d/brentwood-truck-ford-f450/3pAFJcmmkHHz8EUprj27LQ,4000,170000.0,brentwood / oakley
Truck  Ford F450,https://www.craigslist.org/view/d/walnut-creek-truck-ford-f450/wShGxaX54JumT9T5kGFpK3,4000,170000.0,walnut creek
"Blue 2010 Toyota Prius 4. 116K Low Miles! 52 Mpg! Moonroof, Leather",https://www.craigslist.org/view/d/petaluma-blue-2010-toyota-prius-116k/hun95R7LqiHNhDJr6QSBG2,5900,116000.0,petaluma
2002 Cummins 5.9 Liter Crashed Ram Truck Good Motor And 4X4 Transmisio,https://www.craigslist.org/view/d/hollister-2002-cummins-59-liter-crashed/minkFdxamRpKQBsecSozTg,2500,167000.0,san jose downtown
2013 Jeep Wrangler Sahara 9400 Miles,https://www.craigslist.org/view/d/santa-rosa-2013-jeep-wrangler-sahara/wdyUq5VFzmQ4FXqpLG6Uz2,29990,9405.0,santa rosa
Chevy Camaro Ss,https://www.craigslist.org/view/d/fremont-chevy-camaro-ss/6iR1Px6Jg1jfukWrPPeiKn,10000,85000.0,east bay area
