year,make,model,avg_market_price
1996,bmw,z3,8000.0
1996,buick,estate,2500.0
1996,buick,lessbre,2000.0
1996,chevrolet,3500hd,8000.0
1996,chevrolet,camaro,13500.0
1996,chevrolet,caprice,9500.0
1996,chevrolet,corvette,9950.0
1996,chevrolet,gmt-400,3000.0
1996,chevrolet,impala,18000.0
1996,chevrolet,k1500,11400.0
1996,chevrolet,silverado,4800.0
1996,chevy,s10,3500.0
1996,chevy,tahoe,10000.0
1996,chrysler,sebring,3800.0
1996,dodge,caravan/grand,4795.0
1996,dodge,cummins,8000.0
1996,dodge,dakota,2200.0
1996,ford,aerostar,4900.0
1996,ford,bronco,16750.0
1996,ford,f-150,10000.0
1996,ford,f-250,8166.666666666667
1996,ford,f-350,55000.0
1996,ford,f250,9130.0
1996,ford,mustang,17220.0
1996,ford,taurus,3750.0
1996,gmc,sierra,10500.0
1996,gmc,suburban,6500.0
1996,gmc,top,21000.0
1996,gmc,topkick,12800.0
1996,gmc,vandura,7000.0
1996,gmc,w4,11000.0
1996,gmc,yukon,8000.0
1996,honda,civic,2833.3333333333335
1996,infiniti,i30,3600.0
1996,jaguar,vanden,3900.0
1996,jeep,cherokee,5250.0
1996,jeep,grand,4266.666666666667
1996,lexus,es,2500.0
1996,mazda,b2300,3000.0
1996,mercedes-benz,s-class,2950.0
1996,nissan,d21,7500.0
1996,nissan,pickup,7700.0
1996,nissan,skyline,32999.0
1996,pontiac,firebird,4999.0
1996,toyota,4runner,4300.0
1996,toyota,avalon,3000.0
1996,toyota,corolla,3000.0
1996,toyota,hiace,85000.0
1996,toyota,rav4,2500.0
1996,toyota,tacoma,7500.0
1996,volvo,850,12000.0
1997,audi,cabriolet,3900.0
1997,bmw,320i,12900.0
1997,bmw,328i,6000.0
1997,bmw,5,12333.333333333334
1997,bmw,840ci,27000.0
1997,bmw,z3,10000.0
1997,bmw,z4,15800.0
1997,cadillac,seville,4750.0
1997,chevrolet,astro,4000.0
1997,chevrolet,camaro,19375.0
1997,chevrolet,corvette,7681.333333333333
1997,chevrolet,express,6900.0
1997,chevrolet,gmt-400,7747.5
1997,chevrolet,monte,3500.0
1997,chevrolet,p30,6000.0
1997,chevrolet,s10,3800.0
1997,chevrolet,silverado,8666.666666666666
1997,chevrolet,suburban,10950.0
1997,chevrolet,tahoe,7350.0
1997,chevy,camaro,5750.0
1997,chevy,monte,3500.0
1997,chevy,silverado,8000.0
1997,chevy,tahoe,9000.0
1997,chrysler,sebring,2000.0
1997,ford,e350,2700.0
1997,ford,expedition,3500.0
1997,ford,f-150,4216.666666666667
1997,ford,f-250,9500.0
1997,ford,f150,5900.0
1997,ford,f250,32000.0
1997,ford,f350,23000.0
1997,ford,mustang,15247.5
1997,ford,ranger,5780.0
1997,ford,unspecified,12500.0
1997,gmc,1997,12000.0
1997,gmc,safari,2150.0
1997,gmc,sierra,22000.0
1997,honda,accord,2900.0
1997,honda,odyssey,2000.0
1997,jeep,cherokee,10250.0
1997,jeep,wrangler,6133.333333333333
1997,lexus,es300,2375.0
1997,lexus,ls,2650.0
1997,mazda,b4000,3100.0
1997,mazda,mx-5,4500.0
1997,mercedes-benz,c-class,3500.0
1997,mercedes-benz,e,4999.0
1997,mercedes-benz,e-class,8900.0
1997,mercedes-benz,sl-class,21500.0
1997,mercedes-benz,sl500,29800.0
1997,mitsubishi,delica,16000.0
1997,nissan,atlas,27000.0
1997,pontiac,firebird,40000.0
1997,subaru,impreza,26900.0
1997,toyota,4runner,5900.0
1997,toyota,camry,2500.0
1997,toyota,celica,12200.0
1997,toyota,previa,2625.0
1997,toyota,t-100,8200.0
1997,toyota,t100,4500.0
1998,bmw,3,5800.0
1998,bmw,m3,15394.0
1998,bmw,z3,4766.666666666667
1998,buick,lesabre,3400.0
1998,buick,park,2500.0
1998,cadillac,concours,3900.0
1998,cadillac,deville,3500.0
1998,chevrolet,astro,4925.0
1998,chevrolet,corvette,16366.666666666666
1998,chevrolet,gmt-400,12000.0
1998,chevrolet,malibu,2150.0
1998,chevrolet,silverado,5500.0
1998,chevrolet,suburban,6000.0
1998,chevrolet,tahoe,13750.0
1998,chevy,cheyenne,12000.0
1998,chevy,ck,7500.0
1998,chevy,tracker,3000.0
1998,dodge,dakota,3750.0
1998,ford,e-150,9150.0
1998,ford,e-350,7500.0
1998,ford,e350,50000.0
1998,ford,escort,2500.0
1998,ford,expedition,2300.0
1998,ford,f-150,3500.0
1998,ford,f-700,12500.0
1998,ford,f-800,25000.0
1998,ford,f250,3016.6666666666665
1998,ford,mustang,6385.714285714285
1998,ford,ranger,4933.333333333333
1998,ford,svt,8900.0
1998,ford,taurus,2400.0
1998,ford,triton,2000.0
1998,ford,unspecified,6500.0
1998,gmc,savana,7100.0
1998,gmc,sierra,7916.666666666667
1998,gmc,unspecified,4500.0
1998,honda,accord,3648.75
1998,honda,civic,7900.0
1998,honda,prelude,5460.0
1998,honda,z,5700.0
1998,jaguar,xk8,4000.0
1998,jeep,cherokee,6750.0
1998,jeep,grand,3000.0
1998,jeep,wrangler,11750.0
1998,jeep,wrangler4x4,6700.0
1998,land,rover,13000.0
1998,lexus,es,8200.0
1998,lexus,gs300,2900.0
1998,mazda,b-series,2500.0
1998,mercedes,e320,5150.0
1998,mercedes,s420,3500.0
1998,mercedes,slk230,12800.0
1998,mercedes-benz,c-class,5949.5
1998,mercedes-benz,e-class,5999.0
1998,mercedes-benz,s-class,7713.5
1998,mitsubishi,delica,9500.0
1998,mitsubishi,eclipse,4500.0
1998,nissan,march,6950.0
1998,pontiac,trans,17500.0
1998,porsche,boxster,13316.666666666666
1998,toyota,4runner,7428.571428571428
1998,toyota,avalon,2500.0
1998,toyota,camry,4400.0
1998,toyota,corolla,5999.0
1998,toyota,landcruiser,10000.0
1998,toyota,rav4,2200.0
1998,toyota,sienna,2687.5
1998,toyota,tacoma,8645.454545454546
1999,acura,cl,2275.0
1999,acura,integra,21649.75
1999,acura,rsx,2100.0
1999,audi,a4,2400.0
1999,bmw,3,20500.0
1999,bmw,323i,4625.0
1999,bmw,328i,11100.0
1999,bmw,7,2800.0
1999,bmw,m3,20897.5
1999,bmw,unspecified,6499.0
1999,bmw,z3,6500.0
1999,cadillac,deville,4533.333333333333
1999,cadillac,eldorado,2500.0
1999,cadillac,escalade,5000.0
1999,cadillac,sts,11000.0
1999,chevrolet,blazer,15000.0
1999,chevrolet,corvette,20833.333333333332
1999,chevrolet,express,7000.0
1999,chevrolet,silverado,7333.333333333333
1999,chevrolet,tahoe,7995.0
1999,chevy,silverado,11750.0
1999,dodge,dakota,5025.0
1999,dodge,durango,3300.0
1999,dodge,intrepid,2000.0
1999,ford,crown,3850.0
1999,ford,e-150,3300.0
1999,ford,escort,4850.0
1999,ford,espedition,5500.0
1999,ford,expedition,2400.0
1999,ford,f-150,4510.0
1999,ford,f-250,14500.0
1999,ford,f-350,15900.0
1999,ford,f150,3566.6666666666665
1999,ford,f250,14650.0
1999,ford,f350,16477.777777777777
1999,ford,f550,16250.0
1999,ford,mustang,9937.5
1999,ford,ranger,7340.0
1999,ford,taurus,3200.0
1999,gmc,1999,16250.0
1999,gmc,k,16900.0
1999,gmc,savannah,2500.0
1999,gmc,suburban,10116.333333333334
1999,gmc,unspecified,5500.0
1999,gmc,yukon,23500.0
1999,honda,accord,3799.8
1999,honda,cr-v,4250.0
1999,honda,passport,2500.0
1999,honda,unspecified,2500.0
1999,infiniti,q45,3500.0
1999,jaguar,xj8,7250.0
1999,jaguar,xk8,8000.0
1999,jeep,cherokee,7000.0
1999,jeep,grand,4200.0
1999,jeep,tj,23000.0
1999,jeep,unspecified,13500.0
1999,jeep,wrangler,6525.0
1999,land,rover,6166.666666666667
1999,lexus,es300,2000.0
1999,lexus,ls400,9800.0
1999,lexus,lx,12500.0
1999,lexus,rx,2900.0
1999,mazda,miata,11500.0
1999,mazda,mx-5,10100.0
1999,mazda,protege,2999.0
1999,mercedes,e320,5000.0
1999,mercedes,s600,46999.0
1999,mercedes-benz,c-280,3995.0
1999,mercedes-benz,c280,4000.0
1999,mercedes-benz,clk430,2000.0
1999,mercedes-benz,e-class,4933.333333333333
1999,mercedes-benz,e320,6500.0
1999,mercedes-benz,ml320,4500.0
1999,mercedes-benz,ml430,2495.0
1999,mercedes-benz,s-class,8500.0
1999,mitsubishi,3000gt,9000.0
1999,mitsubishi,montero,12500.0
1999,nissan,frontier,6000.0
1999,nissan,maxima,3600.0
1999,porsche,911,26875.0
1999,subaru,forester,3500.0
1999,subaru,impreza,2950.0
1999,toyota,4runner,7800.0
1999,toyota,avalon,2100.0
1999,toyota,camry,5000.0
1999,toyota,corolla,3500.0
1999,toyota,landcruiser,15000.0
1999,toyota,tacoma,9493.75
1999,toyota,toyoace,11950.0
1999,toyota,unspecified,8950.0
1999,volkswagen,eurovan,5000.0
1999,volvo,c70,5000.0
1999,vw,eurovan,18500.0
2000,acura,integra,4500.0
2000,acura,tl,3400.0
2000,audi,s4,18500.0
2000,bentley,arnage,19999.0
2000,bmw,323ci,5499.5
2000,bmw,323i,2649.5
2000,bmw,328i,3500.0
2000,bmw,5,3000.0
2000,bmw,528i,4900.0
2000,bmw,540i,13000.0
2000,bmw,740i,7433.333333333333
2000,bmw,m5,63000.0
2000,bmw,x3,2000.0
2000,bmw,z-3,15000.0
2000,bmw,z3,6655.555555555556
2000,buick,park,7800.0
2000,cadillac,deville,2800.0
2000,cadillac,eldorado,10099.666666666666
2000,cadillac,escalade,6700.0
2000,cadillac,sedan,5950.0
2000,chevrolet,3500,6200.0
2000,chevrolet,6500,40000.0
2000,chevrolet,awd,13500.0
2000,chevrolet,camaro,2497.25
2000,chevrolet,colorado,8500.0
2000,chevrolet,corvette,20747.5
2000,chevrolet,express,4750.0
2000,chevrolet,monte,15000.0
2000,chevrolet,silverado,7900.0
2000,chevrolet,tahoe,4500.0
2000,chevy,1500,4375.0
2000,chevy,camaro,18500.0
2000,chevy,corvette,19183.333333333332
2000,chevy,monte,3400.0
2000,chevy,p30,3200.0
2000,chevy,s10,3900.0
2000,chevy,silverado,15000.0
2000,chevy,tahoe,2300.0
2000,chevy,tracker,2950.0
2000,chrysler,sebring,4000.0
2000,dodge,dakota,3166.6666666666665
2000,dodge,durango,2200.0
2000,ford,e-150,7000.0
2000,ford,e-250,5600.0
2000,ford,e150,3000.0
2000,ford,econoline,5500.0
2000,ford,excursion,6500.0
2000,ford,f-150,9650.0
2000,ford,f-250,6980.0
2000,ford,f-350,8800.0
2000,ford,f-450,17500.0
2000,ford,f150,5500.0
2000,ford,f250,9000.0
2000,ford,f350,14812.5
2000,ford,f450,13500.0
2000,ford,mustang,8100.0
2000,ford,ranger,7379.0
2000,ford,taurus,3850.0
2000,ford,xlt,2900.0
2000,gmc,3500,7500.0
2000,gmc,sierra,8090.0
2000,gmc,unspecified,3100.0
2000,honda,accord,2688.8888888888887
2000,honda,civic,3266.6666666666665
2000,honda,cr-v,5266.666666666667
2000,honda,odyssey,3647.5
2000,honda,prelude,8900.0
2000,hyundai,ionic,9500.0
2000,infiniti,i30,3000.0
2000,jaguar,s-type,7131.333333333333
2000,jaguar,unspecified,4000.0
2000,jaguar,xj8,3900.0
2000,jeep,cherokee,6332.142857142857
2000,jeep,grand,4000.0
2000,jeep,wrangler,8640.0
2000,jeep,wranngler,7995.0
2000,land,rover,11000.0
2000,lexus,es,5424.5
2000,lexus,lx,18900.0
2000,lexus,lx470,21600.0
2000,lexus,rx,2900.0
2000,lexus,rx300,4998.0
2000,mazda,miata,9000.0
2000,mazda,mpv,3495.0
2000,mazda,mx-5,6900.0
2000,mercedes,c230,3900.0
2000,mercedes,e430,3500.0
2000,mercedes-benz,clk-class,8200.0
2000,mercedes-benz,e-class,3100.0
2000,mercedes-benz,e320,2650.0
2000,mercedes-benz,m-class,3000.0
2000,mercedes-benz,ml-class,2000.0
2000,mercedes-benz,slk230,8000.0
2000,nissan,maxima,4833.333333333333
2000,nissan,quest,2800.0
2000,nissan,xterra,2500.0
2000,pontiac,firebird,18999.0
2000,porsche,911,29699.75
2000,porsche,boxster,8250.0
2000,subaru,legacy,12000.0
2000,toyota,4runner,8680.0
2000,toyota,avalon,2700.0
2000,toyota,camry,3179.4
2000,toyota,celica,3300.0
2000,toyota,mr2,6000.0
2000,toyota,rav4,2700.0
2000,toyota,sienna,2500.0
2000,toyota,solara,4499.0
2000,toyota,tacoma,7399.666666666667
2000,toyota,tundra,6328.571428571428
2000,volkswagen,beetle,5000.0
2000,volkswagen,eurovan,21500.0
2000,volvo,v70,3200.0
2000,volvo,vnl,7900.0
2000,vw,eurovan,9500.0
2000,vw,passat,4300.0
2001,acura,cl,2450.0
2001,acura,integra,3500.0
2001,acura,mdx,3875.0
2001,acura,tl,2905.0
2001,audi,a4,3000.0
2001,audi,tt,6050.0
2001,bmw,3,3800.0
2001,bmw,325ci,8100.0
2001,bmw,325i,5600.0
2001,bmw,525i,5500.0
2001,bmw,530i,3500.0
2001,bmw,740i,6200.0
2001,bmw,740il,8881.666666666666
2001,bmw,x5,2950.0
2001,bmw,z3,10078.8
2001,buick,century,2500.0
2001,buick,regal,2800.0
2001,cadillac,deville,2350.0
2001,chevrolet,corvette,14750.0
2001,chevrolet,express,8350.0
2001,chevrolet,monte,2200.0
2001,chevrolet,silverado,7875.0
2001,chevrolet,suburban,3150.0
2001,chevy,astrovan,2700.0
2001,chevy,avalanche,6000.0
2001,chevy,c6500,25000.0
2001,chevy,corvette,23000.0
2001,chevy,express,4500.0
2001,chevy,monte,2000.0
2001,chevy,silverado,10483.333333333334
2001,chevy,suburban,8000.0
2001,chevy,tahoe,7187.5
2001,chevy,tracker,4850.0
2001,chevy,unspecified,6000.0
2001,chrysler,town,3350.0
2001,chrysler,voyager,2650.0
2001,dodge,dakota,6950.0
2001,dodge,durango,2425.0
2001,dodge,ryan,8000.0
2001,ford,e-250,7700.0
2001,ford,e-350,6000.0
2001,ford,e250,3300.0
2001,ford,excursion,19000.0
2001,ford,expedition,17950.0
2001,ford,explorer,4500.0
2001,ford,f-150,4433.333333333333
2001,ford,f-250,14574.75
2001,ford,f-450,7000.0
2001,ford,f150,2583.3333333333335
2001,ford,f250,10966.666666666666
2001,ford,f350,10612.5
2001,ford,mustang,6362.5
2001,ford,ranger,8633.333333333334
2001,ford,taurus,3327.8571428571427
2001,ford,unspecified,7000.0
2001,ford,winstar,2750.0
2001,gmc,2500,3500.0
2001,gmc,safari,4700.0
2001,gmc,savana,7700.0
2001,gmc,sierra,10583.333333333334
2001,gmc,yukon,3025.0
2001,gmc,yukonxl,2800.0
2001,honda,accord,3598.5
2001,honda,civic,3499.75
2001,honda,cr-v,3000.0
2001,honda,insight,2500.0
2001,honda,odyssey,3033.3333333333335
2001,honda,prelude,5900.0
2001,honda,s2000,37500.0
2001,honda,vamos,7250.0
2001,hyundai,elantra,2300.0
2001,infiniti,g20,3000.0
2001,infiniti,i30,3200.0
2001,jaguar,xj8,6500.0
2001,jaguar,xj8l,6000.0
2001,jaguar,xk8,12166.666666666666
2001,jeep,cherokee,10050.0
2001,jeep,tj,6500.0
2001,jeep,wrangler,8350.0
2001,land,rover,7700.0
2001,lexus,es,3400.0
2001,lexus,es300,6300.0
2001,lexus,gs,12566.666666666666
2001,lexus,gs300,3200.0
2001,lexus,is,5175.0
2001,lexus,ls,5187.5
2001,lexus,ls430,5800.0
2001,lexus,rx,3100.0
2001,mazda,b3000,9500.0
2001,mazda,miata,8250.0
2001,mazda,mx-5,4250.0
2001,mazda,tribute,3950.0
2001,mercedes,clk55,10900.0
2001,mercedes,e320,2950.0
2001,mercedes,ml,3850.0
2001,mercedes,s500,5995.0
2001,mercedes-benz,430clk,5000.0
2001,mercedes-benz,c-class,2750.0
2001,mercedes-benz,e-class,4037.25
2001,mercedes-benz,e320,2500.0
2001,mercedes-benz,s-class,6266.333333333333
2001,nissan,maxima,3200.0
2001,nissan,pathfinder,4833.333333333333
2001,pontiac,firebird,7500.0
2001,pontiac,montana,2000.0
2001,porsche,911,35125.0
2001,porsche,boxster,9216.666666666666
2001,ram,2500,4995.0
2001,ram,3500,26500.0
2001,saturn,l200,2000.0
2001,saturn,sl2,3500.0
2001,subaru,impreza,6500.0
2001,subaru,legacy,2700.0
2001,toyota,4runner,9800.0
2001,toyota,camry,4083.3333333333335
2001,toyota,corolla,4900.0
2001,toyota,dyna,9500.0
2001,toyota,echo,2750.0
2001,toyota,grand,14500.0
2001,toyota,highlander,3466.6666666666665
2001,toyota,mr2,8500.0
2001,toyota,sequoia,4750.0
2001,toyota,sienna,3650.0
2001,toyota,solara,11500.0
2001,toyota,tacoma,8637.5
2001,toyota,tundra,8640.0
2001,toyota,unspecified,4650.0
2001,volkswagen,beetle,5000.0
2001,volkswagen,eurovan,12496.666666666666
2001,volvo,xc70,2250.0
2001,vw,eurovan,10478.25
2001,vw,jetta,2900.0
2002,acura,mdx,3650.0
2002,acura,rsx,6975.0
2002,acura,tl,6950.0
2002,audi,a6,2450.0
2002,audi,tt,4500.0
2002,bentley,azure,67000.0
2002,bmw,3,2500.0
2002,bmw,325ci,9250.0
2002,bmw,325i,8000.0
2002,bmw,325xi,3250.0
2002,bmw,330i,3500.0
2002,bmw,525i,5166.666666666667
2002,bmw,530i,3500.0
2002,bmw,745li,5800.0
2002,bmw,m3,16449.5
2002,bmw,unspecified,14500.0
2002,bmw,x5,3500.0
2002,bmw,z3,8900.0
2002,buick,century,2200.0
2002,buick,rendezvous,2800.0
2002,cadillac,deville,2500.0
2002,cadillac,eldorado,4950.0
2002,cadillac,escalade,4500.0
2002,chevrolet,astro,5600.0
2002,chevrolet,avalanche,8500.0
2002,chevrolet,camaro,11300.0
2002,chevrolet,cavalier,5500.0
2002,chevrolet,corvette,22066.666666666668
2002,chevrolet,express,2000.0
2002,chevrolet,extended,23500.0
2002,chevrolet,s10,6162.5
2002,chevrolet,silverado,8331.25
2002,chevrolet,tahoe,4450.0
2002,chevy,blazer,3000.0
2002,chevy,express,8083.333333333333
2002,chevy,s10,2500.0
2002,chevy,school,8350.0
2002,chevy,silverado,14466.666666666666
2002,chevy,tahoe,3400.0
2002,chevy,trailblazer,2500.0
2002,chrysler,pt,4433.333333333333
2002,chrysler,sebring,2200.0
2002,dodge,3/4,3500.0
2002,dodge,3500,3800.0
2002,dodge,dakota,5050.0
2002,dodge,nitro,8995.0
2002,ford,3ch,24000.0
2002,ford,crown,3800.0
2002,ford,e-350,8900.0
2002,ford,e-450,12000.0
2002,ford,e250,7000.0
2002,ford,e350,8800.0
2002,ford,excursion,9500.0
2002,ford,expedition,4366.666666666667
2002,ford,explorer,3740.0
2002,ford,f-150,5762.5
2002,ford,f-250,9033.333333333334
2002,ford,f-350,7750.0
2002,ford,f-450,13900.0
2002,ford,f150,8200.0
2002,ford,f250,8200.0
2002,ford,f350,19500.0
2002,ford,focus,3600.0
2002,ford,mustang,4200.0
2002,ford,ranger,6066.555555555556
2002,ford,taurus,2300.0
2002,ford,thunderbird,12511.875
2002,ford,unspecified,6700.0
2002,ford,windstar,2800.0
2002,gmc,kodiak,3500.0
2002,gmc,safari,18595.0
2002,gmc,savana,9995.0
2002,gmc,sierra,10183.333333333334
2002,gmc,yukon,7037.25
2002,honda,accord,4400.0
2002,honda,civic,3542.8571428571427
2002,honda,cr-v,4231.25
2002,honda,insight,3250.0
2002,honda,odyssey,2880.0
2002,honda,passport,3000.0
2002,honda,s2000,14000.0
2002,honda,unspecified,3750.0
2002,hyundai,elantra,3350.0
2002,hyundai,tucson,5000.0
2002,infiniti,i,2850.0
2002,infiniti,q45,4800.0
2002,jaguar,x-type,3000.0
2002,jaguar,xk8,7500.0
2002,jeep,grand,6500.0
2002,jeep,wrangler,9800.0
2002,kia,optima,2300.0
2002,kia,rio,3500.0
2002,kia,sportage,2300.0
2002,land,rover,17000.0
2002,lexus,es,3183.1666666666665
2002,lexus,es300,6499.0
2002,lexus,gs,4500.0
2002,lexus,ls,4900.0
2002,lexus,ls430,11350.0
2002,lexus,lx470,11800.0
2002,lexus,rx,3326.6666666666665
2002,lexus,rx300,3548.5714285714284
2002,lexus,sc430,13475.0
2002,mazda,b3000,3833.3333333333335
2002,mazda,mx-5,6000.0
2002,mazda,protege5,4500.0
2002,mercedes,cl,2950.0
2002,mercedes,cl500,3000.0
2002,mercedes,e55,48500.0
2002,mercedes,s55,6500.0
2002,mercedes,unspecified,24500.0
2002,mercedes-benz,c240,2500.0
2002,mercedes-benz,c32,7500.0
2002,mercedes-benz,cl-class,3999.0
2002,mercedes-benz,clk430,3800.0
2002,mercedes-benz,e-class,7316.666666666667
2002,mercedes-benz,g-class,23999.0
2002,mercedes-benz,ml500,2800.0
2002,mercedes-benz,s,10900.0
2002,mercedes-benz,s-class,6100.0
2002,mitsubishi,galant,3400.0
2002,mitsubishi,montero,3400.0
2002,nissan,altima,2800.0
2002,nissan,frontier,8000.0
2002,nissan,pathfinder,3333.0
2002,nissan,xterra,4450.0
2002,pontiac,firebird,12000.0
2002,porsche,911,41500.0
2002,porsche,boxster,10359.8
2002,porsche,unspecified,35000.0
2002,saturn,l,2000.0
2002,saturn,unspecified,3000.0
2002,subaru,impreza,12000.0
2002,subaru,legacy,2000.0
2002,subaru,outback,5662.5
2002,subaru,wrx,2500.0
2002,toyota,4runner,7700.0
2002,toyota,camry,3519.9
2002,toyota,celica,4050.0
2002,toyota,corolla,3795.0
2002,toyota,echo,2300.0
2002,toyota,highlander,3850.0
2002,toyota,prius,5995.0
2002,toyota,rav4,4550.0
2002,toyota,sequoia,5166.666666666667
2002,toyota,sienna,3459.6
2002,toyota,tacoma,8774.375
2002,toyota,tundra,9537.375
2002,toyota,unspecified,5400.0
2002,volkswagen,beetle,2159.0
2002,volkswagen,euro-van,8500.0
2002,volkswagen,eurovan,30600.0
2002,volkswagen,golf,3500.0
2002,volvo,s80,6800.0
2002,vw,beetle,2850.0
2002,vw,eurovan,13360.0
2002,vw,turbo,3500.0
2003,acura,cl,7747.5
2003,acura,mdx,3166.6666666666665
2003,acura,rsx,11000.0
2003,acura,tl,5683.166666666667
2003,audi,a4,2600.0
2003,audi,a6,5600.0
2003,bmw,325i,4800.0
2003,bmw,325xi,7500.0
2003,bmw,330ci,6500.0
2003,bmw,330i,10500.0
2003,bmw,5,2750.0
2003,bmw,540i,17999.0
2003,bmw,m3,22000.0
2003,bmw,m5,35000.0
2003,bmw,unspecified,7000.0
2003,bmw,x5,8500.0
2003,bmw,z4,8920.0
2003,buick,century,2575.0
2003,buick,lesabre,3750.0
2003,buick,rendezvous,3650.0
2003,cadillac,deville,3450.0
2003,cadillac,seville,2800.0
2003,chevrolet,astro,10000.0
2003,chevrolet,avalanche,5250.0
2003,chevrolet,blazer,9790.0
2003,chevrolet,c4500,10000.0
2003,chevrolet,corvette,23350.0
2003,chevrolet,express,8800.0
2003,chevrolet,s-10,3500.0
2003,chevrolet,s10,3520.0
2003,chevrolet,silverado,11740.90909090909
2003,chevrolet,tahoe,3900.0
2003,chevrolet,tracker,2750.0
2003,chevrolet,trailblazer,3750.0
2003,chevy,blazer,7499.5
2003,chevy,corvette,9000.0
2003,chevy,express,8500.0
2003,chevy,s10,4883.333333333333
2003,chevy,silverado,10800.0
2003,chevy,sonic,2700.0
2003,chevy,tahoe,3500.0
2003,chevy,unspecified,3000.0
2003,dodge,caravan,4000.0
2003,dodge,dakota,4350.0
2003,dodge,durango,2950.0
2003,dodge,grand,4450.0
2003,dodge,ram2500,32900.0
2003,dodge,sprinter,15900.0
2003,ford,2003,7000.0
2003,ford,crown,3800.0
2003,ford,e-250,4000.0
2003,ford,e-350,11000.0
2003,ford,e-450,12000.0
2003,ford,e150,15000.0
2003,ford,e350,6000.0
2003,ford,econoline,6650.0
2003,ford,excursion,8400.0
2003,ford,expedition,4222.0
2003,ford,explorer,4100.0
2003,ford,f-150,5450.0
2003,ford,f-250,4100.0
2003,ford,f-350,16730.833333333332
2003,ford,f150,9743.75
2003,ford,f250,6400.0
2003,ford,f350,11325.0
2003,ford,f450,17900.0
2003,ford,f550,10500.0
2003,ford,focus,2700.0
2003,ford,mustang,12566.666666666666
2003,ford,ranger,4325.0
2003,ford,thunderbird,13500.0
2003,ford,unspecified,2400.0
2003,ford,windstar,4050.0
2003,gmc,envoy,2824.1666666666665
2003,gmc,safari,2500.0
2003,gmc,savana,4900.0
2003,gmc,sierra,15120.0
2003,gmc,sonoma,6900.0
2003,gmc,topkick,16750.0
2003,gmc,yukon,5330.0
2003,honda,accord,3079.1666666666665
2003,honda,civic,3460.0
2003,honda,cr-v,2816.666666666667
2003,honda,element,4175.0
2003,honda,odyssey,8500.0
2003,honda,pilot,3783.3333333333335
2003,honda,s2000,37000.0
2003,honda,unspecified,4200.0
2003,infiniti,g35,5200.0
2003,jaguar,s-type,5833.333333333333
2003,jaguar,xj8,8888.0
2003,jeep,grand,2400.0
2003,jeep,liberty,3633.3333333333335
2003,jeep,tj,20000.0
2003,jeep,wrangler,8911.111111111111
2003,kia,rio,2500.0
2003,kia,sorento,3250.0
2003,kia,spectra,2350.0
2003,lexus,es,2649.5
2003,lexus,es300,4800.0
2003,lexus,gs,6000.0
2003,lexus,gx,12399.5
2003,lexus,gx470,5900.0
2003,lexus,lx,7500.0
2003,lexus,rx,4000.0
2003,lexus,rx300,6229.666666666667
2003,lexus,sc,14900.0
2003,lexus,sc430,15000.0
2003,mazda,mx-5,8400.0
2003,mercedes,2003,9900.0
2003,mercedes,e55,19000.0
2003,mercedes,slk32,6500.0
2003,mercedes,sprinter,7299.0
2003,mercedes-benz,c320,6450.0
2003,mercedes-benz,e-class,9066.666666666666
2003,mercedes-benz,m-class,2800.0
2003,mercedes-benz,ml320,3250.0
2003,mercedes-benz,s-class,7049.25
2003,mercedes-benz,sl-class,7516.666666666667
2003,mercedes-benz,sl55,25800.0
2003,mercedes-benz,slk230,3995.0
2003,mitsubishi,montero,4000.0
2003,nissan,350z,6950.0
2003,nissan,frontier,6800.0
2003,nissan,maxima,3900.0
2003,nissan,murano,3900.0
2003,nissan,pathfinder,2100.0
2003,pontiac,bonneville,2965.0
2003,pontiac,tbird,13500.0
2003,pontiac,vibe,4016.5
2003,saturn,aura,2295.0
2003,saturn,vue,2000.0
2003,subaru,baja,5500.0
2003,subaru,forester,6800.0
2003,subaru,legacy,6100.0
2003,subaru,ll,3650.0
2003,subaru,outback,5690.0
2003,subaru,unspecified,3650.0
2003,subaru,wrx,9000.0
2003,toyota,4runner,7633.333333333333
2003,toyota,avalon,2500.0
2003,toyota,camry,3921.428571428571
2003,toyota,corolla,4030.0
2003,toyota,highlander,5428.428571428572
2003,toyota,prius,3315.0
2003,toyota,rav4,2766.6666666666665
2003,toyota,sequoia,4650.0
2003,toyota,sienna,2950.0
2003,toyota,tacoma,11338.888888888889
2003,toyota,truck,7275.0
2003,toyota,tundra,8854.545454545454
2003,toyota,unspecified,4500.0
2003,volkswagen,beetle,5000.0
2003,volkswagen,eurovan,8320.0
2003,vw,eurovan,9166.666666666666
2003,vw,vanagon,11500.0
2003,vw,westfalia,12900.0
2004,acura,mdx,5299.0
2004,acura,rl,4000.0
2004,acura,tl,3866.6666666666665
2004,audi,allroad,4466.666666666667
2004,bmw,325xi,5000.0
2004,bmw,330,8950.0
2004,bmw,330ci,7975.0
2004,bmw,530i,8500.0
2004,bmw,645,3500.0
2004,bmw,645ci,6500.0
2004,bmw,745i,2000.0
2004,bmw,r1150rt,3200.0
2004,bmw,unspecified,4150.0
2004,bmw,z4,7750.0
2004,buick,rendezvous,6500.0
2004,cadillac,cts,3900.0
2004,cadillac,deville,3800.0
2004,cadillac,escalade,5700.0
2004,cadillac,xlr,20249.5
2004,chevrolet,astro,5900.0
2004,chevrolet,avalanche,5416.666666666667
2004,chevrolet,colorado,2000.0
2004,chevrolet,corvette,22722.5
2004,chevrolet,express,10833.333333333334
2004,chevrolet,silverado,6643.75
2004,chevrolet,ssr,20766.666666666668
2004,chevrolet,tahoe,8237.5
2004,chevrolet,trailblazer,2575.0
2004,chevy,astro,3250.0
2004,chevy,astrovan,8650.0
2004,chevy,colorado,3450.0
2004,chevy,express,2100.0
2004,chevy,monte,4700.0
2004,chevy,silverado,10325.0
2004,chevy,ssr,18000.0
2004,chevy,tracker,6500.0
2004,chevy,trailblazer,3300.0
2004,chrysler,crossfire,4750.0
2004,chrysler,gtc,7500.0
2004,chrysler,pacifica,3500.0
2004,chrysler,pt,3325.0
2004,chrysler,sebring,4747.0
2004,dodge,dakota,5900.0
2004,dodge,durango,2500.0
2004,dodge,grand,5600.0
2004,ford,diesel,28500.0
2004,ford,e-350,35000.0
2004,ford,e150,4500.0
2004,ford,e350,5000.0
2004,ford,escape,4000.0
2004,ford,excursion,10999.666666666666
2004,ford,expedition,2749.5
2004,ford,explorer,6719.2307692307695
2004,ford,f-150,5020.833333333333
2004,ford,f-250,13492.0
2004,ford,f-350,13900.0
2004,ford,f-450,9100.0
2004,ford,f-550,23950.0
2004,ford,f-750,11995.0
2004,ford,f150,6820.0
2004,ford,f250,13033.333333333334
2004,ford,f350,17500.0
2004,ford,f550,11750.0
2004,ford,focus,8000.0
2004,ford,freestar,2995.0
2004,ford,lightning,40000.0
2004,ford,mustang,7571.428571428572
2004,ford,ranger,7850.0
2004,ford,taurus,2900.0
2004,ford,thunderbird,15497.5
2004,ford,unspecified,29500.0
2004,gmc,envoy,4625.0
2004,gmc,savana,3000.0
2004,gmc,sierra,12853.57142857143
2004,gmc,w3500,9500.0
2004,gmc,yukon,9566.666666666666
2004,honda,accord,3890.470588235294
2004,honda,civic,3400.0
2004,honda,cr-v,5160.714285714286
2004,honda,element,4985.714285714285
2004,honda,odyssey,4533.333333333333
2004,honda,pilot,5113.266666666666
2004,honda,s2000,28750.0
2004,hyundai,elantra,2500.0
2004,infiniti,g35,5520.0
2004,infiniti,qx56,6250.0
2004,jaguar,x-type,5500.0
2004,jaguar,xjr,8466.666666666666
2004,jeep,grand,3792.857142857142
2004,jeep,liberty,7500.0
2004,jeep,wrangler,15312.5
2004,kia,optima,4000.0
2004,land,rover,12020.0
2004,lexus,es,3900.0
2004,lexus,es330,5749.5
2004,lexus,gs,6700.0
2004,lexus,gs300,11900.0
2004,lexus,gx,8447.5
2004,lexus,gx470,14575.0
2004,lexus,ls,11083.333333333334
2004,lexus,rx,5330.0
2004,lexus,rx330,4000.0
2004,lexus,sc430,10350.0
2004,mazda,6,2950.0
2004,mazda,mx-5,5500.0
2004,mazda,rx8,2000.0
2004,mercedes,e320,4450.0
2004,mercedes,g,30000.0
2004,mercedes,slk32amg,3297.0
2004,mercedes-benz,c-class,3600.0
2004,mercedes-benz,c230,5900.0
2004,mercedes-benz,clk320,9950.0
2004,mercedes-benz,e-class,4173.75
2004,mercedes-benz,e320,3166.6666666666665
2004,mercedes-benz,m350,2450.0
2004,mercedes-benz,s-class,5916.666666666667
2004,mercedes-benz,sl-class,12200.0
2004,mercedes-benz,sl500,12500.0
2004,mini,cooper,6300.0
2004,mitsubishi,eclipse,2800.0
2004,mitsubishi,lancer,3900.0
2004,mitsubishi,unspecified,10999.0
2004,nissan,350z,9178.57142857143
2004,nissan,altima,3250.0
2004,nissan,armada,6695.0
2004,nissan,frontier,6749.875
2004,nissan,murano,2644.909090909091
2004,nissan,titan,3500.0
2004,nissan,xterra,3000.0
2004,pontiac,gto,19750.0
2004,porsche,911,49900.0
2004,porsche,cayenne,5950.0
2004,saturn,sl2,2450.0
2004,saturn,vue,2900.0
2004,subaru,forester,4025.0
2004,subaru,impreza,3866.6666666666665
2004,subaru,outback,3277.777777777778
2004,subaru,wrx,10000.0
2004,toyota,4runner,8216.5
2004,toyota,avalon,6450.0
2004,toyota,camry,3634.928571428571
2004,toyota,corolla,4013.636363636363
2004,toyota,highlander,4600.0
2004,toyota,matrix,2500.0
2004,toyota,prius,2775.0
2004,toyota,rav4,3800.0
2004,toyota,sienna,3566.6666666666665
2004,toyota,solara,9499.0
2004,toyota,tacoma,9421.42857142857
2004,toyota,tundra,9016.25
2004,volkswagen,golf,2600.0
2004,volkswagen,jetta,2000.0
2004,volkswagen,touareg,2999.0
2004,volvo,s60,3000.0
2004,volvo,s80,2500.0
2004,volvo,v70r,3950.0
2004,volvo,xc70,4299.0
2004,vw,beetle,3250.0
2004,vw,passat,5750.0
2005,acura,mdx,4129.8
2005,acura,rl,2500.0
2005,acura,rsx,5566.666666666667
2005,acura,tl,4900.0
2005,audi,a4,5000.0
2005,audi,a8l,3500.0
2005,audi,s4,5500.0
2005,audi,tt,4800.0
2005,bmw,3,7625.0
2005,bmw,325ci,2900.0
2005,bmw,325i,5900.0
2005,bmw,325xi,6850.0
2005,bmw,330ci,6500.0
2005,bmw,5,4200.0
2005,bmw,645ci,4500.0
2005,bmw,745i,4000.0
2005,bmw,unspecified,8500.0
2005,bmw,x3,4500.0
2005,bmw,x5,3300.0
2005,bmw,z4,12800.0
2005,buick,century,3250.0
2005,buick,lesabre,6800.0
2005,cadillac,escalade,3810.0
2005,cadillac,srx,2800.0
2005,cadillac,sts,3000.0
2005,cadillac,xlr,15000.0
2005,chevrolet,astro,11100.0
2005,chevrolet,c4500,5000.0
2005,chevrolet,colorado,8962.666666666666
2005,chevrolet,corvette,23320.0
2005,chevrolet,express,4400.0
2005,chevrolet,impala,4000.0
2005,chevrolet,monte,4495.0
2005,chevrolet,silverado,7503.0
2005,chevrolet,suburban,6916.666666666667
2005,chevrolet,tahoe,6333.333333333333
2005,chevrolet,trailblazer,2450.0
2005,chevy,3500,14900.0
2005,chevy,astro,7500.0
2005,chevy,colorado,6500.0
2005,chevy,impala,2100.0
2005,chevy,malibu,3000.0
2005,chevy,silverado,11531.125
2005,chevy,suberban,6000.0
2005,chevy,tahoe,4050.0
2005,chrysler,300,6500.0
2005,chrysler,crossfire,9900.0
2005,chrysler,pt,3950.0
2005,chrysler,town,2766.6666666666665
2005,dodge,caravan,2990.0
2005,dodge,dakota,5706.285714285715
2005,dodge,durango,3750.0
2005,dodge,grand,5683.333333333333
2005,dodge,magnum,4598.75
2005,dodge,neon,6483.333333333333
2005,dodge,sprinter,12900.0
2005,dodge,viper,2500.0
2005,ford,crown,6133.333333333333
2005,ford,e-250,6700.0
2005,ford,e250,8000.0
2005,ford,e350,6500.0
2005,ford,escape,3091.6666666666665
2005,ford,excursion,18366.666666666668
2005,ford,expedition,3611.1111111111113
2005,ford,explorer,5566.5
2005,ford,f-150,5999.833333333333
2005,ford,f-250,22500.0
2005,ford,f150,5574.375
2005,ford,f250,14427.09090909091
2005,ford,f350,11624.75
2005,ford,f450,9900.0
2005,ford,f550,19997.5
2005,ford,f650,35000.0
2005,ford,focus,2340.0
2005,ford,mustang,7277.6
2005,ford,ranger,12233.333333333334
2005,ford,taurus,2700.0
2005,ford,thunderbird,18449.666666666668
2005,ford,transit-350,5750.0
2005,ford,unspecified,10000.0
2005,ford,xlt,15900.0
2005,gmc,c5500,3000.0
2005,gmc,envoy,5532.666666666667
2005,gmc,sierra,11600.0
2005,gmc,yukon,4460.0
2005,honda,accord,4673.333333333333
2005,honda,civic,4000.0
2005,honda,cr-v,5037.416666666666
2005,honda,element,5591.666666666667
2005,honda,odyssey,3362.5
2005,honda,pilot,3632.5
2005,hyundai,elantra,2800.0
2005,hyundai,santa,2300.0
2005,hyundai,sonata,2200.0
2005,hyundai,tucson,3250.0
2005,hyundai,xg350,4447.5
2005,infiniti,g35,2200.0
2005,infiniti,qx56,2550.0
2005,jaguar,s-type,7650.0
2005,jaguar,x-type,6725.0
2005,jaguar,xj,11995.0
2005,jeep,grand,3550.0
2005,jeep,wrangler,13371.357142857143
2005,kia,sorento,2750.0
2005,land,rover,4500.0
2005,lexus,es,5350.0
2005,lexus,is,8000.0
2005,lexus,is300,7499.5
2005,lexus,ls,11044.0
2005,lexus,rx,4413.571428571428
2005,lexus,rx330,5500.0
2005,lexus,sc,19999.0
2005,mazda,6,2500.0
2005,mazda,mazda3,3700.0
2005,mazda,unspecified,6000.0
2005,mercedes,clk500,4500.0
2005,mercedes,unspecified,10500.0
2005,mercedes-benz,c-class,7150.0
2005,mercedes-benz,cl-class,13750.0
2005,mercedes-benz,clk-class,11500.0
2005,mercedes-benz,e-class,5300.0
2005,mercedes-benz,e320,3000.0
2005,mercedes-benz,m-class,3450.0
2005,mercedes-benz,ml500,3500.0
2005,mercedes-benz,s-class,10500.0
2005,mercedes-benz,s600,14999.0
2005,mercedes-benz,sl500,8900.0
2005,mercedes-benz,slk-class,3900.0
2005,mercedes-benz,slk350,7233.333333333333
2005,mercedes-benz,sprinter,3733.3333333333335
2005,mini,cooper,6000.0
2005,mitsubishi,lancer,4300.0
2005,nissan,350z,9575.0
2005,nissan,altima,3625.0
2005,nissan,frontier,5999.0
2005,nissan,muranno,5400.0
2005,nissan,murano,5200.0
2005,nissan,pathfinder,5800.0
2005,nissan,xterra,2900.0
2005,porsche,911,39800.0
2005,porsche,boxster,15250.0
2005,porsche,cayenne,8950.0
2005,ram,1500,3950.0
2005,saturn,vue,2000.0
2005,subaru,baja,10000.0
2005,subaru,forester,3600.0
2005,subaru,impreza,21400.0
2005,subaru,outback,3972.222222222222
2005,subaru,outback3,11500.0
2005,subaru,wrx,21900.0
2005,toyota,4runner,7566.666666666667
2005,toyota,avalon,7500.0
2005,toyota,camry,4229.041666666667
2005,toyota,corolla,5404.222222222223
2005,toyota,highlander,3811.875
2005,toyota,matrix,3200.0
2005,toyota,prius,4619.9
2005,toyota,rav4,3300.0
2005,toyota,sequoia,6739.8
2005,toyota,sienna,5570.0
2005,toyota,solara,12000.0
2005,toyota,tacoma,12071.666666666666
2005,toyota,tundra,11066.5
2005,toyota,unspecified,3066.6666666666665
2005,volkswagen,gti,2500.0
2005,volkswagen,taos,4400.0
2005,volvo,s40,3850.0
2005,volvo,v50,4500.0
2005,volvo,xc90,2000.0
2005,vw,phaeton,5000.0
2006,acura,mdx,3614.285714285714
2006,acura,tl,7200.0
2006,acura,tsx,2300.0
2006,audi,a3,6000.0
2006,audi,a4,2975.0
2006,audi,a6,3650.0
2006,bmw,325i,4078.571428571429
2006,bmw,330ci,10200.0
2006,bmw,330i,4250.0
2006,bmw,330xi,5695.0
2006,bmw,m3,44000.0
2006,bmw,x3,4400.0
2006,bmw,x5,4423.75
2006,bmw,z4,9000.0
2006,buick,lucerne,5466.666666666667
2006,buick,rendezvous,6000.0
2006,cadillac,cts,3200.0
2006,cadillac,dts,6500.0
2006,cadillac,sts,13000.0
2006,cadillac,xlr,21550.0
2006,chevrolet,avalanche,5999.0
2006,chevrolet,colorado,8025.0
2006,chevrolet,corvette,22425.0
2006,chevrolet,express,4875.0
2006,chevrolet,hhr,2600.0
2006,chevrolet,malibu,11500.0
2006,chevrolet,monte,3500.0
2006,chevrolet,silverado,9855.0
2006,chevrolet,ssr,44900.0
2006,chevrolet,tahoe,4974.5
2006,chevrolet,trailblazer,6000.0
2006,chevrolet,unspecified,8500.0
2006,chevrolet,uplander,2400.0
2006,chevy,corvette,25000.0
2006,chevy,express,4125.0
2006,chevy,impala,2650.0
2006,chevy,malibu,3133.3333333333335
2006,chevy,silverado,4687.5
2006,chevy,ssr,48000.0
2006,chevy,trailblazer,2500.0
2006,chrysler,300,3500.0
2006,chrysler,crossfire,16500.0
2006,chrysler,pacifica,3200.0
2006,chrysler,pt,2000.0
2006,chrysler,sebring,3050.0
2006,chrysler,town,2375.0
2006,dodge,caravan/grand,2750.0
2006,dodge,charger,9000.0
2006,dodge,dakota,6498.333333333333
2006,dodge,durango,2000.0
2006,dodge,grand,3800.0
2006,dodge,magnum,18500.0
2006,dodge,sprinter,22000.0
2006,ford,e-150,4747.5
2006,ford,e-250,6500.0
2006,ford,e-350,5900.0
2006,ford,e150,2600.0
2006,ford,e250,4100.0
2006,ford,e350,6418.090909090909
2006,ford,e450,5750.0
2006,ford,econoline,5396.666666666667
2006,ford,expedition,4300.0
2006,ford,explorer,3100.0
2006,ford,f-150,5716.666666666667
2006,ford,f-250,11783.333333333334
2006,ford,f-350,7250.0
2006,ford,f150,7528.571428571428
2006,ford,f250,9000.0
2006,ford,f350,9150.0
2006,ford,f450,19900.0
2006,ford,five,2200.0
2006,ford,focus,5809.0
2006,ford,lcf550,7808.333333333333
2006,ford,mustang,12850.0
2006,ford,ranger,6592.857142857143
2006,ford,taurus,2500.0
2006,ford,unspecified,4100.0
2006,gmc,c5,4000.0
2006,gmc,canyon,4875.0
2006,gmc,duramax,28000.0
2006,gmc,envoy,5350.0
2006,gmc,savana,9833.333333333334
2006,gmc,sierra,6138.5
2006,gmc,yukon,6000.0
2006,honda,accord,3731.368421052632
2006,honda,civic,4832.333333333333
2006,honda,cr-v,3370.833333333333
2006,honda,element,4633.333333333333
2006,honda,insight,3500.0
2006,honda,odyssey,4592.714285714285
2006,honda,pilot,4504.166666666666
2006,honda,ridgeline,7100.0
2006,honda,s2000,37500.0
2006,honda,unspecified,5000.0
2006,hyundai,santa,6000.0
2006,hyundai,sonata,2500.0
2006,hyundai,tiburon,4200.0
2006,infiniti,fx45,5500.0
2006,infiniti,g35,6550.0
2006,infiniti,m35,3900.0
2006,infiniti,m35x,8500.0
2006,jaguar,xj,2500.0
2006,jaguar,xj8l,20000.0
2006,jaguar,xk8,3000.0
2006,jeep,commander,3900.0
2006,jeep,grand,3749.5
2006,jeep,liberty,3075.0
2006,jeep,wrangler,17624.875
2006,kia,amanti,2975.0
2006,kia,sorento,5900.0
2006,kia,spectra,4000.0
2006,kia,spectra5,2795.0
2006,kia,sportage,7900.0
2006,land,rover,4600.0
2006,lexus,es,6548.75
2006,lexus,es330,6000.0
2006,lexus,gs,4733.333333333333
2006,lexus,gs300,2500.0
2006,lexus,gx,8083.333333333333
2006,lexus,is,5978.0
2006,lexus,ls430,14694.0
2006,lexus,rs,2000.0
2006,lexus,rx,6179.8
2006,lexus,rx400h,5000.0
2006,lexus,sc430,13000.0
2006,mazda,3,3500.0
2006,mazda,mazdaspeed,5000.0
2006,mazda,miata,12000.0
2006,mazda,mx-5,10500.0
2006,mazda,tribute,2650.0
2006,mercedes,cls,9500.0
2006,mercedes,cls500,9299.0
2006,mercedes,unspecified,15500.0
2006,mercedes-benz,clk-350,6000.0
2006,mercedes-benz,cls-class,21125.0
2006,mercedes-benz,cls550,3000.0
2006,mercedes-benz,e-class,3950.0
2006,mercedes-benz,e350,4200.0
2006,mercedes-benz,m-class,6000.0
2006,mercedes-benz,ml500,3995.0
2006,mercedes-benz,r-class,10566.666666666666
2006,mercedes-benz,s-class,18800.0
2006,mercedes-benz,s350,5250.0
2006,mercedes-benz,s65,21900.0
2006,mercedes-benz,sl-class,9500.0
2006,mini,cooper,6131.666666666667
2006,nissan,350z,10500.0
2006,nissan,altima,2700.0
2006,nissan,armada,2750.0
2006,nissan,frontier,10333.333333333334
2006,nissan,maxima,2300.0
2006,nissan,murano,3220.0
2006,nissan,pathfinder,2940.0
2006,nissan,pathfinder2006,3950.0
2006,nissan,sentra,2819.0
2006,nissan,titan,8000.0
2006,nissan,unspecified,5900.0
2006,nissan,xterra,2900.0
2006,pontiac,g6,2200.0
2006,pontiac,grand,2500.0
2006,pontiac,gto,26848.75
2006,pontiac,solstice,12276.6
2006,pontiac,vibe,3000.0
2006,porsche,911,49500.0
2006,porsche,cayenne,8974.666666666666
2006,porsche,cayman,27000.0
2006,saturn,ion,3500.0
2006,saturn,vue,2850.0
2006,subaru,b9,3900.0
2006,subaru,baja,8450.0
2006,subaru,forester,4900.0
2006,subaru,impreza,6525.0
2006,subaru,legacy,2700.0
2006,subaru,outback,5294.333333333333
2006,subaru,wrx,9950.0
2006,toyota,4runner,16958.8
2006,toyota,avalon,4822.5
2006,toyota,camry,5378.894736842105
2006,toyota,corolla,4339.090909090909
2006,toyota,highlander,4551.846153846154
2006,toyota,matrix,4850.0
2006,toyota,prius,3595.0
2006,toyota,rav4,4000.0
2006,toyota,scion,3450.0
2006,toyota,sequoia,2400.0
2006,toyota,sienna,4818.846153846154
2006,toyota,solara,3900.0
2006,toyota,tacoma,10859.8
2006,toyota,tundra,14816.5
2006,volkswagen,beetle,5500.0
2006,volkswagen,jetta,5100.0
2006,volkswagen,passat,4933.333333333333
2006,volkswagen,touareg,5425.0
2006,volvo,c70,5200.0
2006,volvo,s40,4000.0
2006,volvo,s60,6500.0
2006,volvo,xc90,3100.0
2006,vw,passat,4500.0
2007,acura,mdx,3850.0
2007,acura,rdx,6888.0
2007,acura,tl,5725.0
2007,acura,tsx,4375.0
2007,audi,q7,3750.0
2007,bmw,3,4900.0
2007,bmw,325i,2400.0
2007,bmw,328i,4790.454545454545
2007,bmw,328xi,3787.5
2007,bmw,330i,4000.0
2007,bmw,335i,9248.75
2007,bmw,5,4700.0
2007,bmw,525i,5975.0
2007,bmw,525xi,6950.0
2007,bmw,530i,6050.0
2007,bmw,550i,4373.75
2007,bmw,750li,6900.0
2007,bmw,e90,6000.0
2007,bmw,x3,4133.333333333333
2007,bmw,x5,4871.428571428572
2007,bmw,z4,11146.666666666666
2007,buick,lacrosse,3495.0
2007,buick,lucerne,3750.0
2007,cadillac,cts,7900.0
2007,cadillac,escalade,5319.375
2007,cadillac,srx,2550.0
2007,chevrolet,avalanche,9832.5
2007,chevrolet,c4500,12800.0
2007,chevrolet,corvette,37725.0
2007,chevrolet,express,9500.0
2007,chevrolet,monte,9000.0
2007,chevrolet,silverado,12406.304347826086
2007,chevrolet,suburban,8560.0
2007,chevrolet,tahoe,6333.333333333333
2007,chevrolet,unspecified,25000.0
2007,chevy,avalanche,7750.0
2007,chevy,corvette,23000.0
2007,chevy,express,7166.666666666667
2007,chevy,malibu,5900.0
2007,chevy,silverado,10150.0
2007,chevy,tahoe,2750.0
2007,chevy,unspecified,4100.0
2007,chevy,w5500hd,13995.0
2007,chrysler,300,12500.0
2007,chrysler,300c,10000.0
2007,chrysler,pacifica,3974.75
2007,chrysler,pt,4333.0
2007,dodge,2500,5000.0
2007,dodge,caliber,2300.0
2007,dodge,caravan/grand,7499.0
2007,dodge,charger,6800.0
2007,dodge,dakota,7900.0
2007,dodge,durango,3300.0
2007,dodge,grand,6333.333333333333
2007,dodge,nitro,4995.0
2007,dodge,power,15750.0
2007,dodge,sprinter,6700.0
2007,ford,e-150,5900.0
2007,ford,e-250,11250.0
2007,ford,e-350,4500.0
2007,ford,e-450,7900.0
2007,ford,e350,9500.0
2007,ford,e450,7900.0
2007,ford,escape,4170.0
2007,ford,expedition,4498.8
2007,ford,explorer,5437.5
2007,ford,f-150,5929.166666666667
2007,ford,f-250,15000.0
2007,ford,f-350,6300.0
2007,ford,f-550,13498.0
2007,ford,f150,20044.444444444445
2007,ford,f250,5000.0
2007,ford,f350,15500.0
2007,ford,f450,7900.0
2007,ford,f550,11500.0
2007,ford,focus,4592.5
2007,ford,freestar,3799.0
2007,ford,fusion,2500.0
2007,ford,mustang,12450.0
2007,ford,ranger,6950.0
2007,ford,taurus,3386.25
2007,gmc,envoy,3500.0
2007,gmc,savana,5150.0
2007,gmc,sierra,6925.0
2007,gmc,w4,22900.0
2007,gmc,yukon,5881.727272727273
2007,honda,accord,4995.416666666667
2007,honda,civic,5345.9375
2007,honda,cr-v,4969.9
2007,honda,element,4750.0
2007,honda,fit,4600.0
2007,honda,model,3500.0
2007,honda,odyssey,4133.166666666667
2007,honda,pilot,4417.454545454545
2007,honda,ridgeline,8100.0
2007,hyundai,azera,5947.5
2007,hyundai,elantra,3759.8
2007,hyundai,entourage,3220.0
2007,hyundai,santa,3623.25
2007,hyundai,sonata,3954.5
2007,infiniti,g35,6687.5
2007,infiniti,m35,2800.0
2007,infiniti,qx56,4750.0
2007,jaguar,xk,29000.0
2007,jeep,commander,2540.0
2007,jeep,grand,3875.0
2007,jeep,liberty,3150.0
2007,jeep,wrangler,8031.25
2007,kia,amanti,3000.0
2007,kia,rio,2495.0
2007,kia,rondo,3050.0
2007,kia,sorento,3495.0
2007,kia,spectra,2900.0
2007,kia,sportage,2990.0
2007,land,rover,4199.5
2007,lexus,es,5625.0
2007,lexus,es35,6300.0
2007,lexus,gs,6900.0
2007,lexus,gx,13140.0
2007,lexus,is,5160.0
2007,lexus,is250,9400.0
2007,lexus,ls,7820.0
2007,lexus,ls460l,4500.0
2007,lexus,rx,5799.866666666667
2007,lexus,rx400h,4145.0
2007,mazda,3,3900.0
2007,mazda,5,3500.0
2007,mazda,6,2500.0
2007,mazda,cx-7,5074.5
2007,mazda,mazda3,3500.0
2007,mazda,mazda6,3222.5
2007,mazda,mx-5,8000.0
2007,mercedes,cl550,7900.0
2007,mercedes,cls,9900.0
2007,mercedes,e350,3000.0
2007,mercedes,e550,4995.0
2007,mercedes,s550,6500.0
2007,mercedes,slk280,8200.0
2007,mercedes,unspecified,5000.0
2007,mercedes-benz,amg,15495.0
2007,mercedes-benz,c-class,4050.0
2007,mercedes-benz,e-class,4514.285714285715
2007,mercedes-benz,e350,6900.0
2007,mercedes-benz,gl-class,8000.0
2007,mercedes-benz,gl450,3999.0
2007,mercedes-benz,ml350,14900.0
2007,mercedes-benz,s,4000.0
2007,mercedes-benz,s-class,8074.75
2007,mercedes-benz,sl-class,11399.666666666666
2007,mercedes-benz,sl550,11333.333333333334
2007,mercedes-benz,slk,2750.0
2007,mini,cooper,4350.0
2007,mini,s,3000.0
2007,mitsubishi,eclipse,3500.0
2007,mitsubishi,endeavor,2000.0
2007,mitsubishi,fuso,6000.0
2007,mitsubishi,galant,3000.0
2007,mitsubishi,outlander,5900.0
2007,mitsubishi,raider,4400.0
2007,nissan,350z,8000.0
2007,nissan,altima,3300.0
2007,nissan,frontier,4883.333333333333
2007,nissan,maxima,4300.0
2007,nissan,murano,2835.714285714286
2007,nissan,pathfinder,7499.5
2007,nissan,rouge,2500.0
2007,nissan,sentra,4400.0
2007,nissan,titan,5900.0
2007,nissan,versa,2433.3333333333335
2007,nissan,xr,4000.0
2007,nissan,xterra,7471.428571428572
2007,pontiac,g6,2969.6
2007,pontiac,solstice,10650.0
2007,porsche,cayman,31950.0
2007,saturn,outlook,2000.0
2007,saturn,sky,11825.0
2007,saturn,vue,2875.0
2007,subaru,forester,4625.0
2007,subaru,impreza,25500.0
2007,subaru,legacy,2898.3333333333335
2007,subaru,outback,7500.0
2007,subaru,wrx,9750.0
2007,toyota,4runner,10150.0
2007,toyota,avalon,3666.3333333333335
2007,toyota,camary,8500.0
2007,toyota,camry,5526.333333333333
2007,toyota,corolla,4400.0
2007,toyota,cyan,6000.0
2007,toyota,fj,16045.0
2007,toyota,highlander,5600.0
2007,toyota,landcrusier,8000.0
2007,toyota,matrix,5565.0
2007,toyota,prius,4405.333333333333
2007,toyota,rav4,5049.916666666667
2007,toyota,sienna,4340.0
2007,toyota,solara,5712.5
2007,toyota,tacoma,12774.9
2007,toyota,tundra,11755.555555555557
2007,toyota,yaris,5483.333333333333
2007,volkswagen,gti,4800.0
2007,volkswagen,jetta,4966.666666666667
2007,volkswagen,passat,4000.0
2007,volkswagen,rabbit,3500.0
2007,volkswagen,wolfsburg,2900.0
2007,volvo,s40,7000.0
2007,volvo,s80,2900.0
2007,volvo,xc90,3000.0
2007,vw,rabbit,3200.0
2008,acura,3,6800.0
2008,acura,mdx,5257.142857142857
2008,acura,rdx,3875.0
2008,acura,tl,4461.538461538462
2008,acura,tsx,4725.0
2008,audi,a4,4250.0
2008,audi,q7,6750.0
2008,audi,tt,9997.5
2008,bentley,continental,36500.0
2008,bmw,1,7500.0
2008,bmw,135i,7500.0
2008,bmw,3,4180.0
2008,bmw,328i,3556.25
2008,bmw,328x,9650.0
2008,bmw,330i,3000.0
2008,bmw,335i,11000.0
2008,bmw,335xi,5000.0
2008,bmw,5,4000.0
2008,bmw,528i,5320.0
2008,bmw,528xi,3766.6666666666665
2008,bmw,535i,2900.0
2008,bmw,550i,7700.0
2008,bmw,750i,6500.0
2008,bmw,750li,4966.666666666667
2008,bmw,unspecified,3800.0
2008,bmw,x3,4459.8
2008,bmw,x5,3815.0
2008,buick,enclave,4000.0
2008,buick,lucerne,6150.0
2008,cadillac,cts,3600.0
2008,cadillac,escalade,4197.5
2008,cadillac,sts,5243.0
2008,cadillac,xlr,16250.0
2008,chevrolet,colorado,4000.0
2008,chevrolet,corvette,20000.0
2008,chevrolet,equinox,3500.0
2008,chevrolet,express,26075.0
2008,chevrolet,hhr,4900.0
2008,chevrolet,malibu,2500.0
2008,chevrolet,monte,3500.0
2008,chevrolet,silverado,11181.818181818182
2008,chevrolet,suburban,6999.0
2008,chevrolet,tahoe,8750.0
2008,chevrolet,trailblazer,5283.333333333333
2008,chevrolet,uplander,5000.0
2008,chevy,avalanche,4233.333333333333
2008,chevy,cobalt,3900.0
2008,chevy,express,3800.0
2008,chevy,g3500,5900.0
2008,chevy,impala,2700.0
2008,chevy,malibu,4100.0
2008,chevy,silverado,11058.0
2008,chevy,tahoe,6716.666666666667
2008,chevy,trailblazer,2937.5
2008,chevy,uplander,3983.3333333333335
2008,chrysler,crossfire,6600.0
2008,chrysler,sebring,3900.0
2008,chrysler,town,4000.0
2008,dodge,avenger,2200.0
2008,dodge,dakota,5000.0
2008,dodge,grand,5049.0
2008,dodge,nitro,3033.3333333333335
2008,dodge,sprinter,12500.0
2008,ford,150stx,4600.0
2008,ford,crown,4350.0
2008,ford,e,5000.0
2008,ford,e-150,12350.0
2008,ford,e-250,2750.0
2008,ford,e-450,14449.5
2008,ford,e150,6250.0
2008,ford,edge,3500.0
2008,ford,escape,4049.8
2008,ford,expedition,4500.0
2008,ford,explore,9995.0
2008,ford,explorer,4800.0
2008,ford,f-150,5311.111111111111
2008,ford,f-250,10632.5
2008,ford,f-350,14933.333333333334
2008,ford,f-450,9133.333333333334
2008,ford,f-550,18000.0
2008,ford,f150,6498.333333333333
2008,ford,f250,8987.5
2008,ford,f350,22611.25
2008,ford,f450,22500.0
2008,ford,f550,10298.333333333334
2008,ford,f650,55000.0
2008,ford,fiesta,2200.0
2008,ford,focus,2700.0
2008,ford,mustang,17775.0
2008,ford,ranger,11300.0
2008,ford,taurus,4098.75
2008,ford,unspecified,5931.666666666667
2008,gmc,acadia,3091.6666666666665
2008,gmc,envoy,5566.666666666667
2008,gmc,savana,11950.0
2008,gmc,sierra,10328.285714285714
2008,gmc,topkick,15500.0
2008,gmc,yukon,5319.0
2008,honda,accord,4869.153846153846
2008,honda,civic,4860.0
2008,honda,cr-v,4545.130952380952
2008,honda,element,6000.0
2008,honda,fit,5645.571428571428
2008,honda,hybrid,6000.0
2008,honda,odyssey,4220.866666666667
2008,honda,pilot,3810.0
2008,honda,ridgeline,8300.0
2008,hyundai,accent,3483.3333333333335
2008,hyundai,elantra,2800.0
2008,hyundai,santa,3100.0
2008,hyundai,sonata,3500.0
2008,hyundai,tucson,3650.0
2008,infiniti,fx35,7000.0
2008,infiniti,g35,4562.666666666667
2008,infiniti,g37,9350.0
2008,infiniti,g37s,10900.0
2008,infiniti,m35,3480.0
2008,infiniti,qx56,4500.0
2008,jaguar,xk,12897.5
2008,jeep,cherokee,2800.0
2008,jeep,compass,2900.0
2008,jeep,grand,3900.0
2008,jeep,liberty,3700.0
2008,jeep,wrangler,13637.5
2008,kia,rio,2200.0
2008,kia,spectra,2500.0
2008,kia,spectrum,4000.0
2008,kia,sportage,2250.0
2008,land,rover,5761.0
2008,lexus,es,3275.0
2008,lexus,es350,3900.0
2008,lexus,gs,6750.0
2008,lexus,gx,11000.0
2008,lexus,is,6695.0
2008,lexus,is250,3850.0
2008,lexus,isf,24600.0
2008,lexus,ls,7121.25
2008,lexus,rx,7742.714285714285
2008,lexus,rx330,4900.0
2008,lexus,rx350,5000.0
2008,lexus,rx400h,5500.0
2008,mazda,3,4839.8
2008,mazda,6,2700.0
2008,mazda,cx-9,5700.0
2008,mazda,cx7,2800.0
2008,mazda,mazda3,5150.0
2008,mazda,mx-5,11725.0
2008,mazda,tribute,2100.0
2008,mercedes,c300,4800.0
2008,mercedes,e350,14900.0
2008,mercedes,e63,6900.0
2008,mercedes,sprinter,19950.0
2008,mercedes-benz,c-class,5999.0
2008,mercedes-benz,c300,7999.0
2008,mercedes-benz,clk-class,8400.0
2008,mercedes-benz,clk550,9372.5
2008,mercedes-benz,e-class,4629.8
2008,mercedes-benz,e350,9800.0
2008,mercedes-benz,gl450,2500.0
2008,mercedes-benz,m-class,5100.0
2008,mercedes-benz,ml550,4500.0
2008,mercedes-benz,r-class,5100.0
2008,mercedes-benz,s-class,4500.0
2008,mercedes-benz,sprinter,7800.0
2008,mercedes-benz,unspecified,4600.0
2008,mini,cooper,6098.333333333333
2008,mini,hardtop,2000.0
2008,mitsubishi,eclipse,4295.0
2008,mitsubishi,fuso,6050.0
2008,mitsubishi,lancer,2500.0
2008,mitsubishi,outlander,2500.0
2008,nissan,altima,3461.0
2008,nissan,armada,4066.6666666666665
2008,nissan,frontier,7000.0
2008,nissan,maxima,2500.0
2008,nissan,pathfinder,3308.6363636363635
2008,nissan,rogue,4100.0
2008,nissan,sentra,3000.0
2008,nissan,titan,5175.0
2008,nissan,versa,2666.6666666666665
2008,nissan,xterra,5800.0
2008,pontiac,g5,3250.0
2008,pontiac,g6,3250.0
2008,pontiac,solstice,10250.0
2008,porsche,911,72000.0
2008,porsche,cayenne,3600.0
2008,saturn,astra,2750.0
2008,saturn,sky,6875.0
2008,saturn,vue,3000.0
2008,subaru,impreza,4521.428571428572
2008,subaru,legacy,5300.0
2008,subaru,outback,4150.0
2008,subaru,tribeca,12500.0
2008,subaru,wrx,5000.0
2008,toyota,4runner,9400.0
2008,toyota,avalon,5198.75
2008,toyota,camry,4621.75
2008,toyota,corolla,4050.0
2008,toyota,fj,11462.5
2008,toyota,highlander,7424.9375
2008,toyota,matrix,5000.0
2008,toyota,prius,4893.888888888889
2008,toyota,rav4,5300.0
2008,toyota,scion,3333.3333333333335
2008,toyota,sequoia,24250.0
2008,toyota,sienna,6516.555555555556
2008,toyota,solara,7000.0
2008,toyota,tacoma,13183.333333333334
2008,toyota,tundra,12156.125
2008,toyota,unspecified,3629.3333333333335
2008,volkswagen,eos,3875.0
2008,volkswagen,golf,3400.0
2008,volkswagen,gti,3800.0
2008,volkswagen,jetta,2833.3333333333335
2008,volkswagen,rabbit,4475.0
2008,volkswagen,touareg,2600.0
2008,volkswagen,unspecified,9500.0
2008,volvo,c30,2500.0
2008,volvo,c70,5100.0
2008,volvo,s40,3400.0
2008,volvo,s60,3700.0
2008,volvo,s80,4425.0
2008,volvo,v70,2550.0
2008,volvo,xc70,2650.0
2008,volvo,xc90,4099.75
2008,vw,gti,4300.0
2008,vw,rabbit,2150.0
2009,acura,mdx,7387.5
2009,acura,rsx,4600.0
2009,acura,tl,8495.0
2009,acura,tsx,4000.0
2009,audi,a3,4400.0
2009,audi,a4,5437.5
2009,audi,a5,6349.6
2009,bmw,128i,13000.0
2009,bmw,328i,6287.5
2009,bmw,328xi,5000.0
2009,bmw,335i,6996.666666666667
2009,bmw,528i,5300.0
2009,bmw,535i,3390.0
2009,bmw,535xi,3000.0
2009,bmw,e92,36900.0
2009,bmw,x3,4950.0
2009,bmw,x5,6448.75
2009,bmw,x6,5000.0
2009,bmw,z4,21500.0
2009,buick,enclave,6280.0
2009,cadillac,cts,4650.0
2009,cadillac,escalade,6500.0
2009,cadillac,sts,5500.0
2009,chevrolet,aveo,2400.0
2009,chevrolet,cobalt,2650.0
2009,chevrolet,colorado,9000.0
2009,chevrolet,express,7599.285714285715
2009,chevrolet,hhr,3383.3333333333335
2009,chevrolet,impala,3000.0
2009,chevrolet,malibu,2948.75
2009,chevrolet,silverado,10739.0
2009,chevrolet,suburban,4666.333333333333
2009,chevrolet,tahoe,7630.0
2009,chevrolet,traverse,3300.0
2009,chevrolet,unspecified,6800.0
2009,chevy,aveo,5500.0
2009,chevy,colorado,11000.0
2009,chevy,equinox,3500.0
2009,chevy,express,4133.333333333333
2009,chevy,hhr,2500.0
2009,chevy,impallt,3200.0
2009,chevy,malibu,3900.0
2009,chevy,tahoe,6500.0
2009,chevy,traverse,2790.0
2009,chevy,uplander,6745.0
2009,chrysler,pt,6833.333333333333
2009,chrysler,town,4225.0
2009,dodge,challenger,15200.0
2009,dodge,dakota,4200.0
2009,ford,e-250,3900.0
2009,ford,e150,11500.0
2009,ford,e350,4750.0
2009,ford,econoline,6975.0
2009,ford,edge,3800.0
2009,ford,escap,7295.0
2009,ford,escape,3350.0
2009,ford,expedition,2250.0
2009,ford,explorer,3592.8571428571427
2009,ford,f-150,6399.0
2009,ford,f-250,10550.0
2009,ford,f250,8900.0
2009,ford,f350,8000.0
2009,ford,f450,5995.0
2009,ford,focus,3949.6666666666665
2009,ford,fusion,5749.5
2009,ford,mustang,5833.333333333333
2009,ford,shelby,69900.0
2009,ford,taurus,3175.0
2009,gmc,2500,5600.0
2009,gmc,acadia,4150.0
2009,gmc,sierra,2490.0
2009,gmc,terrain,5500.0
2009,gmc,yukon,7900.0
2009,honda,accord,4674.9
2009,honda,civic,5402.75
2009,honda,cr-v,6585.0
2009,honda,fit,5300.0
2009,honda,odyssey,5393.333333333333
2009,honda,pilot,5809.0
2009,honda,ridgeline,8997.5
2009,hyundai,accent,2856.4285714285716
2009,hyundai,elantra,4800.0
2009,hyundai,genesis,3900.0
2009,hyundai,santa,5420.0
2009,hyundai,sonata,3350.0
2009,infiniti,ex35,4700.0
2009,infiniti,g37,8850.0
2009,infiniti,g37s,8800.0
2009,jaguar,xf,2850.0
2009,jaguar,xk,13500.0
2009,jeep,grand,4598.333333333333
2009,jeep,wrangler,13428.57142857143
2009,kia,rio,3150.0
2009,kia,sorento,2900.0
2009,kia,sportage,3000.0
2009,land,rover,3500.0
2009,lexus,es,10900.0
2009,lexus,es350,8000.0
2009,lexus,is,6108.333333333333
2009,lexus,is250,3600.0
2009,lexus,ls,9666.0
2009,lexus,rx,5734.0
2009,lexus,rx300,6800.0
2009,lexus,rx350,5450.0
2009,mazda,3,2300.0
2009,mazda,5,3200.0
2009,mazda,6,3975.0
2009,mazda,cx-9,2400.0
2009,mazda,mazda5,3200.0
2009,mazda,mx-5,15400.0
2009,mazda,rx8,5500.0
2009,mazda,tribute,2612.5
2009,mercedes,ml350,3999.0
2009,mercedes-benz,c-class,4866.666666666667
2009,mercedes-benz,cl-class,17000.0
2009,mercedes-benz,clk-class,4950.0
2009,mercedes-benz,clk550,11700.0
2009,mercedes-benz,e-class,6858.333333333333
2009,mercedes-benz,e350,5180.0
2009,mercedes-benz,gl450,6200.0
2009,mercedes-benz,s-class,7497.5
2009,mercedes-benz,sprinter,7850.0
2009,mini,cooper,6958.0
2009,mini,model,8500.0
2009,mitsubishi,galant,2995.0
2009,mitsubishi,lancer,2200.0
2009,nissan,370z,17500.0
2009,nissan,altima,4157.142857142857
2009,nissan,cube,6500.0
2009,nissan,frontier,2950.0
2009,nissan,maxima,2960.0
2009,nissan,murano,3631.25
2009,nissan,quest,2100.0
2009,nissan,rogue,3519.8571428571427
2009,nissan,sentra,8500.0
2009,nissan,versa,3623.3333333333335
2009,pontiac,g3,2800.0
2009,pontiac,g8,29750.0
2009,pontiac,montana,18995.0
2009,pontiac,unspecified,3000.0
2009,pontiac,vibe,4000.0
2009,porsche,911,69500.0
2009,porsche,cayenne,11950.0
2009,porsche,cayman,45000.0
2009,saturn,aura,2300.0
2009,saturn,outlook,5000.0
2009,saturn,sky,4900.0
2009,saturn,vue,3250.0
2009,subaru,forester,3915.8333333333335
2009,subaru,impreza,8597.5
2009,subaru,legacy,5200.0
2009,subaru,outback,4999.8
2009,toyota,avalon,3300.0
2009,toyota,camry,5114.85
2009,toyota,corolla,6095.7692307692305
2009,toyota,highlander,8883.333333333334
2009,toyota,landcruiser,21950.0
2009,toyota,matrix,6233.333333333333
2009,toyota,p,3800.0
2009,toyota,prius,3842.714285714286
2009,toyota,rav4,5649.857142857143
2009,toyota,scion,5028.571428571428
2009,toyota,sequoia,13900.0
2009,toyota,sienna,5288.888888888889
2009,toyota,tacoma,14969.9
2009,toyota,tundra,9500.0
2009,toyota,venza,4300.0
2009,toyota,yaris,5800.0
2009,volkswagen,beetle,6850.0
2009,volkswagen,eos,4600.0
2009,volkswagen,golf,4000.0
2009,volkswagen,gti,4400.0
2009,volkswagen,jetta,3633.3333333333335
2009,volkswagen,passat,2700.0
2009,volkswagen,rabbit,4500.0
2009,volkswagen,tiguan,3880.0
2009,volvo,c30,7750.0
2009,volvo,c70,5000.0
2009,volvo,s40,2000.0
2009,volvo,s80,3733.3333333333335
2009,volvo,v50,3000.0
2009,volvo,xc70,4299.0
2009,volvo,xc90,3933.3333333333335
2009,vw,gti,3900.0
2009,vw,jetta,4300.0
2010,acura,mdx,6700.0
2010,acura,tl,5599.666666666667
2010,acura,tsx,9400.0
2010,audi,a4,7500.0
2010,audi,a5,7200.0
2010,audi,q5,2800.0
2010,audi,q7,6500.0
2010,audi,s4,17424.5
2010,audi,s5,9975.0
2010,audi,s6,7500.0
2010,audi,tt,11999.0
2010,bmw,3,5548.333333333333
2010,bmw,328i,6919.0
2010,bmw,335i,5600.0
2010,bmw,335xi,3816.6666666666665
2010,bmw,528i,4200.0
2010,bmw,535i,4700.0
2010,bmw,535xi,5000.0
2010,bmw,550i,17500.0
2010,bmw,650i,11500.0
2010,bmw,750lxi,5900.0
2010,bmw,unspecified,4300.0
2010,bmw,x3,4525.0
2010,bmw,x5,3300.0
2010,buick,enclave,4900.0
2010,buick,lacrosse,3500.0
2010,buick,lucerne,7000.0
2010,cadillac,cts,8000.0
2010,cadillac,dts,12000.0
2010,cadillac,escalade,7520.0
2010,cadillac,srx,5000.0
2010,cadillac,srx4awd,3500.0
2010,chevrolet,camaro,15028.125
2010,chevrolet,colorado,13500.0
2010,chevrolet,corvette,25900.0
2010,chevrolet,equinox,8497.5
2010,chevrolet,express,9674.5
2010,chevrolet,hhr,7333.333333333333
2010,chevrolet,impala,2800.0
2010,chevrolet,silverado,9100.0
2010,chevrolet,suburban,6000.0
2010,chevrolet,tahoe,6833.333333333333
2010,chevrolet,traverse,3825.0
2010,chevrolet,unspecified,3000.0
2010,chevy,camaro,4900.0
2010,chevy,colorado,5000.0
2010,chevy,equinox,4333.333333333333
2010,chevy,impala,3650.0
2010,chevy,malibu,4000.0
2010,chevy,schoolbus,10500.0
2010,chevy,silverado,6400.0
2010,chevy,suburban,8000.0
2010,chevy,traverse,4500.0
2010,chrysler,300,3600.0
2010,chrysler,300c,15000.0
2010,chrysler,sebring,10500.0
2010,chrysler,town,5940.0
2010,dodge,avenger,5000.0
2010,dodge,caliber,2547.5
2010,dodge,challenger,10250.0
2010,dodge,charger,3900.0
2010,dodge,grand,4275.0
2010,dodge,journey,2350.0
2010,ford,crown,7966.666666666667
2010,ford,e-250,10125.0
2010,ford,e-450,11450.0
2010,ford,edge,4162.5
2010,ford,escape,5144.444444444444
2010,ford,expedition,6350.0
2010,ford,explorer,6449.75
2010,ford,f-150,8685.454545454546
2010,ford,f-250,10500.0
2010,ford,f-350,14000.0
2010,ford,f-650,9500.0
2010,ford,f150,8139.9
2010,ford,f250,17333.333333333332
2010,ford,f350,15500.0
2010,ford,f450,12500.0
2010,ford,f550,4500.0
2010,ford,flex,4400.0
2010,ford,focus,3475.0
2010,ford,fusion,4177.111111111111
2010,ford,mustang,10021.42857142857
2010,ford,super,18900.0
2010,ford,taurus,4706.666666666667
2010,ford,transit,12000.0
2010,gmc,acadia,5900.0
2010,gmc,savana,10000.0
2010,gmc,savannah,9800.0
2010,gmc,sierra,11900.0
2010,gmc,terrain,3900.0
2010,gmc,yukon,8750.0
2010,honda,accord,5490.481481481482
2010,honda,civic,5516.111111111111
2010,honda,cr-v,6792.297619047619
2010,honda,crosstour,3416.6666666666665
2010,honda,element,4200.0
2010,honda,fit,5350.0
2010,honda,"fit,4dr",4300.0
2010,honda,insight,6247.5
2010,honda,odyssey,5165.2
2010,honda,pilot,6649.666666666667
2010,honda,ridgeline,7800.0
2010,honda,unspecified,2800.0
2010,hyundai,elantra,3490.0
2010,hyundai,genesis,4000.0
2010,hyundai,santa,5875.0
2010,hyundai,sonata,3368.8571428571427
2010,hyundai,tucson,3263.3333333333335
2010,infiniti,ex35,4745.0
2010,infiniti,fx35,3666.6666666666665
2010,infiniti,g25,6995.0
2010,infiniti,g37,7450.0
2010,infiniti,qx56,4750.0
2010,jaguar,xf,7833.333333333333
2010,jaguar,xf-series,6500.0
2010,jeep,commander,3995.0
2010,jeep,compass,3500.0
2010,jeep,grand,5016.666666666667
2010,jeep,liberty,4200.0
2010,jeep,patriot,3500.0
2010,jeep,wrangler,12269.23076923077
2010,kia,forte,4250.0
2010,kia,soul,3450.0
2010,land,rover,7672.636363636364
2010,lexus,es,8118.5
2010,lexus,gs450h,6700.0
2010,lexus,gx,12966.666666666666
2010,lexus,gx460,25000.0
2010,lexus,hs,9175.0
2010,lexus,hs250h,8000.0
2010,lexus,is,9800.0
2010,lexus,rx,8092.857142857143
2010,lexus,rx450h,35933.333333333336
2010,mazda,3,2433.3333333333335
2010,mazda,5,6500.0
2010,mazda,6,3933.3333333333335
2010,mazda,cx-7,4500.0
2010,mazda,mazda3,3725.0
2010,mazda,mazda5,5799.666666666667
2010,mercedes-benz,c-class,7733.0
2010,mercedes-benz,e-class,8300.0
2010,mercedes-benz,gl450,4747.5
2010,mercedes-benz,glk,8950.0
2010,mercedes-benz,glk-class,7500.0
2010,mercedes-benz,glk350,5933.333333333333
2010,mercedes-benz,m-class,7850.0
2010,mercedes-benz,s-class,7077.0
2010,mercedes-benz,s550,8300.0
2010,mini,cooper,5437.5
2010,mitsubishi,galant,3850.0
2010,mitsubishi,outlander,5400.0
2010,nissan,altima,3635.428571428571
2010,nissan,armada,3749.5
2010,nissan,cube,3500.0
2010,nissan,frontier,9150.0
2010,nissan,maxima,2500.0
2010,nissan,murano,3783.3333333333335
2010,nissan,pathfinder,4750.0
2010,nissan,rogue,4211.0
2010,nissan,sentra,3043.75
2010,nissan,titan,5000.0
2010,nissan,unspecified,2200.0
2010,nissan,versa,3666.6666666666665
2010,nissan,xterra,3400.0
2010,pontiac,g6,3766.6666666666665
2010,porsche,cayman,37000.0
2010,porsche,panamer,21000.0
2010,subaru,forester,4616.5
2010,subaru,impreza,5266.111111111111
2010,subaru,legacy,6200.0
2010,subaru,outback,3333.3333333333335
2010,toyota,cambry,4500.0
2010,toyota,camry,5235.235294117647
2010,toyota,corolla,5449.36
2010,toyota,fj,20435.714285714286
2010,toyota,highlander,8400.0
2010,toyota,matrix,6800.0
2010,toyota,prius,5838.423076923077
2010,toyota,rav4,6233.846153846154
2010,toyota,scion,6566.333333333333
2010,toyota,sequoia,18150.0
2010,toyota,sienna,7530.625
2010,toyota,tacoma,11963.333333333334
2010,toyota,tundra,16191.285714285714
2010,toyota,unspecified,2800.0
2010,toyota,yaris,3000.0
2010,volkswagen,cc,2200.0
2010,volkswagen,gti,10000.0
2010,volkswagen,jetta,4146.285714285715
2010,volkswagen,jette,2000.0
2010,volkswagen,new,3500.0
2010,volvo,c70,3633.3333333333335
2010,volvo,s40,2975.0
2010,volvo,s60,2700.0
2010,volvo,xc70,5075.0
2010,volvo,xc90,3583.3333333333335
2010,vw,jetta,3897.5
2010,vw,passat,5500.0
2010,vw,routan,2200.0
2011,acura,mdx,6414.285714285715
2011,acura,rdx,7312.5
2011,acura,tl,6750.0
2011,acura,tsx,5947.5
2011,audi,a3,4533.0
2011,audi,a4,4925.0
2011,audi,a5,6125.0
2011,audi,a6,5500.0
2011,audi,a8,8500.0
2011,audi,q5,4370.0
2011,audi,q7,7000.0
2011,audi,s4,9999.0
2011,bmw,128i,6800.0
2011,bmw,3,7084.285714285715
2011,bmw,328i,6131.4
2011,bmw,328xi,9500.0
2011,bmw,335i,9197.5
2011,bmw,5,5900.0
2011,bmw,528i,6528.571428571428
2011,bmw,535i,7900.0
2011,bmw,750ix,2000.0
2011,bmw,m3,31500.0
2011,bmw,x3,6423.333333333333
2011,bmw,x5,5292.857142857143
2011,bmw,x6,6950.0
2011,bmw,z4,18233.333333333332
2011,buick,enclave,3566.6666666666665
2011,buick,lacrosse,4966.666666666667
2011,buick,lucerne,4748.333333333333
2011,buick,regal,2200.0
2011,cadillac,cts,5650.0
2011,cadillac,dts,8000.0
2011,cadillac,escalade,8662.5
2011,cadillac,srx,5563.333333333333
2011,chevrolet,3500hd,8500.0
2011,chevrolet,avalanche,7800.0
2011,chevrolet,aveo,2700.0
2011,chevrolet,camaro,23950.0
2011,chevrolet,colorado,8200.0
2011,chevrolet,corvette,39475.0
2011,chevrolet,cruise,3000.0
2011,chevrolet,cruze,2500.0
2011,chevrolet,equinox,4480.0
2011,chevrolet,express,8500.0
2011,chevrolet,impala,2200.0
2011,chevrolet,malibu,3500.0
2011,chevrolet,silverado,11456.666666666666
2011,chevrolet,tahoe,6150.0
2011,chevrolet,traverse,4200.0
2011,chevy,avalanche,5000.0
2011,chevy,camaro,22000.0
2011,chevy,cruz,3500.0
2011,chevy,cruze,2500.0
2011,chevy,equinox,3000.0
2011,chevy,express,16983.333333333332
2011,chevy,impala,4000.0
2011,chevy,silverado,11837.5
2011,chevy,suburban,6400.0
2011,chevy,tahoe,4400.0
2011,chevy,traverse,2900.0
2011,chevy,unspecified,3999.0
2011,chrysler,200,4600.0
2011,chrysler,300c,4250.0
2011,chrysler,town,6700.0
2011,dodge,avenger,3900.0
2011,dodge,caliber,5895.0
2011,dodge,caravan,8000.0
2011,dodge,charger,5250.0
2011,dodge,grand,8000.0
2011,ford,crown,4583.333333333333
2011,ford,e,6900.0
2011,ford,e-150,8900.0
2011,ford,e-250,6500.0
2011,ford,e-350,8833.333333333334
2011,ford,e250,7633.333333333333
2011,ford,e350,24250.0
2011,ford,e450,14166.666666666666
2011,ford,econoline,18500.0
2011,ford,edge,6238.0
2011,ford,escape,3566.0
2011,ford,expedition,3900.0
2011,ford,explorer,4900.0
2011,ford,f-150,8601.388888888889
2011,ford,f-250,15375.0
2011,ford,f-350,16250.0
2011,ford,f-650,29950.0
2011,ford,f150,8043.75
2011,ford,f250,18259.52380952381
2011,ford,f350,17566.333333333332
2011,ford,fiesta,3328.5714285714284
2011,ford,flex,4005.0
2011,ford,focus,3117.5
2011,ford,fusion,2600.0
2011,ford,mustang,19392.85714285714
2011,ford,ranger,11620.0
2011,ford,taurus,4161.75
2011,gmc,acadia,3666.3333333333335
2011,gmc,savana,14000.0
2011,gmc,sierra,20737.5
2011,gmc,terrain,6950.0
2011,gmc,yukon,5300.0
2011,honda,accord,5765.555555555556
2011,honda,civic,5388.888888888889
2011,honda,cr-v,7175.3
2011,honda,crz,4749.5
2011,honda,element,18000.0
2011,honda,fit,8100.0
2011,honda,insight,6400.0
2011,honda,odyssey,9487.5
2011,honda,pilot,6000.0
2011,honda,ridgeline,7000.0
2011,hyundai,accent,2700.0
2011,hyundai,elantra,3728.571428571429
2011,hyundai,santa,5549.833333333333
2011,hyundai,sonata,3642.307692307693
2011,hyundai,unspecified,2600.0
2011,infiniti,ex35,7800.0
2011,infiniti,g25,5333.0
2011,infiniti,g35,2900.0
2011,infiniti,g37,6480.0
2011,infiniti,m37x,4200.0
2011,infiniti,qx56,5749.375
2011,jaguar,xf,9200.0
2011,jaguar,xk,9550.0
2011,jeep,compass,3800.0
2011,jeep,grand,4936.363636363636
2011,jeep,liberty,3250.0
2011,jeep,patriot,2957.1428571428573
2011,jeep,wrangler,14163.333333333334
2011,kia,optima,4500.0
2011,kia,sorento,3768.8
2011,kia,soul,4700.0
2011,land,rover,11929.666666666666
2011,lexus,es,8940.0
2011,lexus,hs250h,6900.0
2011,lexus,is,6499.5
2011,lexus,is250,7149.666666666667
2011,lexus,rx,9314.285714285714
2011,mazda,3,4700.0
2011,mazda,3s,4300.0
2011,mazda,cx,3400.0
2011,mazda,cx-7,3266.6666666666665
2011,mazda,mazda3,5200.0
2011,mazda,rx-8,9600.0
2011,mercedes,c300,5750.0
2011,mercedes,e,11639.5
2011,mercedes,g550,54000.0
2011,mercedes,s,11900.0
2011,mercedes,sprinter,23500.0
2011,mercedes-benz,c-class,6519.0
2011,mercedes-benz,e-class,9159.8
2011,mercedes-benz,g550,54000.0
2011,mercedes-benz,gl-class,5490.0
2011,mercedes-benz,gl450,7900.0
2011,mercedes-benz,glk,7900.0
2011,mercedes-benz,glk-class,8900.0
2011,mercedes-benz,glk350,4700.0
2011,mercedes-benz,m-class,4500.0
2011,mercedes-benz,ml350,6500.0
2011,mercedes-benz,s,21995.0
2011,mercedes-benz,sprinter,18500.0
2011,mercedes-benz,unspecified,3725.0
2011,mini,cooper,4116.666666666667
2011,mini,countryman,7247.5
2011,mitsubishi,eclipse,12000.0
2011,mitsubishi,endeavor,3000.0
2011,mitsubishi,galant,4200.0
2011,mitsubishi,lancer,3210.0
2011,mitsubishi,outlander,5500.0
2011,nissan,altima,3486.1111111111113
2011,nissan,frontier,8250.0
2011,nissan,juke,4000.0
2011,nissan,leaf,2475.0
2011,nissan,maxima,3500.0
2011,nissan,murano,4163.636363636364
2011,nissan,rogue,5250.0
2011,nissan,sentra,5533.0
2011,nissan,versa,4055.625
2011,nissan,xterra,8000.0
2011,porsche,cayenne,11500.0
2011,porsche,panamera,11850.0
2011,ram,1500,8900.0
2011,subaru,forester,5137.5
2011,subaru,impreza,12133.333333333334
2011,subaru,legacy,2995.0
2011,subaru,outback,5150.0
2011,subaru,wrx,16950.0
2011,toyota,4runner,21599.0
2011,toyota,avalon,3200.0
2011,toyota,camry,5923.0
2011,toyota,corolla,6166.666666666667
2011,toyota,highlander,8449.90909090909
2011,toyota,matrix,4100.0
2011,toyota,prius,7193.529411764706
2011,toyota,rav4,8087.5
2011,toyota,scion,4500.0
2011,toyota,sienna,8659.45
2011,toyota,tacoma,17007.1
2011,toyota,tundra,13100.0
2011,toyota,unspecified,6000.0
2011,toyota,venza,6250.0
2011,volkswagen,golf,9899.5
2011,volkswagen,jetta,4150.0
2011,volkswagen,routan,3466.6666666666665
2011,volkswagen,tiguan,4083.3333333333335
2011,volvo,c30,12000.0
2011,volvo,xc60,4449.666666666667
2011,vw,routan,2700.0
2011,vw,tiguan,2800.0
2012,acura,mdx,7819.8
2012,acura,rdx,5100.0
2012,acura,tl,6170.0
2012,acura,tsx,8223.75
2012,audi,a3,6400.0
2012,audi,a4,8200.0
2012,audi,a6,9999.0
2012,audi,a7,9833.333333333334
2012,audi,q5,5265.384615384615
2012,audi,q7,9900.0
2012,audi,s5,8885.714285714286
2012,audi,tt,11500.0
2012,bmw,128i,8999.0
2012,bmw,135i,10999.0
2012,bmw,3,5800.0
2012,bmw,328i,8200.0
2012,bmw,335i,12900.0
2012,bmw,5,7947.5
2012,bmw,528xi,7200.0
2012,bmw,535i,5913.571428571428
2012,bmw,550i,8000.0
2012,bmw,740i,6850.0
2012,bmw,740li,5000.0
2012,bmw,750,4995.0
2012,bmw,750i,10233.333333333334
2012,bmw,750li,6783.333333333333
2012,bmw,m3,32995.0
2012,bmw,unspecified,8300.0
2012,bmw,x3,6133.333333333333
2012,bmw,x5,7377.777777777777
2012,bmw,x535d,12500.0
2012,buick,enclave,5825.0
2012,buick,lacrosse,6074.5
2012,buick,verano,4400.0
2012,cadillac,cts,7725.0
2012,cadillac,cts-v,45000.0
2012,cadillac,srx,6863.636363636364
2012,chevrolet,camaro,6500.0
2012,chevrolet,caprice,4500.0
2012,chevrolet,captiva,3000.0
2012,chevrolet,colorado,11800.0
2012,chevrolet,cruze,4230.0
2012,chevrolet,equinox,5128.428571428572
2012,chevrolet,express,10250.0
2012,chevrolet,impala,5400.0
2012,chevrolet,malibu,4018.625
2012,chevrolet,silverado,11316.666666666666
2012,chevrolet,sonic,3400.0
2012,chevrolet,suburban,6349.5
2012,chevrolet,tahoe,10666.666666666666
2012,chevrolet,traverse,3633.3333333333335
2012,chevrolet,volt,4396.666666666667
2012,chevy,camaro,20250.0
2012,chevy,captiva,3450.0
2012,chevy,cruz,4200.0
2012,chevy,cruze,5333.333333333333
2012,chevy,equinox,4266.666666666667
2012,chevy,express,7399.5
2012,chevy,impala,3900.0
2012,chevy,malibu,3366.6666666666665
2012,chevy,silverado,7500.0
2012,chevy,sonic,2733.3333333333335
2012,chevy,suburban,6500.0
2012,chevy,unspecified,3350.0
2012,chrysler,200,3938.0
2012,chrysler,300c,6000.0
2012,chrysler,300s,3800.0
2012,chrysler,town,3800.0
2012,dodge,avenger,2600.0
2012,dodge,challenger,14000.0
2012,dodge,charger,9999.333333333334
2012,dodge,grand,5350.0
2012,dodge,journey,4200.0
2012,dodge,unspecified,7000.0
2012,fiat,500,3406.125
2012,fiat,500c,3000.0
2012,fiat,sport,3500.0
2012,fiat,unspecified,2300.0
2012,ford,e-150,9098.75
2012,ford,e-250,5625.0
2012,ford,e350,10500.0
2012,ford,econoline,7950.0
2012,ford,edge,4560.0
2012,ford,escape,5318.5
2012,ford,expedition,8475.0
2012,ford,explorer,5925.0
2012,ford,f,6133.333333333333
2012,ford,f-150,12202.368421052632
2012,ford,f-250,13692.857142857143
2012,ford,f-450,19900.0
2012,ford,f150,8299.833333333334
2012,ford,f250,9291.666666666666
2012,ford,f450,17474.0
2012,ford,f550,26800.0
2012,ford,f750,50000.0
2012,ford,focus,4767.64705882353
2012,ford,fusion,4717.636363636364
2012,ford,mustang,8474.75
2012,ford,taurus,5500.0
2012,ford,transit,11074.75
2012,gmc,acadia,4200.0
2012,gmc,canyon,3600.0
2012,gmc,savanna,6500.0
2012,gmc,sierra,2300.0
2012,gmc,yukon,9500.0
2012,honda,accord,6959.825
2012,honda,civic,5704.891891891892
2012,honda,cr-v,8640.666666666668
2012,honda,crosstour,6648.75
2012,honda,fit,9500.0
2012,honda,odyssey,9509.52380952381
2012,honda,pilot,7737.5
2012,hyundai,azera,8500.0
2012,hyundai,elantra,3033.3333333333335
2012,hyundai,equus,8600.0
2012,hyundai,genesis,7549.8
2012,hyundai,santa,5000.0
2012,hyundai,sonata,4264.142857142857
2012,hyundai,tucson,7098.333333333333
2012,hyundai,veloster,5250.0
2012,infiniti,fx35,4495.0
2012,infiniti,g37,7300.0
2012,infiniti,g37x,4750.0
2012,infiniti,m35,5950.0
2012,infiniti,m37,9850.0
2012,infiniti,m37x,8500.0
2012,infiniti,qx56,6500.0
2012,jeep,compass,7000.0
2012,jeep,grand,6568.75
2012,jeep,liberty,4748.846153846154
2012,jeep,patriot,5375.0
2012,jeep,wrangler,13280.73076923077
2012,kia,optima,4016.5
2012,kia,rio,6200.0
2012,kia,sorento,8700.0
2012,kia,soul,3825.0
2012,land,rover,7750.0
2012,lexus,ct,8000.0
2012,lexus,es,7999.0
2012,lexus,gx,15250.0
2012,lexus,is,6500.0
2012,lexus,ls,19000.0
2012,lexus,ls460,12200.0
2012,lexus,rx,10660.0
2012,lexus,rx350,13000.0
2012,mazda,2,3550.0
2012,mazda,3,4225.0
2012,mazda,6,4888.0
2012,mazda,cx,2000.0
2012,mazda,cx-7,6900.0
2012,mazda,cx-9,5837.5
2012,mazda,mazda3,7162.5
2012,mazda,mazda5,5398.333333333333
2012,mercedes,e350,10995.0
2012,mercedes,r350,6990.0
2012,mercedes-benz,c-class,6486.75
2012,mercedes-benz,c250,6066.333333333333
2012,mercedes-benz,cls-class,22000.0
2012,mercedes-benz,e-class,7666.666666666667
2012,mercedes-benz,e350,6900.0
2012,mercedes-benz,gl-class,13450.0
2012,mercedes-benz,gl450,5275.0
2012,mercedes-benz,gle,9500.0
2012,mercedes-benz,glk-class,8500.0
2012,mercedes-benz,glk350,6600.0
2012,mercedes-benz,m-class,10000.0
2012,mercedes-benz,s-class,7499.0
2012,mercedes-benz,sprinter,26000.0
2012,mercedes-benz,unspecified,6400.0
2012,mini,cooper,6505.576923076923
2012,mini,countryman,5700.0
2012,mini,hardtop,7495.0
2012,mitsubishi,eclipse,4200.0
2012,mitsubishi,galant,2400.0
2012,nissan,altima,3910.0810810810817
2012,nissan,armada,3500.0
2012,nissan,cube,3500.0
2012,nissan,frontier,9422.5
2012,nissan,juke,8146.333333333333
2012,nissan,leaf,2616.6666666666665
2012,nissan,maxima,4550.0
2012,nissan,pathfinder,4790.0
2012,nissan,quest,4100.0
2012,nissan,rogue,5255.588235294118
2012,nissan,sentra,3925.0
2012,nissan,versa,3431.818181818182
2012,nissan,xterra,4000.0
2012,porsche,911,51000.0
2012,porsche,cayenne,10408.333333333334
2012,porsche,panamera,40000.0
2012,ram,1500,6066.666666666667
2012,ram,2500,32500.0
2012,subaru,forester,8550.0
2012,subaru,impreza,7716.5
2012,subaru,legacy,6637.5
2012,subaru,outback,6944.5
2012,tesla,model,13900.0
2012,toyota,avalon,7500.0
2012,toyota,camry,8105.84
2012,toyota,corolla,6116.75
2012,toyota,fj,19000.0
2012,toyota,highlander,9329.8
2012,toyota,prius,7084.708333333333
2012,toyota,rav4,6999.833333333333
2012,toyota,scion,6247.5
2012,toyota,sienna,7686.75
2012,toyota,tacoma,13883.333333333334
2012,toyota,tundra,14266.666666666666
2012,volkswagen,beetle,12000.0
2012,volkswagen,cc,2200.0
2012,volkswagen,golf,5320.0
2012,volkswagen,gti,7499.5
2012,volkswagen,jetta,4666.5
2012,volkswagen,mkvi,3800.0
2012,volkswagen,passat,7850.0
2012,volkswagen,touareg,5900.0
2012,volvo,s60,5140.0
2012,volvo,s80,3500.0
2012,vw,jetta,4800.0
2012,vw,tiguan,3700.0
2013,acura,mdx,11830.0
2013,acura,rdx,6683.333333333333
2013,acura,tsx,13000.0
2013,audi,a3,10200.0
2013,audi,a4,6366.666666666667
2013,audi,a5,7125.0
2013,audi,a6,7925.0
2013,audi,a7,7466.666666666667
2013,audi,allroad,6700.0
2013,audi,q5,6654.166666666667
2013,audi,q7,6548.75
2013,audi,rs5,19999.0
2013,audi,s4,13600.0
2013,audi,s7,19995.0
2013,bentley,continental,42950.0
2013,bmw,1,14000.0
2013,bmw,3,6450.0
2013,bmw,320i,4500.0
2013,bmw,328i,8632.8
2013,bmw,328xi,7883.333333333333
2013,bmw,335i,6500.0
2013,bmw,5,5050.0
2013,bmw,528i,5265.0
2013,bmw,528xi,8500.0
2013,bmw,535i,9566.666666666666
2013,bmw,6,10000.0
2013,bmw,640,11950.0
2013,bmw,740i,7500.0
2013,bmw,750li,11000.0
2013,bmw,m,21500.0
2013,bmw,m5,22500.0
2013,bmw,x1,7960.0
2013,bmw,x3,6662.125
2013,bmw,x5,6405.444444444444
2013,buick,enclave,4700.0
2013,buick,encore,3400.0
2013,buick,regal,6675.0
2013,buick,verano,5665.0
2013,cadillac,ats,8900.0
2013,cadillac,cts,6500.0
2013,cadillac,srx,7800.0
2013,cadillac,xts,6899.666666666667
2013,chevrolet,camaro,12200.0
2013,chevrolet,caprice,11000.0
2013,chevrolet,corvette,45375.0
2013,chevrolet,cruze,4177.555555555556
2013,chevrolet,equinox,5787.5
2013,chevrolet,express,11875.0
2013,chevrolet,g30,5500.0
2013,chevrolet,impala,3866.5
2013,chevrolet,malibu,3033.3333333333335
2013,chevrolet,silverado,10699.285714285714
2013,chevrolet,spark,5150.0
2013,chevrolet,suburban,19950.0
2013,chevrolet,tahoe,9750.0
2013,chevrolet,traverse,4000.0
2013,chevrolet,volt,5975.0
2013,chevy,camaro,22000.0
2013,chevy,corvette,2500.0
2013,chevy,cruz,3225.0
2013,chevy,cruze,2987.5
2013,chevy,equinox,4724.5
2013,chevy,express,5833.333333333333
2013,chevy,impala,7500.0
2013,chevy,malibu,3725.0
2013,chevy,silverado,15149.166666666666
2013,chevy,sonic,3230.0
2013,chevy,spark,3950.0
2013,chevy,tahoe,8675.0
2013,chevy,traverse,5200.0
2013,chevy,unspecified,11100.0
2013,chrysler,200,4737.5
2013,chrysler,300,6250.0
2013,chrysler,town,7024.75
2013,dodge,avenger,3800.0
2013,dodge,challenger,12050.0
2013,dodge,charger,5537.857142857143
2013,dodge,dart,5500.0
2013,dodge,durango,7250.0
2013,dodge,grand,11798.333333333334
2013,dodge,journey,5887.5
2013,fiat,500,3907.428571428571
2013,fiat,abarth,9500.0
2013,fiat,pop,10950.0
2013,ford,c-max,5755.0
2013,ford,cmax,4099.666666666667
2013,ford,e-250,11360.0
2013,ford,e150,3650.0
2013,ford,e250,8508.0
2013,ford,e450,9995.0
2013,ford,econoline,4900.0
2013,ford,edge,5683.333333333333
2013,ford,escape,5573.722222222223
2013,ford,expedition,5400.0
2013,ford,explorer,7232.666666666667
2013,ford,f-150,8891.95
2013,ford,f-250,8500.0
2013,ford,f-550,55000.0
2013,ford,f150,13818.181818181818
2013,ford,f250,11266.666666666666
2013,ford,f350,16133.333333333334
2013,ford,f550,20000.0
2013,ford,fiesta,5349.5
2013,ford,flex,3100.0
2013,ford,focus,4673.631578947368
2013,ford,fusion,5224.916666666667
2013,ford,mustang,13942.857142857143
2013,ford,taurus,5783.222222222223
2013,ford,transit,7372.5
2013,ford,unspecified,6075.0
2013,ford,van,6000.0
2013,gmc,acadia,5408.333333333333
2013,gmc,arcadia,2600.0
2013,gmc,duramax,21000.0
2013,gmc,sierra,10350.0
2013,gmc,terrain,5555.571428571428
2013,gmc,yukon,7259.8
2013,honda,accord,8711.095238095239
2013,honda,civic,7730.473684210527
2013,honda,cr-v,6908.25
2013,honda,crosstour,7650.0
2013,honda,fit,7403.846153846154
2013,honda,insight,3900.0
2013,honda,odyssey,8164.0
2013,honda,pilot,6987.5
2013,honda,ridgeline,6447.5
2013,honda,unspecified,9500.0
2013,hyundai,accent,3570.0
2013,hyundai,elantra,5089.176470588235
2013,hyundai,santa,6250.0
2013,hyundai,sonata,5586.266666666666
2013,hyundai,tucson,6116.666666666667
2013,hyundai,veloster,3925.0
2013,infiniti,g37,7000.0
2013,infiniti,g37x,5400.0
2013,infiniti,jax,5900.0
2013,infiniti,jx35,4549.75
2013,infiniti,m35h,6999.0
2013,infiniti,qx56,8820.0
2013,jaguar,xf,9000.0
2013,jaguar,xj,13525.0
2013,jaguar,xk,14999.0
2013,jeep,compass,3833.3333333333335
2013,jeep,grand,4560.0
2013,jeep,patriot,3325.0
2013,jeep,unspecified,25958.333333333332
2013,jeep,wrangler,13363.888888888889
2013,kia,forte,4975.0
2013,kia,optima,5531.428571428572
2013,kia,rio,2800.0
2013,kia,sorento,5533.333333333333
2013,kia,sorrento,4100.0
2013,kia,soul,4520.0
2013,land,rover,11085.714285714286
2013,lexus,ct,10200.0
2013,lexus,ct200h,6850.0
2013,lexus,es,10420.0
2013,lexus,gs,14433.333333333334
2013,lexus,gx460,23500.0
2013,lexus,is,8200.0
2013,lexus,is250,3395.0
2013,lexus,ls,14950.0
2013,lexus,ls460,37999.0
2013,lexus,rx,14777.272727272728
2013,mazda,3,5325.0
2013,mazda,3i,7800.0
2013,mazda,cx,4995.0
2013,mazda,cx-5,7800.0
2013,mazda,cx9,5500.0
2013,mazda,mazda2,3200.0
2013,mazda,mazda3,4412.5
2013,mercedes,gl450,6999.0
2013,mercedes,sprinter,40500.0
2013,mercedes-benz,c-class,11766.5
2013,mercedes-benz,c250,7325.0
2013,mercedes-benz,c350,6500.0
2013,mercedes-benz,e-class,10000.0
2013,mercedes-benz,e350,6400.0
2013,mercedes-benz,gl-class,8800.0
2013,mercedes-benz,gl450,10354.166666666666
2013,mercedes-benz,glk,7150.0
2013,mercedes-benz,glk250,4600.0
2013,mercedes-benz,glk350,5500.0
2013,mercedes-benz,m-class,6500.0
2013,mercedes-benz,ml-class,15500.0
2013,mercedes-benz,s550,6999.0
2013,mercedes-benz,sl-class,26900.0
2013,mercedes-benz,sprinter,46416.666666666664
2013,mini,clubman,8299.0
2013,mini,cooper,7953.666666666667
2013,mini,countryman,8000.0
2013,nissan,altima,4279.476190476191
2013,nissan,altime,5950.0
2013,nissan,armada,5900.0
2013,nissan,cube,3600.0
2013,nissan,frontier,8466.666666666666
2013,nissan,juke,6289.5
2013,nissan,leaf,4000.0
2013,nissan,maxima,8749.5
2013,nissan,murano,4875.0
2013,nissan,nv2500,11200.0
2013,nissan,pathfinder,5699.857142857143
2013,nissan,quest,6850.0
2013,nissan,rogue,4782.739130434783
2013,nissan,sentra,4885.714285714285
2013,nissan,titan,4600.0
2013,nissan,versa,4265.0
2013,porsche,911,74900.0
2013,porsche,cayenne,24500.0
2013,porsche,panamera,12249.5
2013,ram,1500,14133.333333333334
2013,ram,caravan,3350.0
2013,subaru,forester,7766.666666666667
2013,subaru,impreza,8278.57142857143
2013,subaru,outback,7191.058823529412
2013,subaru,wrx,29000.0
2013,subaru,xv,7166.666666666667
2013,tesla,model,13750.0
2013,tesla,s,6900.0
2013,toyota,4runner,18000.0
2013,toyota,camry,7337.5
2013,toyota,corolla,8745.0
2013,toyota,highlander,8605.0
2013,toyota,prius,7494.586206896552
2013,toyota,rav4,10164.666666666666
2013,toyota,scion,7650.0
2013,toyota,sequoia,17990.0
2013,toyota,sienna,10931.176470588236
2013,toyota,tacoma,16975.0
2013,toyota,tundra,20838.0
2013,toyota,venza,8225.0
2013,toyota,yaris,7599.2
2013,volkswagen,cc,5300.0
2013,volkswagen,eos,7449.5
2013,volkswagen,golf,5000.0
2013,volkswagen,gti,10150.0
2013,volkswagen,jetta,5268.181818181818
2013,volkswagen,passat,5485.714285714285
2013,volkswagen,tiguan,5649.166666666667
2013,volkswagen,touareg,9600.0
2013,volvo,s60,7549.75
2013,volvo,xc60,6836.25
2013,volvo,xc90,3699.6666666666665
2013,vw,golf,4875.0
2013,vw,gti,8500.0
2013,vw,jetta,5212.5
2013,vw,passat,4200.0
2013,vw,tiguan,6600.0
2014,acura,mdx,7506.25
2014,acura,rdx,8625.0
2014,acura,tl,8500.0
2014,audi,a4,9025.0
2014,audi,a5,7600.0
2014,audi,a6,7433.333333333333
2014,audi,a7,3900.0
2014,audi,a8,9600.0
2014,audi,q5,8280.0
2014,audi,q7,6866.666666666667
2014,audi,r8,87500.0
2014,audi,s4,14000.0
2014,audi,s5,16100.0
2014,bmw,3,10133.0
2014,bmw,320i,8247.5
2014,bmw,328d,10200.0
2014,bmw,328i,7850.0
2014,bmw,335i,12425.0
2014,bmw,428i,10449.833333333334
2014,bmw,5,14000.0
2014,bmw,528i,6875.0
2014,bmw,535i,7800.0
2014,bmw,550,7700.0
2014,bmw,6,27000.0
2014,bmw,640i,12995.0
2014,bmw,650i,14200.0
2014,bmw,7,8900.0
2014,bmw,740li,7500.0
2014,bmw,750li,5675.0
2014,bmw,f800,6000.0
2014,bmw,i3,8100.0
2014,bmw,i328,15000.0
2014,bmw,m5,26244.0
2014,bmw,m6,24000.0
2014,bmw,unspecified,9850.0
2014,bmw,x1,5766.666666666667
2014,bmw,x3,7129.875
2014,bmw,x4m,9950.0
2014,bmw,x5,11175.0
2014,buick,enclave,8200.0
2014,buick,encore,6125.0
2014,buick,verano,9500.0
2014,buick,vernao,4000.0
2014,cadillac,ats,6639.8
2014,cadillac,cts,6766.666666666667
2014,cadillac,cts-v,16000.0
2014,cadillac,elr,14900.0
2014,cadillac,escalade,11125.0
2014,cadillac,hearse,29900.0
2014,cadillac,srx,7300.0
2014,cadillac,xts,10156.666666666666
2014,chevrolet,camaro,11756.125
2014,chevrolet,corvette,39250.0
2014,chevrolet,cruze,4008.3333333333335
2014,chevrolet,equinox,5328.125
2014,chevrolet,express,10497.0
2014,chevrolet,impala,5833.333333333333
2014,chevrolet,malibu,5923.75
2014,chevrolet,silverado,12750.0
2014,chevrolet,sonic,2500.0
2014,chevrolet,spark,5400.0
2014,chevrolet,tahoe,11995.0
2014,chevrolet,traverse,3950.0
2014,chevrolet,unspecified,2300.0
2014,chevrolet,volt,6199.6
2014,chevy,camaro,22000.0
2014,chevy,caprice,4600.0
2014,chevy,cruz,3500.0
2014,chevy,cruze,3500.0
2014,chevy,equinox,5335.0
2014,chevy,express,8832.666666666666
2014,chevy,impala,4383.333333333333
2014,chevy,malibu,3150.0
2014,chevy,silverado,16285.714285714286
2014,chevy,sonic,3516.6666666666665
2014,chevy,spark,4700.0
2014,chevy,suburban,4750.0
2014,chevy,tahoe,8833.333333333334
2014,chevy,traverse,4900.0
2014,chevy,unspecified,4000.0
2014,chevy,volt,5500.0
2014,chevy,xr,5500.0
2014,chrysler,200,5000.0
2014,chrysler,300,6398.571428571428
2014,chrysler,300c,6500.0
2014,chrysler,300s,7500.0
2014,chrysler,town,8277.857142857143
2014,dodge,avenger,4060.0
2014,dodge,challenger,13105.555555555557
2014,dodge,charger,8429.3
2014,dodge,dart,4000.0
2014,dodge,durango,10280.0
2014,dodge,grand,6755.555555555556
2014,dodge,journey,4616.666666666667
2014,dodge,van,12000.0
2014,fiat,500,5200.0
2014,fiat,500l,2850.0
2014,ford,c-max,3750.0
2014,ford,cmax,6033.333333333333
2014,ford,e-150,6547.5
2014,ford,e-250,6433.0
2014,ford,e-350,10266.666666666666
2014,ford,e350,5412.5
2014,ford,edge,3560.0
2014,ford,escape,4641.2
2014,ford,expedition,6340.0
2014,ford,explorer,7358.705882352941
2014,ford,f-150,11855.0
2014,ford,f-250,16250.0
2014,ford,f-350,14200.0
2014,ford,f150,14539.818181818182
2014,ford,f250,15200.0
2014,ford,f350,12500.0
2014,ford,fiesta,4083.3333333333335
2014,ford,focus,5071.739130434783
2014,ford,fusion,5149.5
2014,ford,mustang,13150.0
2014,ford,taurus,4500.0
2014,ford,transit,12750.0
2014,ford,unspecified,7000.0
2014,gmc,acadia,6541.666666666667
2014,gmc,savana,21900.0
2014,gmc,sierra,11218.125
2014,gmc,terrain,7231.5
2014,gmc,yukon,8666.666666666666
2014,honda,accord,11249.958333333334
2014,honda,civic,10106.25
2014,honda,cr-v,9311.616666666667
2014,honda,odyssey,7454.53125
2014,honda,pilot,9618.75
2014,hyundai,accent,4375.0
2014,hyundai,elantra,5440.0
2014,hyundai,genesis,6139.8
2014,hyundai,santa,5962.25
2014,hyundai,sonata,5531.818181818182
2014,hyundai,tucson,10250.0
2014,hyundai,unspecified,3200.0
2014,hyundai,veloster,3400.0
2014,infiniti,q50,8500.0
2014,infiniti,q60,15900.0
2014,infiniti,qx60,5317.8
2014,infiniti,qx80,9950.0
2014,jaguar,xf,3500.0
2014,jaguar,xjr,16750.0
2014,jeep,cherokee,7028.571428571428
2014,jeep,compass,4100.0
2014,jeep,grand,7632.571428571428
2014,jeep,patriot,4317.8
2014,jeep,wrangler,15436.136363636364
2014,kia,cadenza,7333.0
2014,kia,forte,3575.0
2014,kia,optima,4557.142857142857
2014,kia,sorento,6162.5
2014,kia,soul,5850.0
2014,kia,sportage,5483.333333333333
2014,land,rover,13231.666666666666
2014,lexus,ct200h,12000.0
2014,lexus,es,13149.5
2014,lexus,es350,15900.0
2014,lexus,gs,17500.0
2014,lexus,gs350,7900.0
2014,lexus,gx,30000.0
2014,lexus,gx460,32000.0
2014,lexus,is,16950.0
2014,lexus,is250,19500.0
2014,lexus,rx,15449.75
2014,lexus,rx350,11900.0
2014,lexus,unspecified,14000.0
2014,mazda,3,14900.0
2014,mazda,6,6999.0
2014,mazda,cx-5,9240.0
2014,mazda,cx9,3900.0
2014,mazda,mazda3,5200.0
2014,mazda,mazda6,5500.0
2014,mercedes,c300,4500.0
2014,mercedes,gl350,11900.0
2014,mercedes,unspecified,28700.0
2014,mercedes-benz,c-class,10370.0
2014,mercedes-benz,c250,6700.0
2014,mercedes-benz,cla-class,7999.0
2014,mercedes-benz,cls550,8499.0
2014,mercedes-benz,e-class,12560.0
2014,mercedes-benz,g-class,45000.0
2014,mercedes-benz,gl,28000.0
2014,mercedes-benz,gl-class,24799.0
2014,mercedes-benz,glk,10000.0
2014,mercedes-benz,glk250,6000.0
2014,mercedes-benz,ml-class,10400.0
2014,mercedes-benz,s-class,13500.0
2014,mercedes-benz,sprinter,23600.0
2014,mercedes-benz,unspecified,13800.0
2014,mini,cooper,6937.5
2014,mini,countryman,3400.0
2014,mini,hardtop,9000.0
2014,mini,paceman,8500.0
2014,mitsubishi,lancer,18999.0
2014,mitsubishi,mirage,4995.0
2014,mitsubishi,outlander,6610.0
2014,nissan,altima,4340.380952380952
2014,nissan,armada,4900.0
2014,nissan,frontier,10633.333333333334
2014,nissan,juke,5500.0
2014,nissan,leaf,5499.0
2014,nissan,maxima,4750.0
2014,nissan,murano,6257.5
2014,nissan,nv200,4500.0
2014,nissan,nv3500,15500.0
2014,nissan,pathfinder,6494.8
2014,nissan,quest,8149.5
2014,nissan,rogue,5188.888888888889
2014,nissan,sentra,3907.142857142858
2014,nissan,unspecified,4447.5
2014,nissan,versa,3626.5333333333338
2014,porsche,cayenne,11091.333333333334
2014,porsche,cayman,30000.0
2014,porsche,panamera,34475.0
2014,porsche,unspecified,25800.0
2014,ram,1500,10609.09090909091
2014,ram,2500,22400.0
2014,ram,3500,27500.0
2014,ram,promaster,9600.0
2014,subaru,crosstrek,7200.0
2014,subaru,forester,6731.941176470588
2014,subaru,impreza,7199.833333333333
2014,subaru,legacy,9500.0
2014,subaru,outback,7082.0
2014,subaru,wrx,10000.0
2014,subaru,xv,10175.0
2014,tesla,model,12999.0
2014,tesla,s,32500.0
2014,toyota,4runner,22000.0
2014,toyota,avalon,9998.0
2014,toyota,camry,8397.653846153846
2014,toyota,corolla,8240.0
2014,toyota,fj,40000.0
2014,toyota,highlander,13700.0
2014,toyota,plugin,9525.0
2014,toyota,prius,6620.0
2014,toyota,rav4,10016.4
2014,toyota,scion,7625.0
2014,toyota,sienna,11357.142857142857
2014,toyota,tacoma,16900.0
2014,toyota,tundra,28679.75
2014,toyota,unspecified,9000.0
2014,volkswagen,beetle,8500.0
2014,volkswagen,cc,8800.0
2014,volkswagen,golf,7919.0
2014,volkswagen,jetta,5462.5
2014,volkswagen,passat,6528.571428571428
2014,volkswagen,tiguan,4640.0
2014,volkswagen,touareg,3525.0
2014,volvo,xc60,5950.0
2014,vw,gti,9250.0
2014,vw,jetta,6190.0
2014,vw,passat,6575.0
2014,vw,tdi,4500.0
2015,acura,mdx,10025.0
2015,acura,rdx,10364.285714285714
2015,acura,rsx,14000.0
2015,acura,tlx,10529.666666666666
2015,audi,a3,7334.076923076923
2015,audi,a4,10964.142857142857
2015,audi,a5,12500.0
2015,audi,a6,9600.0
2015,audi,a7,6000.0
2015,audi,a8,13900.0
2015,audi,a8l,6300.0
2015,audi,q3,9300.0
2015,audi,q5,9700.0
2015,audi,q7,10900.0
2015,audi,s4,15300.0
2015,bentley,continental,75500.0
2015,bmw,228i,19000.0
2015,bmw,3,9925.0
2015,bmw,320i,10150.0
2015,bmw,328i,8543.75
2015,bmw,328xi,3500.0
2015,bmw,35i,8000.0
2015,bmw,4,5995.0
2015,bmw,428i,14914.0
2015,bmw,435i,14700.0
2015,bmw,5,12500.0
2015,bmw,528i,7787.25
2015,bmw,550i,11000.0
2015,bmw,640i,19000.0
2015,bmw,650i,9300.0
2015,bmw,750i,10000.0
2015,bmw,750li,11995.0
2015,bmw,gt,11900.0
2015,bmw,i3,7950.0
2015,bmw,i8,36950.0
2015,bmw,m235i,19500.0
2015,bmw,m4,42000.0
2015,bmw,m6,32900.0
2015,bmw,unspecified,6097.666666666667
2015,bmw,x1,5350.0
2015,bmw,x3,11444.0
2015,bmw,x4,10700.0
2015,bmw,x5,10300.0
2015,bmw,x6,22500.0
2015,buick,enclave,7700.0
2015,buick,encore,6500.0
2015,buick,lacrosse,18000.0
2015,cadillac,ats,8244.444444444445
2015,cadillac,escalade,25042.0
2015,cadillac,limousine,15900.0
2015,cadillac,srx,2699.0
2015,cadillac,unspecified,2500.0
2015,chevrolet,c3500,36000.0
2015,chevrolet,camaro,10400.0
2015,chevrolet,city,4800.0
2015,chevrolet,colorado,15500.0
2015,chevrolet,corvette,59999.0
2015,chevrolet,cruze,3920.0
2015,chevrolet,equinox,4900.0
2015,chevrolet,express,8400.0
2015,chevrolet,malibu,3783.3333333333335
2015,chevrolet,rxpress,9950.0
2015,chevrolet,silverado,12258.25
2015,chevrolet,sonic,3566.6666666666665
2015,chevrolet,spark,4500.0
2015,chevrolet,ss,26000.0
2015,chevrolet,ss/,89000.0
2015,chevrolet,suburban,13900.0
2015,chevrolet,tahoe,19369.714285714286
2015,chevrolet,traverse,5413.571428571428
2015,chevrolet,trax,4763.0
2015,chevrolet,volt,4500.0
2015,chevy,camaro,7900.0
2015,chevy,colorado,21950.0
2015,chevy,cruze,2800.0
2015,chevy,equinox,8999.0
2015,chevy,impala,2900.0
2015,chevy,maliby,6499.0
2015,chevy,silverado,17200.0
2015,chevy,sonic,3650.0
2015,chevy,spark,4850.0
2015,chevy,tahoe,17100.0
2015,chevy,traverse,5500.0
2015,chevy,trax,5100.0
2015,chevy,van,3900.0
2015,chrysler,200,5262.5
2015,chrysler,town,5000.0
2015,dodge,challenger,28674.75
2015,dodge,charger,10416.666666666666
2015,dodge,dart,2950.0
2015,dodge,durango,7810.0
2015,dodge,grand,8048.571428571428
2015,dodge,journey,5225.0
2015,dodge,unspecified,9200.0
2015,fiat,500,5200.0
2015,fiat,abarth,13650.0
2015,ford,450xl,24000.0
2015,ford,c-max,9500.0
2015,ford,cmax,4800.0
2015,ford,e-350,18975.0
2015,ford,e350,7000.0
2015,ford,edge,7428.428571428572
2015,ford,escape,6059.0
2015,ford,expedition,6166.666666666667
2015,ford,explorer,6641.583333333333
2015,ford,f-150,13018.181818181818
2015,ford,f-250,21000.0
2015,ford,f-350,22000.0
2015,ford,f150,20625.0
2015,ford,f250,15250.0
2015,ford,f350,23449.833333333332
2015,ford,f450,26500.0
2015,ford,f550,27000.0
2015,ford,f650,50000.0
2015,ford,fiesta,6066.666666666667
2015,ford,flex,3937.5
2015,ford,focus,4690.0
2015,ford,fusion,7061.875
2015,ford,mustang,15420.714285714286
2015,ford,my,45000.0
2015,ford,t250,13350.0
2015,ford,taurus,6975.0
2015,ford,transit,15945.625
2015,ford,transit-350,15500.0
2015,ford,unspecified,17000.0
2015,gmc,acadia,7728.571428571428
2015,gmc,sierra,20079.933333333334
2015,gmc,terrain,8700.0
2015,gmc,yukon,18058.166666666668
2015,honda,accord,9605.518518518518
2015,honda,civic,10276.5
2015,honda,cr-v,10262.5
2015,honda,fit,10100.0
2015,honda,odyssey,12499.444444444443
2015,honda,pilot,9798.75
2015,hyundai,accent,4825.0
2015,hyundai,azera,2200.0
2015,hyundai,elantra,5389.666666666667
2015,hyundai,genesis,8200.0
2015,hyundai,santa,7321.666666666667
2015,hyundai,sonata,6236.705882352941
2015,hyundai,tucson,4700.0
2015,hyundai,veloster,5612.5
2015,infiniti,q50,9000.0
2015,infiniti,q60,18300.0
2015,infiniti,qx50,9450.0
2015,infiniti,qx60,6900.0
2015,infiniti,qx70,10216.666666666666
2015,infiniti,qx80,16995.0
2015,infiniti,unspecified,4200.0
2015,jaguar,f-type,39999.5
2015,jaguar,xf,9325.0
2015,jeep,cherokee,6511.818181818182
2015,jeep,compass,5884.142857142857
2015,jeep,grand,10311.96
2015,jeep,patriot,3860.0
2015,jeep,renegade,5979.833333333333
2015,jeep,unspecified,6800.0
2015,jeep,wrangler,15923.5
2015,kia,forte,5166.666666666667
2015,kia,forte5,8950.0
2015,kia,fotre,3500.0
2015,kia,k900,7500.0
2015,kia,optima,6130.7692307692305
2015,kia,rio,5224.75
2015,kia,sorento,6535.0
2015,kia,sorrento,11500.0
2015,kia,soul,4425.0
2015,land,rover,11727.181818181818
2015,lexus,es,11460.0
2015,lexus,gs,16500.0
2015,lexus,gx,26500.0
2015,lexus,ls,14800.0
2015,lexus,ls460,19500.0
2015,lexus,nx,19750.0
2015,lexus,rx,14934.0
2015,lexus,rx350,18000.0
2015,mazda,3,7999.0
2015,mazda,5,4500.0
2015,mazda,6,10500.0
2015,mazda,cx-5,8166.666666666667
2015,mazda,cx9,9500.0
2015,mazda,mx-5,11750.0
2015,mercedes,ml250,12500.0
2015,mercedes-benz,c-class,11133.333333333334
2015,mercedes-benz,cla-class,13900.0
2015,mercedes-benz,cla250,8550.0
2015,mercedes-benz,cls-class,16600.0
2015,mercedes-benz,e-class,10799.0
2015,mercedes-benz,gl-class,13500.0
2015,mercedes-benz,gl350,10000.0
2015,mercedes-benz,gl550,16500.0
2015,mercedes-benz,gl63,23000.0
2015,mercedes-benz,gla,8082.5
2015,mercedes-benz,gla250,6300.0
2015,mercedes-benz,glk250,12500.0
2015,mercedes-benz,glk350,12500.0
2015,mercedes-benz,m-class,12500.0
2015,mercedes-benz,ml-class,11000.0
2015,mercedes-benz,ml350,13366.666666666666
2015,mercedes-benz,s-class,28500.0
2015,mercedes-benz,s63,40000.0
2015,mercedes-benz,sprinter,14397.5
2015,mini,cooper,8133.333333333333
2015,mini,hardtop,6900.0
2015,mitsubishi,eclipse,3900.0
2015,mitsubishi,mirage,3533.3333333333335
2015,mitsubishi,outlander,4799.666666666667
2015,mitsubishi,unspecified,32500.0
2015,nissan,370z,10350.0
2015,nissan,altima,5460.942857142857
2015,nissan,armada,6100.0
2015,nissan,frontier,10923.75
2015,nissan,jake,3500.0
2015,nissan,juke,4850.0
2015,nissan,leaf,5185.0
2015,nissan,murano,5648.75
2015,nissan,nv200,4700.0
2015,nissan,nv2500,19500.0
2015,nissan,pathfinder,5925.0
2015,nissan,quest,7466.666666666667
2015,nissan,rogue,5078.25
2015,nissan,sentra,5674.875
2015,nissan,titan,14460.5
2015,nissan,versa,3686.363636363637
2015,porsche,cayenne,19500.0
2015,porsche,macan,14078.0
2015,ram,1500,14085.714285714286
2015,ram,2500,19995.0
2015,ram,3500,32000.0
2015,ram,4500,9700.0
2015,ram,5500,38000.0
2015,ram,promaster,19266.666666666668
2015,subaru,forester,7863.454545454545
2015,subaru,impreza,7950.0
2015,subaru,legacy,8416.333333333334
2015,subaru,outback,10333.333333333334
2015,subaru,wrx,23000.0
2015,subaru,xv,7500.0
2015,tesla,model,13920.0
2015,tesla,s,13350.0
2015,toyota,4runner,14900.0
2015,toyota,avalon,7766.333333333333
2015,toyota,camry,9096.133333333331
2015,toyota,corolla,9014.5
2015,toyota,highlander,14605.0
2015,toyota,prius,9300.869565217392
2015,toyota,rav4,10515.0
2015,toyota,scion,7700.0
2015,toyota,sequoia,16900.0
2015,toyota,sienna,15535.357142857143
2015,toyota,tacoma,17862.125
2015,toyota,tundra,18852.8
2015,toyota,unspecified,8700.0
2015,toyota,yaris,9800.0
2015,volkswagen,beetle,7750.0
2015,volkswagen,golf,13600.0
2015,volkswagen,gti,9000.0
2015,volkswagen,jetta,6349.666666666667
2015,volkswagen,passat,5138.8
2015,volkswagen,tiguan,5800.0
2015,volvo,s60,7062.0
2015,volvo,v60,11700.0
2015,volvo,v60cc,9500.0
2015,volvo,xc60,5500.0
2015,volvo,xc70,8450.0
2015,vw,gti,14500.0
2015,vw,jetta,7600.0
2015,vw,passat,6025.0
2016,acura,ilx,10000.0
2016,acura,mdx,15758.0
2016,acura,rdx,18500.0
2016,acura,tlx,11050.0
2016,audi,a3,6425.0
2016,audi,a4,11875.0
2016,audi,a5,14800.0
2016,audi,a6,9175.0
2016,audi,a8,11000.0
2016,audi,a8l,9500.0
2016,audi,q3,10078.0
2016,audi,q5,10126.5
2016,audi,s5,17995.0
2016,bmw,3,7566.666666666667
2016,bmw,320i,8950.0
2016,bmw,328i,12624.5
2016,bmw,4,9625.0
2016,bmw,428i,11998.5
2016,bmw,435i,6000.0
2016,bmw,438i,8998.0
2016,bmw,5,9500.0
2016,bmw,528i,7762.5
2016,bmw,528xi,8500.0
2016,bmw,535i,11800.0
2016,bmw,535ix,13000.0
2016,bmw,6,12100.0
2016,bmw,750i,9500.0
2016,bmw,750li,12500.0
2016,bmw,i3,11249.5
2016,bmw,i8,34000.0
2016,bmw,m235i,16200.0
2016,bmw,m3,39999.0
2016,bmw,m4,94999.0
2016,bmw,x1,11500.0
2016,bmw,x3,8275.666666666666
2016,bmw,x4,7500.0
2016,bmw,x5,12543.888888888889
2016,buick,enclave,5312.5
2016,buick,encore,9645.833333333334
2016,buick,verano,3833.0
2016,cadillac,ats,3750.0
2016,cadillac,ct6,6500.0
2016,cadillac,elr,18000.0
2016,cadillac,escalade,19500.0
2016,cadillac,srx,6641.166666666667
2016,chevrolet,camaro,12666.666666666666
2016,chevrolet,colorado,18966.666666666668
2016,chevrolet,corvette,50000.0
2016,chevrolet,cruze,6000.0
2016,chevrolet,equinox,4900.0
2016,chevrolet,express,8163.333333333333
2016,chevrolet,impala,6800.0
2016,chevrolet,malibu,7700.0
2016,chevrolet,silverado,16290.90909090909
2016,chevrolet,sonic,4975.0
2016,chevrolet,spark,2999.0
2016,chevrolet,suburban,12499.5
2016,chevrolet,tahoe,13420.0
2016,chevrolet,traverse,9500.0
2016,chevrolet,trax,4999.0
2016,chevrolet,volt,4900.0
2016,chevy,2016,16500.0
2016,chevy,colorado,21350.0
2016,chevy,cruze,4920.0
2016,chevy,equinox,5787.0
2016,chevy,impala,4833.333333333333
2016,chevy,silverado,18866.666666666668
2016,chevy,sonic,5000.0
2016,chevy,tahoe,15750.0
2016,chevy,traverse,3900.0
2016,chevy,unspecified,10000.0
2016,chrysler,200,4333.333333333333
2016,chrysler,200c,12700.0
2016,chrysler,300,10000.0
2016,chrysler,300c,15000.0
2016,chrysler,town,3541.5
2016,dodge,caravan,7400.0
2016,dodge,challenger,25000.0
2016,dodge,charger,7900.0
2016,dodge,dart,3686.75
2016,dodge,durango,12400.0
2016,dodge,grand,9826.190476190475
2016,dodge,journey,4798.75
2016,fiat,500x,6700.0
2016,ford,c-max,6700.0
2016,ford,cmax,15500.0
2016,ford,e350,7814.285714285715
2016,ford,e450,23000.0
2016,ford,econoline,3995.0
2016,ford,edge,6750.0
2016,ford,escape,6897.727272727273
2016,ford,expedition,9233.333333333334
2016,ford,explorer,11712.0
2016,ford,f-150,17574.3125
2016,ford,f-250,17757.375
2016,ford,f-550,15000.0
2016,ford,f150,15930.0
2016,ford,f250,14007.5
2016,ford,f350,39282.5
2016,ford,f550,35900.0
2016,ford,f650,17900.0
2016,ford,fiesta,4612.5
2016,ford,flex,5500.0
2016,ford,focus,7260.0
2016,ford,fusion,7277.272727272727
2016,ford,mustang,8687.5
2016,ford,taurus,6870.0
2016,ford,transit,13853.5
2016,ford,transit-350,17500.0
2016,ford,unspecified,13900.0
2016,gmc,canyon,11900.0
2016,gmc,savana,5000.0
2016,gmc,sierra,41900.0
2016,gmc,terrain,6533.333333333333
2016,gmc,yukon,20900.0
2016,honda,accord,9887.857142857143
2016,honda,civic,12933.0
2016,honda,cr-v,11855.833333333332
2016,honda,fit,11995.0
2016,honda,hr-v,11700.0
2016,honda,odyssey,13209.090909090908
2016,honda,pilot,13718.09090909091
2016,honda,unspecified,3071.0
2016,hyundai,accent,4699.928571428572
2016,hyundai,azera,8499.0
2016,hyundai,elantra,7514.9
2016,hyundai,equus,14500.0
2016,hyundai,genesis,7750.0
2016,hyundai,santa,6650.0
2016,hyundai,sonata,6643.5
2016,hyundai,tucson,9600.0
2016,hyundai,veloster,5675.444444444444
2016,infiniti,q50,51500.0
2016,infiniti,qx50,6962.5
2016,jaguar,f-type,27000.0
2016,jaguar,xf,13500.0
2016,jeep,4,26000.0
2016,jeep,cherokee,8658.333333333334
2016,jeep,compass,6250.0
2016,jeep,grand,10536.857142857143
2016,jeep,patriot,6110.333333333333
2016,jeep,renegade,7766.5
2016,jeep,wrangler,19029.933333333334
2016,kia,cadenza,5600.0
2016,kia,forte,5966.666666666667
2016,kia,optima,5888.461538461538
2016,kia,rio,5524.75
2016,kia,see,7300.0
2016,kia,sorento,7550.0
2016,kia,soul,7854.153846153846
2016,kia,sportage,8299.666666666666
2016,land,rover,13141.636363636364
2016,lexus,es,14000.0
2016,lexus,gs350,20750.0
2016,lexus,gx,26000.0
2016,lexus,gx460,18800.0
2016,lexus,is,20999.333333333332
2016,lexus,is200t,17500.0
2016,lexus,nx,16900.0
2016,lexus,rx,22248.75
2016,lexus,rx350,6530.0
2016,mazda,cx-5,10423.75
2016,mazda,cx-9,10900.0
2016,mazda,cx5,12999.0
2016,mazda,mazda3,6300.0
2016,mazda,mx-5,16900.0
2016,mercedes,metris,16000.0
2016,mercedes,sprinter,22900.0
2016,mercedes-benz,c-class,13680.0
2016,mercedes-benz,c300,23000.0
2016,mercedes-benz,cla-class,8900.0
2016,mercedes-benz,cla250,11550.0
2016,mercedes-benz,cls,15995.0
2016,mercedes-benz,cls-class,21500.0
2016,mercedes-benz,e-class,14300.0
2016,mercedes-benz,e350,13250.0
2016,mercedes-benz,g-class,50000.0
2016,mercedes-benz,gl-class,12894.0
2016,mercedes-benz,gla250,7000.0
2016,mercedes-benz,gle,12800.0
2016,mercedes-benz,gle350,13950.0
2016,mercedes-benz,metris,31560.0
2016,mercedes-benz,s-class,21650.0
2016,mercedes-benz,sprinter,14250.0
2016,mini,cooper,8799.833333333334
2016,mini,coupe,5200.0
2016,mitsubishi,outlander,8325.0
2016,nissan,370z,25499.0
2016,nissan,altima,5276.470588235294
2016,nissan,frontier,10290.0
2016,nissan,juke,5500.0
2016,nissan,leaf,5727.5
2016,nissan,marano,3000.0
2016,nissan,maxima,8466.666666666666
2016,nissan,murano,7890.0
2016,nissan,nv,23899.0
2016,nissan,nv1500,9000.0
2016,nissan,pathfinder,5740.0
2016,nissan,quest,4750.0
2016,nissan,rogue,7397.45
2016,nissan,rouge,6613.333333333333
2016,nissan,sentra,7873.75
2016,nissan,titan,13500.0
2016,nissan,unspecified,2950.0
2016,nissan,versa,4791.857142857143
2016,porsche,boxster,42000.0
2016,porsche,cayenne,14937.5
2016,porsche,macan,16909.8
2016,ram,1500,12743.333333333334
2016,ram,2500,22800.0
2016,ram,4500,22498.0
2016,ram,promaster,11000.0
2016,subaru,brz,12447.5
2016,subaru,crosstrek,8533.166666666666
2016,subaru,forester,9003.4
2016,subaru,forrester,2250.0
2016,subaru,impreza,16866.666666666668
2016,subaru,legacy,13999.0
2016,subaru,outback,9760.0
2016,subaru,sti,25000.0
2016,subaru,wrx,9495.0
2016,tesla,model,21298.571428571428
2016,tesla,s,17880.0
2016,tesla,x,21000.0
2016,toyota,4runner,12400.0
2016,toyota,avalon,11316.666666666666
2016,toyota,camry,10188.785714285714
2016,toyota,corolla,9286.583333333334
2016,toyota,highlander,15750.0
2016,toyota,prius,13483.333333333334
2016,toyota,rav4,14036.363636363636
2016,toyota,sequoia,29500.0
2016,toyota,sienna,6966.666666666667
2016,toyota,tacoma,21675.0
2016,toyota,tundra,21750.0
2016,volkswagen,e-golf,9350.0
2016,volkswagen,golf,13596.666666666666
2016,volkswagen,jetta,6846.75
2016,volkswagen,passat,8000.0
2016,volkswagen,tiguan,11500.0
2016,volkswagen,touareg,14200.0
2016,volvo,s60,6687.5
2016,volvo,s80,6900.0
2016,volvo,xc,15000.0
2016,volvo,xc60,7371.0
2016,vw,cc,8950.0
2016,vw,e-golf,6300.0
2016,vw,golf,16750.0
2016,vw,jetta,12500.0
2017,acura,mdx,16014.285714285714
2017,acura,rdx,11600.0
2017,acura,tlx,12100.0
2017,audi,a-4,13995.0
2017,audi,a3,10966.666666666666
2017,audi,a4,14550.0
2017,audi,q3,8500.0
2017,audi,q5,10160.0
2017,audi,q7,11875.0
2017,bmw,230i,13500.0
2017,bmw,3,17800.0
2017,bmw,328i,5800.0
2017,bmw,330i,11150.0
2017,bmw,430i,10500.0
2017,bmw,440i,24950.0
2017,bmw,740e,22500.0
2017,bmw,740i,15400.0
2017,bmw,i3,12250.0
2017,bmw,m2,40000.0
2017,bmw,x1,14499.0
2017,bmw,x3,10990.0
2017,bmw,x5,16082.5
2017,bmw,x6,19000.0
2017,buick,enclave,14099.75
2017,buick,encore,7750.0
2017,buick,regal,20500.0
2017,cadillac,ats,22950.0
2017,cadillac,cts,50000.0
2017,cadillac,escalade,34000.0
2017,cadillac,unspecified,14900.0
2017,cadillac,xt5,10775.0
2017,chevrolet,bolt,11500.0
2017,chevrolet,camaro,21139.0
2017,chevrolet,camero,9000.0
2017,chevrolet,cruze,5950.0
2017,chevrolet,equinox,5300.0
2017,chevrolet,express,13775.0
2017,chevrolet,impala,8975.0
2017,chevrolet,malibu,7516.666666666667
2017,chevrolet,silverado,16283.333333333334
2017,chevrolet,sonic,6600.0
2017,chevrolet,spark,7499.0
2017,chevrolet,suburban,14900.0
2017,chevrolet,tahoe,20949.5
2017,chevrolet,traverse,3999.0
2017,chevrolet,volt,6999.5
2017,chevy,bolt,11900.0
2017,chevy,colorado,11400.0
2017,chevy,cruze,8900.0
2017,chevy,express,16000.0
2017,chevy,impala,11750.0
2017,chevy,silverado,17600.0
2017,chevy,spark,4750.0
2017,chevy,tahoe,18000.0
2017,chevy,traverse,5950.0
2017,chevy,trax,7500.0
2017,chevy,volt,19000.0
2017,chrysler,pacifica,7849.75
2017,dodge,challenger,22450.0
2017,dodge,charger,10499.375
2017,dodge,durango,12899.666666666666
2017,dodge,gran,15000.0
2017,dodge,grand,8790.529411764706
2017,dodge,journey,6031.428571428572
2017,dodge,tradesman,14900.0
2017,fiat,124,13500.0
2017,fiat,500,8493.333333333334
2017,fiat,500l,6200.0
2017,fiat,500x,6645.0
2017,ford,c-max,11050.0
2017,ford,commercial,62500.0
2017,ford,edge,7418.75
2017,ford,escape,7608.0344827586205
2017,ford,expedition,10331.0
2017,ford,explorer,9374.888888888889
2017,ford,f-150,24627.777777777777
2017,ford,f-250,37180.0
2017,ford,f-350,36666.666666666664
2017,ford,f-650,34999.0
2017,ford,f150,20333.333333333332
2017,ford,f250,14166.666666666666
2017,ford,f350,34700.0
2017,ford,f550,33300.0
2017,ford,f750,90000.0
2017,ford,fiesta,6023.75
2017,ford,focus,5140.0
2017,ford,fusion,7076.315789473684
2017,ford,mustang,40899.8
2017,ford,taurus,5900.0
2017,ford,transit,15010.0
2017,ford,unspecified,14950.0
2017,gmc,acadia,7999.0
2017,gmc,savana,14500.0
2017,gmc,savanna,12850.0
2017,gmc,sierra,26837.5
2017,gmc,terrain,5650.0
2017,gmc,yukon,9750.0
2017,honda,accord,11452.533333333333
2017,honda,civic,13256.4
2017,honda,cr-v,14900.0
2017,honda,fit,14500.0
2017,honda,hr-v,14900.0
2017,honda,pilot,19618.75
2017,hyundai,accent,5690.0
2017,hyundai,elantra,6993.75
2017,hyundai,santa,11117.4
2017,hyundai,sonata,7505.5
2017,hyundai,tucson,8750.0
2017,hyundai,veloster,6000.0
2017,infiniti,q50,13499.5
2017,infiniti,qx30,9799.666666666666
2017,infiniti,qx50,9222.5
2017,infiniti,qx60,9108.333333333334
2017,infiniti,qx70,11300.0
2017,infiniti,qx80,13000.0
2017,jaguar,f-pace,10495.0
2017,jaguar,f-type,22500.0
2017,jaguar,xf,13000.0
2017,jeep,cherokee,7416.666666666667
2017,jeep,compass,6883.333333333333
2017,jeep,grand,14632.666666666666
2017,jeep,patriot,7733.0
2017,jeep,renegade,8770.0
2017,jeep,unspecified,9000.0
2017,jeep,wrangler,17198.9
2017,kia,forte,8666.666666666666
2017,kia,forte5,5900.0
2017,kia,optima,5041.5
2017,kia,rio,4650.0
2017,kia,sedona,8508.333333333334
2017,kia,sorento,6933.285714285715
2017,kia,soul,4899.666666666667
2017,kia,sportage,8358.333333333334
2017,land,rover,15360.368421052632
2017,lexus,ct,17366.666666666668
2017,lexus,gs,31249.5
2017,lexus,gx,26500.0
2017,lexus,gx460,30099.5
2017,lexus,lx,54900.0
2017,lexus,nx,11400.0
2017,lexus,rx,23425.0
2017,lexus,unspecified,15900.0
2017,mazda,6,11550.0
2017,mazda,cx-5,12000.0
2017,mercedes,beanz,40000.0
2017,mercedes-benz,amg,14750.0
2017,mercedes-benz,c-class,11720.0
2017,mercedes-benz,c300,15000.0
2017,mercedes-benz,e-class,18036.666666666668
2017,mercedes-benz,gla-class,12900.0
2017,mercedes-benz,glc,13000.0
2017,mercedes-benz,glc-class,17200.0
2017,mercedes-benz,gle,19000.0
2017,mercedes-benz,gle-350,16500.0
2017,mercedes-benz,gle-class,16815.0
2017,mercedes-benz,gle350,19999.0
2017,mercedes-benz,gls,15333.0
2017,mercedes-benz,gls-class,19200.0
2017,mercedes-benz,gls550,18000.0
2017,mercedes-benz,s-class,24925.0
2017,mercedes-benz,s550,29714.285714285714
2017,mercedes-benz,sprinter,48500.0
2017,mercedes-benz,unspecified,25000.0
2017,mini,cooper,11500.0
2017,mini,countryman,12500.0
2017,mitsubishi,fuso,37500.0
2017,mitsubishi,mirage,3700.0
2017,mitsubishi,outlander,9850.0
2017,nissan,altima,7140.0
2017,nissan,armada,12483.333333333334
2017,nissan,frontier,11533.333333333334
2017,nissan,maxima,8050.0
2017,nissan,murano,9241.5
2017,nissan,nv,14500.0
2017,nissan,nv200,10700.0
2017,nissan,pathfinder,6949.222222222223
2017,nissan,rogue,7425.608695652174
2017,nissan,sentra,6061.538461538462
2017,nissan,titan,12466.666666666666
2017,nissan,unspecified,9499.0
2017,nissan,versa,2910.0
2017,porsche,cayenne,13700.0
2017,porsche,macan,21250.0
2017,porsche,panamera,39600.0
2017,ram,1500,15105.2
2017,ram,2500,19800.0
2017,ram,promaster,15300.0
2017,subaru,crosstrek,14842.857142857143
2017,subaru,forester,12550.0
2017,subaru,impreza,9500.0
2017,subaru,legacy,12000.0
2017,subaru,outback,15116.666666666666
2017,subaru,wrx,28500.0
2017,tesla,model,21540.0
2017,toyota,4runner,36249.5
2017,toyota,86,19500.0
2017,toyota,avalon,12900.0
2017,toyota,camry,10879.5
2017,toyota,corolla,10108.0
2017,toyota,highlander,18200.0
2017,toyota,prius,15150.0
2017,toyota,rav4,18855.2
2017,toyota,sequoia,17100.0
2017,toyota,sienna,13133.25
2017,toyota,tacoma,24808.53846153846
2017,toyota,tundra,50000.0
2017,toyota,unspecified,15900.0
2017,toyota,yaris,9580.0
2017,volkswagen,cc,5750.0
2017,volkswagen,eos,6500.0
2017,volkswagen,golf,19300.0
2017,volkswagen,gti,14800.0
2017,volkswagen,jetta,7900.0
2017,volkswagen,passat,9250.0
2017,volkswagen,tiguan,8550.0
2017,volvo,s60,6266.666666666667
2017,volvo,s90,29500.0
2017,volvo,xc60,11500.0
2017,volvo,xc90,18993.0
2017,vw,jetta,5700.0
2017,vw,taos,14500.0
2018,acura,mdx,12800.0
2018,acura,rdx,16500.0
2018,acura,tlx,18500.0
2018,audi,a3,15750.0
2018,audi,a4,14833.333333333334
2018,audi,a5,21900.0
2018,audi,a6,14700.0
2018,audi,a7,21800.0
2018,audi,q3,8500.0
2018,audi,q5,15762.142857142857
2018,audi,q7,16579.8
2018,audi,s4,24900.0
2018,audi,s5,27225.0
2018,audi,sq5,19338.0
2018,bentley,flying,59995.0
2018,bmw,3,17500.0
2018,bmw,320i,12793.333333333334
2018,bmw,330e,12724.5
2018,bmw,330i,11233.333333333334
2018,bmw,430i,14250.0
2018,bmw,540i,17500.0
2018,bmw,i3,13850.0
2018,bmw,m3,54000.0
2018,bmw,x1,13847.0
2018,bmw,x2,12500.0
2018,bmw,x4,17900.0
2018,bmw,x5,19726.0
2018,bmw,x6,17298.333333333332
2018,buick,enclave,19800.0
2018,buick,envision,18450.0
2018,cadillac,ct6,17850.0
2018,cadillac,cts,13750.0
2018,cadillac,escalade,22472.666666666668
2018,cadillac,limousine,16000.0
2018,cadillac,xt5,12400.0
2018,cadillac,xts,13800.0
2018,chevrolet,bolt,12250.0
2018,chevrolet,camaro,38422.0
2018,chevrolet,corvette,72000.0
2018,chevrolet,cruze,4500.0
2018,chevrolet,equinox,7323.25
2018,chevrolet,express,14830.0
2018,chevrolet,impala,10800.0
2018,chevrolet,mailibu,6000.0
2018,chevrolet,malibu,5442.571428571428
2018,chevrolet,silverado,20020.0
2018,chevrolet,suburban,14950.0
2018,chevrolet,tahoe,13300.0
2018,chevrolet,volt,9800.0
2018,chevy,camaro,10900.0
2018,chevy,cruze,6066.666666666667
2018,chevy,equinox,5900.0
2018,chevy,express,7900.0
2018,chevy,malibu,11000.0
2018,chevy,silverado,17300.0
2018,chevy,traverse,13500.0
2018,chevy,trax,4800.0
2018,chrysler,300,10000.0
2018,chrysler,pacifica,12199.8
2018,dodge,challenger,20133.333333333332
2018,dodge,charger,11712.857142857143
2018,dodge,durango,16000.0
2018,dodge,grand,6163.545454545455
2018,dodge,journey,5039.8
2018,dodge,unspecified,4990.0
2018,fiat,124,15250.0
2018,ford,ecosport,9995.0
2018,ford,edge,9982.5
2018,ford,escape,6317.866666666667
2018,ford,expedition,24847.5
2018,ford,explorer,10081.583333333334
2018,ford,f-150,23908.96153846154
2018,ford,f-250,53000.0
2018,ford,f150,16750.0
2018,ford,f250,23876.666666666668
2018,ford,f350,31000.0
2018,ford,f450,24000.0
2018,ford,f550,70000.0
2018,ford,fiesta,8700.0
2018,ford,focus,6444.454545454545
2018,ford,fusion,7985.571428571428
2018,ford,mustang,21150.0
2018,ford,taurus,3500.0
2018,ford,transit,16707.636363636364
2018,gmc,acadia,8600.0
2018,gmc,savana,10100.0
2018,gmc,sierra,26671.428571428572
2018,gmc,terrain,8999.0
2018,gmc,yukon,20898.333333333332
2018,honda,accord,14182.222222222224
2018,honda,civic,11867.5
2018,honda,clarity,11675.0
2018,honda,cr-v,14674.833333333332
2018,honda,fit,8199.0
2018,honda,hr-v,11375.0
2018,honda,odyssey,17730.0
2018,honda,pilot,10914.285714285714
2018,hyundai,elantra,7835.714285714285
2018,hyundai,kona,12000.0
2018,hyundai,santa,10376.666666666666
2018,hyundai,sonata,9966.333333333334
2018,hyundai,tucson,11500.0
2018,hyundai,ty,9500.0
2018,infiniti,q50,11950.0
2018,infiniti,q60,18166.666666666668
2018,infiniti,qx60,11480.0
2018,jaguar,f-pace,12700.0
2018,jaguar,xe,8990.0
2018,jeep,cherokee,9024.75
2018,jeep,grand,14818.75
2018,jeep,renegade,9620.0
2018,jeep,rubicon,39500.0
2018,jeep,wrangler,22499.95238095238
2018,kia,forte,5944.444444444444
2018,kia,optima,7565.333333333333
2018,kia,sorento,7750.0
2018,kia,soul,8940.0
2018,kia,sportage,6724.833333333333
2018,kia,stinger,12450.0
2018,land,rover,17016.454545454544
2018,lexus,es,30000.0
2018,lexus,is,25000.0
2018,lexus,lc500,45000.0
2018,lexus,nx,21000.0
2018,lexus,nx300,17000.0
2018,lexus,rx,18500.0
2018,mazda,3,18000.0
2018,mazda,6,14000.0
2018,mazda,cx-5,13640.0
2018,mazda,cx-9,10249.5
2018,mazda,mazda3,19000.0
2018,mazda,mazda6,8950.0
2018,mercedes,gle,22888.0
2018,mercedes,sprinter,18995.0
2018,mercedes-benz,560-class,28050.0
2018,mercedes-benz,c-class,22000.0
2018,mercedes-benz,c350e,10000.0
2018,mercedes-benz,e-class,32000.0
2018,mercedes-benz,gla250,15250.0
2018,mercedes-benz,gle,13800.0
2018,mercedes-benz,gle-class,22500.0
2018,mercedes-benz,gle350,14500.0
2018,mercedes-benz,slc-class,22500.0
2018,mercedes-benz,sprinter,52950.0
2018,mini,cooper,5950.0
2018,mini,countryman,12000.0
2018,mitsubishi,outlander,10560.0
2018,nissan,altima,8525.0
2018,nissan,armada,18750.0
2018,nissan,frontier,11966.666666666666
2018,nissan,juke,17800.0
2018,nissan,kicks,9800.0
2018,nissan,leaf,9800.0
2018,nissan,maxima,10249.5
2018,nissan,murano,10499.666666666666
2018,nissan,nv200,17000.0
2018,nissan,nv2500,18600.0
2018,nissan,rogue,8565.869565217392
2018,nissan,sentra,6698.75
2018,nissan,titan,12889.8
2018,nissan,versa,5266.666666666667
2018,porsche,718,59000.0
2018,porsche,macan,21000.0
2018,porsche,panamera,52666.666666666664
2018,ram,1500,14857.5
2018,ram,2500,22975.0
2018,ram,promaster,14075.0
2018,ram,quad,16900.0
2018,ram,unspecified,34166.666666666664
2018,subaru,brz,11800.0
2018,subaru,crosstrek,15200.0
2018,subaru,forester,14384.166666666666
2018,subaru,impreza,10483.333333333334
2018,subaru,outback,12581.666666666666
2018,subaru,wrx,18950.0
2018,subaru,xv,10995.0
2018,tesla,3,14299.833333333334
2018,tesla,model,22324.75
2018,tesla,s,21500.0
2018,toyota,4runner,32350.0
2018,toyota,avalon,21200.0
2018,toyota,camry,15997.5
2018,toyota,corolla,10664.285714285714
2018,toyota,highlander,19425.0
2018,toyota,landcruiser,100000.0
2018,toyota,mirai,2500.0
2018,toyota,prius,13536.0
2018,toyota,rav4,14950.0
2018,toyota,sienna,31960.0
2018,toyota,tacoma,19834.0
2018,toyota,tundra,27750.0
2018,volkswagen,atlas,9900.0
2018,volkswagen,beetle,21999.666666666668
2018,volkswagen,golf,15200.0
2018,volkswagen,gti,23500.0
2018,volkswagen,jetta,4350.0
2018,volkswagen,tiguan,11260.0
2018,volvo,xc60,11500.0
2018,volvo,xc90,15425.0
2018,vw,atlas,16000.0
2018,vw,beetle,11500.0
2018,vw,tiguan,18800.0
2019,audi,a3,15900.0
2019,audi,a4,14800.0
2019,audi,a6,23483.571428571428
2019,audi,a8,24000.0
2019,audi,a8l,33500.0
2019,audi,e-tron,22000.0
2019,audi,q5,11000.0
2019,audi,q7,19870.0
2019,audi,q8,29750.0
2019,audi,s5,33000.0
2019,bmw,330i,17000.0
2019,bmw,440i,24000.0
2019,bmw,540i,28750.0
2019,bmw,m240i,19950.0
2019,bmw,x3,18896.666666666668
2019,bmw,x4,29999.0
2019,bmw,x5,27000.0
2019,bmw,x7,31950.0
2019,buick,encore,8259.8
2019,cadillac,escalade,22000.0
2019,cadillac,unspecified,11160.0
2019,cadillac,xt4,16433.333333333332
2019,cadillac,xt5,13199.75
2019,chevrolet,blazer,18998.5
2019,chevrolet,bolt,13000.0
2019,chevrolet,camaro,15000.0
2019,chevrolet,colorado,13469.6
2019,chevrolet,equinox,9016.666666666666
2019,chevrolet,express,13949.75
2019,chevrolet,impala,7800.0
2019,chevrolet,malibu,8000.0
2019,chevrolet,silverado,23656.5
2019,chevrolet,sonic,5800.0
2019,chevrolet,spark,9500.0
2019,chevrolet,suburban,20799.666666666668
2019,chevrolet,tahoe,28000.0
2019,chevrolet,traverse,11400.0
2019,chevrolet,trax,8250.0
2019,chevy,6500,52000.0
2019,chevy,colorado,25000.0
2019,chevy,cruze,6500.0
2019,chevy,equinox,10900.0
2019,chevy,express,12950.0
2019,chevy,malibu,8500.0
2019,chevy,silverado,32333.333333333332
2019,chevy,suburban,15000.0
2019,chevy,tahoe,19000.0
2019,chevy,traverse,10275.0
2019,chevy,trax,6933.0
2019,chrysler,300,10500.0
2019,chrysler,pacifica,21500.0
2019,dodge,caravan,7500.0
2019,dodge,challenger,20249.166666666668
2019,dodge,charger,19325.0
2019,dodge,durango,17165.333333333332
2019,dodge,grand,13172.222222222224
2019,dodge,journey,6850.0
2019,dodge,promaster,12500.0
2019,fiat,124,15200.0
2019,fiat,500e,12000.0
2019,ford,collins,52970.0
2019,ford,e450,13247.5
2019,ford,edge,11550.0
2019,ford,escape,8480.0
2019,ford,expedition,9950.0
2019,ford,explorer,13400.0
2019,ford,f-150,33324.9
2019,ford,f-250,35666.666666666664
2019,ford,f-350,58500.0
2019,ford,f150,25266.333333333332
2019,ford,f250,60100.0
2019,ford,f350,45000.0
2019,ford,fiesta,6100.0
2019,ford,fusion,8223.75
2019,ford,mustang,28475.0
2019,ford,ranger,22079.0
2019,ford,taurus,10900.0
2019,ford,transit,12867.142857142857
2019,ford,unspecified,9520.0
2019,gmc,sierra,18750.0
2019,gmc,terrain,13266.666666666666
2019,gmc,yukon,22712.5
2019,honda,accord,13595.0
2019,honda,civic,16600.0
2019,honda,clarity,17833.333333333332
2019,honda,cr-v,13700.0
2019,honda,fit,13450.0
2019,honda,odyssey,18930.0
2019,honda,passport,17997.5
2019,honda,pilot,19270.0
2019,honda,ridgeline,15500.0
2019,hyundai,accent,9950.0
2019,hyundai,elantra,8000.0
2019,hyundai,ioniq,14200.0
2019,hyundai,santa,12159.8
2019,hyundai,sonata,8800.0
2019,hyundai,tucson,11798.333333333334
2019,hyundai,veloster,9999.0
2019,infiniti,q60,20500.0
2019,infiniti,qx50,21589.0
2019,infiniti,qx60,11833.333333333334
2019,jaguar,f-pace,15997.5
2019,jaguar,unspecified,15000.0
2019,jaguar,xe,9999.0
2019,jeep,cherokee,10907.0
2019,jeep,compass,11600.0
2019,jeep,gladiator,12500.0
2019,jeep,grand,17074.75
2019,jeep,renegade,10249.5
2019,jeep,wrangler,23784.090909090908
2019,kia,forte,9300.0
2019,kia,niro,17450.0
2019,kia,oprima,12500.0
2019,kia,optima,7009.0
2019,kia,rio,5900.0
2019,kia,sedona,9700.0
2019,kia,sorento,5500.0
2019,kia,soul,7463.333333333333
2019,kia,sportage,7600.0
2019,land,rover,17373.333333333332
2019,lexus,es,25550.0
2019,lexus,gx460,34500.0
2019,lexus,nx,23900.0
2019,lexus,rx,29950.0
2019,lexus,rx350,26000.0
2019,lexus,rx450h,27500.0
2019,lexus,ux,27000.0
2019,mazda,3,17900.0
2019,mazda,6,25000.0
2019,mazda,cx,9500.0
2019,mazda,cx-5,16905.0
2019,mazda,cx-9,14900.0
2019,mazda,miata,27500.0
2019,mercedes-benz,amg,34500.0
2019,mercedes-benz,c-class,12950.0
2019,mercedes-benz,cla-class,15900.0
2019,mercedes-benz,gla250,22900.0
2019,mercedes-benz,gla250-4m,23900.0
2019,mercedes-benz,glc,17000.0
2019,mercedes-benz,gls,19500.0
2019,mercedes-benz,metris,33125.0
2019,mercedes-benz,s-class,58000.0
2019,mercedes-benz,sprinter,52278.0
2019,mini,cooper,10799.666666666666
2019,mitsubishi,mirage,6264.142857142857
2019,nissan,altima,8721.666666666666
2019,nissan,armada,10400.0
2019,nissan,frontier,10942.142857142857
2019,nissan,kicks,7633.333333333333
2019,nissan,leaf,7990.0
2019,nissan,maxima,10849.5
2019,nissan,murano,13266.333333333334
2019,nissan,nv200,13998.0
2019,nissan,nv3500,26000.0
2019,nissan,pathfinder,10699.5
2019,nissan,rogue,10012.5
2019,nissan,sentra,6638.75
2019,nissan,titan,15999.0
2019,nissan,versa,7450.0
2019,porsche,cayenne,35200.0
2019,ram,1500,17181.727272727272
2019,ram,3500,40000.0
2019,ram,promaster,18133.0
2019,subaru,3,19500.0
2019,subaru,ascent,13950.0
2019,subaru,crosstrek,20250.0
2019,subaru,forester,19824.75
2019,subaru,impreza,14925.0
2019,subaru,legacy,13300.0
2019,subaru,outback,22650.0
2019,subaru,wrx,17083.333333333332
2019,subaru,xv,11495.0
2019,tesla,3,14800.0
2019,tesla,model,18032.4
2019,toyota,4runner,33749.5
2019,toyota,c-hr,12250.0
2019,toyota,camry,15664.285714285714
2019,toyota,chr,12999.0
2019,toyota,corolla,13728.777777777776
2019,toyota,gr86,19500.0
2019,toyota,highlander,24285.714285714286
2019,toyota,hybrid,12500.0
2019,toyota,pathfinder,8895.0
2019,toyota,prius,15224.75
2019,toyota,rav4,18356.25
2019,toyota,sienna,18766.666666666668
2019,toyota,tacoma,28280.0
2019,toyota,tundra,32700.0
2019,volkswagen,golf,23575.0
2019,volkswagen,jetta,11776.666666666666
2019,volkswagen,passat,8700.0
2019,volkswagen,tiguan,10566.666666666666
2019,volvo,xc,21000.0
2019,volvo,xc90,12400.0
2019,vw,jetta,9750.0
2019,vw,unspecified,15900.0
2020,acura,mdx,20999.0
2020,acura,rdx,28889.0
2020,audi,a3,16900.0
2020,audi,a6,32500.0
2020,audi,q5,16000.0
2020,audi,q8,25999.0
2020,bmw,228i,19666.666666666668
2020,bmw,3,21000.0
2020,bmw,330i,23900.0
2020,bmw,430i,12499.0
2020,bmw,840i,29850.0
2020,bmw,i3,17500.0
2020,bmw,x1,15300.0
2020,bmw,x3,13500.0
2020,bmw,x5,25995.0
2020,buick,encore,9666.666666666666
2020,cadillac,escalade,37999.0
2020,cadillac,xt5,15500.0
2020,chevrolet,bolt,14780.0
2020,chevrolet,camaro,22999.0
2020,chevrolet,colorado,9900.0
2020,chevrolet,corvette,64700.0
2020,chevrolet,equinox,12480.0
2020,chevrolet,express,12349.75
2020,chevrolet,malibu,11900.0
2020,chevrolet,silverado,34277.27272727273
2020,chevrolet,sonic,6150.0
2020,chevrolet,spark,3150.0
2020,chevrolet,suburban,18520.0
2020,chevrolet,tahoe,29949.5
2020,chevrolet,traverse,12850.0
2020,chevrolet,trax,7562.5
2020,chevy,malibu,8000.0
2020,chevy,spark,7600.0
2020,dodge,challenger,37397.0
2020,dodge,charger,27125.0
2020,dodge,journey,14900.0
2020,dodge,unspecified,9500.0
2020,ford,ecosport,7900.0
2020,ford,edge,8500.0
2020,ford,escape,14000.0
2020,ford,expedition,19233.333333333332
2020,ford,explorer,17056.428571428572
2020,ford,f-150,24874.14285714286
2020,ford,f-250,41000.0
2020,ford,f150,20700.0
2020,ford,f450,65000.0
2020,ford,fusion,13124.75
2020,ford,mustang,28675.0
2020,ford,ranger,19500.0
2020,ford,transit,20827.571428571428
2020,gmc,savana,45000.0
2020,gmc,sierra,32050.0
2020,gmc,terrain,13358.636363636364
2020,gmc,unspecified,10900.0
2020,gmc,yukon,21500.0
2020,honda,accord,13000.0
2020,honda,civic,15399.666666666666
2020,honda,cr-v,16900.0
2020,honda,fit,14500.0
2020,honda,hr-v,17500.0
2020,honda,odyssey,16699.5
2020,honda,pilot,23950.0
2020,honda,ridgeline,21900.0
2020,hyundai,accent,7546.0
2020,hyundai,elantra,10316.666666666666
2020,hyundai,kona,11304.42857142857
2020,hyundai,palisade,10000.0
2020,hyundai,santa,15133.333333333334
2020,hyundai,tucson,12650.0
2020,infiniti,qx60,10500.0
2020,jaguar,f-pace,17247.5
2020,jeep,cherokee,12172.5
2020,jeep,gladiator,40666.666666666664
2020,jeep,grand,15450.0
2020,jeep,renegade,11890.0
2020,jeep,wrangler,31950.0
2020,kia,forte,9999.5
2020,kia,optima,7800.0
2020,kia,sorento,13650.0
2020,kia,soul,10985.57142857143
2020,kia,stinger,25500.0
2020,kia,telluride,15000.0
2020,land,rover,20350.0
2020,lexus,es350,32000.0
2020,lexus,nx,23000.0
2020,lexus,nx300h,29975.0
2020,lexus,rx,32950.0
2020,lexus,rx350,35500.0
2020,mazda,6,16500.0
2020,mazda,cx-9,20960.0
2020,mercedes-benz,amg,44500.0
2020,mercedes-benz,gla-class,16800.0
2020,mercedes-benz,glc,19000.0
2020,mercedes-benz,gle-class,27350.0
2020,mercedes-benz,gls,28500.0
2020,mercedes-benz,metris,40759.6
2020,mercedes-benz,s-class,50000.0
2020,mercedes-benz,sl-class,58000.0
2020,mercedes-benz,sprinter,62725.0
2020,mini,clubman,20000.0
2020,mitsubishi,mirage,8500.0
2020,mitsubishi,outlander,11384.0
2020,nissan,370z,39000.0
2020,nissan,altima,9833.0
2020,nissan,frontier,13500.0
2020,nissan,kicks,12493.333333333334
2020,nissan,leaf,17900.0
2020,nissan,maxima,11875.0
2020,nissan,murano,13500.0
2020,nissan,nv1500,10500.0
2020,nissan,nv200,14450.0
2020,nissan,nv2500,17000.0
2020,nissan,nv350,27500.0
2020,nissan,pathfinder,12090.0
2020,nissan,rogue,12314.9
2020,nissan,rouge,10420.0
2020,nissan,sentra,11650.0
2020,nissan,titan,20000.0
2020,nissan,versa,9619.4
2020,porsche,macan,38900.0
2020,ram,1500,12979.4
2020,ram,3500,47950.0
2020,ram,promaster,14900.0
2020,ram,unspecified,32500.0
2020,subaru,ascent,19600.0
2020,subaru,forester,14300.0
2020,subaru,outback,16400.0
2020,subaru,wrx,34500.0
2020,tesla,3,19466.666666666668
2020,tesla,model,27321.875
2020,tesla,y,34900.0
2020,toyota,4runner,19087.5
2020,toyota,c-hr,7500.0
2020,toyota,camry,18314.666666666668
2020,toyota,chr,16900.0
2020,toyota,corolla,16656.5
2020,toyota,prius,22540.0
2020,toyota,rav,29400.0
2020,toyota,rav4,21655.555555555555
2020,toyota,sienna,20496.666666666668
2020,toyota,tacoma,24818.625
2020,toyota,tundra,43500.0
2020,volkswagen,jetta,11500.0
2020,volkswagen,passat,15900.0
2020,volkswagen,tiguan,15000.0
2020,volvo,xc60,27500.0
2020,volvo,xc90,27499.666666666668
2021,acura,rdx,32000.0
2021,audi,a5,21999.0
2021,audi,e-tron,27400.0
2021,audi,q5,24900.0
2021,audi,q8,37000.0
2021,audi,s5,27000.0
2021,audi,sq8,57000.0
2021,bmw,228i,19375.0
2021,bmw,3,21663.333333333332
2021,bmw,330i,24250.0
2021,bmw,m2,57500.0
2021,bmw,m4,64000.0
2021,bmw,m5,72000.0
2021,bmw,unspecified,28000.0
2021,bmw,x3,21250.0
2021,bmw,x7,38500.0
2021,buick,enclave,15999.0
2021,buick,encore,14362.5
2021,cadillac,escalade,62950.0
2021,chevrolet,corvette,70000.0
2021,chevrolet,express,15550.0
2021,chevrolet,malibu,12816.666666666666
2021,chevrolet,silverado,37925.0
2021,chevrolet,traverse,18000.0
2021,chevy,blazer,18500.0
2021,chevy,express,12900.0
2021,chevy,malibu,9999.0
2021,chevy,suburban,19500.0
2021,chevy,tahoe,46000.0
2021,chevy,traverse,16700.0
2021,chevy,trax,10495.0
2021,chrysler,pacifica,20500.0
2021,dodge,challenger,64100.0
2021,dodge,charger,19133.333333333332
2021,dodge,sprinter,19000.0
2021,ford,bronco,33769.0
2021,ford,ecosport,8350.0
2021,ford,escape,15000.0
2021,ford,explorer,21798.75
2021,ford,f-150,30700.0
2021,ford,f-250,35000.0
2021,ford,f-350,56999.0
2021,ford,f-750,45000.0
2021,ford,f150,23266.666666666668
2021,ford,f250,27000.0
2021,ford,f350,47000.0
2021,ford,f450,84900.0
2021,ford,mustang,26500.0
2021,ford,ranger,22500.0
2021,ford,transit,16850.0
2021,gmc,acadia,22900.0
2021,gmc,canyon,15500.0
2021,gmc,savana,21500.0
2021,gmc,sierra,38977.857142857145
2021,gmc,terrain,18500.0
2021,gmc,yukon,36949.5
2021,honda,accord,17900.0
2021,honda,civic,18500.0
2021,honda,cr-v,26300.0
2021,honda,hr-v,11600.0
2021,honda,odyssey,34000.0
2021,honda,passport,19074.75
2021,honda,ridgeline,32600.0
2021,hyundai,elantra,14420.0
2021,hyundai,ioniq,16500.0
2021,hyundai,kona,14193.333333333334
2021,hyundai,palisade,19000.0
2021,hyundai,sonata,14500.0
2021,hyundai,tucson,14666.666666666666
2021,hyundai,tuscon,15700.0
2021,jeep,4xe,25000.0
2021,jeep,compass,13450.0
2021,jeep,gladiator,29888.0
2021,jeep,grand,19750.0
2021,jeep,renegade,9900.0
2021,jeep,rubicon,32391.333333333332
2021,jeep,wrangler,40492.230769230766
2021,kia,forte,9783.333333333334
2021,kia,niro,10900.0
2021,kia,seltos,15360.0
2021,kia,sorento,15225.0
2021,kia,soul,10933.333333333334
2021,kia,stinger,30000.0
2021,kia,telluride,23000.0
2021,land,rover,37250.0
2021,lexus,es,27000.0
2021,lexus,is,43000.0
2021,lexus,nx,25983.333333333332
2021,lexus,rc,27900.0
2021,mazda,cx-30,17500.0
2021,mazda,cx-5,15500.0
2021,mazda,cx-9,26900.0
2021,mazda,mazda3,17250.0
2021,mazda,mx-5,16650.0
2021,mercedes,amg,56300.0
2021,mercedes,gls,69900.0
2021,mercedes-benz,e350,28000.0
2021,mercedes-benz,gla250-4m,22500.0
2021,mercedes-benz,glb,24500.0
2021,mercedes-benz,glc,22000.0
2021,mercedes-benz,sprinter,90000.0
2021,mitsubishi,fuso,37500.0
2021,mitsubishi,mirage,8900.0
2021,nissan,altima,15200.0
2021,nissan,frontier,18566.666666666668
2021,nissan,kicks,11750.0
2021,nissan,nv200,14000.0
2021,nissan,rogue,15439.6
2021,nissan,sentra,11839.6
2021,nissan,versa,9957.142857142857
2021,porsche,cayenne,44000.0
2021,porsche,macan,49250.0
2021,ram,1500,19216.666666666668
2021,ram,3500,42500.0
2021,ram,4500,55000.0
2021,ram,promaster,20900.0
2021,ram,trx,95000.0
2021,subaru,crosstrek,21500.0
2021,subaru,forester,16742.85714285714
2021,subaru,outback,26900.0
2021,subaru,wrx,27000.0
2021,tesla,3,24125.0
2021,tesla,model,23844.444444444445
2021,tesla,unspecified,22000.0
2021,tesla,y,24197.5
2021,toyota,c-hr,9900.0
2021,toyota,camry,18039.0
2021,toyota,corolla,14525.0
2021,toyota,highlander,36000.0
2021,toyota,mirai,7891.333333333333
2021,toyota,prius,17750.0
2021,toyota,rav4,21671.428571428572
2021,toyota,sequoia,52400.0
2021,toyota,tacoma,30480.0
2021,toyota,tundra,35449.75
2021,toyota,venza,23900.0
2021,volkswagen,atlas,16000.0
2021,volkswagen,id,18800.0
2021,volkswagen,tiguan,17233.333333333332
2021,volvo,xc40,22000.0
2021,volvo,xc60,22499.0
2021,vw,atlas,26249.5
2022,acura,mdx,32000.0
2022,audi,q5,31475.0
2022,bmw,230i,32000.0
2022,bmw,4,27500.0
2022,bmw,x3,27850.0
2022,bmw,x5,41500.0
2022,cadillac,escalade,57250.0
2022,cadillac,xt6,24500.0
2022,chevrolet,bolt,16247.5
2022,chevrolet,colorado,25999.0
2022,chevrolet,corvette,75966.66666666667
2022,chevrolet,malibu,4500.0
2022,chevrolet,silverado,29359.8
2022,chevrolet,spark,9900.0
2022,chevy,5500,49500.0
2022,chevy,colorado,35900.0
2022,chevy,malibu,9800.0
2022,chevy,silverado,33633.333333333336
2022,chevy,trailblazer,13900.0
2022,chrysler,pacifica,27425.0
2022,chrysler,voyager,17999.0
2022,dodge,challenger,29401.8
2022,dodge,charger,20150.0
2022,ford,bronco,27561.75
2022,ford,edge,16900.0
2022,ford,escape,14839.8
2022,ford,f-150,25370.0
2022,ford,f-250,19999.0
2022,ford,f-350,55000.0
2022,ford,f-450,70000.0
2022,ford,f150,29995.0
2022,ford,f250,22225.0
2022,ford,f450,81350.0
2022,ford,f550,78500.0
2022,ford,maverick,27974.5
2022,ford,mustang,30200.0
2022,ford,transit,17250.0
2022,gmc,canyon,18000.0
2022,gmc,sierra,47310.78571428572
2022,gmc,yukon,61000.0
2022,honda,accord,23800.0
2022,honda,civic,17850.0
2022,honda,odyssey,23466.666666666668
2022,honda,pilot,23500.0
2022,hyundai,ioniq,12850.0
2022,hyundai,palisade,25800.0
2022,hyundai,santa,30000.0
2022,hyundai,sonata,9500.0
2022,hyundai,tucson,15200.0
2022,infiniti,qx55,23888.0
2022,jeep,cherokee,24900.0
2022,jeep,gladiator,36999.0
2022,jeep,grand,26000.0
2022,jeep,wrangler,30143.75
2022,kia,k5,4500.0
2022,kia,soul,10500.0
2022,kia,telluride,22500.0
2022,lexus,rx,19000.0
2022,mazda,3,18500.0
2022,mazda,cx-30,21000.0
2022,mazda,cx-5,22500.0
2022,mazda,cx-9,20960.0
2022,mazda,mx-5,35000.0
2022,mercedes-benz,a-class,24000.0
2022,mercedes-benz,c-class,22699.75
2022,mercedes-benz,cla-class,30000.0
2022,mercedes-benz,e-class,30975.0
2022,mercedes-benz,eqb,22500.0
2022,mercedes-benz,glb,26949.5
2022,mercedes-benz,glc-class,36000.0
2022,mercedes-benz,glc300,32000.0
2022,mercedes-benz,metris,33000.0
2022,mercedes-benz,unspecified,27999.0
2022,mini,clubman,20899.0
2022,mini,cooper,13000.0
2022,mini,john,20400.0
2022,nissan,altima,10900.0
2022,nissan,armada,28000.0
2022,nissan,rogue,18994.5
2022,nissan,sentra,10866.666666666666
2022,ram,1500,30023.428571428572
2022,ram,2500,44467.5
2022,ram,3500,45000.0
2022,ram,promaster,16325.0
2022,subaru,crosstrek,24000.0
2022,subaru,forester,20500.0
2022,subaru,impreza,16600.0
2022,subaru,outback,26812.5
2022,subaru,wrx,22500.0
2022,tesla,model,32000.0
2022,tesla,y,28750.0
2022,toyota,4runner,45360.0
2022,toyota,camry,15379.8
2022,toyota,corolla,15268.0
2022,toyota,highlander,33100.0
2022,toyota,prius,16165.0
2022,toyota,rav4,25212.375
2022,toyota,sienna,34995.0
2022,toyota,tacoma,28225.0
2022,toyota,tundra,42000.0
2022,volkswagen,atlas,17800.0
2022,volkswagen,taos,16500.0
2022,volkswagen,tiguan,19766.666666666668
2022,volvo,xc90,36000.0
2022,vw,gti,19950.0
2022,vw,id,21500.0
2023,acura,integra,25247.5
2023,audi,q5,31950.0
2023,bmw,228i,19950.0
2023,bmw,230i,32500.0
2023,bmw,840i,52000.0
2023,bmw,i4,37685.5
2023,bmw,ix,52500.0
2023,bmw,x1,29900.0
2023,bmw,x3,43249.0
2023,cadillac,escalade,44066.666666666664
2023,cadillac,xt6,25500.0
2023,chevrolet,blazer,27999.0
2023,chevrolet,camaro,42966.666666666664
2023,chevrolet,colorado,23999.0
2023,chevrolet,corvette,73838.0
2023,chevrolet,equinox,12900.0
2023,chevrolet,malibu,14298.0
2023,chevrolet,silverado,36995.0
2023,chevrolet,suburban,41999.0
2023,chevrolet,trailblazer,27400.0
2023,chevy,bolt,19466.666666666668
2023,chevy,malibu,14800.0
2023,chrysler,pacifica,21575.0
2023,dodge,challenger,42725.0
2023,dodge,charger,27962.5
2023,ford,bronco,37966.666666666664
2023,ford,explorer,27780.0
2023,ford,f-150,54950.0
2023,ford,f-250,72000.0
2023,ford,f-650,79950.0
2023,ford,f150,28765.0
2023,ford,f650,79000.0
2023,ford,maverick,30000.0
2023,ford,mustang,37000.0
2023,ford,ranger,31499.0
2023,ford,t250,29950.0
2023,ford,transit,63700.0
2023,gmc,savana,11500.0
2023,gmc,sierra,62720.0
2023,honda,accord,22083.333333333332
2023,honda,hr-v,17349.5
2023,honda,oddisay,24000.0
2023,honda,ridgeline,24600.0
2023,hyundai,elantra,18700.0
2023,hyundai,santa,25325.0
2023,hyundai,sonata,17900.0
2023,hyundai,tucson,17900.0
2023,infiniti,qx50,17950.0
2023,jeep,compass,24920.0
2023,jeep,gladiator,64950.0
2023,jeep,grand,28000.0
2023,jeep,renegade,20500.0
2023,jeep,wrangler,38600.0
2023,kia,forte,12033.333333333334
2023,kia,niro,17500.0
2023,kia,sorento,21500.0
2023,kia,sportage,21450.0
2023,land,rover,66800.0
2023,lexus,nx,38000.0
2023,lexus,rx,50000.0
2023,mazda,3,22500.0
2023,mazda,cx-30,11900.0
2023,mazda,mx-5,15666.666666666666
2023,mercedes,eqs,41900.0
2023,mercedes-benz,gle-class,41500.0
2023,mercedes-benz,gls,58995.0
2023,mercedes-benz,s500,95000.0
2023,mercedes-benz,sprinter,52950.0
2023,mini,cooper,23244.0
2023,mini,hardtop,20000.0
2023,nissan,altima,16800.0
2023,nissan,ariya,7500.0
2023,nissan,frontier,17499.0
2023,nissan,pathfinder,24499.0
2023,nissan,rogue,18314.285714285714
2023,nissan,sentra,12925.0
2023,nissan,versa,13599.0
2023,porsche,cayenne,53150.0
2023,porsche,macan,62500.0
2023,ram,1500,56990.0
2023,ram,2500,34272.5
2023,ram,promaster,27900.0
2023,subaru,crosstrek,18600.0
2023,subaru,forester,21500.0
2023,subaru,outback,29000.0
2023,subaru,wrx,30500.0
2023,tesla,3,28425.0
2023,tesla,model,43031.25
2023,tesla,s,34250.0
2023,tesla,x,59999.0
2023,tesla,y,29601.0
2023,toyota,4runner,40333.333333333336
2023,toyota,camry,25613.5
2023,toyota,corolla,16957.14285714286
2023,toyota,prius,19400.0
2023,toyota,rav4,33988.0
2023,toyota,tacoma,37563.0
2023,volkswagen,taos,17700.0
2023,volvo,xc40,31500.0
2024,acura,rdx,43000.0
2024,audi,q8,45000.0
2024,bmw,i4,35372.0
2024,bmw,x4,49000.0
2024,buick,envista,14800.0
2024,cadillac,ct5,69000.0
2024,cadillac,lyriq,45000.0
2024,chevrolet,corvette,72333.33333333333
2024,chevrolet,equinox,23250.0
2024,chevrolet,express,29950.0
2024,chevrolet,malibu,11900.0
2024,chevrolet,silverado,45000.0
2024,chevrolet,trailblazer,33000.0
2024,chevrolet,traverse,26900.0
2024,chevrolet,trax,16900.0
2024,chevrolet,unspecified,45000.0
2024,chevy,equinox,14900.0
2024,chevy,malibu,15625.0
2024,chevy,silverado,62900.0
2024,chevy,unspecified,35800.0
2024,chrysler,pacifica,60000.0
2024,ford,bronco,26300.0
2024,ford,f-150,41024.166666666664
2024,ford,f-350,25999.0
2024,ford,f250,60250.0
2024,ford,f350,72500.0
2024,ford,maverick,20425.0
2024,ford,mustang,65000.0
2024,ford,transit,58000.0
2024,gmc,sierra,73325.0
2024,gmc,yukon,31200.0
2024,honda,accord,25087.25
2024,honda,civic,17499.0
2024,hyundai,ioniq,14900.0
2024,infiniti,qx60,41000.0
2024,jaguar,f-pace,49000.0
2024,jeep,compass,22500.0
2024,jeep,wrangler,30997.5
2024,kia,ev6,22950.0
2024,kia,ev9,52000.0
2024,kia,forte,17400.0
2024,kia,soul,16750.0
2024,kia,sportage,35500.0
2024,land,rover,29403.5
2024,lexus,gx,77500.0
2024,lexus,rx,58900.0
2024,mazda,cx-5,25000.0
2024,mazda,cx-50,26500.0
2024,mazda,cx-90,37000.0
2024,mercedes-benz,e-class,56900.0
2024,mercedes-benz,eqe,33500.0
2024,mercedes-benz,sprinter,57899.0
2024,mitsubishi,outlander,16900.0
2024,nissan,altima,18225.0
2024,nissan,frontier,26900.0
2024,nissan,kicks,15897.5
2024,nissan,sentra,13805.0
2024,nissan,z,53500.0
2024,porsche,macan,28800.0
2024,ram,2500,55875.0
2024,ram,3500,52000.0
2024,ram,promaster,44995.0
2024,subaru,ascent,22500.0
2024,subaru,crosstrek,21100.0
2024,subaru,outback,25797.25
2024,tesla,model,34250.0
2024,toyota,4runner,53000.0
2024,toyota,camry,20700.0
2024,toyota,corolla,19858.166666666668
2024,toyota,grand,48900.0
2024,toyota,prius,27500.0
2024,toyota,rav4,26449.5
2024,toyota,sequoia,62500.0
2024,toyota,tacoma,27000.0
2024,toyota,venza,35950.0
2024,volkswagen,jetta,19050.0
2024,volkswagen,taos,14166.666666666666
2024,volkswagen,tiguan,16907.0
2024,vw,taos,7500.0
2025,acura,adx,23800.0
2025,acura,integra,34998.0
2025,bmw,x5,62000.0
2025,chevrolet,blazer,22800.0
2025,chevrolet,colorado,25950.0
2025,chevrolet,equinox,23500.0
2025,chevrolet,silverado,65000.0
2025,chevrolet,tahoe,49500.0
2025,chevrolet,trax,19250.0
2025,ford,escape,22250.0
2025,ford,f-150,35733.333333333336
2025,ford,f150,29500.0
2025,ford,maverick,22747.5
2025,gmc,2500hd,94000.0
2025,gmc,sierra,69737.5
2025,honda,accord,27216.5
2025,honda,civic,27893.75
2025,honda,cr-v,34000.0
2025,honda,hr-v,21979.6
2025,honda,pilot,36900.0
2025,honda,ridgeline,32749.5
2025,hyundai,elantra,17620.0
2025,hyundai,ioniq,31500.0
2025,hyundai,tucson,26000.0
2025,infiniti,qx50,13900.0
2025,jeep,gladiator,44900.0
2025,jeep,grand,26800.0
2025,jeep,wrangler,35625.0
2025,kia,k4,13000.0
2025,land,rover,89000.0
2025,lexus,es,45390.0
2025,lexus,es300h,48000.0
2025,lexus,ux,25700.0
2025,mazda,cx-30,32500.0
2025,mini,cooper,28500.0
2025,nissan,altima,15500.0
2025,nissan,frontier,29000.0
2025,nissan,pathfinder,24800.0
2025,nissan,rogue,19900.0
2025,nissan,sentra,16800.0
2025,subaru,crosstrek,17900.0
2025,subaru,forester,21500.0
2025,tesla,model,41500.0
2025,toyota,camry,27050.0
2025,toyota,corolla,18550.0
2025,toyota,rav4,28627.85714285714
2025,toyota,sienna,50000.0
2025,toyota,tacoma,31000.0
2025,volkswagen,atlas,26900.0
2025,volkswagen,taos,17900.0
2025,volkswagen,tiguan,16800.0
2025,vw,id4,22900.0
